,result,table,_start,_stop,_time,_value,_field,_measurement,host,stanza
0,_result,0,2026-07-10 14:59:18.055471+00:00,2026-07-10 16:59:18.055471+00:00,2026-07-10 16:20:04.769595+00:00,33.2,percepita,ambiente,raspberry_pi_4,camera
1,_result,0,2026-07-10 14:59:18.055471+00:00,2026-07-10 16:59:18.055471+00:00,2026-07-10 16:20:10.047365+00:00,34.0,percepita,ambiente,raspberry_pi_4,camera
2,_result,0,2026-07-10 14:59:18.055471+00:00,2026-07-10 16:59:18.055471+00:00,2026-07-10 16:21:47.907197+00:00,33.8,percepita,ambiente,raspberry_pi_4,camera
3,_result,0,2026-07-10 14:59:18.055471+00:00,2026-07-10 16:59:18.055471+00:00,2026-07-10 16:21:53.248623+00:00,33.8,percepita,ambiente,raspberry_pi_4,camera
4,_result,0,2026-07-10 14:59:18.055471+00:00,2026-07-10 16:59:18.055471+00:00,2026-07-10 16:21:58.547468+00:00,33.8,percepita,ambiente,raspberry_pi_4,camera
5,_result,0,2026-07-10 14:59:18.055471+00:00,2026-07-10 16:59:18.055471+00:00,2026-07-10 16:22:03.809438+00:00,33.8,percepita,ambiente,raspberry_pi_4,camera
6,_result,0,2026-07-10 14:59:18.055471+00:00,2026-07-10 16:59:18.055471+00:00,2026-07-10 16:22:09.082304+00:00,33.8,percepita,ambiente,raspberry_pi_4,camera
7,_result,0,2026-07-10 14:59:18.055471+00:00,2026-07-10 16:59:18.055471+00:00,2026-07-10 16:22:14.344608+00:00,33.8,percepita,ambiente,raspberry_pi_4,camera
8,_result,0,2026-07-10 14:59:18.055471+00:00,2026-07-10 16:59:18.055471+00:00,2026-07-10 16:22:19.614501+00:00,33.8,percepita,ambiente,raspberry_pi_4,camera
9,_result,0,2026-07-10 14:59:18.055471+00:00,2026-07-10 16:59:18.055471+00:00,2026-07-10 16:22:24.874780+00:00,33.8,percepita,ambiente,raspberry_pi_4,camera
10,_result,0,2026-07-10 14:59:18.055471+00:00,2026-07-10 16:59:18.055471+00:00,2026-07-10 16:22:30.145787+00:00,33.8,percepita,ambiente,raspberry_pi_4,camera
11,_result,0,2026-07-10 14:59:18.055471+00:00,2026-07-10 16:59:18.055471+00:00,2026-07-10 16:22:35.590533+00:00,33.8,percepita,ambiente,raspberry_pi_4,camera
12,_result,0,2026-07-10 14:59:18.055471+00:00,2026-07-10 16:59:18.055471+00:00,2026-07-10 16:22:40.862200+00:00,33.8,percepita,ambiente,raspberry_pi_4,camera
13,_result,0,2026-07-10 14:59:18.055471+00:00,2026-07-10 16:59:18.055471+00:00,2026-07-10 16:22:46.122404+00:00,33.8,percepita,ambiente,raspberry_pi_4,camera
14,_result,0,2026-07-10 14:59:18.055471+00:00,2026-07-10 16:59:18.055471+00:00,2026-07-10 16:22:51.391972+00:00,33.8,percepita,ambiente,raspberry_pi_4,camera
15,_result,0,2026-07-10 14:59:18.055471+00:00,2026-07-10 16:59:18.055471+00:00,2026-07-10 16:22:56.652444+00:00,33.8,percepita,ambiente,raspberry_pi_4,camera
16,_result,0,2026-07-10 14:59:18.055471+00:00,2026-07-10 16:59:18.055471+00:00,2026-07-10 16:23:01.921781+00:00,33.8,percepita,ambiente,raspberry_pi_4,camera
17,_result,0,2026-07-10 14:59:18.055471+00:00,2026-07-10 16:59:18.055471+00:00,2026-07-10 16:23:07.183274+00:00,33.8,percepita,ambiente,raspberry_pi_4,camera
18,_result,0,2026-07-10 14:59:18.055471+00:00,2026-07-10 16:59:18.055471+00:00,2026-07-10 16:23:12.453257+00:00,33.8,percepita,ambiente,raspberry_pi_4,camera
19,_result,0,2026-07-10 14:59:18.055471+00:00,2026-07-10 16:59:18.055471+00:00,2026-07-10 16:23:17.713400+00:00,33.8,percepita,ambiente,raspberry_pi_4,camera
20,_result,0,2026-07-10 14:59:18.055471+00:00,2026-07-10 16:59:18.055471+00:00,2026-07-10 16:23:22.983593+00:00,33.8,percepita,ambiente,raspberry_pi_4,camera
21,_result,0,2026-07-10 14:59:18.055471+00:00,2026-07-10 16:59:18.055471+00:00,2026-07-10 16:23:28.243766+00:00,33.8,percepita,ambiente,raspberry_pi_4,camera
22,_result,0,2026-07-10 14:59:18.055471+00:00,2026-07-10 16:59:18.055471+00:00,2026-07-10 16:23:33.513167+00:00,33.8,percepita,ambiente,raspberry_pi_4,camera
23,_result,0,2026-07-10 14:59:18.055471+00:00,2026-07-10 16:59:18.055471+00:00,2026-07-10 16:23:38.776131+00:00,33.8,percepita,ambiente,raspberry_pi_4,camera
24,_result,0,2026-07-10 14:59:18.055471+00:00,2026-07-10 16:59:18.055471+00:00,2026-07-10 16:23:44.046063+00:00,33.8,percepita,ambiente,raspberry_pi_4,camera
25,_result,0,2026-07-10 14:59:18.055471+00:00,2026-07-10 16:59:18.055471+00:00,2026-07-10 16:23:49.306083+00:00,33.8,percepita,ambiente,raspberry_pi_4,camera
26,_result,0,2026-07-10 14:59:18.055471+00:00,2026-07-10 16:59:18.055471+00:00,2026-07-10 16:23:54.576017+00:00,33.8,percepita,ambiente,raspberry_pi_4,camera
27,_result,0,2026-07-10 14:59:18.055471+00:00,2026-07-10 16:59:18.055471+00:00,2026-07-10 16:23:59.835979+00:00,33.8,percepita,ambiente,raspberry_pi_4,camera
28,_result,0,2026-07-10 14:59:18.055471+00:00,2026-07-10 16:59:18.055471+00:00,2026-07-10 16:24:05.105361+00:00,34.0,percepita,ambiente,raspberry_pi_4,camera
29,_result,0,2026-07-10 14:59:18.055471+00:00,2026-07-10 16:59:18.055471+00:00,2026-07-10 16:24:10.367139+00:00,34.0,percepita,ambiente,raspberry_pi_4,camera
30,_result,0,2026-07-10 14:59:18.055471+00:00,2026-07-10 16:59:18.055471+00:00,2026-07-10 16:24:15.636921+00:00,34.0,percepita,ambiente,raspberry_pi_4,camera
31,_result,0,2026-07-10 14:59:18.055471+00:00,2026-07-10 16:59:18.055471+00:00,2026-07-10 16:24:20.897172+00:00,34.0,percepita,ambiente,raspberry_pi_4,camera
32,_result,0,2026-07-10 14:59:18.055471+00:00,2026-07-10 16:59:18.055471+00:00,2026-07-10 16:24:26.167040+00:00,34.0,percepita,ambiente,raspberry_pi_4,camera
33,_result,0,2026-07-10 14:59:18.055471+00:00,2026-07-10 16:59:18.055471+00:00,2026-07-10 16:24:31.427111+00:00,34.0,percepita,ambiente,raspberry_pi_4,camera
34,_result,0,2026-07-10 14:59:18.055471+00:00,2026-07-10 16:59:18.055471+00:00,2026-07-10 16:24:36.698130+00:00,34.0,percepita,ambiente,raspberry_pi_4,camera
35,_result,0,2026-07-10 14:59:18.055471+00:00,2026-07-10 16:59:18.055471+00:00,2026-07-10 16:24:41.958513+00:00,34.0,percepita,ambiente,raspberry_pi_4,camera
36,_result,0,2026-07-10 14:59:18.055471+00:00,2026-07-10 16:59:18.055471+00:00,2026-07-10 16:24:47.227687+00:00,34.0,percepita,ambiente,raspberry_pi_4,camera
37,_result,0,2026-07-10 14:59:18.055471+00:00,2026-07-10 16:59:18.055471+00:00,2026-07-10 16:24:52.487995+00:00,34.0,percepita,ambiente,raspberry_pi_4,camera
38,_result,0,2026-07-10 14:59:18.055471+00:00,2026-07-10 16:59:18.055471+00:00,2026-07-10 16:24:57.757857+00:00,34.0,percepita,ambiente,raspberry_pi_4,camera
39,_result,0,2026-07-10 14:59:18.055471+00:00,2026-07-10 16:59:18.055471+00:00,2026-07-10 16:25:03.017857+00:00,34.0,percepita,ambiente,raspberry_pi_4,camera
40,_result,0,2026-07-10 14:59:18.055471+00:00,2026-07-10 16:59:18.055471+00:00,2026-07-10 16:25:08.288842+00:00,34.0,percepita,ambiente,raspberry_pi_4,camera
41,_result,0,2026-07-10 14:59:18.055471+00:00,2026-07-10 16:59:18.055471+00:00,2026-07-10 16:25:13.549634+00:00,34.0,percepita,ambiente,raspberry_pi_4,camera
42,_result,0,2026-07-10 14:59:18.055471+00:00,2026-07-10 16:59:18.055471+00:00,2026-07-10 16:25:18.819314+00:00,34.0,percepita,ambiente,raspberry_pi_4,camera
43,_result,0,2026-07-10 14:59:18.055471+00:00,2026-07-10 16:59:18.055471+00:00,2026-07-10 16:25:24.079520+00:00,34.0,percepita,ambiente,raspberry_pi_4,camera
44,_result,0,2026-07-10 14:59:18.055471+00:00,2026-07-10 16:59:18.055471+00:00,2026-07-10 16:25:29.350195+00:00,34.0,percepita,ambiente,raspberry_pi_4,camera
45,_result,0,2026-07-10 14:59:18.055471+00:00,2026-07-10 16:59:18.055471+00:00,2026-07-10 16:25:34.610324+00:00,33.8,percepita,ambiente,raspberry_pi_4,camera
46,_result,0,2026-07-10 14:59:18.055471+00:00,2026-07-10 16:59:18.055471+00:00,2026-07-10 16:25:39.881095+00:00,33.8,percepita,ambiente,raspberry_pi_4,camera
47,_result,0,2026-07-10 14:59:18.055471+00:00,2026-07-10 16:59:18.055471+00:00,2026-07-10 16:25:45.141096+00:00,33.8,percepita,ambiente,raspberry_pi_4,camera
48,_result,0,2026-07-10 14:59:18.055471+00:00,2026-07-10 16:59:18.055471+00:00,2026-07-10 16:25:50.410780+00:00,33.8,percepita,ambiente,raspberry_pi_4,camera
49,_result,0,2026-07-10 14:59:18.055471+00:00,2026-07-10 16:59:18.055471+00:00,2026-07-10 16:25:55.670934+00:00,34.0,percepita,ambiente,raspberry_pi_4,camera
50,_result,0,2026-07-10 14:59:18.055471+00:00,2026-07-10 16:59:18.055471+00:00,2026-07-10 16:26:00.940346+00:00,34.0,percepita,ambiente,raspberry_pi_4,camera
51,_result,0,2026-07-10 14:59:18.055471+00:00,2026-07-10 16:59:18.055471+00:00,2026-07-10 16:26:06.200924+00:00,34.0,percepita,ambiente,raspberry_pi_4,camera
52,_result,0,2026-07-10 14:59:18.055471+00:00,2026-07-10 16:59:18.055471+00:00,2026-07-10 16:26:11.473243+00:00,34.0,percepita,ambiente,raspberry_pi_4,camera
53,_result,0,2026-07-10 14:59:18.055471+00:00,2026-07-10 16:59:18.055471+00:00,2026-07-10 16:26:16.733192+00:00,33.8,percepita,ambiente,raspberry_pi_4,camera
54,_result,0,2026-07-10 14:59:18.055471+00:00,2026-07-10 16:59:18.055471+00:00,2026-07-10 16:26:22.002843+00:00,33.8,percepita,ambiente,raspberry_pi_4,camera
55,_result,0,2026-07-10 14:59:18.055471+00:00,2026-07-10 16:59:18.055471+00:00,2026-07-10 16:26:27.262722+00:00,33.8,percepita,ambiente,raspberry_pi_4,camera
56,_result,0,2026-07-10 14:59:18.055471+00:00,2026-07-10 16:59:18.055471+00:00,2026-07-10 16:26:37.786820+00:00,33.8,percepita,ambiente,raspberry_pi_4,camera
57,_result,0,2026-07-10 14:59:18.055471+00:00,2026-07-10 16:59:18.055471+00:00,2026-07-10 16:26:43.056553+00:00,33.8,percepita,ambiente,raspberry_pi_4,camera
58,_result,0,2026-07-10 14:59:18.055471+00:00,2026-07-10 16:59:18.055471+00:00,2026-07-10 16:26:48.316567+00:00,33.8,percepita,ambiente,raspberry_pi_4,camera
59,_result,0,2026-07-10 14:59:18.055471+00:00,2026-07-10 16:59:18.055471+00:00,2026-07-10 16:26:53.586210+00:00,33.8,percepita,ambiente,raspberry_pi_4,camera
60,_result,0,2026-07-10 14:59:18.055471+00:00,2026-07-10 16:59:18.055471+00:00,2026-07-10 16:26:58.846107+00:00,33.8,percepita,ambiente,raspberry_pi_4,camera
61,_result,0,2026-07-10 14:59:18.055471+00:00,2026-07-10 16:59:18.055471+00:00,2026-07-10 16:27:04.115543+00:00,33.8,percepita,ambiente,raspberry_pi_4,camera
62,_result,0,2026-07-10 14:59:18.055471+00:00,2026-07-10 16:59:18.055471+00:00,2026-07-10 16:27:09.377218+00:00,33.8,percepita,ambiente,raspberry_pi_4,camera
63,_result,0,2026-07-10 14:59:18.055471+00:00,2026-07-10 16:59:18.055471+00:00,2026-07-10 16:27:14.646659+00:00,33.8,percepita,ambiente,raspberry_pi_4,camera
64,_result,0,2026-07-10 14:59:18.055471+00:00,2026-07-10 16:59:18.055471+00:00,2026-07-10 16:27:19.906574+00:00,33.8,percepita,ambiente,raspberry_pi_4,camera
65,_result,0,2026-07-10 14:59:18.055471+00:00,2026-07-10 16:59:18.055471+00:00,2026-07-10 16:27:25.177356+00:00,33.8,percepita,ambiente,raspberry_pi_4,camera
66,_result,0,2026-07-10 14:59:18.055471+00:00,2026-07-10 16:59:18.055471+00:00,2026-07-10 16:27:30.437627+00:00,33.8,percepita,ambiente,raspberry_pi_4,camera
67,_result,0,2026-07-10 14:59:18.055471+00:00,2026-07-10 16:59:18.055471+00:00,2026-07-10 16:27:35.708672+00:00,33.8,percepita,ambiente,raspberry_pi_4,camera
68,_result,0,2026-07-10 14:59:18.055471+00:00,2026-07-10 16:59:18.055471+00:00,2026-07-10 16:27:40.968662+00:00,33.8,percepita,ambiente,raspberry_pi_4,camera
69,_result,0,2026-07-10 14:59:18.055471+00:00,2026-07-10 16:59:18.055471+00:00,2026-07-10 16:27:46.238920+00:00,33.8,percepita,ambiente,raspberry_pi_4,camera
70,_result,0,2026-07-10 14:59:18.055471+00:00,2026-07-10 16:59:18.055471+00:00,2026-07-10 16:27:51.499015+00:00,33.8,percepita,ambiente,raspberry_pi_4,camera
71,_result,0,2026-07-10 14:59:18.055471+00:00,2026-07-10 16:59:18.055471+00:00,2026-07-10 16:27:56.768528+00:00,34.0,percepita,ambiente,raspberry_pi_4,camera
72,_result,0,2026-07-10 14:59:18.055471+00:00,2026-07-10 16:59:18.055471+00:00,2026-07-10 16:28:02.028919+00:00,34.0,percepita,ambiente,raspberry_pi_4,camera
73,_result,0,2026-07-10 14:59:18.055471+00:00,2026-07-10 16:59:18.055471+00:00,2026-07-10 16:28:07.300339+00:00,34.0,percepita,ambiente,raspberry_pi_4,camera
74,_result,0,2026-07-10 14:59:18.055471+00:00,2026-07-10 16:59:18.055471+00:00,2026-07-10 16:28:12.560550+00:00,34.0,percepita,ambiente,raspberry_pi_4,camera
75,_result,0,2026-07-10 14:59:18.055471+00:00,2026-07-10 16:59:18.055471+00:00,2026-07-10 16:28:17.830440+00:00,34.0,percepita,ambiente,raspberry_pi_4,camera
76,_result,0,2026-07-10 14:59:18.055471+00:00,2026-07-10 16:59:18.055471+00:00,2026-07-10 16:28:23.090754+00:00,34.0,percepita,ambiente,raspberry_pi_4,camera
77,_result,0,2026-07-10 14:59:18.055471+00:00,2026-07-10 16:59:18.055471+00:00,2026-07-10 16:28:28.360329+00:00,33.8,percepita,ambiente,raspberry_pi_4,camera
78,_result,0,2026-07-10 14:59:18.055471+00:00,2026-07-10 16:59:18.055471+00:00,2026-07-10 16:28:33.620758+00:00,33.8,percepita,ambiente,raspberry_pi_4,camera
79,_result,0,2026-07-10 14:59:18.055471+00:00,2026-07-10 16:59:18.055471+00:00,2026-07-10 16:28:38.892264+00:00,33.8,percepita,ambiente,raspberry_pi_4,camera
80,_result,0,2026-07-10 14:59:18.055471+00:00,2026-07-10 16:59:18.055471+00:00,2026-07-10 16:28:44.152386+00:00,33.8,percepita,ambiente,raspberry_pi_4,camera
81,_result,0,2026-07-10 14:59:18.055471+00:00,2026-07-10 16:59:18.055471+00:00,2026-07-10 16:28:49.421976+00:00,33.8,percepita,ambiente,raspberry_pi_4,camera
82,_result,0,2026-07-10 14:59:18.055471+00:00,2026-07-10 16:59:18.055471+00:00,2026-07-10 16:28:54.682478+00:00,33.8,percepita,ambiente,raspberry_pi_4,camera
83,_result,0,2026-07-10 14:59:18.055471+00:00,2026-07-10 16:59:18.055471+00:00,2026-07-10 16:28:59.951930+00:00,33.8,percepita,ambiente,raspberry_pi_4,camera
84,_result,0,2026-07-10 14:59:18.055471+00:00,2026-07-10 16:59:18.055471+00:00,2026-07-10 16:29:05.212275+00:00,33.8,percepita,ambiente,raspberry_pi_4,camera
85,_result,0,2026-07-10 14:59:18.055471+00:00,2026-07-10 16:59:18.055471+00:00,2026-07-10 16:29:10.483222+00:00,33.8,percepita,ambiente,raspberry_pi_4,camera
86,_result,0,2026-07-10 14:59:18.055471+00:00,2026-07-10 16:59:18.055471+00:00,2026-07-10 16:29:15.743386+00:00,33.8,percepita,ambiente,raspberry_pi_4,camera
87,_result,0,2026-07-10 14:59:18.055471+00:00,2026-07-10 16:59:18.055471+00:00,2026-07-10 16:29:21.013478+00:00,33.8,percepita,ambiente,raspberry_pi_4,camera
88,_result,0,2026-07-10 14:59:18.055471+00:00,2026-07-10 16:59:18.055471+00:00,2026-07-10 16:29:26.273715+00:00,33.8,percepita,ambiente,raspberry_pi_4,camera
89,_result,0,2026-07-10 14:59:18.055471+00:00,2026-07-10 16:59:18.055471+00:00,2026-07-10 16:29:31.543729+00:00,34.0,percepita,ambiente,raspberry_pi_4,camera
90,_result,0,2026-07-10 14:59:18.055471+00:00,2026-07-10 16:59:18.055471+00:00,2026-07-10 16:29:36.805533+00:00,34.0,percepita,ambiente,raspberry_pi_4,camera
91,_result,0,2026-07-10 14:59:18.055471+00:00,2026-07-10 16:59:18.055471+00:00,2026-07-10 16:29:47.329270+00:00,34.2,percepita,ambiente,raspberry_pi_4,camera
92,_result,0,2026-07-10 14:59:18.055471+00:00,2026-07-10 16:59:18.055471+00:00,2026-07-10 16:29:52.598595+00:00,34.0,percepita,ambiente,raspberry_pi_4,camera
93,_result,0,2026-07-10 14:59:18.055471+00:00,2026-07-10 16:59:18.055471+00:00,2026-07-10 16:29:57.858850+00:00,34.0,percepita,ambiente,raspberry_pi_4,camera
94,_result,0,2026-07-10 14:59:18.055471+00:00,2026-07-10 16:59:18.055471+00:00,2026-07-10 16:30:03.128105+00:00,34.0,percepita,ambiente,raspberry_pi_4,camera
95,_result,0,2026-07-10 14:59:18.055471+00:00,2026-07-10 16:59:18.055471+00:00,2026-07-10 16:30:08.389671+00:00,34.0,percepita,ambiente,raspberry_pi_4,camera
96,_result,0,2026-07-10 14:59:18.055471+00:00,2026-07-10 16:59:18.055471+00:00,2026-07-10 16:30:13.658962+00:00,34.0,percepita,ambiente,raspberry_pi_4,camera
97,_result,0,2026-07-10 14:59:18.055471+00:00,2026-07-10 16:59:18.055471+00:00,2026-07-10 16:30:18.919952+00:00,34.0,percepita,ambiente,raspberry_pi_4,camera
98,_result,0,2026-07-10 14:59:18.055471+00:00,2026-07-10 16:59:18.055471+00:00,2026-07-10 16:30:24.190077+00:00,34.0,percepita,ambiente,raspberry_pi_4,camera
99,_result,0,2026-07-10 14:59:18.055471+00:00,2026-07-10 16:59:18.055471+00:00,2026-07-10 16:30:29.450092+00:00,34.0,percepita,ambiente,raspberry_pi_4,camera
100,_result,0,2026-07-10 14:59:18.055471+00:00,2026-07-10 16:59:18.055471+00:00,2026-07-10 16:30:34.719632+00:00,34.0,percepita,ambiente,raspberry_pi_4,camera
101,_result,0,2026-07-10 14:59:18.055471+00:00,2026-07-10 16:59:18.055471+00:00,2026-07-10 16:30:39.981445+00:00,34.0,percepita,ambiente,raspberry_pi_4,camera
102,_result,0,2026-07-10 14:59:18.055471+00:00,2026-07-10 16:59:18.055471+00:00,2026-07-10 16:30:45.250751+00:00,34.0,percepita,ambiente,raspberry_pi_4,camera
103,_result,0,2026-07-10 14:59:18.055471+00:00,2026-07-10 16:59:18.055471+00:00,2026-07-10 16:30:50.511101+00:00,34.0,percepita,ambiente,raspberry_pi_4,camera
104,_result,0,2026-07-10 14:59:18.055471+00:00,2026-07-10 16:59:18.055471+00:00,2026-07-10 16:30:55.799533+00:00,34.0,percepita,ambiente,raspberry_pi_4,camera
105,_result,0,2026-07-10 14:59:18.055471+00:00,2026-07-10 16:59:18.055471+00:00,2026-07-10 16:31:01.064993+00:00,34.0,percepita,ambiente,raspberry_pi_4,camera
106,_result,0,2026-07-10 14:59:18.055471+00:00,2026-07-10 16:59:18.055471+00:00,2026-07-10 16:31:06.344162+00:00,34.0,percepita,ambiente,raspberry_pi_4,camera
107,_result,0,2026-07-10 14:59:18.055471+00:00,2026-07-10 16:59:18.055471+00:00,2026-07-10 16:31:11.604181+00:00,34.0,percepita,ambiente,raspberry_pi_4,camera
108,_result,0,2026-07-10 14:59:18.055471+00:00,2026-07-10 16:59:18.055471+00:00,2026-07-10 16:31:16.874441+00:00,34.0,percepita,ambiente,raspberry_pi_4,camera
109,_result,0,2026-07-10 14:59:18.055471+00:00,2026-07-10 16:59:18.055471+00:00,2026-07-10 16:31:22.134245+00:00,34.0,percepita,ambiente,raspberry_pi_4,camera
110,_result,0,2026-07-10 14:59:18.055471+00:00,2026-07-10 16:59:18.055471+00:00,2026-07-10 16:31:27.403773+00:00,34.0,percepita,ambiente,raspberry_pi_4,camera
111,_result,0,2026-07-10 14:59:18.055471+00:00,2026-07-10 16:59:18.055471+00:00,2026-07-10 16:31:32.663768+00:00,34.0,percepita,ambiente,raspberry_pi_4,camera
112,_result,0,2026-07-10 14:59:18.055471+00:00,2026-07-10 16:59:18.055471+00:00,2026-07-10 16:31:37.934992+00:00,34.0,percepita,ambiente,raspberry_pi_4,camera
113,_result,0,2026-07-10 14:59:18.055471+00:00,2026-07-10 16:59:18.055471+00:00,2026-07-10 16:31:43.195508+00:00,34.0,percepita,ambiente,raspberry_pi_4,camera
114,_result,0,2026-07-10 14:59:18.055471+00:00,2026-07-10 16:59:18.055471+00:00,2026-07-10 16:31:48.466558+00:00,34.0,percepita,ambiente,raspberry_pi_4,camera
115,_result,0,2026-07-10 14:59:18.055471+00:00,2026-07-10 16:59:18.055471+00:00,2026-07-10 16:31:53.728131+00:00,34.0,percepita,ambiente,raspberry_pi_4,camera
116,_result,0,2026-07-10 14:59:18.055471+00:00,2026-07-10 16:59:18.055471+00:00,2026-07-10 16:31:58.998046+00:00,34.0,percepita,ambiente,raspberry_pi_4,camera
117,_result,0,2026-07-10 14:59:18.055471+00:00,2026-07-10 16:59:18.055471+00:00,2026-07-10 16:32:04.258113+00:00,34.0,percepita,ambiente,raspberry_pi_4,camera
118,_result,0,2026-07-10 14:59:18.055471+00:00,2026-07-10 16:59:18.055471+00:00,2026-07-10 16:32:09.529761+00:00,34.0,percepita,ambiente,raspberry_pi_4,camera
119,_result,0,2026-07-10 14:59:18.055471+00:00,2026-07-10 16:59:18.055471+00:00,2026-07-10 16:32:14.791135+00:00,34.0,percepita,ambiente,raspberry_pi_4,camera
120,_result,0,2026-07-10 14:59:18.055471+00:00,2026-07-10 16:59:18.055471+00:00,2026-07-10 16:32:20.060320+00:00,34.0,percepita,ambiente,raspberry_pi_4,camera
121,_result,0,2026-07-10 14:59:18.055471+00:00,2026-07-10 16:59:18.055471+00:00,2026-07-10 16:32:25.320794+00:00,34.0,percepita,ambiente,raspberry_pi_4,camera
122,_result,0,2026-07-10 14:59:18.055471+00:00,2026-07-10 16:59:18.055471+00:00,2026-07-10 16:32:30.589954+00:00,34.0,percepita,ambiente,raspberry_pi_4,camera
123,_result,0,2026-07-10 14:59:18.055471+00:00,2026-07-10 16:59:18.055471+00:00,2026-07-10 16:32:35.852881+00:00,34.0,percepita,ambiente,raspberry_pi_4,camera
124,_result,0,2026-07-10 14:59:18.055471+00:00,2026-07-10 16:59:18.055471+00:00,2026-07-10 16:32:41.137696+00:00,34.0,percepita,ambiente,raspberry_pi_4,camera
125,_result,0,2026-07-10 14:59:18.055471+00:00,2026-07-10 16:59:18.055471+00:00,2026-07-10 16:32:46.397606+00:00,34.0,percepita,ambiente,raspberry_pi_4,camera
126,_result,0,2026-07-10 14:59:18.055471+00:00,2026-07-10 16:59:18.055471+00:00,2026-07-10 16:32:51.667066+00:00,34.0,percepita,ambiente,raspberry_pi_4,camera
127,_result,0,2026-07-10 14:59:18.055471+00:00,2026-07-10 16:59:18.055471+00:00,2026-07-10 16:32:56.927322+00:00,34.0,percepita,ambiente,raspberry_pi_4,camera
128,_result,0,2026-07-10 14:59:18.055471+00:00,2026-07-10 16:59:18.055471+00:00,2026-07-10 16:33:02.197493+00:00,34.0,percepita,ambiente,raspberry_pi_4,camera
129,_result,0,2026-07-10 14:59:18.055471+00:00,2026-07-10 16:59:18.055471+00:00,2026-07-10 16:33:07.458765+00:00,34.0,percepita,ambiente,raspberry_pi_4,camera
130,_result,0,2026-07-10 14:59:18.055471+00:00,2026-07-10 16:59:18.055471+00:00,2026-07-10 16:33:12.728053+00:00,34.0,percepita,ambiente,raspberry_pi_4,camera
131,_result,0,2026-07-10 14:59:18.055471+00:00,2026-07-10 16:59:18.055471+00:00,2026-07-10 16:33:17.988310+00:00,34.0,percepita,ambiente,raspberry_pi_4,camera
132,_result,0,2026-07-10 14:59:18.055471+00:00,2026-07-10 16:59:18.055471+00:00,2026-07-10 16:33:23.257543+00:00,34.0,percepita,ambiente,raspberry_pi_4,camera
133,_result,0,2026-07-10 14:59:18.055471+00:00,2026-07-10 16:59:18.055471+00:00,2026-07-10 16:33:28.517609+00:00,34.0,percepita,ambiente,raspberry_pi_4,camera
134,_result,0,2026-07-10 14:59:18.055471+00:00,2026-07-10 16:59:18.055471+00:00,2026-07-10 16:33:33.787222+00:00,34.0,percepita,ambiente,raspberry_pi_4,camera
135,_result,0,2026-07-10 14:59:18.055471+00:00,2026-07-10 16:59:18.055471+00:00,2026-07-10 16:33:39.048714+00:00,34.0,percepita,ambiente,raspberry_pi_4,camera
136,_result,0,2026-07-10 14:59:18.055471+00:00,2026-07-10 16:59:18.055471+00:00,2026-07-10 16:33:44.318918+00:00,34.1,percepita,ambiente,raspberry_pi_4,camera
137,_result,0,2026-07-10 14:59:18.055471+00:00,2026-07-10 16:59:18.055471+00:00,2026-07-10 16:33:49.578718+00:00,34.0,percepita,ambiente,raspberry_pi_4,camera
138,_result,0,2026-07-10 14:59:18.055471+00:00,2026-07-10 16:59:18.055471+00:00,2026-07-10 16:33:54.847776+00:00,34.0,percepita,ambiente,raspberry_pi_4,camera
139,_result,0,2026-07-10 14:59:18.055471+00:00,2026-07-10 16:59:18.055471+00:00,2026-07-10 16:34:00.108126+00:00,34.1,percepita,ambiente,raspberry_pi_4,camera
140,_result,0,2026-07-10 14:59:18.055471+00:00,2026-07-10 16:59:18.055471+00:00,2026-07-10 16:34:05.378011+00:00,34.0,percepita,ambiente,raspberry_pi_4,camera
141,_result,0,2026-07-10 14:59:18.055471+00:00,2026-07-10 16:59:18.055471+00:00,2026-07-10 16:34:10.639524+00:00,34.1,percepita,ambiente,raspberry_pi_4,camera
142,_result,0,2026-07-10 14:59:18.055471+00:00,2026-07-10 16:59:18.055471+00:00,2026-07-10 16:34:15.909575+00:00,34.0,percepita,ambiente,raspberry_pi_4,camera
143,_result,0,2026-07-10 14:59:18.055471+00:00,2026-07-10 16:59:18.055471+00:00,2026-07-10 16:34:21.169466+00:00,34.1,percepita,ambiente,raspberry_pi_4,camera
144,_result,0,2026-07-10 14:59:18.055471+00:00,2026-07-10 16:59:18.055471+00:00,2026-07-10 16:34:26.439028+00:00,34.1,percepita,ambiente,raspberry_pi_4,camera
145,_result,0,2026-07-10 14:59:18.055471+00:00,2026-07-10 16:59:18.055471+00:00,2026-07-10 16:34:31.699461+00:00,34.1,percepita,ambiente,raspberry_pi_4,camera
146,_result,0,2026-07-10 14:59:18.055471+00:00,2026-07-10 16:59:18.055471+00:00,2026-07-10 16:34:36.972409+00:00,34.3,percepita,ambiente,raspberry_pi_4,camera
147,_result,0,2026-07-10 14:59:18.055471+00:00,2026-07-10 16:59:18.055471+00:00,2026-07-10 16:34:42.232337+00:00,34.3,percepita,ambiente,raspberry_pi_4,camera
148,_result,0,2026-07-10 14:59:18.055471+00:00,2026-07-10 16:59:18.055471+00:00,2026-07-10 16:34:47.502036+00:00,34.3,percepita,ambiente,raspberry_pi_4,camera
149,_result,0,2026-07-10 14:59:18.055471+00:00,2026-07-10 16:59:18.055471+00:00,2026-07-10 16:34:52.762010+00:00,34.3,percepita,ambiente,raspberry_pi_4,camera
150,_result,0,2026-07-10 14:59:18.055471+00:00,2026-07-10 16:59:18.055471+00:00,2026-07-10 16:34:58.039781+00:00,34.3,percepita,ambiente,raspberry_pi_4,camera
151,_result,0,2026-07-10 14:59:18.055471+00:00,2026-07-10 16:59:18.055471+00:00,2026-07-10 16:35:03.299807+00:00,34.3,percepita,ambiente,raspberry_pi_4,camera
152,_result,0,2026-07-10 14:59:18.055471+00:00,2026-07-10 16:59:18.055471+00:00,2026-07-10 16:35:08.571148+00:00,34.4,percepita,ambiente,raspberry_pi_4,camera
153,_result,0,2026-07-10 14:59:18.055471+00:00,2026-07-10 16:59:18.055471+00:00,2026-07-10 16:35:13.831172+00:00,34.4,percepita,ambiente,raspberry_pi_4,camera
154,_result,0,2026-07-10 14:59:18.055471+00:00,2026-07-10 16:59:18.055471+00:00,2026-07-10 16:35:19.100853+00:00,34.4,percepita,ambiente,raspberry_pi_4,camera
155,_result,0,2026-07-10 14:59:18.055471+00:00,2026-07-10 16:59:18.055471+00:00,2026-07-10 16:35:24.360785+00:00,34.4,percepita,ambiente,raspberry_pi_4,camera
156,_result,0,2026-07-10 14:59:18.055471+00:00,2026-07-10 16:59:18.055471+00:00,2026-07-10 16:35:29.630256+00:00,34.4,percepita,ambiente,raspberry_pi_4,camera
157,_result,0,2026-07-10 14:59:18.055471+00:00,2026-07-10 16:59:18.055471+00:00,2026-07-10 16:35:34.890609+00:00,34.4,percepita,ambiente,raspberry_pi_4,camera
158,_result,0,2026-07-10 14:59:18.055471+00:00,2026-07-10 16:59:18.055471+00:00,2026-07-10 16:35:40.161927+00:00,34.4,percepita,ambiente,raspberry_pi_4,camera
159,_result,0,2026-07-10 14:59:18.055471+00:00,2026-07-10 16:59:18.055471+00:00,2026-07-10 16:35:45.421910+00:00,34.4,percepita,ambiente,raspberry_pi_4,camera
160,_result,0,2026-07-10 14:59:18.055471+00:00,2026-07-10 16:59:18.055471+00:00,2026-07-10 16:35:50.691751+00:00,34.4,percepita,ambiente,raspberry_pi_4,camera
161,_result,0,2026-07-10 14:59:18.055471+00:00,2026-07-10 16:59:18.055471+00:00,2026-07-10 16:35:55.951834+00:00,34.6,percepita,ambiente,raspberry_pi_4,camera
162,_result,0,2026-07-10 14:59:18.055471+00:00,2026-07-10 16:59:18.055471+00:00,2026-07-10 16:36:01.221408+00:00,34.6,percepita,ambiente,raspberry_pi_4,camera
163,_result,0,2026-07-10 14:59:18.055471+00:00,2026-07-10 16:59:18.055471+00:00,2026-07-10 16:36:06.483388+00:00,34.6,percepita,ambiente,raspberry_pi_4,camera
164,_result,0,2026-07-10 14:59:18.055471+00:00,2026-07-10 16:59:18.055471+00:00,2026-07-10 16:36:11.753220+00:00,34.3,percepita,ambiente,raspberry_pi_4,camera
165,_result,0,2026-07-10 14:59:18.055471+00:00,2026-07-10 16:59:18.055471+00:00,2026-07-10 16:36:17.013236+00:00,34.3,percepita,ambiente,raspberry_pi_4,camera
166,_result,0,2026-07-10 14:59:18.055471+00:00,2026-07-10 16:59:18.055471+00:00,2026-07-10 16:36:22.282905+00:00,34.3,percepita,ambiente,raspberry_pi_4,camera
167,_result,0,2026-07-10 14:59:18.055471+00:00,2026-07-10 16:59:18.055471+00:00,2026-07-10 16:36:27.542987+00:00,34.3,percepita,ambiente,raspberry_pi_4,camera
168,_result,0,2026-07-10 14:59:18.055471+00:00,2026-07-10 16:59:18.055471+00:00,2026-07-10 16:36:32.812160+00:00,34.6,percepita,ambiente,raspberry_pi_4,camera
169,_result,0,2026-07-10 14:59:18.055471+00:00,2026-07-10 16:59:18.055471+00:00,2026-07-10 16:36:38.073605+00:00,34.6,percepita,ambiente,raspberry_pi_4,camera
170,_result,0,2026-07-10 14:59:18.055471+00:00,2026-07-10 16:59:18.055471+00:00,2026-07-10 16:36:43.343834+00:00,34.3,percepita,ambiente,raspberry_pi_4,camera
171,_result,0,2026-07-10 14:59:18.055471+00:00,2026-07-10 16:59:18.055471+00:00,2026-07-10 16:36:48.604018+00:00,34.3,percepita,ambiente,raspberry_pi_4,camera
172,_result,0,2026-07-10 14:59:18.055471+00:00,2026-07-10 16:59:18.055471+00:00,2026-07-10 16:36:53.873496+00:00,34.3,percepita,ambiente,raspberry_pi_4,camera
173,_result,0,2026-07-10 14:59:18.055471+00:00,2026-07-10 16:59:18.055471+00:00,2026-07-10 16:36:59.133834+00:00,34.3,percepita,ambiente,raspberry_pi_4,camera
174,_result,0,2026-07-10 14:59:18.055471+00:00,2026-07-10 16:59:18.055471+00:00,2026-07-10 16:37:04.450717+00:00,34.3,percepita,ambiente,raspberry_pi_4,camera
175,_result,0,2026-07-10 14:59:18.055471+00:00,2026-07-10 16:59:18.055471+00:00,2026-07-10 16:37:09.714308+00:00,34.3,percepita,ambiente,raspberry_pi_4,camera
176,_result,0,2026-07-10 14:59:18.055471+00:00,2026-07-10 16:59:18.055471+00:00,2026-07-10 16:37:14.986357+00:00,34.3,percepita,ambiente,raspberry_pi_4,camera
177,_result,0,2026-07-10 14:59:18.055471+00:00,2026-07-10 16:59:18.055471+00:00,2026-07-10 16:37:20.248018+00:00,34.3,percepita,ambiente,raspberry_pi_4,camera
178,_result,0,2026-07-10 14:59:18.055471+00:00,2026-07-10 16:59:18.055471+00:00,2026-07-10 16:37:25.517160+00:00,34.3,percepita,ambiente,raspberry_pi_4,camera
179,_result,0,2026-07-10 14:59:18.055471+00:00,2026-07-10 16:59:18.055471+00:00,2026-07-10 16:37:30.777218+00:00,34.3,percepita,ambiente,raspberry_pi_4,camera
180,_result,0,2026-07-10 14:59:18.055471+00:00,2026-07-10 16:59:18.055471+00:00,2026-07-10 16:37:36.048675+00:00,34.3,percepita,ambiente,raspberry_pi_4,camera
181,_result,0,2026-07-10 14:59:18.055471+00:00,2026-07-10 16:59:18.055471+00:00,2026-07-10 16:37:41.308604+00:00,34.3,percepita,ambiente,raspberry_pi_4,camera
182,_result,0,2026-07-10 14:59:18.055471+00:00,2026-07-10 16:59:18.055471+00:00,2026-07-10 16:37:46.578318+00:00,34.3,percepita,ambiente,raspberry_pi_4,camera
183,_result,0,2026-07-10 14:59:18.055471+00:00,2026-07-10 16:59:18.055471+00:00,2026-07-10 16:37:51.838392+00:00,34.3,percepita,ambiente,raspberry_pi_4,camera
184,_result,0,2026-07-10 14:59:18.055471+00:00,2026-07-10 16:59:18.055471+00:00,2026-07-10 16:37:57.107523+00:00,34.3,percepita,ambiente,raspberry_pi_4,camera
185,_result,0,2026-07-10 14:59:18.055471+00:00,2026-07-10 16:59:18.055471+00:00,2026-07-10 16:38:02.367811+00:00,34.3,percepita,ambiente,raspberry_pi_4,camera
186,_result,0,2026-07-10 14:59:18.055471+00:00,2026-07-10 16:59:18.055471+00:00,2026-07-10 16:38:07.638393+00:00,34.3,percepita,ambiente,raspberry_pi_4,camera
187,_result,0,2026-07-10 14:59:18.055471+00:00,2026-07-10 16:59:18.055471+00:00,2026-07-10 16:38:12.898664+00:00,34.3,percepita,ambiente,raspberry_pi_4,camera
188,_result,0,2026-07-10 14:59:18.055471+00:00,2026-07-10 16:59:18.055471+00:00,2026-07-10 16:38:18.167904+00:00,34.3,percepita,ambiente,raspberry_pi_4,camera
189,_result,0,2026-07-10 14:59:18.055471+00:00,2026-07-10 16:59:18.055471+00:00,2026-07-10 16:38:23.428068+00:00,34.3,percepita,ambiente,raspberry_pi_4,camera
190,_result,0,2026-07-10 14:59:18.055471+00:00,2026-07-10 16:59:18.055471+00:00,2026-07-10 16:38:28.697878+00:00,34.3,percepita,ambiente,raspberry_pi_4,camera
191,_result,0,2026-07-10 14:59:18.055471+00:00,2026-07-10 16:59:18.055471+00:00,2026-07-10 16:38:33.958659+00:00,34.3,percepita,ambiente,raspberry_pi_4,camera
192,_result,0,2026-07-10 14:59:18.055471+00:00,2026-07-10 16:59:18.055471+00:00,2026-07-10 16:38:39.229396+00:00,34.3,percepita,ambiente,raspberry_pi_4,camera
193,_result,0,2026-07-10 14:59:18.055471+00:00,2026-07-10 16:59:18.055471+00:00,2026-07-10 16:38:44.489498+00:00,34.3,percepita,ambiente,raspberry_pi_4,camera
194,_result,0,2026-07-10 14:59:18.055471+00:00,2026-07-10 16:59:18.055471+00:00,2026-07-10 16:38:49.758970+00:00,34.3,percepita,ambiente,raspberry_pi_4,camera
195,_result,0,2026-07-10 14:59:18.055471+00:00,2026-07-10 16:59:18.055471+00:00,2026-07-10 16:38:55.018818+00:00,34.3,percepita,ambiente,raspberry_pi_4,camera
196,_result,0,2026-07-10 14:59:18.055471+00:00,2026-07-10 16:59:18.055471+00:00,2026-07-10 16:39:05.542211+00:00,34.3,percepita,ambiente,raspberry_pi_4,camera
197,_result,0,2026-07-10 14:59:18.055471+00:00,2026-07-10 16:59:18.055471+00:00,2026-07-10 16:39:10.813389+00:00,34.3,percepita,ambiente,raspberry_pi_4,camera
198,_result,0,2026-07-10 14:59:18.055471+00:00,2026-07-10 16:59:18.055471+00:00,2026-07-10 16:39:16.073390+00:00,34.3,percepita,ambiente,raspberry_pi_4,camera
199,_result,0,2026-07-10 14:59:18.055471+00:00,2026-07-10 16:59:18.055471+00:00,2026-07-10 16:39:21.342748+00:00,34.3,percepita,ambiente,raspberry_pi_4,camera
200,_result,0,2026-07-10 14:59:18.055471+00:00,2026-07-10 16:59:18.055471+00:00,2026-07-10 16:39:26.613230+00:00,34.3,percepita,ambiente,raspberry_pi_4,camera
201,_result,0,2026-07-10 14:59:18.055471+00:00,2026-07-10 16:59:18.055471+00:00,2026-07-10 16:39:31.882327+00:00,34.3,percepita,ambiente,raspberry_pi_4,camera
202,_result,0,2026-07-10 14:59:18.055471+00:00,2026-07-10 16:59:18.055471+00:00,2026-07-10 16:39:37.143588+00:00,34.3,percepita,ambiente,raspberry_pi_4,camera
203,_result,0,2026-07-10 14:59:18.055471+00:00,2026-07-10 16:59:18.055471+00:00,2026-07-10 16:39:47.667039+00:00,34.3,percepita,ambiente,raspberry_pi_4,camera
204,_result,0,2026-07-10 14:59:18.055471+00:00,2026-07-10 16:59:18.055471+00:00,2026-07-10 16:39:52.936412+00:00,34.3,percepita,ambiente,raspberry_pi_4,camera
205,_result,0,2026-07-10 14:59:18.055471+00:00,2026-07-10 16:59:18.055471+00:00,2026-07-10 16:39:58.196528+00:00,34.3,percepita,ambiente,raspberry_pi_4,camera
206,_result,0,2026-07-10 14:59:18.055471+00:00,2026-07-10 16:59:18.055471+00:00,2026-07-10 16:40:03.466303+00:00,34.3,percepita,ambiente,raspberry_pi_4,camera
207,_result,0,2026-07-10 14:59:18.055471+00:00,2026-07-10 16:59:18.055471+00:00,2026-07-10 16:40:08.727852+00:00,34.3,percepita,ambiente,raspberry_pi_4,camera
208,_result,0,2026-07-10 14:59:18.055471+00:00,2026-07-10 16:59:18.055471+00:00,2026-07-10 16:40:13.997273+00:00,34.3,percepita,ambiente,raspberry_pi_4,camera
209,_result,0,2026-07-10 14:59:18.055471+00:00,2026-07-10 16:59:18.055471+00:00,2026-07-10 16:40:19.257106+00:00,34.3,percepita,ambiente,raspberry_pi_4,camera
210,_result,0,2026-07-10 14:59:18.055471+00:00,2026-07-10 16:59:18.055471+00:00,2026-07-10 16:40:24.526666+00:00,34.3,percepita,ambiente,raspberry_pi_4,camera
211,_result,0,2026-07-10 14:59:18.055471+00:00,2026-07-10 16:59:18.055471+00:00,2026-07-10 16:40:29.786572+00:00,34.3,percepita,ambiente,raspberry_pi_4,camera
212,_result,0,2026-07-10 14:59:18.055471+00:00,2026-07-10 16:59:18.055471+00:00,2026-07-10 16:40:35.059392+00:00,34.3,percepita,ambiente,raspberry_pi_4,camera
213,_result,0,2026-07-10 14:59:18.055471+00:00,2026-07-10 16:59:18.055471+00:00,2026-07-10 16:40:40.321488+00:00,34.3,percepita,ambiente,raspberry_pi_4,camera
214,_result,0,2026-07-10 14:59:18.055471+00:00,2026-07-10 16:59:18.055471+00:00,2026-07-10 16:40:45.590673+00:00,34.3,percepita,ambiente,raspberry_pi_4,camera
215,_result,0,2026-07-10 14:59:18.055471+00:00,2026-07-10 16:59:18.055471+00:00,2026-07-10 16:40:50.850635+00:00,34.3,percepita,ambiente,raspberry_pi_4,camera
216,_result,0,2026-07-10 14:59:18.055471+00:00,2026-07-10 16:59:18.055471+00:00,2026-07-10 16:40:56.119972+00:00,34.3,percepita,ambiente,raspberry_pi_4,camera
217,_result,0,2026-07-10 14:59:18.055471+00:00,2026-07-10 16:59:18.055471+00:00,2026-07-10 16:41:01.379765+00:00,34.3,percepita,ambiente,raspberry_pi_4,camera
218,_result,0,2026-07-10 14:59:18.055471+00:00,2026-07-10 16:59:18.055471+00:00,2026-07-10 16:41:06.651015+00:00,34.3,percepita,ambiente,raspberry_pi_4,camera
219,_result,0,2026-07-10 14:59:18.055471+00:00,2026-07-10 16:59:18.055471+00:00,2026-07-10 16:41:11.910920+00:00,34.3,percepita,ambiente,raspberry_pi_4,camera
220,_result,0,2026-07-10 14:59:18.055471+00:00,2026-07-10 16:59:18.055471+00:00,2026-07-10 16:41:17.180109+00:00,34.3,percepita,ambiente,raspberry_pi_4,camera
221,_result,0,2026-07-10 14:59:18.055471+00:00,2026-07-10 16:59:18.055471+00:00,2026-07-10 16:41:22.441192+00:00,34.3,percepita,ambiente,raspberry_pi_4,camera
222,_result,0,2026-07-10 14:59:18.055471+00:00,2026-07-10 16:59:18.055471+00:00,2026-07-10 16:41:27.710253+00:00,34.3,percepita,ambiente,raspberry_pi_4,camera
223,_result,0,2026-07-10 14:59:18.055471+00:00,2026-07-10 16:59:18.055471+00:00,2026-07-10 16:41:32.970663+00:00,34.3,percepita,ambiente,raspberry_pi_4,camera
224,_result,0,2026-07-10 14:59:18.055471+00:00,2026-07-10 16:59:18.055471+00:00,2026-07-10 16:41:38.241915+00:00,34.3,percepita,ambiente,raspberry_pi_4,camera
225,_result,0,2026-07-10 14:59:18.055471+00:00,2026-07-10 16:59:18.055471+00:00,2026-07-10 16:41:43.503323+00:00,34.3,percepita,ambiente,raspberry_pi_4,camera
226,_result,0,2026-07-10 14:59:18.055471+00:00,2026-07-10 16:59:18.055471+00:00,2026-07-10 16:41:48.772539+00:00,34.3,percepita,ambiente,raspberry_pi_4,camera
227,_result,0,2026-07-10 14:59:18.055471+00:00,2026-07-10 16:59:18.055471+00:00,2026-07-10 16:41:54.033817+00:00,34.3,percepita,ambiente,raspberry_pi_4,camera
228,_result,0,2026-07-10 14:59:18.055471+00:00,2026-07-10 16:59:18.055471+00:00,2026-07-10 16:41:59.303281+00:00,34.3,percepita,ambiente,raspberry_pi_4,camera
229,_result,0,2026-07-10 14:59:18.055471+00:00,2026-07-10 16:59:18.055471+00:00,2026-07-10 16:42:04.563737+00:00,34.3,percepita,ambiente,raspberry_pi_4,camera
230,_result,0,2026-07-10 14:59:18.055471+00:00,2026-07-10 16:59:18.055471+00:00,2026-07-10 16:42:09.834934+00:00,34.3,percepita,ambiente,raspberry_pi_4,camera
231,_result,0,2026-07-10 14:59:18.055471+00:00,2026-07-10 16:59:18.055471+00:00,2026-07-10 16:42:15.095039+00:00,34.3,percepita,ambiente,raspberry_pi_4,camera
232,_result,0,2026-07-10 14:59:18.055471+00:00,2026-07-10 16:59:18.055471+00:00,2026-07-10 16:42:20.365745+00:00,34.3,percepita,ambiente,raspberry_pi_4,camera
233,_result,0,2026-07-10 14:59:18.055471+00:00,2026-07-10 16:59:18.055471+00:00,2026-07-10 16:42:25.625946+00:00,34.3,percepita,ambiente,raspberry_pi_4,camera
234,_result,0,2026-07-10 14:59:18.055471+00:00,2026-07-10 16:59:18.055471+00:00,2026-07-10 16:42:30.896994+00:00,34.3,percepita,ambiente,raspberry_pi_4,camera
235,_result,0,2026-07-10 14:59:18.055471+00:00,2026-07-10 16:59:18.055471+00:00,2026-07-10 16:42:36.157189+00:00,34.3,percepita,ambiente,raspberry_pi_4,camera
236,_result,0,2026-07-10 14:59:18.055471+00:00,2026-07-10 16:59:18.055471+00:00,2026-07-10 16:42:41.429670+00:00,34.3,percepita,ambiente,raspberry_pi_4,camera
237,_result,0,2026-07-10 14:59:18.055471+00:00,2026-07-10 16:59:18.055471+00:00,2026-07-10 16:42:46.689827+00:00,34.3,percepita,ambiente,raspberry_pi_4,camera
238,_result,0,2026-07-10 14:59:18.055471+00:00,2026-07-10 16:59:18.055471+00:00,2026-07-10 16:42:51.959376+00:00,34.3,percepita,ambiente,raspberry_pi_4,camera
239,_result,0,2026-07-10 14:59:18.055471+00:00,2026-07-10 16:59:18.055471+00:00,2026-07-10 16:43:02.482869+00:00,34.3,percepita,ambiente,raspberry_pi_4,camera
240,_result,0,2026-07-10 14:59:18.055471+00:00,2026-07-10 16:59:18.055471+00:00,2026-07-10 16:43:07.744827+00:00,34.3,percepita,ambiente,raspberry_pi_4,camera
241,_result,0,2026-07-10 14:59:18.055471+00:00,2026-07-10 16:59:18.055471+00:00,2026-07-10 16:43:13.014672+00:00,34.3,percepita,ambiente,raspberry_pi_4,camera
242,_result,0,2026-07-10 14:59:18.055471+00:00,2026-07-10 16:59:18.055471+00:00,2026-07-10 16:43:18.274671+00:00,34.2,percepita,ambiente,raspberry_pi_4,camera
243,_result,0,2026-07-10 14:59:18.055471+00:00,2026-07-10 16:59:18.055471+00:00,2026-07-10 16:43:23.544638+00:00,34.3,percepita,ambiente,raspberry_pi_4,camera
244,_result,0,2026-07-10 14:59:18.055471+00:00,2026-07-10 16:59:18.055471+00:00,2026-07-10 16:43:28.804706+00:00,34.0,percepita,ambiente,raspberry_pi_4,camera
245,_result,0,2026-07-10 14:59:18.055471+00:00,2026-07-10 16:59:18.055471+00:00,2026-07-10 16:43:34.074328+00:00,34.0,percepita,ambiente,raspberry_pi_4,camera
246,_result,0,2026-07-10 14:59:18.055471+00:00,2026-07-10 16:59:18.055471+00:00,2026-07-10 16:43:39.336223+00:00,34.2,percepita,ambiente,raspberry_pi_4,camera
247,_result,0,2026-07-10 14:59:18.055471+00:00,2026-07-10 16:59:18.055471+00:00,2026-07-10 16:43:44.607739+00:00,34.0,percepita,ambiente,raspberry_pi_4,camera
248,_result,0,2026-07-10 14:59:18.055471+00:00,2026-07-10 16:59:18.055471+00:00,2026-07-10 16:43:49.867926+00:00,34.2,percepita,ambiente,raspberry_pi_4,camera
249,_result,0,2026-07-10 14:59:18.055471+00:00,2026-07-10 16:59:18.055471+00:00,2026-07-10 16:43:55.137871+00:00,34.2,percepita,ambiente,raspberry_pi_4,camera
250,_result,0,2026-07-10 14:59:18.055471+00:00,2026-07-10 16:59:18.055471+00:00,2026-07-10 16:44:00.397941+00:00,34.3,percepita,ambiente,raspberry_pi_4,camera
251,_result,0,2026-07-10 14:59:18.055471+00:00,2026-07-10 16:59:18.055471+00:00,2026-07-10 16:44:05.669322+00:00,34.4,percepita,ambiente,raspberry_pi_4,camera
252,_result,0,2026-07-10 14:59:18.055471+00:00,2026-07-10 16:59:18.055471+00:00,2026-07-10 16:44:10.929519+00:00,34.0,percepita,ambiente,raspberry_pi_4,camera
253,_result,0,2026-07-10 14:59:18.055471+00:00,2026-07-10 16:59:18.055471+00:00,2026-07-10 16:44:16.199951+00:00,34.0,percepita,ambiente,raspberry_pi_4,camera
254,_result,0,2026-07-10 14:59:18.055471+00:00,2026-07-10 16:59:18.055471+00:00,2026-07-10 16:44:21.459897+00:00,34.0,percepita,ambiente,raspberry_pi_4,camera
255,_result,0,2026-07-10 14:59:18.055471+00:00,2026-07-10 16:59:18.055471+00:00,2026-07-10 16:44:26.729550+00:00,34.0,percepita,ambiente,raspberry_pi_4,camera
256,_result,0,2026-07-10 14:59:18.055471+00:00,2026-07-10 16:59:18.055471+00:00,2026-07-10 16:44:31.989988+00:00,33.9,percepita,ambiente,raspberry_pi_4,camera
257,_result,0,2026-07-10 14:59:18.055471+00:00,2026-07-10 16:59:18.055471+00:00,2026-07-10 16:44:37.261244+00:00,34.0,percepita,ambiente,raspberry_pi_4,camera
258,_result,0,2026-07-10 14:59:18.055471+00:00,2026-07-10 16:59:18.055471+00:00,2026-07-10 16:44:42.521274+00:00,33.9,percepita,ambiente,raspberry_pi_4,camera
259,_result,0,2026-07-10 14:59:18.055471+00:00,2026-07-10 16:59:18.055471+00:00,2026-07-10 16:44:47.790718+00:00,33.9,percepita,ambiente,raspberry_pi_4,camera
260,_result,0,2026-07-10 14:59:18.055471+00:00,2026-07-10 16:59:18.055471+00:00,2026-07-10 16:44:53.051212+00:00,34.0,percepita,ambiente,raspberry_pi_4,camera
261,_result,0,2026-07-10 14:59:18.055471+00:00,2026-07-10 16:59:18.055471+00:00,2026-07-10 16:44:58.320796+00:00,34.3,percepita,ambiente,raspberry_pi_4,camera
262,_result,0,2026-07-10 14:59:18.055471+00:00,2026-07-10 16:59:18.055471+00:00,2026-07-10 16:45:03.580976+00:00,34.1,percepita,ambiente,raspberry_pi_4,camera
263,_result,0,2026-07-10 14:59:18.055471+00:00,2026-07-10 16:59:18.055471+00:00,2026-07-10 16:45:08.851748+00:00,34.3,percepita,ambiente,raspberry_pi_4,camera
264,_result,0,2026-07-10 14:59:18.055471+00:00,2026-07-10 16:59:18.055471+00:00,2026-07-10 16:45:14.111590+00:00,34.1,percepita,ambiente,raspberry_pi_4,camera
265,_result,0,2026-07-10 14:59:18.055471+00:00,2026-07-10 16:59:18.055471+00:00,2026-07-10 16:45:19.381352+00:00,34.0,percepita,ambiente,raspberry_pi_4,camera
266,_result,0,2026-07-10 14:59:18.055471+00:00,2026-07-10 16:59:18.055471+00:00,2026-07-10 16:45:24.641169+00:00,33.9,percepita,ambiente,raspberry_pi_4,camera
267,_result,0,2026-07-10 14:59:18.055471+00:00,2026-07-10 16:59:18.055471+00:00,2026-07-10 16:45:29.910814+00:00,33.8,percepita,ambiente,raspberry_pi_4,camera
268,_result,0,2026-07-10 14:59:18.055471+00:00,2026-07-10 16:59:18.055471+00:00,2026-07-10 16:45:35.170914+00:00,34.0,percepita,ambiente,raspberry_pi_4,camera
269,_result,0,2026-07-10 14:59:18.055471+00:00,2026-07-10 16:59:18.055471+00:00,2026-07-10 16:45:40.442168+00:00,34.1,percepita,ambiente,raspberry_pi_4,camera
270,_result,0,2026-07-10 14:59:18.055471+00:00,2026-07-10 16:59:18.055471+00:00,2026-07-10 16:45:45.702167+00:00,34.0,percepita,ambiente,raspberry_pi_4,camera
271,_result,0,2026-07-10 14:59:18.055471+00:00,2026-07-10 16:59:18.055471+00:00,2026-07-10 16:45:50.971830+00:00,34.0,percepita,ambiente,raspberry_pi_4,camera
272,_result,0,2026-07-10 14:59:18.055471+00:00,2026-07-10 16:59:18.055471+00:00,2026-07-10 16:45:56.231812+00:00,34.0,percepita,ambiente,raspberry_pi_4,camera
273,_result,0,2026-07-10 14:59:18.055471+00:00,2026-07-10 16:59:18.055471+00:00,2026-07-10 16:46:01.501381+00:00,34.0,percepita,ambiente,raspberry_pi_4,camera
274,_result,0,2026-07-10 14:59:18.055471+00:00,2026-07-10 16:59:18.055471+00:00,2026-07-10 16:46:06.762958+00:00,34.0,percepita,ambiente,raspberry_pi_4,camera
275,_result,0,2026-07-10 14:59:18.055471+00:00,2026-07-10 16:59:18.055471+00:00,2026-07-10 16:46:12.034409+00:00,33.8,percepita,ambiente,raspberry_pi_4,camera
276,_result,0,2026-07-10 14:59:18.055471+00:00,2026-07-10 16:59:18.055471+00:00,2026-07-10 16:46:17.294376+00:00,33.8,percepita,ambiente,raspberry_pi_4,camera
277,_result,0,2026-07-10 14:59:18.055471+00:00,2026-07-10 16:59:18.055471+00:00,2026-07-10 16:46:22.563735+00:00,33.8,percepita,ambiente,raspberry_pi_4,camera
278,_result,0,2026-07-10 14:59:18.055471+00:00,2026-07-10 16:59:18.055471+00:00,2026-07-10 16:46:27.824687+00:00,33.8,percepita,ambiente,raspberry_pi_4,camera
279,_result,0,2026-07-10 14:59:18.055471+00:00,2026-07-10 16:59:18.055471+00:00,2026-07-10 16:46:33.095463+00:00,33.8,percepita,ambiente,raspberry_pi_4,camera
280,_result,0,2026-07-10 14:59:18.055471+00:00,2026-07-10 16:59:18.055471+00:00,2026-07-10 16:46:38.357307+00:00,34.0,percepita,ambiente,raspberry_pi_4,camera
281,_result,0,2026-07-10 14:59:18.055471+00:00,2026-07-10 16:59:18.055471+00:00,2026-07-10 16:46:43.626622+00:00,34.0,percepita,ambiente,raspberry_pi_4,camera
282,_result,0,2026-07-10 14:59:18.055471+00:00,2026-07-10 16:59:18.055471+00:00,2026-07-10 16:46:48.886557+00:00,34.0,percepita,ambiente,raspberry_pi_4,camera
283,_result,0,2026-07-10 14:59:18.055471+00:00,2026-07-10 16:59:18.055471+00:00,2026-07-10 16:46:59.410369+00:00,34.0,percepita,ambiente,raspberry_pi_4,camera
284,_result,0,2026-07-10 14:59:18.055471+00:00,2026-07-10 16:59:18.055471+00:00,2026-07-10 16:47:04.679884+00:00,34.0,percepita,ambiente,raspberry_pi_4,camera
285,_result,0,2026-07-10 14:59:18.055471+00:00,2026-07-10 16:59:18.055471+00:00,2026-07-10 16:47:09.941274+00:00,34.0,percepita,ambiente,raspberry_pi_4,camera
286,_result,0,2026-07-10 14:59:18.055471+00:00,2026-07-10 16:59:18.055471+00:00,2026-07-10 16:47:15.210633+00:00,34.0,percepita,ambiente,raspberry_pi_4,camera
287,_result,0,2026-07-10 14:59:18.055471+00:00,2026-07-10 16:59:18.055471+00:00,2026-07-10 16:47:20.470952+00:00,34.1,percepita,ambiente,raspberry_pi_4,camera
288,_result,0,2026-07-10 14:59:18.055471+00:00,2026-07-10 16:59:18.055471+00:00,2026-07-10 16:47:25.740095+00:00,34.0,percepita,ambiente,raspberry_pi_4,camera
289,_result,0,2026-07-10 14:59:18.055471+00:00,2026-07-10 16:59:18.055471+00:00,2026-07-10 16:47:31.000154+00:00,34.1,percepita,ambiente,raspberry_pi_4,camera
290,_result,0,2026-07-10 14:59:18.055471+00:00,2026-07-10 16:59:18.055471+00:00,2026-07-10 16:47:36.270838+00:00,34.1,percepita,ambiente,raspberry_pi_4,camera
291,_result,0,2026-07-10 14:59:18.055471+00:00,2026-07-10 16:59:18.055471+00:00,2026-07-10 16:47:41.530876+00:00,34.3,percepita,ambiente,raspberry_pi_4,camera
292,_result,0,2026-07-10 14:59:18.055471+00:00,2026-07-10 16:59:18.055471+00:00,2026-07-10 16:47:46.800536+00:00,34.3,percepita,ambiente,raspberry_pi_4,camera
293,_result,0,2026-07-10 14:59:18.055471+00:00,2026-07-10 16:59:18.055471+00:00,2026-07-10 16:47:52.060368+00:00,34.3,percepita,ambiente,raspberry_pi_4,camera
294,_result,0,2026-07-10 14:59:18.055471+00:00,2026-07-10 16:59:18.055471+00:00,2026-07-10 16:47:57.329990+00:00,34.3,percepita,ambiente,raspberry_pi_4,camera
295,_result,0,2026-07-10 14:59:18.055471+00:00,2026-07-10 16:59:18.055471+00:00,2026-07-10 16:48:02.591132+00:00,34.3,percepita,ambiente,raspberry_pi_4,camera
296,_result,0,2026-07-10 14:59:18.055471+00:00,2026-07-10 16:59:18.055471+00:00,2026-07-10 16:48:07.862008+00:00,34.3,percepita,ambiente,raspberry_pi_4,camera
297,_result,0,2026-07-10 14:59:18.055471+00:00,2026-07-10 16:59:18.055471+00:00,2026-07-10 16:48:13.122059+00:00,33.9,percepita,ambiente,raspberry_pi_4,camera
298,_result,0,2026-07-10 14:59:18.055471+00:00,2026-07-10 16:59:18.055471+00:00,2026-07-10 16:48:18.391611+00:00,34.0,percepita,ambiente,raspberry_pi_4,camera
299,_result,0,2026-07-10 14:59:18.055471+00:00,2026-07-10 16:59:18.055471+00:00,2026-07-10 16:48:23.651571+00:00,33.9,percepita,ambiente,raspberry_pi_4,camera
300,_result,0,2026-07-10 14:59:18.055471+00:00,2026-07-10 16:59:18.055471+00:00,2026-07-10 16:48:28.921080+00:00,33.8,percepita,ambiente,raspberry_pi_4,camera
301,_result,0,2026-07-10 14:59:18.055471+00:00,2026-07-10 16:59:18.055471+00:00,2026-07-10 16:48:34.181240+00:00,33.9,percepita,ambiente,raspberry_pi_4,camera
302,_result,0,2026-07-10 14:59:18.055471+00:00,2026-07-10 16:59:18.055471+00:00,2026-07-10 16:48:39.452074+00:00,33.8,percepita,ambiente,raspberry_pi_4,camera
303,_result,0,2026-07-10 14:59:18.055471+00:00,2026-07-10 16:59:18.055471+00:00,2026-07-10 16:48:44.712122+00:00,33.8,percepita,ambiente,raspberry_pi_4,camera
304,_result,0,2026-07-10 14:59:18.055471+00:00,2026-07-10 16:59:18.055471+00:00,2026-07-10 16:48:49.981317+00:00,33.8,percepita,ambiente,raspberry_pi_4,camera
305,_result,0,2026-07-10 14:59:18.055471+00:00,2026-07-10 16:59:18.055471+00:00,2026-07-10 16:48:55.241585+00:00,33.8,percepita,ambiente,raspberry_pi_4,camera
306,_result,0,2026-07-10 14:59:18.055471+00:00,2026-07-10 16:59:18.055471+00:00,2026-07-10 16:49:00.510522+00:00,33.8,percepita,ambiente,raspberry_pi_4,camera
307,_result,0,2026-07-10 14:59:18.055471+00:00,2026-07-10 16:59:18.055471+00:00,2026-07-10 16:49:05.770648+00:00,34.0,percepita,ambiente,raspberry_pi_4,camera
308,_result,0,2026-07-10 14:59:18.055471+00:00,2026-07-10 16:59:18.055471+00:00,2026-07-10 16:49:11.041423+00:00,33.8,percepita,ambiente,raspberry_pi_4,camera
309,_result,0,2026-07-10 14:59:18.055471+00:00,2026-07-10 16:59:18.055471+00:00,2026-07-10 16:49:16.301763+00:00,33.8,percepita,ambiente,raspberry_pi_4,camera
310,_result,0,2026-07-10 14:59:18.055471+00:00,2026-07-10 16:59:18.055471+00:00,2026-07-10 16:49:21.570785+00:00,33.8,percepita,ambiente,raspberry_pi_4,camera
311,_result,0,2026-07-10 14:59:18.055471+00:00,2026-07-10 16:59:18.055471+00:00,2026-07-10 16:49:26.830644+00:00,33.8,percepita,ambiente,raspberry_pi_4,camera
312,_result,0,2026-07-10 14:59:18.055471+00:00,2026-07-10 16:59:18.055471+00:00,2026-07-10 16:49:32.100094+00:00,33.8,percepita,ambiente,raspberry_pi_4,camera
313,_result,0,2026-07-10 14:59:18.055471+00:00,2026-07-10 16:59:18.055471+00:00,2026-07-10 16:49:37.361558+00:00,33.8,percepita,ambiente,raspberry_pi_4,camera
314,_result,0,2026-07-10 14:59:18.055471+00:00,2026-07-10 16:59:18.055471+00:00,2026-07-10 16:49:42.631338+00:00,33.8,percepita,ambiente,raspberry_pi_4,camera
315,_result,0,2026-07-10 14:59:18.055471+00:00,2026-07-10 16:59:18.055471+00:00,2026-07-10 16:49:47.891196+00:00,33.8,percepita,ambiente,raspberry_pi_4,camera
316,_result,0,2026-07-10 14:59:18.055471+00:00,2026-07-10 16:59:18.055471+00:00,2026-07-10 16:49:53.161722+00:00,33.8,percepita,ambiente,raspberry_pi_4,camera
317,_result,0,2026-07-10 14:59:18.055471+00:00,2026-07-10 16:59:18.055471+00:00,2026-07-10 16:49:58.421698+00:00,33.8,percepita,ambiente,raspberry_pi_4,camera
318,_result,0,2026-07-10 14:59:18.055471+00:00,2026-07-10 16:59:18.055471+00:00,2026-07-10 16:50:03.691484+00:00,33.8,percepita,ambiente,raspberry_pi_4,camera
319,_result,0,2026-07-10 14:59:18.055471+00:00,2026-07-10 16:59:18.055471+00:00,2026-07-10 16:50:08.953514+00:00,33.8,percepita,ambiente,raspberry_pi_4,camera
320,_result,0,2026-07-10 14:59:18.055471+00:00,2026-07-10 16:59:18.055471+00:00,2026-07-10 16:50:14.222861+00:00,33.8,percepita,ambiente,raspberry_pi_4,camera
321,_result,0,2026-07-10 14:59:18.055471+00:00,2026-07-10 16:59:18.055471+00:00,2026-07-10 16:50:19.483087+00:00,33.8,percepita,ambiente,raspberry_pi_4,camera
322,_result,0,2026-07-10 14:59:18.055471+00:00,2026-07-10 16:59:18.055471+00:00,2026-07-10 16:50:24.762104+00:00,33.8,percepita,ambiente,raspberry_pi_4,camera
323,_result,0,2026-07-10 14:59:18.055471+00:00,2026-07-10 16:59:18.055471+00:00,2026-07-10 16:50:30.022198+00:00,33.8,percepita,ambiente,raspberry_pi_4,camera
324,_result,0,2026-07-10 14:59:18.055471+00:00,2026-07-10 16:59:18.055471+00:00,2026-07-10 16:50:35.292132+00:00,33.8,percepita,ambiente,raspberry_pi_4,camera
325,_result,0,2026-07-10 14:59:18.055471+00:00,2026-07-10 16:59:18.055471+00:00,2026-07-10 16:50:40.554162+00:00,33.8,percepita,ambiente,raspberry_pi_4,camera
326,_result,0,2026-07-10 14:59:18.055471+00:00,2026-07-10 16:59:18.055471+00:00,2026-07-10 16:50:45.823926+00:00,33.8,percepita,ambiente,raspberry_pi_4,camera
327,_result,0,2026-07-10 14:59:18.055471+00:00,2026-07-10 16:59:18.055471+00:00,2026-07-10 16:50:51.085731+00:00,33.8,percepita,ambiente,raspberry_pi_4,camera
328,_result,0,2026-07-10 14:59:18.055471+00:00,2026-07-10 16:59:18.055471+00:00,2026-07-10 16:50:56.355177+00:00,33.8,percepita,ambiente,raspberry_pi_4,camera
329,_result,0,2026-07-10 14:59:18.055471+00:00,2026-07-10 16:59:18.055471+00:00,2026-07-10 16:51:01.615349+00:00,33.8,percepita,ambiente,raspberry_pi_4,camera
330,_result,0,2026-07-10 14:59:18.055471+00:00,2026-07-10 16:59:18.055471+00:00,2026-07-10 16:51:06.886219+00:00,33.8,percepita,ambiente,raspberry_pi_4,camera
331,_result,0,2026-07-10 14:59:18.055471+00:00,2026-07-10 16:59:18.055471+00:00,2026-07-10 16:51:12.146625+00:00,33.8,percepita,ambiente,raspberry_pi_4,camera
332,_result,0,2026-07-10 14:59:18.055471+00:00,2026-07-10 16:59:18.055471+00:00,2026-07-10 16:51:17.416203+00:00,33.8,percepita,ambiente,raspberry_pi_4,camera
333,_result,0,2026-07-10 14:59:18.055471+00:00,2026-07-10 16:59:18.055471+00:00,2026-07-10 16:51:22.676257+00:00,33.8,percepita,ambiente,raspberry_pi_4,camera
334,_result,0,2026-07-10 14:59:18.055471+00:00,2026-07-10 16:59:18.055471+00:00,2026-07-10 16:51:27.947279+00:00,34.0,percepita,ambiente,raspberry_pi_4,camera
335,_result,0,2026-07-10 14:59:18.055471+00:00,2026-07-10 16:59:18.055471+00:00,2026-07-10 16:51:33.208844+00:00,34.0,percepita,ambiente,raspberry_pi_4,camera
336,_result,0,2026-07-10 14:59:18.055471+00:00,2026-07-10 16:59:18.055471+00:00,2026-07-10 16:51:38.480141+00:00,34.0,percepita,ambiente,raspberry_pi_4,camera
337,_result,0,2026-07-10 14:59:18.055471+00:00,2026-07-10 16:59:18.055471+00:00,2026-07-10 16:51:43.740194+00:00,34.0,percepita,ambiente,raspberry_pi_4,camera
338,_result,0,2026-07-10 14:59:18.055471+00:00,2026-07-10 16:59:18.055471+00:00,2026-07-10 16:51:49.010737+00:00,33.8,percepita,ambiente,raspberry_pi_4,camera
339,_result,0,2026-07-10 14:59:18.055471+00:00,2026-07-10 16:59:18.055471+00:00,2026-07-10 16:51:54.270983+00:00,33.8,percepita,ambiente,raspberry_pi_4,camera
340,_result,0,2026-07-10 14:59:18.055471+00:00,2026-07-10 16:59:18.055471+00:00,2026-07-10 16:51:59.540096+00:00,33.8,percepita,ambiente,raspberry_pi_4,camera
341,_result,0,2026-07-10 14:59:18.055471+00:00,2026-07-10 16:59:18.055471+00:00,2026-07-10 16:52:04.800284+00:00,33.8,percepita,ambiente,raspberry_pi_4,camera
342,_result,0,2026-07-10 14:59:18.055471+00:00,2026-07-10 16:59:18.055471+00:00,2026-07-10 16:52:10.070946+00:00,33.8,percepita,ambiente,raspberry_pi_4,camera
343,_result,0,2026-07-10 14:59:18.055471+00:00,2026-07-10 16:59:18.055471+00:00,2026-07-10 16:52:15.331009+00:00,33.8,percepita,ambiente,raspberry_pi_4,camera
344,_result,0,2026-07-10 14:59:18.055471+00:00,2026-07-10 16:59:18.055471+00:00,2026-07-10 16:52:20.602092+00:00,33.8,percepita,ambiente,raspberry_pi_4,camera
345,_result,0,2026-07-10 14:59:18.055471+00:00,2026-07-10 16:59:18.055471+00:00,2026-07-10 16:52:25.862240+00:00,33.8,percepita,ambiente,raspberry_pi_4,camera
346,_result,0,2026-07-10 14:59:18.055471+00:00,2026-07-10 16:59:18.055471+00:00,2026-07-10 16:52:31.133069+00:00,34.0,percepita,ambiente,raspberry_pi_4,camera
347,_result,0,2026-07-10 14:59:18.055471+00:00,2026-07-10 16:59:18.055471+00:00,2026-07-10 16:52:36.395071+00:00,34.0,percepita,ambiente,raspberry_pi_4,camera
348,_result,0,2026-07-10 14:59:18.055471+00:00,2026-07-10 16:59:18.055471+00:00,2026-07-10 16:52:41.665859+00:00,34.0,percepita,ambiente,raspberry_pi_4,camera
349,_result,0,2026-07-10 14:59:18.055471+00:00,2026-07-10 16:59:18.055471+00:00,2026-07-10 16:52:46.925887+00:00,34.0,percepita,ambiente,raspberry_pi_4,camera
350,_result,0,2026-07-10 14:59:18.055471+00:00,2026-07-10 16:59:18.055471+00:00,2026-07-10 16:52:52.195478+00:00,34.0,percepita,ambiente,raspberry_pi_4,camera
351,_result,0,2026-07-10 14:59:18.055471+00:00,2026-07-10 16:59:18.055471+00:00,2026-07-10 16:52:57.455548+00:00,33.8,percepita,ambiente,raspberry_pi_4,camera
352,_result,0,2026-07-10 14:59:18.055471+00:00,2026-07-10 16:59:18.055471+00:00,2026-07-10 16:53:02.725498+00:00,33.8,percepita,ambiente,raspberry_pi_4,camera
353,_result,0,2026-07-10 14:59:18.055471+00:00,2026-07-10 16:59:18.055471+00:00,2026-07-10 16:53:07.986969+00:00,33.8,percepita,ambiente,raspberry_pi_4,camera
354,_result,0,2026-07-10 14:59:18.055471+00:00,2026-07-10 16:59:18.055471+00:00,2026-07-10 16:53:13.257216+00:00,33.8,percepita,ambiente,raspberry_pi_4,camera
355,_result,0,2026-07-10 14:59:18.055471+00:00,2026-07-10 16:59:18.055471+00:00,2026-07-10 16:53:18.517616+00:00,33.8,percepita,ambiente,raspberry_pi_4,camera
356,_result,0,2026-07-10 14:59:18.055471+00:00,2026-07-10 16:59:18.055471+00:00,2026-07-10 16:53:23.787034+00:00,34.0,percepita,ambiente,raspberry_pi_4,camera
357,_result,0,2026-07-10 14:59:18.055471+00:00,2026-07-10 16:59:18.055471+00:00,2026-07-10 16:53:29.047109+00:00,34.0,percepita,ambiente,raspberry_pi_4,camera
358,_result,0,2026-07-10 14:59:18.055471+00:00,2026-07-10 16:59:18.055471+00:00,2026-07-10 16:53:34.316831+00:00,34.0,percepita,ambiente,raspberry_pi_4,camera
359,_result,0,2026-07-10 14:59:18.055471+00:00,2026-07-10 16:59:18.055471+00:00,2026-07-10 16:53:39.579177+00:00,34.0,percepita,ambiente,raspberry_pi_4,camera
360,_result,0,2026-07-10 14:59:18.055471+00:00,2026-07-10 16:59:18.055471+00:00,2026-07-10 16:53:44.852458+00:00,34.0,percepita,ambiente,raspberry_pi_4,camera
361,_result,0,2026-07-10 14:59:18.055471+00:00,2026-07-10 16:59:18.055471+00:00,2026-07-10 16:53:50.112390+00:00,34.0,percepita,ambiente,raspberry_pi_4,camera
362,_result,0,2026-07-10 14:59:18.055471+00:00,2026-07-10 16:59:18.055471+00:00,2026-07-10 16:53:55.382123+00:00,34.0,percepita,ambiente,raspberry_pi_4,camera
363,_result,0,2026-07-10 14:59:18.055471+00:00,2026-07-10 16:59:18.055471+00:00,2026-07-10 16:54:00.642190+00:00,34.0,percepita,ambiente,raspberry_pi_4,camera
364,_result,0,2026-07-10 14:59:18.055471+00:00,2026-07-10 16:59:18.055471+00:00,2026-07-10 16:54:05.913355+00:00,34.0,percepita,ambiente,raspberry_pi_4,camera
365,_result,0,2026-07-10 14:59:18.055471+00:00,2026-07-10 16:59:18.055471+00:00,2026-07-10 16:54:11.173731+00:00,34.0,percepita,ambiente,raspberry_pi_4,camera
366,_result,0,2026-07-10 14:59:18.055471+00:00,2026-07-10 16:59:18.055471+00:00,2026-07-10 16:54:16.443026+00:00,34.0,percepita,ambiente,raspberry_pi_4,camera
367,_result,0,2026-07-10 14:59:18.055471+00:00,2026-07-10 16:59:18.055471+00:00,2026-07-10 16:54:21.703076+00:00,34.0,percepita,ambiente,raspberry_pi_4,camera
368,_result,0,2026-07-10 14:59:18.055471+00:00,2026-07-10 16:59:18.055471+00:00,2026-07-10 16:54:26.972735+00:00,34.0,percepita,ambiente,raspberry_pi_4,camera
369,_result,0,2026-07-10 14:59:18.055471+00:00,2026-07-10 16:59:18.055471+00:00,2026-07-10 16:54:32.232724+00:00,34.0,percepita,ambiente,raspberry_pi_4,camera
370,_result,0,2026-07-10 14:59:18.055471+00:00,2026-07-10 16:59:18.055471+00:00,2026-07-10 16:54:37.503670+00:00,34.0,percepita,ambiente,raspberry_pi_4,camera
371,_result,0,2026-07-10 14:59:18.055471+00:00,2026-07-10 16:59:18.055471+00:00,2026-07-10 16:54:42.763821+00:00,34.0,percepita,ambiente,raspberry_pi_4,camera
372,_result,0,2026-07-10 14:59:18.055471+00:00,2026-07-10 16:59:18.055471+00:00,2026-07-10 16:54:53.287252+00:00,34.0,percepita,ambiente,raspberry_pi_4,camera
373,_result,0,2026-07-10 14:59:18.055471+00:00,2026-07-10 16:59:18.055471+00:00,2026-07-10 16:54:58.557234+00:00,34.0,percepita,ambiente,raspberry_pi_4,camera
374,_result,0,2026-07-10 14:59:18.055471+00:00,2026-07-10 16:59:18.055471+00:00,2026-07-10 16:55:03.817328+00:00,34.0,percepita,ambiente,raspberry_pi_4,camera
375,_result,0,2026-07-10 14:59:18.055471+00:00,2026-07-10 16:59:18.055471+00:00,2026-07-10 16:55:09.088116+00:00,34.0,percepita,ambiente,raspberry_pi_4,camera
376,_result,0,2026-07-10 14:59:18.055471+00:00,2026-07-10 16:59:18.055471+00:00,2026-07-10 16:55:14.348195+00:00,34.0,percepita,ambiente,raspberry_pi_4,camera
377,_result,0,2026-07-10 14:59:18.055471+00:00,2026-07-10 16:59:18.055471+00:00,2026-07-10 16:55:19.617953+00:00,34.0,percepita,ambiente,raspberry_pi_4,camera
378,_result,0,2026-07-10 14:59:18.055471+00:00,2026-07-10 16:59:18.055471+00:00,2026-07-10 16:55:24.877905+00:00,34.0,percepita,ambiente,raspberry_pi_4,camera
379,_result,0,2026-07-10 14:59:18.055471+00:00,2026-07-10 16:59:18.055471+00:00,2026-07-10 16:55:30.148448+00:00,34.0,percepita,ambiente,raspberry_pi_4,camera
380,_result,0,2026-07-10 14:59:18.055471+00:00,2026-07-10 16:59:18.055471+00:00,2026-07-10 16:55:35.408394+00:00,34.0,percepita,ambiente,raspberry_pi_4,camera
381,_result,0,2026-07-10 14:59:18.055471+00:00,2026-07-10 16:59:18.055471+00:00,2026-07-10 16:55:40.679422+00:00,34.0,percepita,ambiente,raspberry_pi_4,camera
382,_result,0,2026-07-10 14:59:18.055471+00:00,2026-07-10 16:59:18.055471+00:00,2026-07-10 16:55:45.939417+00:00,34.0,percepita,ambiente,raspberry_pi_4,camera
383,_result,0,2026-07-10 14:59:18.055471+00:00,2026-07-10 16:59:18.055471+00:00,2026-07-10 16:55:51.208881+00:00,34.0,percepita,ambiente,raspberry_pi_4,camera
384,_result,0,2026-07-10 14:59:18.055471+00:00,2026-07-10 16:59:18.055471+00:00,2026-07-10 16:55:56.468785+00:00,34.0,percepita,ambiente,raspberry_pi_4,camera
385,_result,0,2026-07-10 14:59:18.055471+00:00,2026-07-10 16:59:18.055471+00:00,2026-07-10 16:56:01.738692+00:00,34.0,percepita,ambiente,raspberry_pi_4,camera
386,_result,0,2026-07-10 14:59:18.055471+00:00,2026-07-10 16:59:18.055471+00:00,2026-07-10 16:56:07.000175+00:00,34.0,percepita,ambiente,raspberry_pi_4,camera
387,_result,0,2026-07-10 14:59:18.055471+00:00,2026-07-10 16:59:18.055471+00:00,2026-07-10 16:56:12.269999+00:00,34.0,percepita,ambiente,raspberry_pi_4,camera
388,_result,0,2026-07-10 14:59:18.055471+00:00,2026-07-10 16:59:18.055471+00:00,2026-07-10 16:56:17.530016+00:00,34.0,percepita,ambiente,raspberry_pi_4,camera
389,_result,0,2026-07-10 14:59:18.055471+00:00,2026-07-10 16:59:18.055471+00:00,2026-07-10 16:56:22.799218+00:00,34.0,percepita,ambiente,raspberry_pi_4,camera
390,_result,0,2026-07-10 14:59:18.055471+00:00,2026-07-10 16:59:18.055471+00:00,2026-07-10 16:56:28.059428+00:00,34.0,percepita,ambiente,raspberry_pi_4,camera
391,_result,0,2026-07-10 14:59:18.055471+00:00,2026-07-10 16:59:18.055471+00:00,2026-07-10 16:56:33.328541+00:00,34.0,percepita,ambiente,raspberry_pi_4,camera
392,_result,0,2026-07-10 14:59:18.055471+00:00,2026-07-10 16:59:18.055471+00:00,2026-07-10 16:56:38.590959+00:00,34.0,percepita,ambiente,raspberry_pi_4,camera
393,_result,0,2026-07-10 14:59:18.055471+00:00,2026-07-10 16:59:18.055471+00:00,2026-07-10 16:56:49.114441+00:00,34.0,percepita,ambiente,raspberry_pi_4,camera
394,_result,0,2026-07-10 14:59:18.055471+00:00,2026-07-10 16:59:18.055471+00:00,2026-07-10 16:56:54.383625+00:00,34.0,percepita,ambiente,raspberry_pi_4,camera
395,_result,0,2026-07-10 14:59:18.055471+00:00,2026-07-10 16:59:18.055471+00:00,2026-07-10 16:56:59.644001+00:00,34.0,percepita,ambiente,raspberry_pi_4,camera
396,_result,0,2026-07-10 14:59:18.055471+00:00,2026-07-10 16:59:18.055471+00:00,2026-07-10 16:57:04.913338+00:00,34.0,percepita,ambiente,raspberry_pi_4,camera
397,_result,0,2026-07-10 14:59:18.055471+00:00,2026-07-10 16:59:18.055471+00:00,2026-07-10 16:57:10.174967+00:00,34.0,percepita,ambiente,raspberry_pi_4,camera
398,_result,0,2026-07-10 14:59:18.055471+00:00,2026-07-10 16:59:18.055471+00:00,2026-07-10 16:57:15.444240+00:00,34.0,percepita,ambiente,raspberry_pi_4,camera
399,_result,0,2026-07-10 14:59:18.055471+00:00,2026-07-10 16:59:18.055471+00:00,2026-07-10 16:57:20.704300+00:00,34.0,percepita,ambiente,raspberry_pi_4,camera
400,_result,0,2026-07-10 14:59:18.055471+00:00,2026-07-10 16:59:18.055471+00:00,2026-07-10 16:57:25.974656+00:00,34.0,percepita,ambiente,raspberry_pi_4,camera
401,_result,0,2026-07-10 14:59:18.055471+00:00,2026-07-10 16:59:18.055471+00:00,2026-07-10 16:57:31.234879+00:00,34.0,percepita,ambiente,raspberry_pi_4,camera
402,_result,0,2026-07-10 14:59:18.055471+00:00,2026-07-10 16:59:18.055471+00:00,2026-07-10 16:57:36.506625+00:00,34.0,percepita,ambiente,raspberry_pi_4,camera
403,_result,0,2026-07-10 14:59:18.055471+00:00,2026-07-10 16:59:18.055471+00:00,2026-07-10 16:57:41.766680+00:00,34.0,percepita,ambiente,raspberry_pi_4,camera
404,_result,0,2026-07-10 14:59:18.055471+00:00,2026-07-10 16:59:18.055471+00:00,2026-07-10 16:57:52.290378+00:00,34.0,percepita,ambiente,raspberry_pi_4,camera
405,_result,0,2026-07-10 14:59:18.055471+00:00,2026-07-10 16:59:18.055471+00:00,2026-07-10 16:57:57.560395+00:00,34.0,percepita,ambiente,raspberry_pi_4,camera
406,_result,0,2026-07-10 14:59:18.055471+00:00,2026-07-10 16:59:18.055471+00:00,2026-07-10 16:58:02.820725+00:00,34.0,percepita,ambiente,raspberry_pi_4,camera
407,_result,0,2026-07-10 14:59:18.055471+00:00,2026-07-10 16:59:18.055471+00:00,2026-07-10 16:58:08.091788+00:00,34.0,percepita,ambiente,raspberry_pi_4,camera
408,_result,0,2026-07-10 14:59:18.055471+00:00,2026-07-10 16:59:18.055471+00:00,2026-07-10 16:58:13.351816+00:00,34.0,percepita,ambiente,raspberry_pi_4,camera
409,_result,0,2026-07-10 14:59:18.055471+00:00,2026-07-10 16:59:18.055471+00:00,2026-07-10 16:58:18.621637+00:00,34.0,percepita,ambiente,raspberry_pi_4,camera
410,_result,0,2026-07-10 14:59:18.055471+00:00,2026-07-10 16:59:18.055471+00:00,2026-07-10 16:58:23.881661+00:00,34.0,percepita,ambiente,raspberry_pi_4,camera
411,_result,0,2026-07-10 14:59:18.055471+00:00,2026-07-10 16:59:18.055471+00:00,2026-07-10 16:58:29.151107+00:00,34.0,percepita,ambiente,raspberry_pi_4,camera
412,_result,0,2026-07-10 14:59:18.055471+00:00,2026-07-10 16:59:18.055471+00:00,2026-07-10 16:58:34.411746+00:00,34.0,percepita,ambiente,raspberry_pi_4,camera
413,_result,0,2026-07-10 14:59:18.055471+00:00,2026-07-10 16:59:18.055471+00:00,2026-07-10 16:58:39.683220+00:00,34.0,percepita,ambiente,raspberry_pi_4,camera
414,_result,0,2026-07-10 14:59:18.055471+00:00,2026-07-10 16:59:18.055471+00:00,2026-07-10 16:58:44.943370+00:00,34.0,percepita,ambiente,raspberry_pi_4,camera
415,_result,0,2026-07-10 14:59:18.055471+00:00,2026-07-10 16:59:18.055471+00:00,2026-07-10 16:58:50.213277+00:00,34.0,percepita,ambiente,raspberry_pi_4,camera
416,_result,0,2026-07-10 14:59:18.055471+00:00,2026-07-10 16:59:18.055471+00:00,2026-07-10 16:58:55.473344+00:00,34.0,percepita,ambiente,raspberry_pi_4,camera
417,_result,0,2026-07-10 14:59:18.055471+00:00,2026-07-10 16:59:18.055471+00:00,2026-07-10 16:59:00.743171+00:00,34.0,percepita,ambiente,raspberry_pi_4,camera
418,_result,0,2026-07-10 14:59:18.055471+00:00,2026-07-10 16:59:18.055471+00:00,2026-07-10 16:59:06.003405+00:00,34.0,percepita,ambiente,raspberry_pi_4,camera
419,_result,0,2026-07-10 14:59:18.055471+00:00,2026-07-10 16:59:18.055471+00:00,2026-07-10 16:59:16.529332+00:00,34.0,percepita,ambiente,raspberry_pi_4,camera
420,_result,1,2026-07-10 14:59:18.055471+00:00,2026-07-10 16:59:18.055471+00:00,2026-07-10 16:20:04.769595+00:00,33.3,temperatura,ambiente,raspberry_pi_4,camera
421,_result,1,2026-07-10 14:59:18.055471+00:00,2026-07-10 16:59:18.055471+00:00,2026-07-10 16:20:10.047365+00:00,33.8,temperatura,ambiente,raspberry_pi_4,camera
422,_result,1,2026-07-10 14:59:18.055471+00:00,2026-07-10 16:59:18.055471+00:00,2026-07-10 16:21:47.907197+00:00,33.8,temperatura,ambiente,raspberry_pi_4,camera
423,_result,1,2026-07-10 14:59:18.055471+00:00,2026-07-10 16:59:18.055471+00:00,2026-07-10 16:21:53.248623+00:00,33.8,temperatura,ambiente,raspberry_pi_4,camera
424,_result,1,2026-07-10 14:59:18.055471+00:00,2026-07-10 16:59:18.055471+00:00,2026-07-10 16:21:58.547468+00:00,33.8,temperatura,ambiente,raspberry_pi_4,camera
425,_result,1,2026-07-10 14:59:18.055471+00:00,2026-07-10 16:59:18.055471+00:00,2026-07-10 16:22:03.809438+00:00,33.8,temperatura,ambiente,raspberry_pi_4,camera
426,_result,1,2026-07-10 14:59:18.055471+00:00,2026-07-10 16:59:18.055471+00:00,2026-07-10 16:22:09.082304+00:00,33.8,temperatura,ambiente,raspberry_pi_4,camera
427,_result,1,2026-07-10 14:59:18.055471+00:00,2026-07-10 16:59:18.055471+00:00,2026-07-10 16:22:14.344608+00:00,33.8,temperatura,ambiente,raspberry_pi_4,camera
428,_result,1,2026-07-10 14:59:18.055471+00:00,2026-07-10 16:59:18.055471+00:00,2026-07-10 16:22:19.614501+00:00,33.8,temperatura,ambiente,raspberry_pi_4,camera
429,_result,1,2026-07-10 14:59:18.055471+00:00,2026-07-10 16:59:18.055471+00:00,2026-07-10 16:22:24.874780+00:00,33.8,temperatura,ambiente,raspberry_pi_4,camera
430,_result,1,2026-07-10 14:59:18.055471+00:00,2026-07-10 16:59:18.055471+00:00,2026-07-10 16:22:30.145787+00:00,33.8,temperatura,ambiente,raspberry_pi_4,camera
431,_result,1,2026-07-10 14:59:18.055471+00:00,2026-07-10 16:59:18.055471+00:00,2026-07-10 16:22:35.590533+00:00,33.8,temperatura,ambiente,raspberry_pi_4,camera
432,_result,1,2026-07-10 14:59:18.055471+00:00,2026-07-10 16:59:18.055471+00:00,2026-07-10 16:22:40.862200+00:00,33.8,temperatura,ambiente,raspberry_pi_4,camera
433,_result,1,2026-07-10 14:59:18.055471+00:00,2026-07-10 16:59:18.055471+00:00,2026-07-10 16:22:46.122404+00:00,33.8,temperatura,ambiente,raspberry_pi_4,camera
434,_result,1,2026-07-10 14:59:18.055471+00:00,2026-07-10 16:59:18.055471+00:00,2026-07-10 16:22:51.391972+00:00,33.8,temperatura,ambiente,raspberry_pi_4,camera
435,_result,1,2026-07-10 14:59:18.055471+00:00,2026-07-10 16:59:18.055471+00:00,2026-07-10 16:22:56.652444+00:00,33.8,temperatura,ambiente,raspberry_pi_4,camera
436,_result,1,2026-07-10 14:59:18.055471+00:00,2026-07-10 16:59:18.055471+00:00,2026-07-10 16:23:01.921781+00:00,33.8,temperatura,ambiente,raspberry_pi_4,camera
437,_result,1,2026-07-10 14:59:18.055471+00:00,2026-07-10 16:59:18.055471+00:00,2026-07-10 16:23:07.183274+00:00,33.8,temperatura,ambiente,raspberry_pi_4,camera
438,_result,1,2026-07-10 14:59:18.055471+00:00,2026-07-10 16:59:18.055471+00:00,2026-07-10 16:23:12.453257+00:00,33.8,temperatura,ambiente,raspberry_pi_4,camera
439,_result,1,2026-07-10 14:59:18.055471+00:00,2026-07-10 16:59:18.055471+00:00,2026-07-10 16:23:17.713400+00:00,33.8,temperatura,ambiente,raspberry_pi_4,camera
440,_result,1,2026-07-10 14:59:18.055471+00:00,2026-07-10 16:59:18.055471+00:00,2026-07-10 16:23:22.983593+00:00,33.8,temperatura,ambiente,raspberry_pi_4,camera
441,_result,1,2026-07-10 14:59:18.055471+00:00,2026-07-10 16:59:18.055471+00:00,2026-07-10 16:23:28.243766+00:00,33.8,temperatura,ambiente,raspberry_pi_4,camera
442,_result,1,2026-07-10 14:59:18.055471+00:00,2026-07-10 16:59:18.055471+00:00,2026-07-10 16:23:33.513167+00:00,33.8,temperatura,ambiente,raspberry_pi_4,camera
443,_result,1,2026-07-10 14:59:18.055471+00:00,2026-07-10 16:59:18.055471+00:00,2026-07-10 16:23:38.776131+00:00,33.8,temperatura,ambiente,raspberry_pi_4,camera
444,_result,1,2026-07-10 14:59:18.055471+00:00,2026-07-10 16:59:18.055471+00:00,2026-07-10 16:23:44.046063+00:00,33.8,temperatura,ambiente,raspberry_pi_4,camera
445,_result,1,2026-07-10 14:59:18.055471+00:00,2026-07-10 16:59:18.055471+00:00,2026-07-10 16:23:49.306083+00:00,33.8,temperatura,ambiente,raspberry_pi_4,camera
446,_result,1,2026-07-10 14:59:18.055471+00:00,2026-07-10 16:59:18.055471+00:00,2026-07-10 16:23:54.576017+00:00,33.8,temperatura,ambiente,raspberry_pi_4,camera
447,_result,1,2026-07-10 14:59:18.055471+00:00,2026-07-10 16:59:18.055471+00:00,2026-07-10 16:23:59.835979+00:00,33.8,temperatura,ambiente,raspberry_pi_4,camera
448,_result,1,2026-07-10 14:59:18.055471+00:00,2026-07-10 16:59:18.055471+00:00,2026-07-10 16:24:05.105361+00:00,33.8,temperatura,ambiente,raspberry_pi_4,camera
449,_result,1,2026-07-10 14:59:18.055471+00:00,2026-07-10 16:59:18.055471+00:00,2026-07-10 16:24:10.367139+00:00,33.8,temperatura,ambiente,raspberry_pi_4,camera
450,_result,1,2026-07-10 14:59:18.055471+00:00,2026-07-10 16:59:18.055471+00:00,2026-07-10 16:24:15.636921+00:00,33.8,temperatura,ambiente,raspberry_pi_4,camera
451,_result,1,2026-07-10 14:59:18.055471+00:00,2026-07-10 16:59:18.055471+00:00,2026-07-10 16:24:20.897172+00:00,33.8,temperatura,ambiente,raspberry_pi_4,camera
452,_result,1,2026-07-10 14:59:18.055471+00:00,2026-07-10 16:59:18.055471+00:00,2026-07-10 16:24:26.167040+00:00,33.8,temperatura,ambiente,raspberry_pi_4,camera
453,_result,1,2026-07-10 14:59:18.055471+00:00,2026-07-10 16:59:18.055471+00:00,2026-07-10 16:24:31.427111+00:00,33.8,temperatura,ambiente,raspberry_pi_4,camera
454,_result,1,2026-07-10 14:59:18.055471+00:00,2026-07-10 16:59:18.055471+00:00,2026-07-10 16:24:36.698130+00:00,33.8,temperatura,ambiente,raspberry_pi_4,camera
455,_result,1,2026-07-10 14:59:18.055471+00:00,2026-07-10 16:59:18.055471+00:00,2026-07-10 16:24:41.958513+00:00,33.8,temperatura,ambiente,raspberry_pi_4,camera
456,_result,1,2026-07-10 14:59:18.055471+00:00,2026-07-10 16:59:18.055471+00:00,2026-07-10 16:24:47.227687+00:00,33.8,temperatura,ambiente,raspberry_pi_4,camera
457,_result,1,2026-07-10 14:59:18.055471+00:00,2026-07-10 16:59:18.055471+00:00,2026-07-10 16:24:52.487995+00:00,33.8,temperatura,ambiente,raspberry_pi_4,camera
458,_result,1,2026-07-10 14:59:18.055471+00:00,2026-07-10 16:59:18.055471+00:00,2026-07-10 16:24:57.757857+00:00,33.8,temperatura,ambiente,raspberry_pi_4,camera
459,_result,1,2026-07-10 14:59:18.055471+00:00,2026-07-10 16:59:18.055471+00:00,2026-07-10 16:25:03.017857+00:00,33.8,temperatura,ambiente,raspberry_pi_4,camera
460,_result,1,2026-07-10 14:59:18.055471+00:00,2026-07-10 16:59:18.055471+00:00,2026-07-10 16:25:08.288842+00:00,33.8,temperatura,ambiente,raspberry_pi_4,camera
461,_result,1,2026-07-10 14:59:18.055471+00:00,2026-07-10 16:59:18.055471+00:00,2026-07-10 16:25:13.549634+00:00,33.8,temperatura,ambiente,raspberry_pi_4,camera
462,_result,1,2026-07-10 14:59:18.055471+00:00,2026-07-10 16:59:18.055471+00:00,2026-07-10 16:25:18.819314+00:00,33.8,temperatura,ambiente,raspberry_pi_4,camera
463,_result,1,2026-07-10 14:59:18.055471+00:00,2026-07-10 16:59:18.055471+00:00,2026-07-10 16:25:24.079520+00:00,33.8,temperatura,ambiente,raspberry_pi_4,camera
464,_result,1,2026-07-10 14:59:18.055471+00:00,2026-07-10 16:59:18.055471+00:00,2026-07-10 16:25:29.350195+00:00,33.8,temperatura,ambiente,raspberry_pi_4,camera
465,_result,1,2026-07-10 14:59:18.055471+00:00,2026-07-10 16:59:18.055471+00:00,2026-07-10 16:25:34.610324+00:00,33.8,temperatura,ambiente,raspberry_pi_4,camera
466,_result,1,2026-07-10 14:59:18.055471+00:00,2026-07-10 16:59:18.055471+00:00,2026-07-10 16:25:39.881095+00:00,33.8,temperatura,ambiente,raspberry_pi_4,camera
467,_result,1,2026-07-10 14:59:18.055471+00:00,2026-07-10 16:59:18.055471+00:00,2026-07-10 16:25:45.141096+00:00,33.8,temperatura,ambiente,raspberry_pi_4,camera
468,_result,1,2026-07-10 14:59:18.055471+00:00,2026-07-10 16:59:18.055471+00:00,2026-07-10 16:25:50.410780+00:00,33.8,temperatura,ambiente,raspberry_pi_4,camera
469,_result,1,2026-07-10 14:59:18.055471+00:00,2026-07-10 16:59:18.055471+00:00,2026-07-10 16:25:55.670934+00:00,33.8,temperatura,ambiente,raspberry_pi_4,camera
470,_result,1,2026-07-10 14:59:18.055471+00:00,2026-07-10 16:59:18.055471+00:00,2026-07-10 16:26:00.940346+00:00,33.8,temperatura,ambiente,raspberry_pi_4,camera
471,_result,1,2026-07-10 14:59:18.055471+00:00,2026-07-10 16:59:18.055471+00:00,2026-07-10 16:26:06.200924+00:00,33.8,temperatura,ambiente,raspberry_pi_4,camera
472,_result,1,2026-07-10 14:59:18.055471+00:00,2026-07-10 16:59:18.055471+00:00,2026-07-10 16:26:11.473243+00:00,33.8,temperatura,ambiente,raspberry_pi_4,camera
473,_result,1,2026-07-10 14:59:18.055471+00:00,2026-07-10 16:59:18.055471+00:00,2026-07-10 16:26:16.733192+00:00,33.8,temperatura,ambiente,raspberry_pi_4,camera
474,_result,1,2026-07-10 14:59:18.055471+00:00,2026-07-10 16:59:18.055471+00:00,2026-07-10 16:26:22.002843+00:00,33.8,temperatura,ambiente,raspberry_pi_4,camera
475,_result,1,2026-07-10 14:59:18.055471+00:00,2026-07-10 16:59:18.055471+00:00,2026-07-10 16:26:27.262722+00:00,33.8,temperatura,ambiente,raspberry_pi_4,camera
476,_result,1,2026-07-10 14:59:18.055471+00:00,2026-07-10 16:59:18.055471+00:00,2026-07-10 16:26:37.786820+00:00,33.8,temperatura,ambiente,raspberry_pi_4,camera
477,_result,1,2026-07-10 14:59:18.055471+00:00,2026-07-10 16:59:18.055471+00:00,2026-07-10 16:26:43.056553+00:00,33.8,temperatura,ambiente,raspberry_pi_4,camera
478,_result,1,2026-07-10 14:59:18.055471+00:00,2026-07-10 16:59:18.055471+00:00,2026-07-10 16:26:48.316567+00:00,33.8,temperatura,ambiente,raspberry_pi_4,camera
479,_result,1,2026-07-10 14:59:18.055471+00:00,2026-07-10 16:59:18.055471+00:00,2026-07-10 16:26:53.586210+00:00,33.8,temperatura,ambiente,raspberry_pi_4,camera
480,_result,1,2026-07-10 14:59:18.055471+00:00,2026-07-10 16:59:18.055471+00:00,2026-07-10 16:26:58.846107+00:00,33.8,temperatura,ambiente,raspberry_pi_4,camera
481,_result,1,2026-07-10 14:59:18.055471+00:00,2026-07-10 16:59:18.055471+00:00,2026-07-10 16:27:04.115543+00:00,33.8,temperatura,ambiente,raspberry_pi_4,camera
482,_result,1,2026-07-10 14:59:18.055471+00:00,2026-07-10 16:59:18.055471+00:00,2026-07-10 16:27:09.377218+00:00,33.8,temperatura,ambiente,raspberry_pi_4,camera
483,_result,1,2026-07-10 14:59:18.055471+00:00,2026-07-10 16:59:18.055471+00:00,2026-07-10 16:27:14.646659+00:00,33.8,temperatura,ambiente,raspberry_pi_4,camera
484,_result,1,2026-07-10 14:59:18.055471+00:00,2026-07-10 16:59:18.055471+00:00,2026-07-10 16:27:19.906574+00:00,33.8,temperatura,ambiente,raspberry_pi_4,camera
485,_result,1,2026-07-10 14:59:18.055471+00:00,2026-07-10 16:59:18.055471+00:00,2026-07-10 16:27:25.177356+00:00,33.8,temperatura,ambiente,raspberry_pi_4,camera
486,_result,1,2026-07-10 14:59:18.055471+00:00,2026-07-10 16:59:18.055471+00:00,2026-07-10 16:27:30.437627+00:00,33.8,temperatura,ambiente,raspberry_pi_4,camera
487,_result,1,2026-07-10 14:59:18.055471+00:00,2026-07-10 16:59:18.055471+00:00,2026-07-10 16:27:35.708672+00:00,33.8,temperatura,ambiente,raspberry_pi_4,camera
488,_result,1,2026-07-10 14:59:18.055471+00:00,2026-07-10 16:59:18.055471+00:00,2026-07-10 16:27:40.968662+00:00,33.8,temperatura,ambiente,raspberry_pi_4,camera
489,_result,1,2026-07-10 14:59:18.055471+00:00,2026-07-10 16:59:18.055471+00:00,2026-07-10 16:27:46.238920+00:00,33.8,temperatura,ambiente,raspberry_pi_4,camera
490,_result,1,2026-07-10 14:59:18.055471+00:00,2026-07-10 16:59:18.055471+00:00,2026-07-10 16:27:51.499015+00:00,33.8,temperatura,ambiente,raspberry_pi_4,camera
491,_result,1,2026-07-10 14:59:18.055471+00:00,2026-07-10 16:59:18.055471+00:00,2026-07-10 16:27:56.768528+00:00,33.8,temperatura,ambiente,raspberry_pi_4,camera
492,_result,1,2026-07-10 14:59:18.055471+00:00,2026-07-10 16:59:18.055471+00:00,2026-07-10 16:28:02.028919+00:00,33.8,temperatura,ambiente,raspberry_pi_4,camera
493,_result,1,2026-07-10 14:59:18.055471+00:00,2026-07-10 16:59:18.055471+00:00,2026-07-10 16:28:07.300339+00:00,33.8,temperatura,ambiente,raspberry_pi_4,camera
494,_result,1,2026-07-10 14:59:18.055471+00:00,2026-07-10 16:59:18.055471+00:00,2026-07-10 16:28:12.560550+00:00,33.8,temperatura,ambiente,raspberry_pi_4,camera
495,_result,1,2026-07-10 14:59:18.055471+00:00,2026-07-10 16:59:18.055471+00:00,2026-07-10 16:28:17.830440+00:00,33.8,temperatura,ambiente,raspberry_pi_4,camera
496,_result,1,2026-07-10 14:59:18.055471+00:00,2026-07-10 16:59:18.055471+00:00,2026-07-10 16:28:23.090754+00:00,33.8,temperatura,ambiente,raspberry_pi_4,camera
497,_result,1,2026-07-10 14:59:18.055471+00:00,2026-07-10 16:59:18.055471+00:00,2026-07-10 16:28:28.360329+00:00,33.8,temperatura,ambiente,raspberry_pi_4,camera
498,_result,1,2026-07-10 14:59:18.055471+00:00,2026-07-10 16:59:18.055471+00:00,2026-07-10 16:28:33.620758+00:00,33.8,temperatura,ambiente,raspberry_pi_4,camera
499,_result,1,2026-07-10 14:59:18.055471+00:00,2026-07-10 16:59:18.055471+00:00,2026-07-10 16:28:38.892264+00:00,33.8,temperatura,ambiente,raspberry_pi_4,camera
500,_result,1,2026-07-10 14:59:18.055471+00:00,2026-07-10 16:59:18.055471+00:00,2026-07-10 16:28:44.152386+00:00,33.8,temperatura,ambiente,raspberry_pi_4,camera
501,_result,1,2026-07-10 14:59:18.055471+00:00,2026-07-10 16:59:18.055471+00:00,2026-07-10 16:28:49.421976+00:00,33.8,temperatura,ambiente,raspberry_pi_4,camera
502,_result,1,2026-07-10 14:59:18.055471+00:00,2026-07-10 16:59:18.055471+00:00,2026-07-10 16:28:54.682478+00:00,33.8,temperatura,ambiente,raspberry_pi_4,camera
503,_result,1,2026-07-10 14:59:18.055471+00:00,2026-07-10 16:59:18.055471+00:00,2026-07-10 16:28:59.951930+00:00,33.8,temperatura,ambiente,raspberry_pi_4,camera
504,_result,1,2026-07-10 14:59:18.055471+00:00,2026-07-10 16:59:18.055471+00:00,2026-07-10 16:29:05.212275+00:00,33.8,temperatura,ambiente,raspberry_pi_4,camera
505,_result,1,2026-07-10 14:59:18.055471+00:00,2026-07-10 16:59:18.055471+00:00,2026-07-10 16:29:10.483222+00:00,33.8,temperatura,ambiente,raspberry_pi_4,camera
506,_result,1,2026-07-10 14:59:18.055471+00:00,2026-07-10 16:59:18.055471+00:00,2026-07-10 16:29:15.743386+00:00,33.8,temperatura,ambiente,raspberry_pi_4,camera
507,_result,1,2026-07-10 14:59:18.055471+00:00,2026-07-10 16:59:18.055471+00:00,2026-07-10 16:29:21.013478+00:00,33.8,temperatura,ambiente,raspberry_pi_4,camera
508,_result,1,2026-07-10 14:59:18.055471+00:00,2026-07-10 16:59:18.055471+00:00,2026-07-10 16:29:26.273715+00:00,33.8,temperatura,ambiente,raspberry_pi_4,camera
509,_result,1,2026-07-10 14:59:18.055471+00:00,2026-07-10 16:59:18.055471+00:00,2026-07-10 16:29:31.543729+00:00,33.8,temperatura,ambiente,raspberry_pi_4,camera
510,_result,1,2026-07-10 14:59:18.055471+00:00,2026-07-10 16:59:18.055471+00:00,2026-07-10 16:29:36.805533+00:00,33.8,temperatura,ambiente,raspberry_pi_4,camera
511,_result,1,2026-07-10 14:59:18.055471+00:00,2026-07-10 16:59:18.055471+00:00,2026-07-10 16:29:47.329270+00:00,33.8,temperatura,ambiente,raspberry_pi_4,camera
512,_result,1,2026-07-10 14:59:18.055471+00:00,2026-07-10 16:59:18.055471+00:00,2026-07-10 16:29:52.598595+00:00,33.8,temperatura,ambiente,raspberry_pi_4,camera
513,_result,1,2026-07-10 14:59:18.055471+00:00,2026-07-10 16:59:18.055471+00:00,2026-07-10 16:29:57.858850+00:00,33.8,temperatura,ambiente,raspberry_pi_4,camera
514,_result,1,2026-07-10 14:59:18.055471+00:00,2026-07-10 16:59:18.055471+00:00,2026-07-10 16:30:03.128105+00:00,33.8,temperatura,ambiente,raspberry_pi_4,camera
515,_result,1,2026-07-10 14:59:18.055471+00:00,2026-07-10 16:59:18.055471+00:00,2026-07-10 16:30:08.389671+00:00,33.8,temperatura,ambiente,raspberry_pi_4,camera
516,_result,1,2026-07-10 14:59:18.055471+00:00,2026-07-10 16:59:18.055471+00:00,2026-07-10 16:30:13.658962+00:00,33.8,temperatura,ambiente,raspberry_pi_4,camera
517,_result,1,2026-07-10 14:59:18.055471+00:00,2026-07-10 16:59:18.055471+00:00,2026-07-10 16:30:18.919952+00:00,33.8,temperatura,ambiente,raspberry_pi_4,camera
518,_result,1,2026-07-10 14:59:18.055471+00:00,2026-07-10 16:59:18.055471+00:00,2026-07-10 16:30:24.190077+00:00,33.8,temperatura,ambiente,raspberry_pi_4,camera
519,_result,1,2026-07-10 14:59:18.055471+00:00,2026-07-10 16:59:18.055471+00:00,2026-07-10 16:30:29.450092+00:00,33.8,temperatura,ambiente,raspberry_pi_4,camera
520,_result,1,2026-07-10 14:59:18.055471+00:00,2026-07-10 16:59:18.055471+00:00,2026-07-10 16:30:34.719632+00:00,33.8,temperatura,ambiente,raspberry_pi_4,camera
521,_result,1,2026-07-10 14:59:18.055471+00:00,2026-07-10 16:59:18.055471+00:00,2026-07-10 16:30:39.981445+00:00,33.8,temperatura,ambiente,raspberry_pi_4,camera
522,_result,1,2026-07-10 14:59:18.055471+00:00,2026-07-10 16:59:18.055471+00:00,2026-07-10 16:30:45.250751+00:00,33.8,temperatura,ambiente,raspberry_pi_4,camera
523,_result,1,2026-07-10 14:59:18.055471+00:00,2026-07-10 16:59:18.055471+00:00,2026-07-10 16:30:50.511101+00:00,33.8,temperatura,ambiente,raspberry_pi_4,camera
524,_result,1,2026-07-10 14:59:18.055471+00:00,2026-07-10 16:59:18.055471+00:00,2026-07-10 16:30:55.799533+00:00,33.8,temperatura,ambiente,raspberry_pi_4,camera
525,_result,1,2026-07-10 14:59:18.055471+00:00,2026-07-10 16:59:18.055471+00:00,2026-07-10 16:31:01.064993+00:00,33.8,temperatura,ambiente,raspberry_pi_4,camera
526,_result,1,2026-07-10 14:59:18.055471+00:00,2026-07-10 16:59:18.055471+00:00,2026-07-10 16:31:06.344162+00:00,33.8,temperatura,ambiente,raspberry_pi_4,camera
527,_result,1,2026-07-10 14:59:18.055471+00:00,2026-07-10 16:59:18.055471+00:00,2026-07-10 16:31:11.604181+00:00,33.8,temperatura,ambiente,raspberry_pi_4,camera
528,_result,1,2026-07-10 14:59:18.055471+00:00,2026-07-10 16:59:18.055471+00:00,2026-07-10 16:31:16.874441+00:00,33.8,temperatura,ambiente,raspberry_pi_4,camera
529,_result,1,2026-07-10 14:59:18.055471+00:00,2026-07-10 16:59:18.055471+00:00,2026-07-10 16:31:22.134245+00:00,33.8,temperatura,ambiente,raspberry_pi_4,camera
530,_result,1,2026-07-10 14:59:18.055471+00:00,2026-07-10 16:59:18.055471+00:00,2026-07-10 16:31:27.403773+00:00,33.8,temperatura,ambiente,raspberry_pi_4,camera
531,_result,1,2026-07-10 14:59:18.055471+00:00,2026-07-10 16:59:18.055471+00:00,2026-07-10 16:31:32.663768+00:00,33.8,temperatura,ambiente,raspberry_pi_4,camera
532,_result,1,2026-07-10 14:59:18.055471+00:00,2026-07-10 16:59:18.055471+00:00,2026-07-10 16:31:37.934992+00:00,33.8,temperatura,ambiente,raspberry_pi_4,camera
533,_result,1,2026-07-10 14:59:18.055471+00:00,2026-07-10 16:59:18.055471+00:00,2026-07-10 16:31:43.195508+00:00,33.8,temperatura,ambiente,raspberry_pi_4,camera
534,_result,1,2026-07-10 14:59:18.055471+00:00,2026-07-10 16:59:18.055471+00:00,2026-07-10 16:31:48.466558+00:00,33.8,temperatura,ambiente,raspberry_pi_4,camera
535,_result,1,2026-07-10 14:59:18.055471+00:00,2026-07-10 16:59:18.055471+00:00,2026-07-10 16:31:53.728131+00:00,33.8,temperatura,ambiente,raspberry_pi_4,camera
536,_result,1,2026-07-10 14:59:18.055471+00:00,2026-07-10 16:59:18.055471+00:00,2026-07-10 16:31:58.998046+00:00,33.8,temperatura,ambiente,raspberry_pi_4,camera
537,_result,1,2026-07-10 14:59:18.055471+00:00,2026-07-10 16:59:18.055471+00:00,2026-07-10 16:32:04.258113+00:00,33.8,temperatura,ambiente,raspberry_pi_4,camera
538,_result,1,2026-07-10 14:59:18.055471+00:00,2026-07-10 16:59:18.055471+00:00,2026-07-10 16:32:09.529761+00:00,33.8,temperatura,ambiente,raspberry_pi_4,camera
539,_result,1,2026-07-10 14:59:18.055471+00:00,2026-07-10 16:59:18.055471+00:00,2026-07-10 16:32:14.791135+00:00,33.8,temperatura,ambiente,raspberry_pi_4,camera
540,_result,1,2026-07-10 14:59:18.055471+00:00,2026-07-10 16:59:18.055471+00:00,2026-07-10 16:32:20.060320+00:00,33.8,temperatura,ambiente,raspberry_pi_4,camera
541,_result,1,2026-07-10 14:59:18.055471+00:00,2026-07-10 16:59:18.055471+00:00,2026-07-10 16:32:25.320794+00:00,33.8,temperatura,ambiente,raspberry_pi_4,camera
542,_result,1,2026-07-10 14:59:18.055471+00:00,2026-07-10 16:59:18.055471+00:00,2026-07-10 16:32:30.589954+00:00,33.8,temperatura,ambiente,raspberry_pi_4,camera
543,_result,1,2026-07-10 14:59:18.055471+00:00,2026-07-10 16:59:18.055471+00:00,2026-07-10 16:32:35.852881+00:00,33.8,temperatura,ambiente,raspberry_pi_4,camera
544,_result,1,2026-07-10 14:59:18.055471+00:00,2026-07-10 16:59:18.055471+00:00,2026-07-10 16:32:41.137696+00:00,33.8,temperatura,ambiente,raspberry_pi_4,camera
545,_result,1,2026-07-10 14:59:18.055471+00:00,2026-07-10 16:59:18.055471+00:00,2026-07-10 16:32:46.397606+00:00,33.8,temperatura,ambiente,raspberry_pi_4,camera
546,_result,1,2026-07-10 14:59:18.055471+00:00,2026-07-10 16:59:18.055471+00:00,2026-07-10 16:32:51.667066+00:00,33.8,temperatura,ambiente,raspberry_pi_4,camera
547,_result,1,2026-07-10 14:59:18.055471+00:00,2026-07-10 16:59:18.055471+00:00,2026-07-10 16:32:56.927322+00:00,33.8,temperatura,ambiente,raspberry_pi_4,camera
548,_result,1,2026-07-10 14:59:18.055471+00:00,2026-07-10 16:59:18.055471+00:00,2026-07-10 16:33:02.197493+00:00,33.8,temperatura,ambiente,raspberry_pi_4,camera
549,_result,1,2026-07-10 14:59:18.055471+00:00,2026-07-10 16:59:18.055471+00:00,2026-07-10 16:33:07.458765+00:00,33.8,temperatura,ambiente,raspberry_pi_4,camera
550,_result,1,2026-07-10 14:59:18.055471+00:00,2026-07-10 16:59:18.055471+00:00,2026-07-10 16:33:12.728053+00:00,33.8,temperatura,ambiente,raspberry_pi_4,camera
551,_result,1,2026-07-10 14:59:18.055471+00:00,2026-07-10 16:59:18.055471+00:00,2026-07-10 16:33:17.988310+00:00,33.8,temperatura,ambiente,raspberry_pi_4,camera
552,_result,1,2026-07-10 14:59:18.055471+00:00,2026-07-10 16:59:18.055471+00:00,2026-07-10 16:33:23.257543+00:00,33.8,temperatura,ambiente,raspberry_pi_4,camera
553,_result,1,2026-07-10 14:59:18.055471+00:00,2026-07-10 16:59:18.055471+00:00,2026-07-10 16:33:28.517609+00:00,33.8,temperatura,ambiente,raspberry_pi_4,camera
554,_result,1,2026-07-10 14:59:18.055471+00:00,2026-07-10 16:59:18.055471+00:00,2026-07-10 16:33:33.787222+00:00,33.8,temperatura,ambiente,raspberry_pi_4,camera
555,_result,1,2026-07-10 14:59:18.055471+00:00,2026-07-10 16:59:18.055471+00:00,2026-07-10 16:33:39.048714+00:00,33.8,temperatura,ambiente,raspberry_pi_4,camera
556,_result,1,2026-07-10 14:59:18.055471+00:00,2026-07-10 16:59:18.055471+00:00,2026-07-10 16:33:44.318918+00:00,33.9,temperatura,ambiente,raspberry_pi_4,camera
557,_result,1,2026-07-10 14:59:18.055471+00:00,2026-07-10 16:59:18.055471+00:00,2026-07-10 16:33:49.578718+00:00,33.8,temperatura,ambiente,raspberry_pi_4,camera
558,_result,1,2026-07-10 14:59:18.055471+00:00,2026-07-10 16:59:18.055471+00:00,2026-07-10 16:33:54.847776+00:00,33.8,temperatura,ambiente,raspberry_pi_4,camera
559,_result,1,2026-07-10 14:59:18.055471+00:00,2026-07-10 16:59:18.055471+00:00,2026-07-10 16:34:00.108126+00:00,33.9,temperatura,ambiente,raspberry_pi_4,camera
560,_result,1,2026-07-10 14:59:18.055471+00:00,2026-07-10 16:59:18.055471+00:00,2026-07-10 16:34:05.378011+00:00,33.8,temperatura,ambiente,raspberry_pi_4,camera
561,_result,1,2026-07-10 14:59:18.055471+00:00,2026-07-10 16:59:18.055471+00:00,2026-07-10 16:34:10.639524+00:00,33.9,temperatura,ambiente,raspberry_pi_4,camera
562,_result,1,2026-07-10 14:59:18.055471+00:00,2026-07-10 16:59:18.055471+00:00,2026-07-10 16:34:15.909575+00:00,33.8,temperatura,ambiente,raspberry_pi_4,camera
563,_result,1,2026-07-10 14:59:18.055471+00:00,2026-07-10 16:59:18.055471+00:00,2026-07-10 16:34:21.169466+00:00,33.9,temperatura,ambiente,raspberry_pi_4,camera
564,_result,1,2026-07-10 14:59:18.055471+00:00,2026-07-10 16:59:18.055471+00:00,2026-07-10 16:34:26.439028+00:00,33.9,temperatura,ambiente,raspberry_pi_4,camera
565,_result,1,2026-07-10 14:59:18.055471+00:00,2026-07-10 16:59:18.055471+00:00,2026-07-10 16:34:31.699461+00:00,33.9,temperatura,ambiente,raspberry_pi_4,camera
566,_result,1,2026-07-10 14:59:18.055471+00:00,2026-07-10 16:59:18.055471+00:00,2026-07-10 16:34:36.972409+00:00,34.0,temperatura,ambiente,raspberry_pi_4,camera
567,_result,1,2026-07-10 14:59:18.055471+00:00,2026-07-10 16:59:18.055471+00:00,2026-07-10 16:34:42.232337+00:00,34.0,temperatura,ambiente,raspberry_pi_4,camera
568,_result,1,2026-07-10 14:59:18.055471+00:00,2026-07-10 16:59:18.055471+00:00,2026-07-10 16:34:47.502036+00:00,34.0,temperatura,ambiente,raspberry_pi_4,camera
569,_result,1,2026-07-10 14:59:18.055471+00:00,2026-07-10 16:59:18.055471+00:00,2026-07-10 16:34:52.762010+00:00,34.0,temperatura,ambiente,raspberry_pi_4,camera
570,_result,1,2026-07-10 14:59:18.055471+00:00,2026-07-10 16:59:18.055471+00:00,2026-07-10 16:34:58.039781+00:00,34.0,temperatura,ambiente,raspberry_pi_4,camera
571,_result,1,2026-07-10 14:59:18.055471+00:00,2026-07-10 16:59:18.055471+00:00,2026-07-10 16:35:03.299807+00:00,34.0,temperatura,ambiente,raspberry_pi_4,camera
572,_result,1,2026-07-10 14:59:18.055471+00:00,2026-07-10 16:59:18.055471+00:00,2026-07-10 16:35:08.571148+00:00,34.1,temperatura,ambiente,raspberry_pi_4,camera
573,_result,1,2026-07-10 14:59:18.055471+00:00,2026-07-10 16:59:18.055471+00:00,2026-07-10 16:35:13.831172+00:00,34.1,temperatura,ambiente,raspberry_pi_4,camera
574,_result,1,2026-07-10 14:59:18.055471+00:00,2026-07-10 16:59:18.055471+00:00,2026-07-10 16:35:19.100853+00:00,34.1,temperatura,ambiente,raspberry_pi_4,camera
575,_result,1,2026-07-10 14:59:18.055471+00:00,2026-07-10 16:59:18.055471+00:00,2026-07-10 16:35:24.360785+00:00,34.1,temperatura,ambiente,raspberry_pi_4,camera
576,_result,1,2026-07-10 14:59:18.055471+00:00,2026-07-10 16:59:18.055471+00:00,2026-07-10 16:35:29.630256+00:00,34.1,temperatura,ambiente,raspberry_pi_4,camera
577,_result,1,2026-07-10 14:59:18.055471+00:00,2026-07-10 16:59:18.055471+00:00,2026-07-10 16:35:34.890609+00:00,34.1,temperatura,ambiente,raspberry_pi_4,camera
578,_result,1,2026-07-10 14:59:18.055471+00:00,2026-07-10 16:59:18.055471+00:00,2026-07-10 16:35:40.161927+00:00,34.1,temperatura,ambiente,raspberry_pi_4,camera
579,_result,1,2026-07-10 14:59:18.055471+00:00,2026-07-10 16:59:18.055471+00:00,2026-07-10 16:35:45.421910+00:00,34.1,temperatura,ambiente,raspberry_pi_4,camera
580,_result,1,2026-07-10 14:59:18.055471+00:00,2026-07-10 16:59:18.055471+00:00,2026-07-10 16:35:50.691751+00:00,34.1,temperatura,ambiente,raspberry_pi_4,camera
581,_result,1,2026-07-10 14:59:18.055471+00:00,2026-07-10 16:59:18.055471+00:00,2026-07-10 16:35:55.951834+00:00,34.2,temperatura,ambiente,raspberry_pi_4,camera
582,_result,1,2026-07-10 14:59:18.055471+00:00,2026-07-10 16:59:18.055471+00:00,2026-07-10 16:36:01.221408+00:00,34.2,temperatura,ambiente,raspberry_pi_4,camera
583,_result,1,2026-07-10 14:59:18.055471+00:00,2026-07-10 16:59:18.055471+00:00,2026-07-10 16:36:06.483388+00:00,34.2,temperatura,ambiente,raspberry_pi_4,camera
584,_result,1,2026-07-10 14:59:18.055471+00:00,2026-07-10 16:59:18.055471+00:00,2026-07-10 16:36:11.753220+00:00,34.2,temperatura,ambiente,raspberry_pi_4,camera
585,_result,1,2026-07-10 14:59:18.055471+00:00,2026-07-10 16:59:18.055471+00:00,2026-07-10 16:36:17.013236+00:00,34.2,temperatura,ambiente,raspberry_pi_4,camera
586,_result,1,2026-07-10 14:59:18.055471+00:00,2026-07-10 16:59:18.055471+00:00,2026-07-10 16:36:22.282905+00:00,34.2,temperatura,ambiente,raspberry_pi_4,camera
587,_result,1,2026-07-10 14:59:18.055471+00:00,2026-07-10 16:59:18.055471+00:00,2026-07-10 16:36:27.542987+00:00,34.2,temperatura,ambiente,raspberry_pi_4,camera
588,_result,1,2026-07-10 14:59:18.055471+00:00,2026-07-10 16:59:18.055471+00:00,2026-07-10 16:36:32.812160+00:00,34.2,temperatura,ambiente,raspberry_pi_4,camera
589,_result,1,2026-07-10 14:59:18.055471+00:00,2026-07-10 16:59:18.055471+00:00,2026-07-10 16:36:38.073605+00:00,34.2,temperatura,ambiente,raspberry_pi_4,camera
590,_result,1,2026-07-10 14:59:18.055471+00:00,2026-07-10 16:59:18.055471+00:00,2026-07-10 16:36:43.343834+00:00,34.2,temperatura,ambiente,raspberry_pi_4,camera
591,_result,1,2026-07-10 14:59:18.055471+00:00,2026-07-10 16:59:18.055471+00:00,2026-07-10 16:36:48.604018+00:00,34.2,temperatura,ambiente,raspberry_pi_4,camera
592,_result,1,2026-07-10 14:59:18.055471+00:00,2026-07-10 16:59:18.055471+00:00,2026-07-10 16:36:53.873496+00:00,34.2,temperatura,ambiente,raspberry_pi_4,camera
593,_result,1,2026-07-10 14:59:18.055471+00:00,2026-07-10 16:59:18.055471+00:00,2026-07-10 16:36:59.133834+00:00,34.2,temperatura,ambiente,raspberry_pi_4,camera
594,_result,1,2026-07-10 14:59:18.055471+00:00,2026-07-10 16:59:18.055471+00:00,2026-07-10 16:37:04.450717+00:00,34.2,temperatura,ambiente,raspberry_pi_4,camera
595,_result,1,2026-07-10 14:59:18.055471+00:00,2026-07-10 16:59:18.055471+00:00,2026-07-10 16:37:09.714308+00:00,34.2,temperatura,ambiente,raspberry_pi_4,camera
596,_result,1,2026-07-10 14:59:18.055471+00:00,2026-07-10 16:59:18.055471+00:00,2026-07-10 16:37:14.986357+00:00,34.2,temperatura,ambiente,raspberry_pi_4,camera
597,_result,1,2026-07-10 14:59:18.055471+00:00,2026-07-10 16:59:18.055471+00:00,2026-07-10 16:37:20.248018+00:00,34.2,temperatura,ambiente,raspberry_pi_4,camera
598,_result,1,2026-07-10 14:59:18.055471+00:00,2026-07-10 16:59:18.055471+00:00,2026-07-10 16:37:25.517160+00:00,34.2,temperatura,ambiente,raspberry_pi_4,camera
599,_result,1,2026-07-10 14:59:18.055471+00:00,2026-07-10 16:59:18.055471+00:00,2026-07-10 16:37:30.777218+00:00,34.2,temperatura,ambiente,raspberry_pi_4,camera
600,_result,1,2026-07-10 14:59:18.055471+00:00,2026-07-10 16:59:18.055471+00:00,2026-07-10 16:37:36.048675+00:00,34.2,temperatura,ambiente,raspberry_pi_4,camera
601,_result,1,2026-07-10 14:59:18.055471+00:00,2026-07-10 16:59:18.055471+00:00,2026-07-10 16:37:41.308604+00:00,34.2,temperatura,ambiente,raspberry_pi_4,camera
602,_result,1,2026-07-10 14:59:18.055471+00:00,2026-07-10 16:59:18.055471+00:00,2026-07-10 16:37:46.578318+00:00,34.2,temperatura,ambiente,raspberry_pi_4,camera
603,_result,1,2026-07-10 14:59:18.055471+00:00,2026-07-10 16:59:18.055471+00:00,2026-07-10 16:37:51.838392+00:00,34.2,temperatura,ambiente,raspberry_pi_4,camera
604,_result,1,2026-07-10 14:59:18.055471+00:00,2026-07-10 16:59:18.055471+00:00,2026-07-10 16:37:57.107523+00:00,34.2,temperatura,ambiente,raspberry_pi_4,camera
605,_result,1,2026-07-10 14:59:18.055471+00:00,2026-07-10 16:59:18.055471+00:00,2026-07-10 16:38:02.367811+00:00,34.2,temperatura,ambiente,raspberry_pi_4,camera
606,_result,1,2026-07-10 14:59:18.055471+00:00,2026-07-10 16:59:18.055471+00:00,2026-07-10 16:38:07.638393+00:00,34.2,temperatura,ambiente,raspberry_pi_4,camera
607,_result,1,2026-07-10 14:59:18.055471+00:00,2026-07-10 16:59:18.055471+00:00,2026-07-10 16:38:12.898664+00:00,34.2,temperatura,ambiente,raspberry_pi_4,camera
608,_result,1,2026-07-10 14:59:18.055471+00:00,2026-07-10 16:59:18.055471+00:00,2026-07-10 16:38:18.167904+00:00,34.2,temperatura,ambiente,raspberry_pi_4,camera
609,_result,1,2026-07-10 14:59:18.055471+00:00,2026-07-10 16:59:18.055471+00:00,2026-07-10 16:38:23.428068+00:00,34.2,temperatura,ambiente,raspberry_pi_4,camera
610,_result,1,2026-07-10 14:59:18.055471+00:00,2026-07-10 16:59:18.055471+00:00,2026-07-10 16:38:28.697878+00:00,34.2,temperatura,ambiente,raspberry_pi_4,camera
611,_result,1,2026-07-10 14:59:18.055471+00:00,2026-07-10 16:59:18.055471+00:00,2026-07-10 16:38:33.958659+00:00,34.2,temperatura,ambiente,raspberry_pi_4,camera
612,_result,1,2026-07-10 14:59:18.055471+00:00,2026-07-10 16:59:18.055471+00:00,2026-07-10 16:38:39.229396+00:00,34.2,temperatura,ambiente,raspberry_pi_4,camera
613,_result,1,2026-07-10 14:59:18.055471+00:00,2026-07-10 16:59:18.055471+00:00,2026-07-10 16:38:44.489498+00:00,34.2,temperatura,ambiente,raspberry_pi_4,camera
614,_result,1,2026-07-10 14:59:18.055471+00:00,2026-07-10 16:59:18.055471+00:00,2026-07-10 16:38:49.758970+00:00,34.2,temperatura,ambiente,raspberry_pi_4,camera
615,_result,1,2026-07-10 14:59:18.055471+00:00,2026-07-10 16:59:18.055471+00:00,2026-07-10 16:38:55.018818+00:00,34.2,temperatura,ambiente,raspberry_pi_4,camera
616,_result,1,2026-07-10 14:59:18.055471+00:00,2026-07-10 16:59:18.055471+00:00,2026-07-10 16:39:05.542211+00:00,34.2,temperatura,ambiente,raspberry_pi_4,camera
617,_result,1,2026-07-10 14:59:18.055471+00:00,2026-07-10 16:59:18.055471+00:00,2026-07-10 16:39:10.813389+00:00,34.2,temperatura,ambiente,raspberry_pi_4,camera
618,_result,1,2026-07-10 14:59:18.055471+00:00,2026-07-10 16:59:18.055471+00:00,2026-07-10 16:39:16.073390+00:00,34.2,temperatura,ambiente,raspberry_pi_4,camera
619,_result,1,2026-07-10 14:59:18.055471+00:00,2026-07-10 16:59:18.055471+00:00,2026-07-10 16:39:21.342748+00:00,34.2,temperatura,ambiente,raspberry_pi_4,camera
620,_result,1,2026-07-10 14:59:18.055471+00:00,2026-07-10 16:59:18.055471+00:00,2026-07-10 16:39:26.613230+00:00,34.2,temperatura,ambiente,raspberry_pi_4,camera
621,_result,1,2026-07-10 14:59:18.055471+00:00,2026-07-10 16:59:18.055471+00:00,2026-07-10 16:39:31.882327+00:00,34.2,temperatura,ambiente,raspberry_pi_4,camera
622,_result,1,2026-07-10 14:59:18.055471+00:00,2026-07-10 16:59:18.055471+00:00,2026-07-10 16:39:37.143588+00:00,34.2,temperatura,ambiente,raspberry_pi_4,camera
623,_result,1,2026-07-10 14:59:18.055471+00:00,2026-07-10 16:59:18.055471+00:00,2026-07-10 16:39:47.667039+00:00,34.2,temperatura,ambiente,raspberry_pi_4,camera
624,_result,1,2026-07-10 14:59:18.055471+00:00,2026-07-10 16:59:18.055471+00:00,2026-07-10 16:39:52.936412+00:00,34.2,temperatura,ambiente,raspberry_pi_4,camera
625,_result,1,2026-07-10 14:59:18.055471+00:00,2026-07-10 16:59:18.055471+00:00,2026-07-10 16:39:58.196528+00:00,34.2,temperatura,ambiente,raspberry_pi_4,camera
626,_result,1,2026-07-10 14:59:18.055471+00:00,2026-07-10 16:59:18.055471+00:00,2026-07-10 16:40:03.466303+00:00,34.2,temperatura,ambiente,raspberry_pi_4,camera
627,_result,1,2026-07-10 14:59:18.055471+00:00,2026-07-10 16:59:18.055471+00:00,2026-07-10 16:40:08.727852+00:00,34.2,temperatura,ambiente,raspberry_pi_4,camera
628,_result,1,2026-07-10 14:59:18.055471+00:00,2026-07-10 16:59:18.055471+00:00,2026-07-10 16:40:13.997273+00:00,34.2,temperatura,ambiente,raspberry_pi_4,camera
629,_result,1,2026-07-10 14:59:18.055471+00:00,2026-07-10 16:59:18.055471+00:00,2026-07-10 16:40:19.257106+00:00,34.2,temperatura,ambiente,raspberry_pi_4,camera
630,_result,1,2026-07-10 14:59:18.055471+00:00,2026-07-10 16:59:18.055471+00:00,2026-07-10 16:40:24.526666+00:00,34.2,temperatura,ambiente,raspberry_pi_4,camera
631,_result,1,2026-07-10 14:59:18.055471+00:00,2026-07-10 16:59:18.055471+00:00,2026-07-10 16:40:29.786572+00:00,34.2,temperatura,ambiente,raspberry_pi_4,camera
632,_result,1,2026-07-10 14:59:18.055471+00:00,2026-07-10 16:59:18.055471+00:00,2026-07-10 16:40:35.059392+00:00,34.2,temperatura,ambiente,raspberry_pi_4,camera
633,_result,1,2026-07-10 14:59:18.055471+00:00,2026-07-10 16:59:18.055471+00:00,2026-07-10 16:40:40.321488+00:00,34.2,temperatura,ambiente,raspberry_pi_4,camera
634,_result,1,2026-07-10 14:59:18.055471+00:00,2026-07-10 16:59:18.055471+00:00,2026-07-10 16:40:45.590673+00:00,34.2,temperatura,ambiente,raspberry_pi_4,camera
635,_result,1,2026-07-10 14:59:18.055471+00:00,2026-07-10 16:59:18.055471+00:00,2026-07-10 16:40:50.850635+00:00,34.2,temperatura,ambiente,raspberry_pi_4,camera
636,_result,1,2026-07-10 14:59:18.055471+00:00,2026-07-10 16:59:18.055471+00:00,2026-07-10 16:40:56.119972+00:00,34.2,temperatura,ambiente,raspberry_pi_4,camera
637,_result,1,2026-07-10 14:59:18.055471+00:00,2026-07-10 16:59:18.055471+00:00,2026-07-10 16:41:01.379765+00:00,34.2,temperatura,ambiente,raspberry_pi_4,camera
638,_result,1,2026-07-10 14:59:18.055471+00:00,2026-07-10 16:59:18.055471+00:00,2026-07-10 16:41:06.651015+00:00,34.2,temperatura,ambiente,raspberry_pi_4,camera
639,_result,1,2026-07-10 14:59:18.055471+00:00,2026-07-10 16:59:18.055471+00:00,2026-07-10 16:41:11.910920+00:00,34.2,temperatura,ambiente,raspberry_pi_4,camera
640,_result,1,2026-07-10 14:59:18.055471+00:00,2026-07-10 16:59:18.055471+00:00,2026-07-10 16:41:17.180109+00:00,34.2,temperatura,ambiente,raspberry_pi_4,camera
641,_result,1,2026-07-10 14:59:18.055471+00:00,2026-07-10 16:59:18.055471+00:00,2026-07-10 16:41:22.441192+00:00,34.2,temperatura,ambiente,raspberry_pi_4,camera
642,_result,1,2026-07-10 14:59:18.055471+00:00,2026-07-10 16:59:18.055471+00:00,2026-07-10 16:41:27.710253+00:00,34.2,temperatura,ambiente,raspberry_pi_4,camera
643,_result,1,2026-07-10 14:59:18.055471+00:00,2026-07-10 16:59:18.055471+00:00,2026-07-10 16:41:32.970663+00:00,34.2,temperatura,ambiente,raspberry_pi_4,camera
644,_result,1,2026-07-10 14:59:18.055471+00:00,2026-07-10 16:59:18.055471+00:00,2026-07-10 16:41:38.241915+00:00,34.2,temperatura,ambiente,raspberry_pi_4,camera
645,_result,1,2026-07-10 14:59:18.055471+00:00,2026-07-10 16:59:18.055471+00:00,2026-07-10 16:41:43.503323+00:00,34.2,temperatura,ambiente,raspberry_pi_4,camera
646,_result,1,2026-07-10 14:59:18.055471+00:00,2026-07-10 16:59:18.055471+00:00,2026-07-10 16:41:48.772539+00:00,34.2,temperatura,ambiente,raspberry_pi_4,camera
647,_result,1,2026-07-10 14:59:18.055471+00:00,2026-07-10 16:59:18.055471+00:00,2026-07-10 16:41:54.033817+00:00,34.2,temperatura,ambiente,raspberry_pi_4,camera
648,_result,1,2026-07-10 14:59:18.055471+00:00,2026-07-10 16:59:18.055471+00:00,2026-07-10 16:41:59.303281+00:00,34.2,temperatura,ambiente,raspberry_pi_4,camera
649,_result,1,2026-07-10 14:59:18.055471+00:00,2026-07-10 16:59:18.055471+00:00,2026-07-10 16:42:04.563737+00:00,34.2,temperatura,ambiente,raspberry_pi_4,camera
650,_result,1,2026-07-10 14:59:18.055471+00:00,2026-07-10 16:59:18.055471+00:00,2026-07-10 16:42:09.834934+00:00,34.2,temperatura,ambiente,raspberry_pi_4,camera
651,_result,1,2026-07-10 14:59:18.055471+00:00,2026-07-10 16:59:18.055471+00:00,2026-07-10 16:42:15.095039+00:00,34.2,temperatura,ambiente,raspberry_pi_4,camera
652,_result,1,2026-07-10 14:59:18.055471+00:00,2026-07-10 16:59:18.055471+00:00,2026-07-10 16:42:20.365745+00:00,34.2,temperatura,ambiente,raspberry_pi_4,camera
653,_result,1,2026-07-10 14:59:18.055471+00:00,2026-07-10 16:59:18.055471+00:00,2026-07-10 16:42:25.625946+00:00,34.2,temperatura,ambiente,raspberry_pi_4,camera
654,_result,1,2026-07-10 14:59:18.055471+00:00,2026-07-10 16:59:18.055471+00:00,2026-07-10 16:42:30.896994+00:00,34.2,temperatura,ambiente,raspberry_pi_4,camera
655,_result,1,2026-07-10 14:59:18.055471+00:00,2026-07-10 16:59:18.055471+00:00,2026-07-10 16:42:36.157189+00:00,34.2,temperatura,ambiente,raspberry_pi_4,camera
656,_result,1,2026-07-10 14:59:18.055471+00:00,2026-07-10 16:59:18.055471+00:00,2026-07-10 16:42:41.429670+00:00,34.2,temperatura,ambiente,raspberry_pi_4,camera
657,_result,1,2026-07-10 14:59:18.055471+00:00,2026-07-10 16:59:18.055471+00:00,2026-07-10 16:42:46.689827+00:00,34.2,temperatura,ambiente,raspberry_pi_4,camera
658,_result,1,2026-07-10 14:59:18.055471+00:00,2026-07-10 16:59:18.055471+00:00,2026-07-10 16:42:51.959376+00:00,34.2,temperatura,ambiente,raspberry_pi_4,camera
659,_result,1,2026-07-10 14:59:18.055471+00:00,2026-07-10 16:59:18.055471+00:00,2026-07-10 16:43:02.482869+00:00,34.2,temperatura,ambiente,raspberry_pi_4,camera
660,_result,1,2026-07-10 14:59:18.055471+00:00,2026-07-10 16:59:18.055471+00:00,2026-07-10 16:43:07.744827+00:00,34.2,temperatura,ambiente,raspberry_pi_4,camera
661,_result,1,2026-07-10 14:59:18.055471+00:00,2026-07-10 16:59:18.055471+00:00,2026-07-10 16:43:13.014672+00:00,34.2,temperatura,ambiente,raspberry_pi_4,camera
662,_result,1,2026-07-10 14:59:18.055471+00:00,2026-07-10 16:59:18.055471+00:00,2026-07-10 16:43:18.274671+00:00,34.1,temperatura,ambiente,raspberry_pi_4,camera
663,_result,1,2026-07-10 14:59:18.055471+00:00,2026-07-10 16:59:18.055471+00:00,2026-07-10 16:43:23.544638+00:00,34.2,temperatura,ambiente,raspberry_pi_4,camera
664,_result,1,2026-07-10 14:59:18.055471+00:00,2026-07-10 16:59:18.055471+00:00,2026-07-10 16:43:28.804706+00:00,34.0,temperatura,ambiente,raspberry_pi_4,camera
665,_result,1,2026-07-10 14:59:18.055471+00:00,2026-07-10 16:59:18.055471+00:00,2026-07-10 16:43:34.074328+00:00,34.0,temperatura,ambiente,raspberry_pi_4,camera
666,_result,1,2026-07-10 14:59:18.055471+00:00,2026-07-10 16:59:18.055471+00:00,2026-07-10 16:43:39.336223+00:00,34.1,temperatura,ambiente,raspberry_pi_4,camera
667,_result,1,2026-07-10 14:59:18.055471+00:00,2026-07-10 16:59:18.055471+00:00,2026-07-10 16:43:44.607739+00:00,34.0,temperatura,ambiente,raspberry_pi_4,camera
668,_result,1,2026-07-10 14:59:18.055471+00:00,2026-07-10 16:59:18.055471+00:00,2026-07-10 16:43:49.867926+00:00,34.1,temperatura,ambiente,raspberry_pi_4,camera
669,_result,1,2026-07-10 14:59:18.055471+00:00,2026-07-10 16:59:18.055471+00:00,2026-07-10 16:43:55.137871+00:00,34.1,temperatura,ambiente,raspberry_pi_4,camera
670,_result,1,2026-07-10 14:59:18.055471+00:00,2026-07-10 16:59:18.055471+00:00,2026-07-10 16:44:00.397941+00:00,34.0,temperatura,ambiente,raspberry_pi_4,camera
671,_result,1,2026-07-10 14:59:18.055471+00:00,2026-07-10 16:59:18.055471+00:00,2026-07-10 16:44:05.669322+00:00,34.1,temperatura,ambiente,raspberry_pi_4,camera
672,_result,1,2026-07-10 14:59:18.055471+00:00,2026-07-10 16:59:18.055471+00:00,2026-07-10 16:44:10.929519+00:00,34.0,temperatura,ambiente,raspberry_pi_4,camera
673,_result,1,2026-07-10 14:59:18.055471+00:00,2026-07-10 16:59:18.055471+00:00,2026-07-10 16:44:16.199951+00:00,34.0,temperatura,ambiente,raspberry_pi_4,camera
674,_result,1,2026-07-10 14:59:18.055471+00:00,2026-07-10 16:59:18.055471+00:00,2026-07-10 16:44:21.459897+00:00,34.0,temperatura,ambiente,raspberry_pi_4,camera
675,_result,1,2026-07-10 14:59:18.055471+00:00,2026-07-10 16:59:18.055471+00:00,2026-07-10 16:44:26.729550+00:00,34.0,temperatura,ambiente,raspberry_pi_4,camera
676,_result,1,2026-07-10 14:59:18.055471+00:00,2026-07-10 16:59:18.055471+00:00,2026-07-10 16:44:31.989988+00:00,33.9,temperatura,ambiente,raspberry_pi_4,camera
677,_result,1,2026-07-10 14:59:18.055471+00:00,2026-07-10 16:59:18.055471+00:00,2026-07-10 16:44:37.261244+00:00,34.0,temperatura,ambiente,raspberry_pi_4,camera
678,_result,1,2026-07-10 14:59:18.055471+00:00,2026-07-10 16:59:18.055471+00:00,2026-07-10 16:44:42.521274+00:00,33.9,temperatura,ambiente,raspberry_pi_4,camera
679,_result,1,2026-07-10 14:59:18.055471+00:00,2026-07-10 16:59:18.055471+00:00,2026-07-10 16:44:47.790718+00:00,33.9,temperatura,ambiente,raspberry_pi_4,camera
680,_result,1,2026-07-10 14:59:18.055471+00:00,2026-07-10 16:59:18.055471+00:00,2026-07-10 16:44:53.051212+00:00,34.0,temperatura,ambiente,raspberry_pi_4,camera
681,_result,1,2026-07-10 14:59:18.055471+00:00,2026-07-10 16:59:18.055471+00:00,2026-07-10 16:44:58.320796+00:00,34.0,temperatura,ambiente,raspberry_pi_4,camera
682,_result,1,2026-07-10 14:59:18.055471+00:00,2026-07-10 16:59:18.055471+00:00,2026-07-10 16:45:03.580976+00:00,33.9,temperatura,ambiente,raspberry_pi_4,camera
683,_result,1,2026-07-10 14:59:18.055471+00:00,2026-07-10 16:59:18.055471+00:00,2026-07-10 16:45:08.851748+00:00,34.0,temperatura,ambiente,raspberry_pi_4,camera
684,_result,1,2026-07-10 14:59:18.055471+00:00,2026-07-10 16:59:18.055471+00:00,2026-07-10 16:45:14.111590+00:00,33.9,temperatura,ambiente,raspberry_pi_4,camera
685,_result,1,2026-07-10 14:59:18.055471+00:00,2026-07-10 16:59:18.055471+00:00,2026-07-10 16:45:19.381352+00:00,33.8,temperatura,ambiente,raspberry_pi_4,camera
686,_result,1,2026-07-10 14:59:18.055471+00:00,2026-07-10 16:59:18.055471+00:00,2026-07-10 16:45:24.641169+00:00,33.9,temperatura,ambiente,raspberry_pi_4,camera
687,_result,1,2026-07-10 14:59:18.055471+00:00,2026-07-10 16:59:18.055471+00:00,2026-07-10 16:45:29.910814+00:00,33.8,temperatura,ambiente,raspberry_pi_4,camera
688,_result,1,2026-07-10 14:59:18.055471+00:00,2026-07-10 16:59:18.055471+00:00,2026-07-10 16:45:35.170914+00:00,33.8,temperatura,ambiente,raspberry_pi_4,camera
689,_result,1,2026-07-10 14:59:18.055471+00:00,2026-07-10 16:59:18.055471+00:00,2026-07-10 16:45:40.442168+00:00,33.9,temperatura,ambiente,raspberry_pi_4,camera
690,_result,1,2026-07-10 14:59:18.055471+00:00,2026-07-10 16:59:18.055471+00:00,2026-07-10 16:45:45.702167+00:00,33.8,temperatura,ambiente,raspberry_pi_4,camera
691,_result,1,2026-07-10 14:59:18.055471+00:00,2026-07-10 16:59:18.055471+00:00,2026-07-10 16:45:50.971830+00:00,33.8,temperatura,ambiente,raspberry_pi_4,camera
692,_result,1,2026-07-10 14:59:18.055471+00:00,2026-07-10 16:59:18.055471+00:00,2026-07-10 16:45:56.231812+00:00,33.8,temperatura,ambiente,raspberry_pi_4,camera
693,_result,1,2026-07-10 14:59:18.055471+00:00,2026-07-10 16:59:18.055471+00:00,2026-07-10 16:46:01.501381+00:00,33.8,temperatura,ambiente,raspberry_pi_4,camera
694,_result,1,2026-07-10 14:59:18.055471+00:00,2026-07-10 16:59:18.055471+00:00,2026-07-10 16:46:06.762958+00:00,33.8,temperatura,ambiente,raspberry_pi_4,camera
695,_result,1,2026-07-10 14:59:18.055471+00:00,2026-07-10 16:59:18.055471+00:00,2026-07-10 16:46:12.034409+00:00,33.8,temperatura,ambiente,raspberry_pi_4,camera
696,_result,1,2026-07-10 14:59:18.055471+00:00,2026-07-10 16:59:18.055471+00:00,2026-07-10 16:46:17.294376+00:00,33.8,temperatura,ambiente,raspberry_pi_4,camera
697,_result,1,2026-07-10 14:59:18.055471+00:00,2026-07-10 16:59:18.055471+00:00,2026-07-10 16:46:22.563735+00:00,33.8,temperatura,ambiente,raspberry_pi_4,camera
698,_result,1,2026-07-10 14:59:18.055471+00:00,2026-07-10 16:59:18.055471+00:00,2026-07-10 16:46:27.824687+00:00,33.8,temperatura,ambiente,raspberry_pi_4,camera
699,_result,1,2026-07-10 14:59:18.055471+00:00,2026-07-10 16:59:18.055471+00:00,2026-07-10 16:46:33.095463+00:00,33.8,temperatura,ambiente,raspberry_pi_4,camera
700,_result,1,2026-07-10 14:59:18.055471+00:00,2026-07-10 16:59:18.055471+00:00,2026-07-10 16:46:38.357307+00:00,33.8,temperatura,ambiente,raspberry_pi_4,camera
701,_result,1,2026-07-10 14:59:18.055471+00:00,2026-07-10 16:59:18.055471+00:00,2026-07-10 16:46:43.626622+00:00,33.8,temperatura,ambiente,raspberry_pi_4,camera
702,_result,1,2026-07-10 14:59:18.055471+00:00,2026-07-10 16:59:18.055471+00:00,2026-07-10 16:46:48.886557+00:00,33.8,temperatura,ambiente,raspberry_pi_4,camera
703,_result,1,2026-07-10 14:59:18.055471+00:00,2026-07-10 16:59:18.055471+00:00,2026-07-10 16:46:59.410369+00:00,33.8,temperatura,ambiente,raspberry_pi_4,camera
704,_result,1,2026-07-10 14:59:18.055471+00:00,2026-07-10 16:59:18.055471+00:00,2026-07-10 16:47:04.679884+00:00,33.8,temperatura,ambiente,raspberry_pi_4,camera
705,_result,1,2026-07-10 14:59:18.055471+00:00,2026-07-10 16:59:18.055471+00:00,2026-07-10 16:47:09.941274+00:00,33.8,temperatura,ambiente,raspberry_pi_4,camera
706,_result,1,2026-07-10 14:59:18.055471+00:00,2026-07-10 16:59:18.055471+00:00,2026-07-10 16:47:15.210633+00:00,33.8,temperatura,ambiente,raspberry_pi_4,camera
707,_result,1,2026-07-10 14:59:18.055471+00:00,2026-07-10 16:59:18.055471+00:00,2026-07-10 16:47:20.470952+00:00,33.9,temperatura,ambiente,raspberry_pi_4,camera
708,_result,1,2026-07-10 14:59:18.055471+00:00,2026-07-10 16:59:18.055471+00:00,2026-07-10 16:47:25.740095+00:00,33.8,temperatura,ambiente,raspberry_pi_4,camera
709,_result,1,2026-07-10 14:59:18.055471+00:00,2026-07-10 16:59:18.055471+00:00,2026-07-10 16:47:31.000154+00:00,33.9,temperatura,ambiente,raspberry_pi_4,camera
710,_result,1,2026-07-10 14:59:18.055471+00:00,2026-07-10 16:59:18.055471+00:00,2026-07-10 16:47:36.270838+00:00,33.9,temperatura,ambiente,raspberry_pi_4,camera
711,_result,1,2026-07-10 14:59:18.055471+00:00,2026-07-10 16:59:18.055471+00:00,2026-07-10 16:47:41.530876+00:00,34.0,temperatura,ambiente,raspberry_pi_4,camera
712,_result,1,2026-07-10 14:59:18.055471+00:00,2026-07-10 16:59:18.055471+00:00,2026-07-10 16:47:46.800536+00:00,34.0,temperatura,ambiente,raspberry_pi_4,camera
713,_result,1,2026-07-10 14:59:18.055471+00:00,2026-07-10 16:59:18.055471+00:00,2026-07-10 16:47:52.060368+00:00,34.0,temperatura,ambiente,raspberry_pi_4,camera
714,_result,1,2026-07-10 14:59:18.055471+00:00,2026-07-10 16:59:18.055471+00:00,2026-07-10 16:47:57.329990+00:00,34.0,temperatura,ambiente,raspberry_pi_4,camera
715,_result,1,2026-07-10 14:59:18.055471+00:00,2026-07-10 16:59:18.055471+00:00,2026-07-10 16:48:02.591132+00:00,34.0,temperatura,ambiente,raspberry_pi_4,camera
716,_result,1,2026-07-10 14:59:18.055471+00:00,2026-07-10 16:59:18.055471+00:00,2026-07-10 16:48:07.862008+00:00,34.0,temperatura,ambiente,raspberry_pi_4,camera
717,_result,1,2026-07-10 14:59:18.055471+00:00,2026-07-10 16:59:18.055471+00:00,2026-07-10 16:48:13.122059+00:00,33.9,temperatura,ambiente,raspberry_pi_4,camera
718,_result,1,2026-07-10 14:59:18.055471+00:00,2026-07-10 16:59:18.055471+00:00,2026-07-10 16:48:18.391611+00:00,34.0,temperatura,ambiente,raspberry_pi_4,camera
719,_result,1,2026-07-10 14:59:18.055471+00:00,2026-07-10 16:59:18.055471+00:00,2026-07-10 16:48:23.651571+00:00,33.9,temperatura,ambiente,raspberry_pi_4,camera
720,_result,1,2026-07-10 14:59:18.055471+00:00,2026-07-10 16:59:18.055471+00:00,2026-07-10 16:48:28.921080+00:00,33.8,temperatura,ambiente,raspberry_pi_4,camera
721,_result,1,2026-07-10 14:59:18.055471+00:00,2026-07-10 16:59:18.055471+00:00,2026-07-10 16:48:34.181240+00:00,33.9,temperatura,ambiente,raspberry_pi_4,camera
722,_result,1,2026-07-10 14:59:18.055471+00:00,2026-07-10 16:59:18.055471+00:00,2026-07-10 16:48:39.452074+00:00,33.8,temperatura,ambiente,raspberry_pi_4,camera
723,_result,1,2026-07-10 14:59:18.055471+00:00,2026-07-10 16:59:18.055471+00:00,2026-07-10 16:48:44.712122+00:00,33.8,temperatura,ambiente,raspberry_pi_4,camera
724,_result,1,2026-07-10 14:59:18.055471+00:00,2026-07-10 16:59:18.055471+00:00,2026-07-10 16:48:49.981317+00:00,33.8,temperatura,ambiente,raspberry_pi_4,camera
725,_result,1,2026-07-10 14:59:18.055471+00:00,2026-07-10 16:59:18.055471+00:00,2026-07-10 16:48:55.241585+00:00,33.8,temperatura,ambiente,raspberry_pi_4,camera
726,_result,1,2026-07-10 14:59:18.055471+00:00,2026-07-10 16:59:18.055471+00:00,2026-07-10 16:49:00.510522+00:00,33.8,temperatura,ambiente,raspberry_pi_4,camera
727,_result,1,2026-07-10 14:59:18.055471+00:00,2026-07-10 16:59:18.055471+00:00,2026-07-10 16:49:05.770648+00:00,33.8,temperatura,ambiente,raspberry_pi_4,camera
728,_result,1,2026-07-10 14:59:18.055471+00:00,2026-07-10 16:59:18.055471+00:00,2026-07-10 16:49:11.041423+00:00,33.8,temperatura,ambiente,raspberry_pi_4,camera
729,_result,1,2026-07-10 14:59:18.055471+00:00,2026-07-10 16:59:18.055471+00:00,2026-07-10 16:49:16.301763+00:00,33.8,temperatura,ambiente,raspberry_pi_4,camera
730,_result,1,2026-07-10 14:59:18.055471+00:00,2026-07-10 16:59:18.055471+00:00,2026-07-10 16:49:21.570785+00:00,33.8,temperatura,ambiente,raspberry_pi_4,camera
731,_result,1,2026-07-10 14:59:18.055471+00:00,2026-07-10 16:59:18.055471+00:00,2026-07-10 16:49:26.830644+00:00,33.8,temperatura,ambiente,raspberry_pi_4,camera
732,_result,1,2026-07-10 14:59:18.055471+00:00,2026-07-10 16:59:18.055471+00:00,2026-07-10 16:49:32.100094+00:00,33.8,temperatura,ambiente,raspberry_pi_4,camera
733,_result,1,2026-07-10 14:59:18.055471+00:00,2026-07-10 16:59:18.055471+00:00,2026-07-10 16:49:37.361558+00:00,33.8,temperatura,ambiente,raspberry_pi_4,camera
734,_result,1,2026-07-10 14:59:18.055471+00:00,2026-07-10 16:59:18.055471+00:00,2026-07-10 16:49:42.631338+00:00,33.8,temperatura,ambiente,raspberry_pi_4,camera
735,_result,1,2026-07-10 14:59:18.055471+00:00,2026-07-10 16:59:18.055471+00:00,2026-07-10 16:49:47.891196+00:00,33.8,temperatura,ambiente,raspberry_pi_4,camera
736,_result,1,2026-07-10 14:59:18.055471+00:00,2026-07-10 16:59:18.055471+00:00,2026-07-10 16:49:53.161722+00:00,33.8,temperatura,ambiente,raspberry_pi_4,camera
737,_result,1,2026-07-10 14:59:18.055471+00:00,2026-07-10 16:59:18.055471+00:00,2026-07-10 16:49:58.421698+00:00,33.8,temperatura,ambiente,raspberry_pi_4,camera
738,_result,1,2026-07-10 14:59:18.055471+00:00,2026-07-10 16:59:18.055471+00:00,2026-07-10 16:50:03.691484+00:00,33.8,temperatura,ambiente,raspberry_pi_4,camera
739,_result,1,2026-07-10 14:59:18.055471+00:00,2026-07-10 16:59:18.055471+00:00,2026-07-10 16:50:08.953514+00:00,33.8,temperatura,ambiente,raspberry_pi_4,camera
740,_result,1,2026-07-10 14:59:18.055471+00:00,2026-07-10 16:59:18.055471+00:00,2026-07-10 16:50:14.222861+00:00,33.8,temperatura,ambiente,raspberry_pi_4,camera
741,_result,1,2026-07-10 14:59:18.055471+00:00,2026-07-10 16:59:18.055471+00:00,2026-07-10 16:50:19.483087+00:00,33.8,temperatura,ambiente,raspberry_pi_4,camera
742,_result,1,2026-07-10 14:59:18.055471+00:00,2026-07-10 16:59:18.055471+00:00,2026-07-10 16:50:24.762104+00:00,33.8,temperatura,ambiente,raspberry_pi_4,camera
743,_result,1,2026-07-10 14:59:18.055471+00:00,2026-07-10 16:59:18.055471+00:00,2026-07-10 16:50:30.022198+00:00,33.8,temperatura,ambiente,raspberry_pi_4,camera
744,_result,1,2026-07-10 14:59:18.055471+00:00,2026-07-10 16:59:18.055471+00:00,2026-07-10 16:50:35.292132+00:00,33.8,temperatura,ambiente,raspberry_pi_4,camera
745,_result,1,2026-07-10 14:59:18.055471+00:00,2026-07-10 16:59:18.055471+00:00,2026-07-10 16:50:40.554162+00:00,33.8,temperatura,ambiente,raspberry_pi_4,camera
746,_result,1,2026-07-10 14:59:18.055471+00:00,2026-07-10 16:59:18.055471+00:00,2026-07-10 16:50:45.823926+00:00,33.8,temperatura,ambiente,raspberry_pi_4,camera
747,_result,1,2026-07-10 14:59:18.055471+00:00,2026-07-10 16:59:18.055471+00:00,2026-07-10 16:50:51.085731+00:00,33.8,temperatura,ambiente,raspberry_pi_4,camera
748,_result,1,2026-07-10 14:59:18.055471+00:00,2026-07-10 16:59:18.055471+00:00,2026-07-10 16:50:56.355177+00:00,33.8,temperatura,ambiente,raspberry_pi_4,camera
749,_result,1,2026-07-10 14:59:18.055471+00:00,2026-07-10 16:59:18.055471+00:00,2026-07-10 16:51:01.615349+00:00,33.8,temperatura,ambiente,raspberry_pi_4,camera
750,_result,1,2026-07-10 14:59:18.055471+00:00,2026-07-10 16:59:18.055471+00:00,2026-07-10 16:51:06.886219+00:00,33.8,temperatura,ambiente,raspberry_pi_4,camera
751,_result,1,2026-07-10 14:59:18.055471+00:00,2026-07-10 16:59:18.055471+00:00,2026-07-10 16:51:12.146625+00:00,33.8,temperatura,ambiente,raspberry_pi_4,camera
752,_result,1,2026-07-10 14:59:18.055471+00:00,2026-07-10 16:59:18.055471+00:00,2026-07-10 16:51:17.416203+00:00,33.8,temperatura,ambiente,raspberry_pi_4,camera
753,_result,1,2026-07-10 14:59:18.055471+00:00,2026-07-10 16:59:18.055471+00:00,2026-07-10 16:51:22.676257+00:00,33.8,temperatura,ambiente,raspberry_pi_4,camera
754,_result,1,2026-07-10 14:59:18.055471+00:00,2026-07-10 16:59:18.055471+00:00,2026-07-10 16:51:27.947279+00:00,33.8,temperatura,ambiente,raspberry_pi_4,camera
755,_result,1,2026-07-10 14:59:18.055471+00:00,2026-07-10 16:59:18.055471+00:00,2026-07-10 16:51:33.208844+00:00,33.8,temperatura,ambiente,raspberry_pi_4,camera
756,_result,1,2026-07-10 14:59:18.055471+00:00,2026-07-10 16:59:18.055471+00:00,2026-07-10 16:51:38.480141+00:00,33.8,temperatura,ambiente,raspberry_pi_4,camera
757,_result,1,2026-07-10 14:59:18.055471+00:00,2026-07-10 16:59:18.055471+00:00,2026-07-10 16:51:43.740194+00:00,33.8,temperatura,ambiente,raspberry_pi_4,camera
758,_result,1,2026-07-10 14:59:18.055471+00:00,2026-07-10 16:59:18.055471+00:00,2026-07-10 16:51:49.010737+00:00,33.8,temperatura,ambiente,raspberry_pi_4,camera
759,_result,1,2026-07-10 14:59:18.055471+00:00,2026-07-10 16:59:18.055471+00:00,2026-07-10 16:51:54.270983+00:00,33.8,temperatura,ambiente,raspberry_pi_4,camera
760,_result,1,2026-07-10 14:59:18.055471+00:00,2026-07-10 16:59:18.055471+00:00,2026-07-10 16:51:59.540096+00:00,33.8,temperatura,ambiente,raspberry_pi_4,camera
761,_result,1,2026-07-10 14:59:18.055471+00:00,2026-07-10 16:59:18.055471+00:00,2026-07-10 16:52:04.800284+00:00,33.8,temperatura,ambiente,raspberry_pi_4,camera
762,_result,1,2026-07-10 14:59:18.055471+00:00,2026-07-10 16:59:18.055471+00:00,2026-07-10 16:52:10.070946+00:00,33.8,temperatura,ambiente,raspberry_pi_4,camera
763,_result,1,2026-07-10 14:59:18.055471+00:00,2026-07-10 16:59:18.055471+00:00,2026-07-10 16:52:15.331009+00:00,33.8,temperatura,ambiente,raspberry_pi_4,camera
764,_result,1,2026-07-10 14:59:18.055471+00:00,2026-07-10 16:59:18.055471+00:00,2026-07-10 16:52:20.602092+00:00,33.8,temperatura,ambiente,raspberry_pi_4,camera
765,_result,1,2026-07-10 14:59:18.055471+00:00,2026-07-10 16:59:18.055471+00:00,2026-07-10 16:52:25.862240+00:00,33.8,temperatura,ambiente,raspberry_pi_4,camera
766,_result,1,2026-07-10 14:59:18.055471+00:00,2026-07-10 16:59:18.055471+00:00,2026-07-10 16:52:31.133069+00:00,33.8,temperatura,ambiente,raspberry_pi_4,camera
767,_result,1,2026-07-10 14:59:18.055471+00:00,2026-07-10 16:59:18.055471+00:00,2026-07-10 16:52:36.395071+00:00,33.8,temperatura,ambiente,raspberry_pi_4,camera
768,_result,1,2026-07-10 14:59:18.055471+00:00,2026-07-10 16:59:18.055471+00:00,2026-07-10 16:52:41.665859+00:00,33.8,temperatura,ambiente,raspberry_pi_4,camera
769,_result,1,2026-07-10 14:59:18.055471+00:00,2026-07-10 16:59:18.055471+00:00,2026-07-10 16:52:46.925887+00:00,33.8,temperatura,ambiente,raspberry_pi_4,camera
770,_result,1,2026-07-10 14:59:18.055471+00:00,2026-07-10 16:59:18.055471+00:00,2026-07-10 16:52:52.195478+00:00,33.8,temperatura,ambiente,raspberry_pi_4,camera
771,_result,1,2026-07-10 14:59:18.055471+00:00,2026-07-10 16:59:18.055471+00:00,2026-07-10 16:52:57.455548+00:00,33.8,temperatura,ambiente,raspberry_pi_4,camera
772,_result,1,2026-07-10 14:59:18.055471+00:00,2026-07-10 16:59:18.055471+00:00,2026-07-10 16:53:02.725498+00:00,33.8,temperatura,ambiente,raspberry_pi_4,camera
773,_result,1,2026-07-10 14:59:18.055471+00:00,2026-07-10 16:59:18.055471+00:00,2026-07-10 16:53:07.986969+00:00,33.8,temperatura,ambiente,raspberry_pi_4,camera
774,_result,1,2026-07-10 14:59:18.055471+00:00,2026-07-10 16:59:18.055471+00:00,2026-07-10 16:53:13.257216+00:00,33.8,temperatura,ambiente,raspberry_pi_4,camera
775,_result,1,2026-07-10 14:59:18.055471+00:00,2026-07-10 16:59:18.055471+00:00,2026-07-10 16:53:18.517616+00:00,33.8,temperatura,ambiente,raspberry_pi_4,camera
776,_result,1,2026-07-10 14:59:18.055471+00:00,2026-07-10 16:59:18.055471+00:00,2026-07-10 16:53:23.787034+00:00,33.8,temperatura,ambiente,raspberry_pi_4,camera
777,_result,1,2026-07-10 14:59:18.055471+00:00,2026-07-10 16:59:18.055471+00:00,2026-07-10 16:53:29.047109+00:00,33.8,temperatura,ambiente,raspberry_pi_4,camera
778,_result,1,2026-07-10 14:59:18.055471+00:00,2026-07-10 16:59:18.055471+00:00,2026-07-10 16:53:34.316831+00:00,33.8,temperatura,ambiente,raspberry_pi_4,camera
779,_result,1,2026-07-10 14:59:18.055471+00:00,2026-07-10 16:59:18.055471+00:00,2026-07-10 16:53:39.579177+00:00,33.8,temperatura,ambiente,raspberry_pi_4,camera
780,_result,1,2026-07-10 14:59:18.055471+00:00,2026-07-10 16:59:18.055471+00:00,2026-07-10 16:53:44.852458+00:00,33.8,temperatura,ambiente,raspberry_pi_4,camera
781,_result,1,2026-07-10 14:59:18.055471+00:00,2026-07-10 16:59:18.055471+00:00,2026-07-10 16:53:50.112390+00:00,33.8,temperatura,ambiente,raspberry_pi_4,camera
782,_result,1,2026-07-10 14:59:18.055471+00:00,2026-07-10 16:59:18.055471+00:00,2026-07-10 16:53:55.382123+00:00,33.8,temperatura,ambiente,raspberry_pi_4,camera
783,_result,1,2026-07-10 14:59:18.055471+00:00,2026-07-10 16:59:18.055471+00:00,2026-07-10 16:54:00.642190+00:00,33.8,temperatura,ambiente,raspberry_pi_4,camera
784,_result,1,2026-07-10 14:59:18.055471+00:00,2026-07-10 16:59:18.055471+00:00,2026-07-10 16:54:05.913355+00:00,33.8,temperatura,ambiente,raspberry_pi_4,camera
785,_result,1,2026-07-10 14:59:18.055471+00:00,2026-07-10 16:59:18.055471+00:00,2026-07-10 16:54:11.173731+00:00,33.8,temperatura,ambiente,raspberry_pi_4,camera
786,_result,1,2026-07-10 14:59:18.055471+00:00,2026-07-10 16:59:18.055471+00:00,2026-07-10 16:54:16.443026+00:00,33.8,temperatura,ambiente,raspberry_pi_4,camera
787,_result,1,2026-07-10 14:59:18.055471+00:00,2026-07-10 16:59:18.055471+00:00,2026-07-10 16:54:21.703076+00:00,33.8,temperatura,ambiente,raspberry_pi_4,camera
788,_result,1,2026-07-10 14:59:18.055471+00:00,2026-07-10 16:59:18.055471+00:00,2026-07-10 16:54:26.972735+00:00,33.8,temperatura,ambiente,raspberry_pi_4,camera
789,_result,1,2026-07-10 14:59:18.055471+00:00,2026-07-10 16:59:18.055471+00:00,2026-07-10 16:54:32.232724+00:00,33.8,temperatura,ambiente,raspberry_pi_4,camera
790,_result,1,2026-07-10 14:59:18.055471+00:00,2026-07-10 16:59:18.055471+00:00,2026-07-10 16:54:37.503670+00:00,33.8,temperatura,ambiente,raspberry_pi_4,camera
791,_result,1,2026-07-10 14:59:18.055471+00:00,2026-07-10 16:59:18.055471+00:00,2026-07-10 16:54:42.763821+00:00,33.8,temperatura,ambiente,raspberry_pi_4,camera
792,_result,1,2026-07-10 14:59:18.055471+00:00,2026-07-10 16:59:18.055471+00:00,2026-07-10 16:54:53.287252+00:00,33.8,temperatura,ambiente,raspberry_pi_4,camera
793,_result,1,2026-07-10 14:59:18.055471+00:00,2026-07-10 16:59:18.055471+00:00,2026-07-10 16:54:58.557234+00:00,33.8,temperatura,ambiente,raspberry_pi_4,camera
794,_result,1,2026-07-10 14:59:18.055471+00:00,2026-07-10 16:59:18.055471+00:00,2026-07-10 16:55:03.817328+00:00,33.8,temperatura,ambiente,raspberry_pi_4,camera
795,_result,1,2026-07-10 14:59:18.055471+00:00,2026-07-10 16:59:18.055471+00:00,2026-07-10 16:55:09.088116+00:00,33.8,temperatura,ambiente,raspberry_pi_4,camera
796,_result,1,2026-07-10 14:59:18.055471+00:00,2026-07-10 16:59:18.055471+00:00,2026-07-10 16:55:14.348195+00:00,33.8,temperatura,ambiente,raspberry_pi_4,camera
797,_result,1,2026-07-10 14:59:18.055471+00:00,2026-07-10 16:59:18.055471+00:00,2026-07-10 16:55:19.617953+00:00,33.8,temperatura,ambiente,raspberry_pi_4,camera
798,_result,1,2026-07-10 14:59:18.055471+00:00,2026-07-10 16:59:18.055471+00:00,2026-07-10 16:55:24.877905+00:00,33.8,temperatura,ambiente,raspberry_pi_4,camera
799,_result,1,2026-07-10 14:59:18.055471+00:00,2026-07-10 16:59:18.055471+00:00,2026-07-10 16:55:30.148448+00:00,33.8,temperatura,ambiente,raspberry_pi_4,camera
800,_result,1,2026-07-10 14:59:18.055471+00:00,2026-07-10 16:59:18.055471+00:00,2026-07-10 16:55:35.408394+00:00,33.8,temperatura,ambiente,raspberry_pi_4,camera
801,_result,1,2026-07-10 14:59:18.055471+00:00,2026-07-10 16:59:18.055471+00:00,2026-07-10 16:55:40.679422+00:00,33.8,temperatura,ambiente,raspberry_pi_4,camera
802,_result,1,2026-07-10 14:59:18.055471+00:00,2026-07-10 16:59:18.055471+00:00,2026-07-10 16:55:45.939417+00:00,33.8,temperatura,ambiente,raspberry_pi_4,camera
803,_result,1,2026-07-10 14:59:18.055471+00:00,2026-07-10 16:59:18.055471+00:00,2026-07-10 16:55:51.208881+00:00,33.8,temperatura,ambiente,raspberry_pi_4,camera
804,_result,1,2026-07-10 14:59:18.055471+00:00,2026-07-10 16:59:18.055471+00:00,2026-07-10 16:55:56.468785+00:00,33.8,temperatura,ambiente,raspberry_pi_4,camera
805,_result,1,2026-07-10 14:59:18.055471+00:00,2026-07-10 16:59:18.055471+00:00,2026-07-10 16:56:01.738692+00:00,33.8,temperatura,ambiente,raspberry_pi_4,camera
806,_result,1,2026-07-10 14:59:18.055471+00:00,2026-07-10 16:59:18.055471+00:00,2026-07-10 16:56:07.000175+00:00,33.8,temperatura,ambiente,raspberry_pi_4,camera
807,_result,1,2026-07-10 14:59:18.055471+00:00,2026-07-10 16:59:18.055471+00:00,2026-07-10 16:56:12.269999+00:00,33.8,temperatura,ambiente,raspberry_pi_4,camera
808,_result,1,2026-07-10 14:59:18.055471+00:00,2026-07-10 16:59:18.055471+00:00,2026-07-10 16:56:17.530016+00:00,33.8,temperatura,ambiente,raspberry_pi_4,camera
809,_result,1,2026-07-10 14:59:18.055471+00:00,2026-07-10 16:59:18.055471+00:00,2026-07-10 16:56:22.799218+00:00,33.8,temperatura,ambiente,raspberry_pi_4,camera
810,_result,1,2026-07-10 14:59:18.055471+00:00,2026-07-10 16:59:18.055471+00:00,2026-07-10 16:56:28.059428+00:00,33.8,temperatura,ambiente,raspberry_pi_4,camera
811,_result,1,2026-07-10 14:59:18.055471+00:00,2026-07-10 16:59:18.055471+00:00,2026-07-10 16:56:33.328541+00:00,33.8,temperatura,ambiente,raspberry_pi_4,camera
812,_result,1,2026-07-10 14:59:18.055471+00:00,2026-07-10 16:59:18.055471+00:00,2026-07-10 16:56:38.590959+00:00,33.8,temperatura,ambiente,raspberry_pi_4,camera
813,_result,1,2026-07-10 14:59:18.055471+00:00,2026-07-10 16:59:18.055471+00:00,2026-07-10 16:56:49.114441+00:00,33.8,temperatura,ambiente,raspberry_pi_4,camera
814,_result,1,2026-07-10 14:59:18.055471+00:00,2026-07-10 16:59:18.055471+00:00,2026-07-10 16:56:54.383625+00:00,33.8,temperatura,ambiente,raspberry_pi_4,camera
815,_result,1,2026-07-10 14:59:18.055471+00:00,2026-07-10 16:59:18.055471+00:00,2026-07-10 16:56:59.644001+00:00,33.8,temperatura,ambiente,raspberry_pi_4,camera
816,_result,1,2026-07-10 14:59:18.055471+00:00,2026-07-10 16:59:18.055471+00:00,2026-07-10 16:57:04.913338+00:00,33.8,temperatura,ambiente,raspberry_pi_4,camera
817,_result,1,2026-07-10 14:59:18.055471+00:00,2026-07-10 16:59:18.055471+00:00,2026-07-10 16:57:10.174967+00:00,33.8,temperatura,ambiente,raspberry_pi_4,camera
818,_result,1,2026-07-10 14:59:18.055471+00:00,2026-07-10 16:59:18.055471+00:00,2026-07-10 16:57:15.444240+00:00,33.8,temperatura,ambiente,raspberry_pi_4,camera
819,_result,1,2026-07-10 14:59:18.055471+00:00,2026-07-10 16:59:18.055471+00:00,2026-07-10 16:57:20.704300+00:00,33.8,temperatura,ambiente,raspberry_pi_4,camera
820,_result,1,2026-07-10 14:59:18.055471+00:00,2026-07-10 16:59:18.055471+00:00,2026-07-10 16:57:25.974656+00:00,33.8,temperatura,ambiente,raspberry_pi_4,camera
821,_result,1,2026-07-10 14:59:18.055471+00:00,2026-07-10 16:59:18.055471+00:00,2026-07-10 16:57:31.234879+00:00,33.8,temperatura,ambiente,raspberry_pi_4,camera
822,_result,1,2026-07-10 14:59:18.055471+00:00,2026-07-10 16:59:18.055471+00:00,2026-07-10 16:57:36.506625+00:00,33.8,temperatura,ambiente,raspberry_pi_4,camera
823,_result,1,2026-07-10 14:59:18.055471+00:00,2026-07-10 16:59:18.055471+00:00,2026-07-10 16:57:41.766680+00:00,33.8,temperatura,ambiente,raspberry_pi_4,camera
824,_result,1,2026-07-10 14:59:18.055471+00:00,2026-07-10 16:59:18.055471+00:00,2026-07-10 16:57:52.290378+00:00,33.8,temperatura,ambiente,raspberry_pi_4,camera
825,_result,1,2026-07-10 14:59:18.055471+00:00,2026-07-10 16:59:18.055471+00:00,2026-07-10 16:57:57.560395+00:00,33.8,temperatura,ambiente,raspberry_pi_4,camera
826,_result,1,2026-07-10 14:59:18.055471+00:00,2026-07-10 16:59:18.055471+00:00,2026-07-10 16:58:02.820725+00:00,33.8,temperatura,ambiente,raspberry_pi_4,camera
827,_result,1,2026-07-10 14:59:18.055471+00:00,2026-07-10 16:59:18.055471+00:00,2026-07-10 16:58:08.091788+00:00,33.8,temperatura,ambiente,raspberry_pi_4,camera
828,_result,1,2026-07-10 14:59:18.055471+00:00,2026-07-10 16:59:18.055471+00:00,2026-07-10 16:58:13.351816+00:00,33.8,temperatura,ambiente,raspberry_pi_4,camera
829,_result,1,2026-07-10 14:59:18.055471+00:00,2026-07-10 16:59:18.055471+00:00,2026-07-10 16:58:18.621637+00:00,33.8,temperatura,ambiente,raspberry_pi_4,camera
830,_result,1,2026-07-10 14:59:18.055471+00:00,2026-07-10 16:59:18.055471+00:00,2026-07-10 16:58:23.881661+00:00,33.8,temperatura,ambiente,raspberry_pi_4,camera
831,_result,1,2026-07-10 14:59:18.055471+00:00,2026-07-10 16:59:18.055471+00:00,2026-07-10 16:58:29.151107+00:00,33.8,temperatura,ambiente,raspberry_pi_4,camera
832,_result,1,2026-07-10 14:59:18.055471+00:00,2026-07-10 16:59:18.055471+00:00,2026-07-10 16:58:34.411746+00:00,33.8,temperatura,ambiente,raspberry_pi_4,camera
833,_result,1,2026-07-10 14:59:18.055471+00:00,2026-07-10 16:59:18.055471+00:00,2026-07-10 16:58:39.683220+00:00,33.8,temperatura,ambiente,raspberry_pi_4,camera
834,_result,1,2026-07-10 14:59:18.055471+00:00,2026-07-10 16:59:18.055471+00:00,2026-07-10 16:58:44.943370+00:00,33.8,temperatura,ambiente,raspberry_pi_4,camera
835,_result,1,2026-07-10 14:59:18.055471+00:00,2026-07-10 16:59:18.055471+00:00,2026-07-10 16:58:50.213277+00:00,33.8,temperatura,ambiente,raspberry_pi_4,camera
836,_result,1,2026-07-10 14:59:18.055471+00:00,2026-07-10 16:59:18.055471+00:00,2026-07-10 16:58:55.473344+00:00,33.8,temperatura,ambiente,raspberry_pi_4,camera
837,_result,1,2026-07-10 14:59:18.055471+00:00,2026-07-10 16:59:18.055471+00:00,2026-07-10 16:59:00.743171+00:00,33.8,temperatura,ambiente,raspberry_pi_4,camera
838,_result,1,2026-07-10 14:59:18.055471+00:00,2026-07-10 16:59:18.055471+00:00,2026-07-10 16:59:06.003405+00:00,33.8,temperatura,ambiente,raspberry_pi_4,camera
839,_result,1,2026-07-10 14:59:18.055471+00:00,2026-07-10 16:59:18.055471+00:00,2026-07-10 16:59:16.529332+00:00,33.8,temperatura,ambiente,raspberry_pi_4,camera
840,_result,2,2026-07-10 14:59:18.055471+00:00,2026-07-10 16:59:18.055471+00:00,2026-07-10 16:20:04.769595+00:00,35.0,umidita,ambiente,raspberry_pi_4,camera
841,_result,2,2026-07-10 14:59:18.055471+00:00,2026-07-10 16:59:18.055471+00:00,2026-07-10 16:20:10.047365+00:00,35.0,umidita,ambiente,raspberry_pi_4,camera
842,_result,2,2026-07-10 14:59:18.055471+00:00,2026-07-10 16:59:18.055471+00:00,2026-07-10 16:21:47.907197+00:00,34.0,umidita,ambiente,raspberry_pi_4,camera
843,_result,2,2026-07-10 14:59:18.055471+00:00,2026-07-10 16:59:18.055471+00:00,2026-07-10 16:21:53.248623+00:00,34.0,umidita,ambiente,raspberry_pi_4,camera
844,_result,2,2026-07-10 14:59:18.055471+00:00,2026-07-10 16:59:18.055471+00:00,2026-07-10 16:21:58.547468+00:00,34.0,umidita,ambiente,raspberry_pi_4,camera
845,_result,2,2026-07-10 14:59:18.055471+00:00,2026-07-10 16:59:18.055471+00:00,2026-07-10 16:22:03.809438+00:00,34.0,umidita,ambiente,raspberry_pi_4,camera
846,_result,2,2026-07-10 14:59:18.055471+00:00,2026-07-10 16:59:18.055471+00:00,2026-07-10 16:22:09.082304+00:00,34.0,umidita,ambiente,raspberry_pi_4,camera
847,_result,2,2026-07-10 14:59:18.055471+00:00,2026-07-10 16:59:18.055471+00:00,2026-07-10 16:22:14.344608+00:00,34.0,umidita,ambiente,raspberry_pi_4,camera
848,_result,2,2026-07-10 14:59:18.055471+00:00,2026-07-10 16:59:18.055471+00:00,2026-07-10 16:22:19.614501+00:00,34.0,umidita,ambiente,raspberry_pi_4,camera
849,_result,2,2026-07-10 14:59:18.055471+00:00,2026-07-10 16:59:18.055471+00:00,2026-07-10 16:22:24.874780+00:00,34.0,umidita,ambiente,raspberry_pi_4,camera
850,_result,2,2026-07-10 14:59:18.055471+00:00,2026-07-10 16:59:18.055471+00:00,2026-07-10 16:22:30.145787+00:00,34.0,umidita,ambiente,raspberry_pi_4,camera
851,_result,2,2026-07-10 14:59:18.055471+00:00,2026-07-10 16:59:18.055471+00:00,2026-07-10 16:22:35.590533+00:00,34.0,umidita,ambiente,raspberry_pi_4,camera
852,_result,2,2026-07-10 14:59:18.055471+00:00,2026-07-10 16:59:18.055471+00:00,2026-07-10 16:22:40.862200+00:00,34.0,umidita,ambiente,raspberry_pi_4,camera
853,_result,2,2026-07-10 14:59:18.055471+00:00,2026-07-10 16:59:18.055471+00:00,2026-07-10 16:22:46.122404+00:00,34.0,umidita,ambiente,raspberry_pi_4,camera
854,_result,2,2026-07-10 14:59:18.055471+00:00,2026-07-10 16:59:18.055471+00:00,2026-07-10 16:22:51.391972+00:00,34.0,umidita,ambiente,raspberry_pi_4,camera
855,_result,2,2026-07-10 14:59:18.055471+00:00,2026-07-10 16:59:18.055471+00:00,2026-07-10 16:22:56.652444+00:00,34.0,umidita,ambiente,raspberry_pi_4,camera
856,_result,2,2026-07-10 14:59:18.055471+00:00,2026-07-10 16:59:18.055471+00:00,2026-07-10 16:23:01.921781+00:00,34.0,umidita,ambiente,raspberry_pi_4,camera
857,_result,2,2026-07-10 14:59:18.055471+00:00,2026-07-10 16:59:18.055471+00:00,2026-07-10 16:23:07.183274+00:00,34.0,umidita,ambiente,raspberry_pi_4,camera
858,_result,2,2026-07-10 14:59:18.055471+00:00,2026-07-10 16:59:18.055471+00:00,2026-07-10 16:23:12.453257+00:00,34.0,umidita,ambiente,raspberry_pi_4,camera
859,_result,2,2026-07-10 14:59:18.055471+00:00,2026-07-10 16:59:18.055471+00:00,2026-07-10 16:23:17.713400+00:00,34.0,umidita,ambiente,raspberry_pi_4,camera
860,_result,2,2026-07-10 14:59:18.055471+00:00,2026-07-10 16:59:18.055471+00:00,2026-07-10 16:23:22.983593+00:00,34.0,umidita,ambiente,raspberry_pi_4,camera
861,_result,2,2026-07-10 14:59:18.055471+00:00,2026-07-10 16:59:18.055471+00:00,2026-07-10 16:23:28.243766+00:00,34.0,umidita,ambiente,raspberry_pi_4,camera
862,_result,2,2026-07-10 14:59:18.055471+00:00,2026-07-10 16:59:18.055471+00:00,2026-07-10 16:23:33.513167+00:00,34.0,umidita,ambiente,raspberry_pi_4,camera
863,_result,2,2026-07-10 14:59:18.055471+00:00,2026-07-10 16:59:18.055471+00:00,2026-07-10 16:23:38.776131+00:00,34.0,umidita,ambiente,raspberry_pi_4,camera
864,_result,2,2026-07-10 14:59:18.055471+00:00,2026-07-10 16:59:18.055471+00:00,2026-07-10 16:23:44.046063+00:00,34.0,umidita,ambiente,raspberry_pi_4,camera
865,_result,2,2026-07-10 14:59:18.055471+00:00,2026-07-10 16:59:18.055471+00:00,2026-07-10 16:23:49.306083+00:00,34.0,umidita,ambiente,raspberry_pi_4,camera
866,_result,2,2026-07-10 14:59:18.055471+00:00,2026-07-10 16:59:18.055471+00:00,2026-07-10 16:23:54.576017+00:00,34.0,umidita,ambiente,raspberry_pi_4,camera
867,_result,2,2026-07-10 14:59:18.055471+00:00,2026-07-10 16:59:18.055471+00:00,2026-07-10 16:23:59.835979+00:00,34.0,umidita,ambiente,raspberry_pi_4,camera
868,_result,2,2026-07-10 14:59:18.055471+00:00,2026-07-10 16:59:18.055471+00:00,2026-07-10 16:24:05.105361+00:00,35.0,umidita,ambiente,raspberry_pi_4,camera
869,_result,2,2026-07-10 14:59:18.055471+00:00,2026-07-10 16:59:18.055471+00:00,2026-07-10 16:24:10.367139+00:00,35.0,umidita,ambiente,raspberry_pi_4,camera
870,_result,2,2026-07-10 14:59:18.055471+00:00,2026-07-10 16:59:18.055471+00:00,2026-07-10 16:24:15.636921+00:00,35.0,umidita,ambiente,raspberry_pi_4,camera
871,_result,2,2026-07-10 14:59:18.055471+00:00,2026-07-10 16:59:18.055471+00:00,2026-07-10 16:24:20.897172+00:00,35.0,umidita,ambiente,raspberry_pi_4,camera
872,_result,2,2026-07-10 14:59:18.055471+00:00,2026-07-10 16:59:18.055471+00:00,2026-07-10 16:24:26.167040+00:00,35.0,umidita,ambiente,raspberry_pi_4,camera
873,_result,2,2026-07-10 14:59:18.055471+00:00,2026-07-10 16:59:18.055471+00:00,2026-07-10 16:24:31.427111+00:00,35.0,umidita,ambiente,raspberry_pi_4,camera
874,_result,2,2026-07-10 14:59:18.055471+00:00,2026-07-10 16:59:18.055471+00:00,2026-07-10 16:24:36.698130+00:00,35.0,umidita,ambiente,raspberry_pi_4,camera
875,_result,2,2026-07-10 14:59:18.055471+00:00,2026-07-10 16:59:18.055471+00:00,2026-07-10 16:24:41.958513+00:00,35.0,umidita,ambiente,raspberry_pi_4,camera
876,_result,2,2026-07-10 14:59:18.055471+00:00,2026-07-10 16:59:18.055471+00:00,2026-07-10 16:24:47.227687+00:00,35.0,umidita,ambiente,raspberry_pi_4,camera
877,_result,2,2026-07-10 14:59:18.055471+00:00,2026-07-10 16:59:18.055471+00:00,2026-07-10 16:24:52.487995+00:00,35.0,umidita,ambiente,raspberry_pi_4,camera
878,_result,2,2026-07-10 14:59:18.055471+00:00,2026-07-10 16:59:18.055471+00:00,2026-07-10 16:24:57.757857+00:00,35.0,umidita,ambiente,raspberry_pi_4,camera
879,_result,2,2026-07-10 14:59:18.055471+00:00,2026-07-10 16:59:18.055471+00:00,2026-07-10 16:25:03.017857+00:00,35.0,umidita,ambiente,raspberry_pi_4,camera
880,_result,2,2026-07-10 14:59:18.055471+00:00,2026-07-10 16:59:18.055471+00:00,2026-07-10 16:25:08.288842+00:00,35.0,umidita,ambiente,raspberry_pi_4,camera
881,_result,2,2026-07-10 14:59:18.055471+00:00,2026-07-10 16:59:18.055471+00:00,2026-07-10 16:25:13.549634+00:00,35.0,umidita,ambiente,raspberry_pi_4,camera
882,_result,2,2026-07-10 14:59:18.055471+00:00,2026-07-10 16:59:18.055471+00:00,2026-07-10 16:25:18.819314+00:00,35.0,umidita,ambiente,raspberry_pi_4,camera
883,_result,2,2026-07-10 14:59:18.055471+00:00,2026-07-10 16:59:18.055471+00:00,2026-07-10 16:25:24.079520+00:00,35.0,umidita,ambiente,raspberry_pi_4,camera
884,_result,2,2026-07-10 14:59:18.055471+00:00,2026-07-10 16:59:18.055471+00:00,2026-07-10 16:25:29.350195+00:00,35.0,umidita,ambiente,raspberry_pi_4,camera
885,_result,2,2026-07-10 14:59:18.055471+00:00,2026-07-10 16:59:18.055471+00:00,2026-07-10 16:25:34.610324+00:00,34.0,umidita,ambiente,raspberry_pi_4,camera
886,_result,2,2026-07-10 14:59:18.055471+00:00,2026-07-10 16:59:18.055471+00:00,2026-07-10 16:25:39.881095+00:00,34.0,umidita,ambiente,raspberry_pi_4,camera
887,_result,2,2026-07-10 14:59:18.055471+00:00,2026-07-10 16:59:18.055471+00:00,2026-07-10 16:25:45.141096+00:00,34.0,umidita,ambiente,raspberry_pi_4,camera
888,_result,2,2026-07-10 14:59:18.055471+00:00,2026-07-10 16:59:18.055471+00:00,2026-07-10 16:25:50.410780+00:00,34.0,umidita,ambiente,raspberry_pi_4,camera
889,_result,2,2026-07-10 14:59:18.055471+00:00,2026-07-10 16:59:18.055471+00:00,2026-07-10 16:25:55.670934+00:00,35.0,umidita,ambiente,raspberry_pi_4,camera
890,_result,2,2026-07-10 14:59:18.055471+00:00,2026-07-10 16:59:18.055471+00:00,2026-07-10 16:26:00.940346+00:00,35.0,umidita,ambiente,raspberry_pi_4,camera
891,_result,2,2026-07-10 14:59:18.055471+00:00,2026-07-10 16:59:18.055471+00:00,2026-07-10 16:26:06.200924+00:00,35.0,umidita,ambiente,raspberry_pi_4,camera
892,_result,2,2026-07-10 14:59:18.055471+00:00,2026-07-10 16:59:18.055471+00:00,2026-07-10 16:26:11.473243+00:00,35.0,umidita,ambiente,raspberry_pi_4,camera
893,_result,2,2026-07-10 14:59:18.055471+00:00,2026-07-10 16:59:18.055471+00:00,2026-07-10 16:26:16.733192+00:00,34.0,umidita,ambiente,raspberry_pi_4,camera
894,_result,2,2026-07-10 14:59:18.055471+00:00,2026-07-10 16:59:18.055471+00:00,2026-07-10 16:26:22.002843+00:00,34.0,umidita,ambiente,raspberry_pi_4,camera
895,_result,2,2026-07-10 14:59:18.055471+00:00,2026-07-10 16:59:18.055471+00:00,2026-07-10 16:26:27.262722+00:00,34.0,umidita,ambiente,raspberry_pi_4,camera
896,_result,2,2026-07-10 14:59:18.055471+00:00,2026-07-10 16:59:18.055471+00:00,2026-07-10 16:26:37.786820+00:00,34.0,umidita,ambiente,raspberry_pi_4,camera
897,_result,2,2026-07-10 14:59:18.055471+00:00,2026-07-10 16:59:18.055471+00:00,2026-07-10 16:26:43.056553+00:00,34.0,umidita,ambiente,raspberry_pi_4,camera
898,_result,2,2026-07-10 14:59:18.055471+00:00,2026-07-10 16:59:18.055471+00:00,2026-07-10 16:26:48.316567+00:00,34.0,umidita,ambiente,raspberry_pi_4,camera
899,_result,2,2026-07-10 14:59:18.055471+00:00,2026-07-10 16:59:18.055471+00:00,2026-07-10 16:26:53.586210+00:00,34.0,umidita,ambiente,raspberry_pi_4,camera
900,_result,2,2026-07-10 14:59:18.055471+00:00,2026-07-10 16:59:18.055471+00:00,2026-07-10 16:26:58.846107+00:00,34.0,umidita,ambiente,raspberry_pi_4,camera
901,_result,2,2026-07-10 14:59:18.055471+00:00,2026-07-10 16:59:18.055471+00:00,2026-07-10 16:27:04.115543+00:00,34.0,umidita,ambiente,raspberry_pi_4,camera
902,_result,2,2026-07-10 14:59:18.055471+00:00,2026-07-10 16:59:18.055471+00:00,2026-07-10 16:27:09.377218+00:00,34.0,umidita,ambiente,raspberry_pi_4,camera
903,_result,2,2026-07-10 14:59:18.055471+00:00,2026-07-10 16:59:18.055471+00:00,2026-07-10 16:27:14.646659+00:00,34.0,umidita,ambiente,raspberry_pi_4,camera
904,_result,2,2026-07-10 14:59:18.055471+00:00,2026-07-10 16:59:18.055471+00:00,2026-07-10 16:27:19.906574+00:00,34.0,umidita,ambiente,raspberry_pi_4,camera
905,_result,2,2026-07-10 14:59:18.055471+00:00,2026-07-10 16:59:18.055471+00:00,2026-07-10 16:27:25.177356+00:00,34.0,umidita,ambiente,raspberry_pi_4,camera
906,_result,2,2026-07-10 14:59:18.055471+00:00,2026-07-10 16:59:18.055471+00:00,2026-07-10 16:27:30.437627+00:00,34.0,umidita,ambiente,raspberry_pi_4,camera
907,_result,2,2026-07-10 14:59:18.055471+00:00,2026-07-10 16:59:18.055471+00:00,2026-07-10 16:27:35.708672+00:00,34.0,umidita,ambiente,raspberry_pi_4,camera
908,_result,2,2026-07-10 14:59:18.055471+00:00,2026-07-10 16:59:18.055471+00:00,2026-07-10 16:27:40.968662+00:00,34.0,umidita,ambiente,raspberry_pi_4,camera
909,_result,2,2026-07-10 14:59:18.055471+00:00,2026-07-10 16:59:18.055471+00:00,2026-07-10 16:27:46.238920+00:00,34.0,umidita,ambiente,raspberry_pi_4,camera
910,_result,2,2026-07-10 14:59:18.055471+00:00,2026-07-10 16:59:18.055471+00:00,2026-07-10 16:27:51.499015+00:00,34.0,umidita,ambiente,raspberry_pi_4,camera
911,_result,2,2026-07-10 14:59:18.055471+00:00,2026-07-10 16:59:18.055471+00:00,2026-07-10 16:27:56.768528+00:00,35.0,umidita,ambiente,raspberry_pi_4,camera
912,_result,2,2026-07-10 14:59:18.055471+00:00,2026-07-10 16:59:18.055471+00:00,2026-07-10 16:28:02.028919+00:00,35.0,umidita,ambiente,raspberry_pi_4,camera
913,_result,2,2026-07-10 14:59:18.055471+00:00,2026-07-10 16:59:18.055471+00:00,2026-07-10 16:28:07.300339+00:00,35.0,umidita,ambiente,raspberry_pi_4,camera
914,_result,2,2026-07-10 14:59:18.055471+00:00,2026-07-10 16:59:18.055471+00:00,2026-07-10 16:28:12.560550+00:00,35.0,umidita,ambiente,raspberry_pi_4,camera
915,_result,2,2026-07-10 14:59:18.055471+00:00,2026-07-10 16:59:18.055471+00:00,2026-07-10 16:28:17.830440+00:00,35.0,umidita,ambiente,raspberry_pi_4,camera
916,_result,2,2026-07-10 14:59:18.055471+00:00,2026-07-10 16:59:18.055471+00:00,2026-07-10 16:28:23.090754+00:00,35.0,umidita,ambiente,raspberry_pi_4,camera
917,_result,2,2026-07-10 14:59:18.055471+00:00,2026-07-10 16:59:18.055471+00:00,2026-07-10 16:28:28.360329+00:00,34.0,umidita,ambiente,raspberry_pi_4,camera
918,_result,2,2026-07-10 14:59:18.055471+00:00,2026-07-10 16:59:18.055471+00:00,2026-07-10 16:28:33.620758+00:00,34.0,umidita,ambiente,raspberry_pi_4,camera
919,_result,2,2026-07-10 14:59:18.055471+00:00,2026-07-10 16:59:18.055471+00:00,2026-07-10 16:28:38.892264+00:00,34.0,umidita,ambiente,raspberry_pi_4,camera
920,_result,2,2026-07-10 14:59:18.055471+00:00,2026-07-10 16:59:18.055471+00:00,2026-07-10 16:28:44.152386+00:00,34.0,umidita,ambiente,raspberry_pi_4,camera
921,_result,2,2026-07-10 14:59:18.055471+00:00,2026-07-10 16:59:18.055471+00:00,2026-07-10 16:28:49.421976+00:00,34.0,umidita,ambiente,raspberry_pi_4,camera
922,_result,2,2026-07-10 14:59:18.055471+00:00,2026-07-10 16:59:18.055471+00:00,2026-07-10 16:28:54.682478+00:00,34.0,umidita,ambiente,raspberry_pi_4,camera
923,_result,2,2026-07-10 14:59:18.055471+00:00,2026-07-10 16:59:18.055471+00:00,2026-07-10 16:28:59.951930+00:00,34.0,umidita,ambiente,raspberry_pi_4,camera
924,_result,2,2026-07-10 14:59:18.055471+00:00,2026-07-10 16:59:18.055471+00:00,2026-07-10 16:29:05.212275+00:00,34.0,umidita,ambiente,raspberry_pi_4,camera
925,_result,2,2026-07-10 14:59:18.055471+00:00,2026-07-10 16:59:18.055471+00:00,2026-07-10 16:29:10.483222+00:00,34.0,umidita,ambiente,raspberry_pi_4,camera
926,_result,2,2026-07-10 14:59:18.055471+00:00,2026-07-10 16:59:18.055471+00:00,2026-07-10 16:29:15.743386+00:00,34.0,umidita,ambiente,raspberry_pi_4,camera
927,_result,2,2026-07-10 14:59:18.055471+00:00,2026-07-10 16:59:18.055471+00:00,2026-07-10 16:29:21.013478+00:00,34.0,umidita,ambiente,raspberry_pi_4,camera
928,_result,2,2026-07-10 14:59:18.055471+00:00,2026-07-10 16:59:18.055471+00:00,2026-07-10 16:29:26.273715+00:00,34.0,umidita,ambiente,raspberry_pi_4,camera
929,_result,2,2026-07-10 14:59:18.055471+00:00,2026-07-10 16:59:18.055471+00:00,2026-07-10 16:29:31.543729+00:00,35.0,umidita,ambiente,raspberry_pi_4,camera
930,_result,2,2026-07-10 14:59:18.055471+00:00,2026-07-10 16:59:18.055471+00:00,2026-07-10 16:29:36.805533+00:00,35.0,umidita,ambiente,raspberry_pi_4,camera
931,_result,2,2026-07-10 14:59:18.055471+00:00,2026-07-10 16:59:18.055471+00:00,2026-07-10 16:29:47.329270+00:00,36.0,umidita,ambiente,raspberry_pi_4,camera
932,_result,2,2026-07-10 14:59:18.055471+00:00,2026-07-10 16:59:18.055471+00:00,2026-07-10 16:29:52.598595+00:00,35.0,umidita,ambiente,raspberry_pi_4,camera
933,_result,2,2026-07-10 14:59:18.055471+00:00,2026-07-10 16:59:18.055471+00:00,2026-07-10 16:29:57.858850+00:00,35.0,umidita,ambiente,raspberry_pi_4,camera
934,_result,2,2026-07-10 14:59:18.055471+00:00,2026-07-10 16:59:18.055471+00:00,2026-07-10 16:30:03.128105+00:00,35.0,umidita,ambiente,raspberry_pi_4,camera
935,_result,2,2026-07-10 14:59:18.055471+00:00,2026-07-10 16:59:18.055471+00:00,2026-07-10 16:30:08.389671+00:00,35.0,umidita,ambiente,raspberry_pi_4,camera
936,_result,2,2026-07-10 14:59:18.055471+00:00,2026-07-10 16:59:18.055471+00:00,2026-07-10 16:30:13.658962+00:00,35.0,umidita,ambiente,raspberry_pi_4,camera
937,_result,2,2026-07-10 14:59:18.055471+00:00,2026-07-10 16:59:18.055471+00:00,2026-07-10 16:30:18.919952+00:00,35.0,umidita,ambiente,raspberry_pi_4,camera
938,_result,2,2026-07-10 14:59:18.055471+00:00,2026-07-10 16:59:18.055471+00:00,2026-07-10 16:30:24.190077+00:00,35.0,umidita,ambiente,raspberry_pi_4,camera
939,_result,2,2026-07-10 14:59:18.055471+00:00,2026-07-10 16:59:18.055471+00:00,2026-07-10 16:30:29.450092+00:00,35.0,umidita,ambiente,raspberry_pi_4,camera
940,_result,2,2026-07-10 14:59:18.055471+00:00,2026-07-10 16:59:18.055471+00:00,2026-07-10 16:30:34.719632+00:00,35.0,umidita,ambiente,raspberry_pi_4,camera
941,_result,2,2026-07-10 14:59:18.055471+00:00,2026-07-10 16:59:18.055471+00:00,2026-07-10 16:30:39.981445+00:00,35.0,umidita,ambiente,raspberry_pi_4,camera
942,_result,2,2026-07-10 14:59:18.055471+00:00,2026-07-10 16:59:18.055471+00:00,2026-07-10 16:30:45.250751+00:00,35.0,umidita,ambiente,raspberry_pi_4,camera
943,_result,2,2026-07-10 14:59:18.055471+00:00,2026-07-10 16:59:18.055471+00:00,2026-07-10 16:30:50.511101+00:00,35.0,umidita,ambiente,raspberry_pi_4,camera
944,_result,2,2026-07-10 14:59:18.055471+00:00,2026-07-10 16:59:18.055471+00:00,2026-07-10 16:30:55.799533+00:00,35.0,umidita,ambiente,raspberry_pi_4,camera
945,_result,2,2026-07-10 14:59:18.055471+00:00,2026-07-10 16:59:18.055471+00:00,2026-07-10 16:31:01.064993+00:00,35.0,umidita,ambiente,raspberry_pi_4,camera
946,_result,2,2026-07-10 14:59:18.055471+00:00,2026-07-10 16:59:18.055471+00:00,2026-07-10 16:31:06.344162+00:00,35.0,umidita,ambiente,raspberry_pi_4,camera
947,_result,2,2026-07-10 14:59:18.055471+00:00,2026-07-10 16:59:18.055471+00:00,2026-07-10 16:31:11.604181+00:00,35.0,umidita,ambiente,raspberry_pi_4,camera
948,_result,2,2026-07-10 14:59:18.055471+00:00,2026-07-10 16:59:18.055471+00:00,2026-07-10 16:31:16.874441+00:00,35.0,umidita,ambiente,raspberry_pi_4,camera
949,_result,2,2026-07-10 14:59:18.055471+00:00,2026-07-10 16:59:18.055471+00:00,2026-07-10 16:31:22.134245+00:00,35.0,umidita,ambiente,raspberry_pi_4,camera
950,_result,2,2026-07-10 14:59:18.055471+00:00,2026-07-10 16:59:18.055471+00:00,2026-07-10 16:31:27.403773+00:00,35.0,umidita,ambiente,raspberry_pi_4,camera
951,_result,2,2026-07-10 14:59:18.055471+00:00,2026-07-10 16:59:18.055471+00:00,2026-07-10 16:31:32.663768+00:00,35.0,umidita,ambiente,raspberry_pi_4,camera
952,_result,2,2026-07-10 14:59:18.055471+00:00,2026-07-10 16:59:18.055471+00:00,2026-07-10 16:31:37.934992+00:00,35.0,umidita,ambiente,raspberry_pi_4,camera
953,_result,2,2026-07-10 14:59:18.055471+00:00,2026-07-10 16:59:18.055471+00:00,2026-07-10 16:31:43.195508+00:00,35.0,umidita,ambiente,raspberry_pi_4,camera
954,_result,2,2026-07-10 14:59:18.055471+00:00,2026-07-10 16:59:18.055471+00:00,2026-07-10 16:31:48.466558+00:00,35.0,umidita,ambiente,raspberry_pi_4,camera
955,_result,2,2026-07-10 14:59:18.055471+00:00,2026-07-10 16:59:18.055471+00:00,2026-07-10 16:31:53.728131+00:00,35.0,umidita,ambiente,raspberry_pi_4,camera
956,_result,2,2026-07-10 14:59:18.055471+00:00,2026-07-10 16:59:18.055471+00:00,2026-07-10 16:31:58.998046+00:00,35.0,umidita,ambiente,raspberry_pi_4,camera
957,_result,2,2026-07-10 14:59:18.055471+00:00,2026-07-10 16:59:18.055471+00:00,2026-07-10 16:32:04.258113+00:00,35.0,umidita,ambiente,raspberry_pi_4,camera
958,_result,2,2026-07-10 14:59:18.055471+00:00,2026-07-10 16:59:18.055471+00:00,2026-07-10 16:32:09.529761+00:00,35.0,umidita,ambiente,raspberry_pi_4,camera
959,_result,2,2026-07-10 14:59:18.055471+00:00,2026-07-10 16:59:18.055471+00:00,2026-07-10 16:32:14.791135+00:00,35.0,umidita,ambiente,raspberry_pi_4,camera
960,_result,2,2026-07-10 14:59:18.055471+00:00,2026-07-10 16:59:18.055471+00:00,2026-07-10 16:32:20.060320+00:00,35.0,umidita,ambiente,raspberry_pi_4,camera
961,_result,2,2026-07-10 14:59:18.055471+00:00,2026-07-10 16:59:18.055471+00:00,2026-07-10 16:32:25.320794+00:00,35.0,umidita,ambiente,raspberry_pi_4,camera
962,_result,2,2026-07-10 14:59:18.055471+00:00,2026-07-10 16:59:18.055471+00:00,2026-07-10 16:32:30.589954+00:00,35.0,umidita,ambiente,raspberry_pi_4,camera
963,_result,2,2026-07-10 14:59:18.055471+00:00,2026-07-10 16:59:18.055471+00:00,2026-07-10 16:32:35.852881+00:00,35.0,umidita,ambiente,raspberry_pi_4,camera
964,_result,2,2026-07-10 14:59:18.055471+00:00,2026-07-10 16:59:18.055471+00:00,2026-07-10 16:32:41.137696+00:00,35.0,umidita,ambiente,raspberry_pi_4,camera
965,_result,2,2026-07-10 14:59:18.055471+00:00,2026-07-10 16:59:18.055471+00:00,2026-07-10 16:32:46.397606+00:00,35.0,umidita,ambiente,raspberry_pi_4,camera
966,_result,2,2026-07-10 14:59:18.055471+00:00,2026-07-10 16:59:18.055471+00:00,2026-07-10 16:32:51.667066+00:00,35.0,umidita,ambiente,raspberry_pi_4,camera
967,_result,2,2026-07-10 14:59:18.055471+00:00,2026-07-10 16:59:18.055471+00:00,2026-07-10 16:32:56.927322+00:00,35.0,umidita,ambiente,raspberry_pi_4,camera
968,_result,2,2026-07-10 14:59:18.055471+00:00,2026-07-10 16:59:18.055471+00:00,2026-07-10 16:33:02.197493+00:00,35.0,umidita,ambiente,raspberry_pi_4,camera
969,_result,2,2026-07-10 14:59:18.055471+00:00,2026-07-10 16:59:18.055471+00:00,2026-07-10 16:33:07.458765+00:00,35.0,umidita,ambiente,raspberry_pi_4,camera
970,_result,2,2026-07-10 14:59:18.055471+00:00,2026-07-10 16:59:18.055471+00:00,2026-07-10 16:33:12.728053+00:00,35.0,umidita,ambiente,raspberry_pi_4,camera
971,_result,2,2026-07-10 14:59:18.055471+00:00,2026-07-10 16:59:18.055471+00:00,2026-07-10 16:33:17.988310+00:00,35.0,umidita,ambiente,raspberry_pi_4,camera
972,_result,2,2026-07-10 14:59:18.055471+00:00,2026-07-10 16:59:18.055471+00:00,2026-07-10 16:33:23.257543+00:00,35.0,umidita,ambiente,raspberry_pi_4,camera
973,_result,2,2026-07-10 14:59:18.055471+00:00,2026-07-10 16:59:18.055471+00:00,2026-07-10 16:33:28.517609+00:00,35.0,umidita,ambiente,raspberry_pi_4,camera
974,_result,2,2026-07-10 14:59:18.055471+00:00,2026-07-10 16:59:18.055471+00:00,2026-07-10 16:33:33.787222+00:00,35.0,umidita,ambiente,raspberry_pi_4,camera
975,_result,2,2026-07-10 14:59:18.055471+00:00,2026-07-10 16:59:18.055471+00:00,2026-07-10 16:33:39.048714+00:00,35.0,umidita,ambiente,raspberry_pi_4,camera
976,_result,2,2026-07-10 14:59:18.055471+00:00,2026-07-10 16:59:18.055471+00:00,2026-07-10 16:33:44.318918+00:00,35.0,umidita,ambiente,raspberry_pi_4,camera
977,_result,2,2026-07-10 14:59:18.055471+00:00,2026-07-10 16:59:18.055471+00:00,2026-07-10 16:33:49.578718+00:00,35.0,umidita,ambiente,raspberry_pi_4,camera
978,_result,2,2026-07-10 14:59:18.055471+00:00,2026-07-10 16:59:18.055471+00:00,2026-07-10 16:33:54.847776+00:00,35.0,umidita,ambiente,raspberry_pi_4,camera
979,_result,2,2026-07-10 14:59:18.055471+00:00,2026-07-10 16:59:18.055471+00:00,2026-07-10 16:34:00.108126+00:00,35.0,umidita,ambiente,raspberry_pi_4,camera
980,_result,2,2026-07-10 14:59:18.055471+00:00,2026-07-10 16:59:18.055471+00:00,2026-07-10 16:34:05.378011+00:00,35.0,umidita,ambiente,raspberry_pi_4,camera
981,_result,2,2026-07-10 14:59:18.055471+00:00,2026-07-10 16:59:18.055471+00:00,2026-07-10 16:34:10.639524+00:00,35.0,umidita,ambiente,raspberry_pi_4,camera
982,_result,2,2026-07-10 14:59:18.055471+00:00,2026-07-10 16:59:18.055471+00:00,2026-07-10 16:34:15.909575+00:00,35.0,umidita,ambiente,raspberry_pi_4,camera
983,_result,2,2026-07-10 14:59:18.055471+00:00,2026-07-10 16:59:18.055471+00:00,2026-07-10 16:34:21.169466+00:00,35.0,umidita,ambiente,raspberry_pi_4,camera
984,_result,2,2026-07-10 14:59:18.055471+00:00,2026-07-10 16:59:18.055471+00:00,2026-07-10 16:34:26.439028+00:00,35.0,umidita,ambiente,raspberry_pi_4,camera
985,_result,2,2026-07-10 14:59:18.055471+00:00,2026-07-10 16:59:18.055471+00:00,2026-07-10 16:34:31.699461+00:00,35.0,umidita,ambiente,raspberry_pi_4,camera
986,_result,2,2026-07-10 14:59:18.055471+00:00,2026-07-10 16:59:18.055471+00:00,2026-07-10 16:34:36.972409+00:00,35.0,umidita,ambiente,raspberry_pi_4,camera
987,_result,2,2026-07-10 14:59:18.055471+00:00,2026-07-10 16:59:18.055471+00:00,2026-07-10 16:34:42.232337+00:00,35.0,umidita,ambiente,raspberry_pi_4,camera
988,_result,2,2026-07-10 14:59:18.055471+00:00,2026-07-10 16:59:18.055471+00:00,2026-07-10 16:34:47.502036+00:00,35.0,umidita,ambiente,raspberry_pi_4,camera
989,_result,2,2026-07-10 14:59:18.055471+00:00,2026-07-10 16:59:18.055471+00:00,2026-07-10 16:34:52.762010+00:00,35.0,umidita,ambiente,raspberry_pi_4,camera
990,_result,2,2026-07-10 14:59:18.055471+00:00,2026-07-10 16:59:18.055471+00:00,2026-07-10 16:34:58.039781+00:00,35.0,umidita,ambiente,raspberry_pi_4,camera
991,_result,2,2026-07-10 14:59:18.055471+00:00,2026-07-10 16:59:18.055471+00:00,2026-07-10 16:35:03.299807+00:00,35.0,umidita,ambiente,raspberry_pi_4,camera
992,_result,2,2026-07-10 14:59:18.055471+00:00,2026-07-10 16:59:18.055471+00:00,2026-07-10 16:35:08.571148+00:00,35.0,umidita,ambiente,raspberry_pi_4,camera
993,_result,2,2026-07-10 14:59:18.055471+00:00,2026-07-10 16:59:18.055471+00:00,2026-07-10 16:35:13.831172+00:00,35.0,umidita,ambiente,raspberry_pi_4,camera
994,_result,2,2026-07-10 14:59:18.055471+00:00,2026-07-10 16:59:18.055471+00:00,2026-07-10 16:35:19.100853+00:00,35.0,umidita,ambiente,raspberry_pi_4,camera
995,_result,2,2026-07-10 14:59:18.055471+00:00,2026-07-10 16:59:18.055471+00:00,2026-07-10 16:35:24.360785+00:00,35.0,umidita,ambiente,raspberry_pi_4,camera
996,_result,2,2026-07-10 14:59:18.055471+00:00,2026-07-10 16:59:18.055471+00:00,2026-07-10 16:35:29.630256+00:00,35.0,umidita,ambiente,raspberry_pi_4,camera
997,_result,2,2026-07-10 14:59:18.055471+00:00,2026-07-10 16:59:18.055471+00:00,2026-07-10 16:35:34.890609+00:00,35.0,umidita,ambiente,raspberry_pi_4,camera
998,_result,2,2026-07-10 14:59:18.055471+00:00,2026-07-10 16:59:18.055471+00:00,2026-07-10 16:35:40.161927+00:00,35.0,umidita,ambiente,raspberry_pi_4,camera
999,_result,2,2026-07-10 14:59:18.055471+00:00,2026-07-10 16:59:18.055471+00:00,2026-07-10 16:35:45.421910+00:00,35.0,umidita,ambiente,raspberry_pi_4,camera
1000,_result,2,2026-07-10 14:59:18.055471+00:00,2026-07-10 16:59:18.055471+00:00,2026-07-10 16:35:50.691751+00:00,35.0,umidita,ambiente,raspberry_pi_4,camera
1001,_result,2,2026-07-10 14:59:18.055471+00:00,2026-07-10 16:59:18.055471+00:00,2026-07-10 16:35:55.951834+00:00,35.0,umidita,ambiente,raspberry_pi_4,camera
1002,_result,2,2026-07-10 14:59:18.055471+00:00,2026-07-10 16:59:18.055471+00:00,2026-07-10 16:36:01.221408+00:00,35.0,umidita,ambiente,raspberry_pi_4,camera
1003,_result,2,2026-07-10 14:59:18.055471+00:00,2026-07-10 16:59:18.055471+00:00,2026-07-10 16:36:06.483388+00:00,35.0,umidita,ambiente,raspberry_pi_4,camera
1004,_result,2,2026-07-10 14:59:18.055471+00:00,2026-07-10 16:59:18.055471+00:00,2026-07-10 16:36:11.753220+00:00,34.0,umidita,ambiente,raspberry_pi_4,camera
1005,_result,2,2026-07-10 14:59:18.055471+00:00,2026-07-10 16:59:18.055471+00:00,2026-07-10 16:36:17.013236+00:00,34.0,umidita,ambiente,raspberry_pi_4,camera
1006,_result,2,2026-07-10 14:59:18.055471+00:00,2026-07-10 16:59:18.055471+00:00,2026-07-10 16:36:22.282905+00:00,34.0,umidita,ambiente,raspberry_pi_4,camera
1007,_result,2,2026-07-10 14:59:18.055471+00:00,2026-07-10 16:59:18.055471+00:00,2026-07-10 16:36:27.542987+00:00,34.0,umidita,ambiente,raspberry_pi_4,camera
1008,_result,2,2026-07-10 14:59:18.055471+00:00,2026-07-10 16:59:18.055471+00:00,2026-07-10 16:36:32.812160+00:00,35.0,umidita,ambiente,raspberry_pi_4,camera
1009,_result,2,2026-07-10 14:59:18.055471+00:00,2026-07-10 16:59:18.055471+00:00,2026-07-10 16:36:38.073605+00:00,35.0,umidita,ambiente,raspberry_pi_4,camera
1010,_result,2,2026-07-10 14:59:18.055471+00:00,2026-07-10 16:59:18.055471+00:00,2026-07-10 16:36:43.343834+00:00,34.0,umidita,ambiente,raspberry_pi_4,camera
1011,_result,2,2026-07-10 14:59:18.055471+00:00,2026-07-10 16:59:18.055471+00:00,2026-07-10 16:36:48.604018+00:00,34.0,umidita,ambiente,raspberry_pi_4,camera
1012,_result,2,2026-07-10 14:59:18.055471+00:00,2026-07-10 16:59:18.055471+00:00,2026-07-10 16:36:53.873496+00:00,34.0,umidita,ambiente,raspberry_pi_4,camera
1013,_result,2,2026-07-10 14:59:18.055471+00:00,2026-07-10 16:59:18.055471+00:00,2026-07-10 16:36:59.133834+00:00,34.0,umidita,ambiente,raspberry_pi_4,camera
1014,_result,2,2026-07-10 14:59:18.055471+00:00,2026-07-10 16:59:18.055471+00:00,2026-07-10 16:37:04.450717+00:00,34.0,umidita,ambiente,raspberry_pi_4,camera
1015,_result,2,2026-07-10 14:59:18.055471+00:00,2026-07-10 16:59:18.055471+00:00,2026-07-10 16:37:09.714308+00:00,34.0,umidita,ambiente,raspberry_pi_4,camera
1016,_result,2,2026-07-10 14:59:18.055471+00:00,2026-07-10 16:59:18.055471+00:00,2026-07-10 16:37:14.986357+00:00,34.0,umidita,ambiente,raspberry_pi_4,camera
1017,_result,2,2026-07-10 14:59:18.055471+00:00,2026-07-10 16:59:18.055471+00:00,2026-07-10 16:37:20.248018+00:00,34.0,umidita,ambiente,raspberry_pi_4,camera
1018,_result,2,2026-07-10 14:59:18.055471+00:00,2026-07-10 16:59:18.055471+00:00,2026-07-10 16:37:25.517160+00:00,34.0,umidita,ambiente,raspberry_pi_4,camera
1019,_result,2,2026-07-10 14:59:18.055471+00:00,2026-07-10 16:59:18.055471+00:00,2026-07-10 16:37:30.777218+00:00,34.0,umidita,ambiente,raspberry_pi_4,camera
1020,_result,2,2026-07-10 14:59:18.055471+00:00,2026-07-10 16:59:18.055471+00:00,2026-07-10 16:37:36.048675+00:00,34.0,umidita,ambiente,raspberry_pi_4,camera
1021,_result,2,2026-07-10 14:59:18.055471+00:00,2026-07-10 16:59:18.055471+00:00,2026-07-10 16:37:41.308604+00:00,34.0,umidita,ambiente,raspberry_pi_4,camera
1022,_result,2,2026-07-10 14:59:18.055471+00:00,2026-07-10 16:59:18.055471+00:00,2026-07-10 16:37:46.578318+00:00,34.0,umidita,ambiente,raspberry_pi_4,camera
1023,_result,2,2026-07-10 14:59:18.055471+00:00,2026-07-10 16:59:18.055471+00:00,2026-07-10 16:37:51.838392+00:00,34.0,umidita,ambiente,raspberry_pi_4,camera
1024,_result,2,2026-07-10 14:59:18.055471+00:00,2026-07-10 16:59:18.055471+00:00,2026-07-10 16:37:57.107523+00:00,34.0,umidita,ambiente,raspberry_pi_4,camera
1025,_result,2,2026-07-10 14:59:18.055471+00:00,2026-07-10 16:59:18.055471+00:00,2026-07-10 16:38:02.367811+00:00,34.0,umidita,ambiente,raspberry_pi_4,camera
1026,_result,2,2026-07-10 14:59:18.055471+00:00,2026-07-10 16:59:18.055471+00:00,2026-07-10 16:38:07.638393+00:00,34.0,umidita,ambiente,raspberry_pi_4,camera
1027,_result,2,2026-07-10 14:59:18.055471+00:00,2026-07-10 16:59:18.055471+00:00,2026-07-10 16:38:12.898664+00:00,34.0,umidita,ambiente,raspberry_pi_4,camera
1028,_result,2,2026-07-10 14:59:18.055471+00:00,2026-07-10 16:59:18.055471+00:00,2026-07-10 16:38:18.167904+00:00,34.0,umidita,ambiente,raspberry_pi_4,camera
1029,_result,2,2026-07-10 14:59:18.055471+00:00,2026-07-10 16:59:18.055471+00:00,2026-07-10 16:38:23.428068+00:00,34.0,umidita,ambiente,raspberry_pi_4,camera
1030,_result,2,2026-07-10 14:59:18.055471+00:00,2026-07-10 16:59:18.055471+00:00,2026-07-10 16:38:28.697878+00:00,34.0,umidita,ambiente,raspberry_pi_4,camera
1031,_result,2,2026-07-10 14:59:18.055471+00:00,2026-07-10 16:59:18.055471+00:00,2026-07-10 16:38:33.958659+00:00,34.0,umidita,ambiente,raspberry_pi_4,camera
1032,_result,2,2026-07-10 14:59:18.055471+00:00,2026-07-10 16:59:18.055471+00:00,2026-07-10 16:38:39.229396+00:00,34.0,umidita,ambiente,raspberry_pi_4,camera
1033,_result,2,2026-07-10 14:59:18.055471+00:00,2026-07-10 16:59:18.055471+00:00,2026-07-10 16:38:44.489498+00:00,34.0,umidita,ambiente,raspberry_pi_4,camera
1034,_result,2,2026-07-10 14:59:18.055471+00:00,2026-07-10 16:59:18.055471+00:00,2026-07-10 16:38:49.758970+00:00,34.0,umidita,ambiente,raspberry_pi_4,camera
1035,_result,2,2026-07-10 14:59:18.055471+00:00,2026-07-10 16:59:18.055471+00:00,2026-07-10 16:38:55.018818+00:00,34.0,umidita,ambiente,raspberry_pi_4,camera
1036,_result,2,2026-07-10 14:59:18.055471+00:00,2026-07-10 16:59:18.055471+00:00,2026-07-10 16:39:05.542211+00:00,34.0,umidita,ambiente,raspberry_pi_4,camera
1037,_result,2,2026-07-10 14:59:18.055471+00:00,2026-07-10 16:59:18.055471+00:00,2026-07-10 16:39:10.813389+00:00,34.0,umidita,ambiente,raspberry_pi_4,camera
1038,_result,2,2026-07-10 14:59:18.055471+00:00,2026-07-10 16:59:18.055471+00:00,2026-07-10 16:39:16.073390+00:00,34.0,umidita,ambiente,raspberry_pi_4,camera
1039,_result,2,2026-07-10 14:59:18.055471+00:00,2026-07-10 16:59:18.055471+00:00,2026-07-10 16:39:21.342748+00:00,34.0,umidita,ambiente,raspberry_pi_4,camera
1040,_result,2,2026-07-10 14:59:18.055471+00:00,2026-07-10 16:59:18.055471+00:00,2026-07-10 16:39:26.613230+00:00,34.0,umidita,ambiente,raspberry_pi_4,camera
1041,_result,2,2026-07-10 14:59:18.055471+00:00,2026-07-10 16:59:18.055471+00:00,2026-07-10 16:39:31.882327+00:00,34.0,umidita,ambiente,raspberry_pi_4,camera
1042,_result,2,2026-07-10 14:59:18.055471+00:00,2026-07-10 16:59:18.055471+00:00,2026-07-10 16:39:37.143588+00:00,34.0,umidita,ambiente,raspberry_pi_4,camera
1043,_result,2,2026-07-10 14:59:18.055471+00:00,2026-07-10 16:59:18.055471+00:00,2026-07-10 16:39:47.667039+00:00,34.0,umidita,ambiente,raspberry_pi_4,camera
1044,_result,2,2026-07-10 14:59:18.055471+00:00,2026-07-10 16:59:18.055471+00:00,2026-07-10 16:39:52.936412+00:00,34.0,umidita,ambiente,raspberry_pi_4,camera
1045,_result,2,2026-07-10 14:59:18.055471+00:00,2026-07-10 16:59:18.055471+00:00,2026-07-10 16:39:58.196528+00:00,34.0,umidita,ambiente,raspberry_pi_4,camera
1046,_result,2,2026-07-10 14:59:18.055471+00:00,2026-07-10 16:59:18.055471+00:00,2026-07-10 16:40:03.466303+00:00,34.0,umidita,ambiente,raspberry_pi_4,camera
1047,_result,2,2026-07-10 14:59:18.055471+00:00,2026-07-10 16:59:18.055471+00:00,2026-07-10 16:40:08.727852+00:00,34.0,umidita,ambiente,raspberry_pi_4,camera
1048,_result,2,2026-07-10 14:59:18.055471+00:00,2026-07-10 16:59:18.055471+00:00,2026-07-10 16:40:13.997273+00:00,34.0,umidita,ambiente,raspberry_pi_4,camera
1049,_result,2,2026-07-10 14:59:18.055471+00:00,2026-07-10 16:59:18.055471+00:00,2026-07-10 16:40:19.257106+00:00,34.0,umidita,ambiente,raspberry_pi_4,camera
1050,_result,2,2026-07-10 14:59:18.055471+00:00,2026-07-10 16:59:18.055471+00:00,2026-07-10 16:40:24.526666+00:00,34.0,umidita,ambiente,raspberry_pi_4,camera
1051,_result,2,2026-07-10 14:59:18.055471+00:00,2026-07-10 16:59:18.055471+00:00,2026-07-10 16:40:29.786572+00:00,34.0,umidita,ambiente,raspberry_pi_4,camera
1052,_result,2,2026-07-10 14:59:18.055471+00:00,2026-07-10 16:59:18.055471+00:00,2026-07-10 16:40:35.059392+00:00,34.0,umidita,ambiente,raspberry_pi_4,camera
1053,_result,2,2026-07-10 14:59:18.055471+00:00,2026-07-10 16:59:18.055471+00:00,2026-07-10 16:40:40.321488+00:00,34.0,umidita,ambiente,raspberry_pi_4,camera
1054,_result,2,2026-07-10 14:59:18.055471+00:00,2026-07-10 16:59:18.055471+00:00,2026-07-10 16:40:45.590673+00:00,34.0,umidita,ambiente,raspberry_pi_4,camera
1055,_result,2,2026-07-10 14:59:18.055471+00:00,2026-07-10 16:59:18.055471+00:00,2026-07-10 16:40:50.850635+00:00,34.0,umidita,ambiente,raspberry_pi_4,camera
1056,_result,2,2026-07-10 14:59:18.055471+00:00,2026-07-10 16:59:18.055471+00:00,2026-07-10 16:40:56.119972+00:00,34.0,umidita,ambiente,raspberry_pi_4,camera
1057,_result,2,2026-07-10 14:59:18.055471+00:00,2026-07-10 16:59:18.055471+00:00,2026-07-10 16:41:01.379765+00:00,34.0,umidita,ambiente,raspberry_pi_4,camera
1058,_result,2,2026-07-10 14:59:18.055471+00:00,2026-07-10 16:59:18.055471+00:00,2026-07-10 16:41:06.651015+00:00,34.0,umidita,ambiente,raspberry_pi_4,camera
1059,_result,2,2026-07-10 14:59:18.055471+00:00,2026-07-10 16:59:18.055471+00:00,2026-07-10 16:41:11.910920+00:00,34.0,umidita,ambiente,raspberry_pi_4,camera
1060,_result,2,2026-07-10 14:59:18.055471+00:00,2026-07-10 16:59:18.055471+00:00,2026-07-10 16:41:17.180109+00:00,34.0,umidita,ambiente,raspberry_pi_4,camera
1061,_result,2,2026-07-10 14:59:18.055471+00:00,2026-07-10 16:59:18.055471+00:00,2026-07-10 16:41:22.441192+00:00,34.0,umidita,ambiente,raspberry_pi_4,camera
1062,_result,2,2026-07-10 14:59:18.055471+00:00,2026-07-10 16:59:18.055471+00:00,2026-07-10 16:41:27.710253+00:00,34.0,umidita,ambiente,raspberry_pi_4,camera
1063,_result,2,2026-07-10 14:59:18.055471+00:00,2026-07-10 16:59:18.055471+00:00,2026-07-10 16:41:32.970663+00:00,34.0,umidita,ambiente,raspberry_pi_4,camera
1064,_result,2,2026-07-10 14:59:18.055471+00:00,2026-07-10 16:59:18.055471+00:00,2026-07-10 16:41:38.241915+00:00,34.0,umidita,ambiente,raspberry_pi_4,camera
1065,_result,2,2026-07-10 14:59:18.055471+00:00,2026-07-10 16:59:18.055471+00:00,2026-07-10 16:41:43.503323+00:00,34.0,umidita,ambiente,raspberry_pi_4,camera
1066,_result,2,2026-07-10 14:59:18.055471+00:00,2026-07-10 16:59:18.055471+00:00,2026-07-10 16:41:48.772539+00:00,34.0,umidita,ambiente,raspberry_pi_4,camera
1067,_result,2,2026-07-10 14:59:18.055471+00:00,2026-07-10 16:59:18.055471+00:00,2026-07-10 16:41:54.033817+00:00,34.0,umidita,ambiente,raspberry_pi_4,camera
1068,_result,2,2026-07-10 14:59:18.055471+00:00,2026-07-10 16:59:18.055471+00:00,2026-07-10 16:41:59.303281+00:00,34.0,umidita,ambiente,raspberry_pi_4,camera
1069,_result,2,2026-07-10 14:59:18.055471+00:00,2026-07-10 16:59:18.055471+00:00,2026-07-10 16:42:04.563737+00:00,34.0,umidita,ambiente,raspberry_pi_4,camera
1070,_result,2,2026-07-10 14:59:18.055471+00:00,2026-07-10 16:59:18.055471+00:00,2026-07-10 16:42:09.834934+00:00,34.0,umidita,ambiente,raspberry_pi_4,camera
1071,_result,2,2026-07-10 14:59:18.055471+00:00,2026-07-10 16:59:18.055471+00:00,2026-07-10 16:42:15.095039+00:00,34.0,umidita,ambiente,raspberry_pi_4,camera
1072,_result,2,2026-07-10 14:59:18.055471+00:00,2026-07-10 16:59:18.055471+00:00,2026-07-10 16:42:20.365745+00:00,34.0,umidita,ambiente,raspberry_pi_4,camera
1073,_result,2,2026-07-10 14:59:18.055471+00:00,2026-07-10 16:59:18.055471+00:00,2026-07-10 16:42:25.625946+00:00,34.0,umidita,ambiente,raspberry_pi_4,camera
1074,_result,2,2026-07-10 14:59:18.055471+00:00,2026-07-10 16:59:18.055471+00:00,2026-07-10 16:42:30.896994+00:00,34.0,umidita,ambiente,raspberry_pi_4,camera
1075,_result,2,2026-07-10 14:59:18.055471+00:00,2026-07-10 16:59:18.055471+00:00,2026-07-10 16:42:36.157189+00:00,34.0,umidita,ambiente,raspberry_pi_4,camera
1076,_result,2,2026-07-10 14:59:18.055471+00:00,2026-07-10 16:59:18.055471+00:00,2026-07-10 16:42:41.429670+00:00,34.0,umidita,ambiente,raspberry_pi_4,camera
1077,_result,2,2026-07-10 14:59:18.055471+00:00,2026-07-10 16:59:18.055471+00:00,2026-07-10 16:42:46.689827+00:00,34.0,umidita,ambiente,raspberry_pi_4,camera
1078,_result,2,2026-07-10 14:59:18.055471+00:00,2026-07-10 16:59:18.055471+00:00,2026-07-10 16:42:51.959376+00:00,34.0,umidita,ambiente,raspberry_pi_4,camera
1079,_result,2,2026-07-10 14:59:18.055471+00:00,2026-07-10 16:59:18.055471+00:00,2026-07-10 16:43:02.482869+00:00,34.0,umidita,ambiente,raspberry_pi_4,camera
1080,_result,2,2026-07-10 14:59:18.055471+00:00,2026-07-10 16:59:18.055471+00:00,2026-07-10 16:43:07.744827+00:00,34.0,umidita,ambiente,raspberry_pi_4,camera
1081,_result,2,2026-07-10 14:59:18.055471+00:00,2026-07-10 16:59:18.055471+00:00,2026-07-10 16:43:13.014672+00:00,34.0,umidita,ambiente,raspberry_pi_4,camera
1082,_result,2,2026-07-10 14:59:18.055471+00:00,2026-07-10 16:59:18.055471+00:00,2026-07-10 16:43:18.274671+00:00,34.0,umidita,ambiente,raspberry_pi_4,camera
1083,_result,2,2026-07-10 14:59:18.055471+00:00,2026-07-10 16:59:18.055471+00:00,2026-07-10 16:43:23.544638+00:00,34.0,umidita,ambiente,raspberry_pi_4,camera
1084,_result,2,2026-07-10 14:59:18.055471+00:00,2026-07-10 16:59:18.055471+00:00,2026-07-10 16:43:28.804706+00:00,34.0,umidita,ambiente,raspberry_pi_4,camera
1085,_result,2,2026-07-10 14:59:18.055471+00:00,2026-07-10 16:59:18.055471+00:00,2026-07-10 16:43:34.074328+00:00,34.0,umidita,ambiente,raspberry_pi_4,camera
1086,_result,2,2026-07-10 14:59:18.055471+00:00,2026-07-10 16:59:18.055471+00:00,2026-07-10 16:43:39.336223+00:00,34.0,umidita,ambiente,raspberry_pi_4,camera
1087,_result,2,2026-07-10 14:59:18.055471+00:00,2026-07-10 16:59:18.055471+00:00,2026-07-10 16:43:44.607739+00:00,34.0,umidita,ambiente,raspberry_pi_4,camera
1088,_result,2,2026-07-10 14:59:18.055471+00:00,2026-07-10 16:59:18.055471+00:00,2026-07-10 16:43:49.867926+00:00,34.0,umidita,ambiente,raspberry_pi_4,camera
1089,_result,2,2026-07-10 14:59:18.055471+00:00,2026-07-10 16:59:18.055471+00:00,2026-07-10 16:43:55.137871+00:00,34.0,umidita,ambiente,raspberry_pi_4,camera
1090,_result,2,2026-07-10 14:59:18.055471+00:00,2026-07-10 16:59:18.055471+00:00,2026-07-10 16:44:00.397941+00:00,35.0,umidita,ambiente,raspberry_pi_4,camera
1091,_result,2,2026-07-10 14:59:18.055471+00:00,2026-07-10 16:59:18.055471+00:00,2026-07-10 16:44:05.669322+00:00,35.0,umidita,ambiente,raspberry_pi_4,camera
1092,_result,2,2026-07-10 14:59:18.055471+00:00,2026-07-10 16:59:18.055471+00:00,2026-07-10 16:44:10.929519+00:00,34.0,umidita,ambiente,raspberry_pi_4,camera
1093,_result,2,2026-07-10 14:59:18.055471+00:00,2026-07-10 16:59:18.055471+00:00,2026-07-10 16:44:16.199951+00:00,34.0,umidita,ambiente,raspberry_pi_4,camera
1094,_result,2,2026-07-10 14:59:18.055471+00:00,2026-07-10 16:59:18.055471+00:00,2026-07-10 16:44:21.459897+00:00,34.0,umidita,ambiente,raspberry_pi_4,camera
1095,_result,2,2026-07-10 14:59:18.055471+00:00,2026-07-10 16:59:18.055471+00:00,2026-07-10 16:44:26.729550+00:00,34.0,umidita,ambiente,raspberry_pi_4,camera
1096,_result,2,2026-07-10 14:59:18.055471+00:00,2026-07-10 16:59:18.055471+00:00,2026-07-10 16:44:31.989988+00:00,34.0,umidita,ambiente,raspberry_pi_4,camera
1097,_result,2,2026-07-10 14:59:18.055471+00:00,2026-07-10 16:59:18.055471+00:00,2026-07-10 16:44:37.261244+00:00,34.0,umidita,ambiente,raspberry_pi_4,camera
1098,_result,2,2026-07-10 14:59:18.055471+00:00,2026-07-10 16:59:18.055471+00:00,2026-07-10 16:44:42.521274+00:00,34.0,umidita,ambiente,raspberry_pi_4,camera
1099,_result,2,2026-07-10 14:59:18.055471+00:00,2026-07-10 16:59:18.055471+00:00,2026-07-10 16:44:47.790718+00:00,34.0,umidita,ambiente,raspberry_pi_4,camera
1100,_result,2,2026-07-10 14:59:18.055471+00:00,2026-07-10 16:59:18.055471+00:00,2026-07-10 16:44:53.051212+00:00,34.0,umidita,ambiente,raspberry_pi_4,camera
1101,_result,2,2026-07-10 14:59:18.055471+00:00,2026-07-10 16:59:18.055471+00:00,2026-07-10 16:44:58.320796+00:00,35.0,umidita,ambiente,raspberry_pi_4,camera
1102,_result,2,2026-07-10 14:59:18.055471+00:00,2026-07-10 16:59:18.055471+00:00,2026-07-10 16:45:03.580976+00:00,35.0,umidita,ambiente,raspberry_pi_4,camera
1103,_result,2,2026-07-10 14:59:18.055471+00:00,2026-07-10 16:59:18.055471+00:00,2026-07-10 16:45:08.851748+00:00,35.0,umidita,ambiente,raspberry_pi_4,camera
1104,_result,2,2026-07-10 14:59:18.055471+00:00,2026-07-10 16:59:18.055471+00:00,2026-07-10 16:45:14.111590+00:00,35.0,umidita,ambiente,raspberry_pi_4,camera
1105,_result,2,2026-07-10 14:59:18.055471+00:00,2026-07-10 16:59:18.055471+00:00,2026-07-10 16:45:19.381352+00:00,35.0,umidita,ambiente,raspberry_pi_4,camera
1106,_result,2,2026-07-10 14:59:18.055471+00:00,2026-07-10 16:59:18.055471+00:00,2026-07-10 16:45:24.641169+00:00,34.0,umidita,ambiente,raspberry_pi_4,camera
1107,_result,2,2026-07-10 14:59:18.055471+00:00,2026-07-10 16:59:18.055471+00:00,2026-07-10 16:45:29.910814+00:00,34.0,umidita,ambiente,raspberry_pi_4,camera
1108,_result,2,2026-07-10 14:59:18.055471+00:00,2026-07-10 16:59:18.055471+00:00,2026-07-10 16:45:35.170914+00:00,35.0,umidita,ambiente,raspberry_pi_4,camera
1109,_result,2,2026-07-10 14:59:18.055471+00:00,2026-07-10 16:59:18.055471+00:00,2026-07-10 16:45:40.442168+00:00,35.0,umidita,ambiente,raspberry_pi_4,camera
1110,_result,2,2026-07-10 14:59:18.055471+00:00,2026-07-10 16:59:18.055471+00:00,2026-07-10 16:45:45.702167+00:00,35.0,umidita,ambiente,raspberry_pi_4,camera
1111,_result,2,2026-07-10 14:59:18.055471+00:00,2026-07-10 16:59:18.055471+00:00,2026-07-10 16:45:50.971830+00:00,35.0,umidita,ambiente,raspberry_pi_4,camera
1112,_result,2,2026-07-10 14:59:18.055471+00:00,2026-07-10 16:59:18.055471+00:00,2026-07-10 16:45:56.231812+00:00,35.0,umidita,ambiente,raspberry_pi_4,camera
1113,_result,2,2026-07-10 14:59:18.055471+00:00,2026-07-10 16:59:18.055471+00:00,2026-07-10 16:46:01.501381+00:00,35.0,umidita,ambiente,raspberry_pi_4,camera
1114,_result,2,2026-07-10 14:59:18.055471+00:00,2026-07-10 16:59:18.055471+00:00,2026-07-10 16:46:06.762958+00:00,35.0,umidita,ambiente,raspberry_pi_4,camera
1115,_result,2,2026-07-10 14:59:18.055471+00:00,2026-07-10 16:59:18.055471+00:00,2026-07-10 16:46:12.034409+00:00,34.0,umidita,ambiente,raspberry_pi_4,camera
1116,_result,2,2026-07-10 14:59:18.055471+00:00,2026-07-10 16:59:18.055471+00:00,2026-07-10 16:46:17.294376+00:00,34.0,umidita,ambiente,raspberry_pi_4,camera
1117,_result,2,2026-07-10 14:59:18.055471+00:00,2026-07-10 16:59:18.055471+00:00,2026-07-10 16:46:22.563735+00:00,34.0,umidita,ambiente,raspberry_pi_4,camera
1118,_result,2,2026-07-10 14:59:18.055471+00:00,2026-07-10 16:59:18.055471+00:00,2026-07-10 16:46:27.824687+00:00,34.0,umidita,ambiente,raspberry_pi_4,camera
1119,_result,2,2026-07-10 14:59:18.055471+00:00,2026-07-10 16:59:18.055471+00:00,2026-07-10 16:46:33.095463+00:00,34.0,umidita,ambiente,raspberry_pi_4,camera
1120,_result,2,2026-07-10 14:59:18.055471+00:00,2026-07-10 16:59:18.055471+00:00,2026-07-10 16:46:38.357307+00:00,35.0,umidita,ambiente,raspberry_pi_4,camera
1121,_result,2,2026-07-10 14:59:18.055471+00:00,2026-07-10 16:59:18.055471+00:00,2026-07-10 16:46:43.626622+00:00,35.0,umidita,ambiente,raspberry_pi_4,camera
1122,_result,2,2026-07-10 14:59:18.055471+00:00,2026-07-10 16:59:18.055471+00:00,2026-07-10 16:46:48.886557+00:00,35.0,umidita,ambiente,raspberry_pi_4,camera
1123,_result,2,2026-07-10 14:59:18.055471+00:00,2026-07-10 16:59:18.055471+00:00,2026-07-10 16:46:59.410369+00:00,35.0,umidita,ambiente,raspberry_pi_4,camera
1124,_result,2,2026-07-10 14:59:18.055471+00:00,2026-07-10 16:59:18.055471+00:00,2026-07-10 16:47:04.679884+00:00,35.0,umidita,ambiente,raspberry_pi_4,camera
1125,_result,2,2026-07-10 14:59:18.055471+00:00,2026-07-10 16:59:18.055471+00:00,2026-07-10 16:47:09.941274+00:00,35.0,umidita,ambiente,raspberry_pi_4,camera
1126,_result,2,2026-07-10 14:59:18.055471+00:00,2026-07-10 16:59:18.055471+00:00,2026-07-10 16:47:15.210633+00:00,35.0,umidita,ambiente,raspberry_pi_4,camera
1127,_result,2,2026-07-10 14:59:18.055471+00:00,2026-07-10 16:59:18.055471+00:00,2026-07-10 16:47:20.470952+00:00,35.0,umidita,ambiente,raspberry_pi_4,camera
1128,_result,2,2026-07-10 14:59:18.055471+00:00,2026-07-10 16:59:18.055471+00:00,2026-07-10 16:47:25.740095+00:00,35.0,umidita,ambiente,raspberry_pi_4,camera
1129,_result,2,2026-07-10 14:59:18.055471+00:00,2026-07-10 16:59:18.055471+00:00,2026-07-10 16:47:31.000154+00:00,35.0,umidita,ambiente,raspberry_pi_4,camera
1130,_result,2,2026-07-10 14:59:18.055471+00:00,2026-07-10 16:59:18.055471+00:00,2026-07-10 16:47:36.270838+00:00,35.0,umidita,ambiente,raspberry_pi_4,camera
1131,_result,2,2026-07-10 14:59:18.055471+00:00,2026-07-10 16:59:18.055471+00:00,2026-07-10 16:47:41.530876+00:00,35.0,umidita,ambiente,raspberry_pi_4,camera
1132,_result,2,2026-07-10 14:59:18.055471+00:00,2026-07-10 16:59:18.055471+00:00,2026-07-10 16:47:46.800536+00:00,35.0,umidita,ambiente,raspberry_pi_4,camera
1133,_result,2,2026-07-10 14:59:18.055471+00:00,2026-07-10 16:59:18.055471+00:00,2026-07-10 16:47:52.060368+00:00,35.0,umidita,ambiente,raspberry_pi_4,camera
1134,_result,2,2026-07-10 14:59:18.055471+00:00,2026-07-10 16:59:18.055471+00:00,2026-07-10 16:47:57.329990+00:00,35.0,umidita,ambiente,raspberry_pi_4,camera
1135,_result,2,2026-07-10 14:59:18.055471+00:00,2026-07-10 16:59:18.055471+00:00,2026-07-10 16:48:02.591132+00:00,35.0,umidita,ambiente,raspberry_pi_4,camera
1136,_result,2,2026-07-10 14:59:18.055471+00:00,2026-07-10 16:59:18.055471+00:00,2026-07-10 16:48:07.862008+00:00,35.0,umidita,ambiente,raspberry_pi_4,camera
1137,_result,2,2026-07-10 14:59:18.055471+00:00,2026-07-10 16:59:18.055471+00:00,2026-07-10 16:48:13.122059+00:00,34.0,umidita,ambiente,raspberry_pi_4,camera
1138,_result,2,2026-07-10 14:59:18.055471+00:00,2026-07-10 16:59:18.055471+00:00,2026-07-10 16:48:18.391611+00:00,34.0,umidita,ambiente,raspberry_pi_4,camera
1139,_result,2,2026-07-10 14:59:18.055471+00:00,2026-07-10 16:59:18.055471+00:00,2026-07-10 16:48:23.651571+00:00,34.0,umidita,ambiente,raspberry_pi_4,camera
1140,_result,2,2026-07-10 14:59:18.055471+00:00,2026-07-10 16:59:18.055471+00:00,2026-07-10 16:48:28.921080+00:00,34.0,umidita,ambiente,raspberry_pi_4,camera
1141,_result,2,2026-07-10 14:59:18.055471+00:00,2026-07-10 16:59:18.055471+00:00,2026-07-10 16:48:34.181240+00:00,34.0,umidita,ambiente,raspberry_pi_4,camera
1142,_result,2,2026-07-10 14:59:18.055471+00:00,2026-07-10 16:59:18.055471+00:00,2026-07-10 16:48:39.452074+00:00,34.0,umidita,ambiente,raspberry_pi_4,camera
1143,_result,2,2026-07-10 14:59:18.055471+00:00,2026-07-10 16:59:18.055471+00:00,2026-07-10 16:48:44.712122+00:00,34.0,umidita,ambiente,raspberry_pi_4,camera
1144,_result,2,2026-07-10 14:59:18.055471+00:00,2026-07-10 16:59:18.055471+00:00,2026-07-10 16:48:49.981317+00:00,34.0,umidita,ambiente,raspberry_pi_4,camera
1145,_result,2,2026-07-10 14:59:18.055471+00:00,2026-07-10 16:59:18.055471+00:00,2026-07-10 16:48:55.241585+00:00,34.0,umidita,ambiente,raspberry_pi_4,camera
1146,_result,2,2026-07-10 14:59:18.055471+00:00,2026-07-10 16:59:18.055471+00:00,2026-07-10 16:49:00.510522+00:00,34.0,umidita,ambiente,raspberry_pi_4,camera
1147,_result,2,2026-07-10 14:59:18.055471+00:00,2026-07-10 16:59:18.055471+00:00,2026-07-10 16:49:05.770648+00:00,35.0,umidita,ambiente,raspberry_pi_4,camera
1148,_result,2,2026-07-10 14:59:18.055471+00:00,2026-07-10 16:59:18.055471+00:00,2026-07-10 16:49:11.041423+00:00,34.0,umidita,ambiente,raspberry_pi_4,camera
1149,_result,2,2026-07-10 14:59:18.055471+00:00,2026-07-10 16:59:18.055471+00:00,2026-07-10 16:49:16.301763+00:00,34.0,umidita,ambiente,raspberry_pi_4,camera
1150,_result,2,2026-07-10 14:59:18.055471+00:00,2026-07-10 16:59:18.055471+00:00,2026-07-10 16:49:21.570785+00:00,34.0,umidita,ambiente,raspberry_pi_4,camera
1151,_result,2,2026-07-10 14:59:18.055471+00:00,2026-07-10 16:59:18.055471+00:00,2026-07-10 16:49:26.830644+00:00,34.0,umidita,ambiente,raspberry_pi_4,camera
1152,_result,2,2026-07-10 14:59:18.055471+00:00,2026-07-10 16:59:18.055471+00:00,2026-07-10 16:49:32.100094+00:00,34.0,umidita,ambiente,raspberry_pi_4,camera
1153,_result,2,2026-07-10 14:59:18.055471+00:00,2026-07-10 16:59:18.055471+00:00,2026-07-10 16:49:37.361558+00:00,34.0,umidita,ambiente,raspberry_pi_4,camera
1154,_result,2,2026-07-10 14:59:18.055471+00:00,2026-07-10 16:59:18.055471+00:00,2026-07-10 16:49:42.631338+00:00,34.0,umidita,ambiente,raspberry_pi_4,camera
1155,_result,2,2026-07-10 14:59:18.055471+00:00,2026-07-10 16:59:18.055471+00:00,2026-07-10 16:49:47.891196+00:00,34.0,umidita,ambiente,raspberry_pi_4,camera
1156,_result,2,2026-07-10 14:59:18.055471+00:00,2026-07-10 16:59:18.055471+00:00,2026-07-10 16:49:53.161722+00:00,34.0,umidita,ambiente,raspberry_pi_4,camera
1157,_result,2,2026-07-10 14:59:18.055471+00:00,2026-07-10 16:59:18.055471+00:00,2026-07-10 16:49:58.421698+00:00,34.0,umidita,ambiente,raspberry_pi_4,camera
1158,_result,2,2026-07-10 14:59:18.055471+00:00,2026-07-10 16:59:18.055471+00:00,2026-07-10 16:50:03.691484+00:00,34.0,umidita,ambiente,raspberry_pi_4,camera
1159,_result,2,2026-07-10 14:59:18.055471+00:00,2026-07-10 16:59:18.055471+00:00,2026-07-10 16:50:08.953514+00:00,34.0,umidita,ambiente,raspberry_pi_4,camera
1160,_result,2,2026-07-10 14:59:18.055471+00:00,2026-07-10 16:59:18.055471+00:00,2026-07-10 16:50:14.222861+00:00,34.0,umidita,ambiente,raspberry_pi_4,camera
1161,_result,2,2026-07-10 14:59:18.055471+00:00,2026-07-10 16:59:18.055471+00:00,2026-07-10 16:50:19.483087+00:00,34.0,umidita,ambiente,raspberry_pi_4,camera
1162,_result,2,2026-07-10 14:59:18.055471+00:00,2026-07-10 16:59:18.055471+00:00,2026-07-10 16:50:24.762104+00:00,34.0,umidita,ambiente,raspberry_pi_4,camera
1163,_result,2,2026-07-10 14:59:18.055471+00:00,2026-07-10 16:59:18.055471+00:00,2026-07-10 16:50:30.022198+00:00,34.0,umidita,ambiente,raspberry_pi_4,camera
1164,_result,2,2026-07-10 14:59:18.055471+00:00,2026-07-10 16:59:18.055471+00:00,2026-07-10 16:50:35.292132+00:00,34.0,umidita,ambiente,raspberry_pi_4,camera
1165,_result,2,2026-07-10 14:59:18.055471+00:00,2026-07-10 16:59:18.055471+00:00,2026-07-10 16:50:40.554162+00:00,34.0,umidita,ambiente,raspberry_pi_4,camera
1166,_result,2,2026-07-10 14:59:18.055471+00:00,2026-07-10 16:59:18.055471+00:00,2026-07-10 16:50:45.823926+00:00,34.0,umidita,ambiente,raspberry_pi_4,camera
1167,_result,2,2026-07-10 14:59:18.055471+00:00,2026-07-10 16:59:18.055471+00:00,2026-07-10 16:50:51.085731+00:00,34.0,umidita,ambiente,raspberry_pi_4,camera
1168,_result,2,2026-07-10 14:59:18.055471+00:00,2026-07-10 16:59:18.055471+00:00,2026-07-10 16:50:56.355177+00:00,34.0,umidita,ambiente,raspberry_pi_4,camera
1169,_result,2,2026-07-10 14:59:18.055471+00:00,2026-07-10 16:59:18.055471+00:00,2026-07-10 16:51:01.615349+00:00,34.0,umidita,ambiente,raspberry_pi_4,camera
1170,_result,2,2026-07-10 14:59:18.055471+00:00,2026-07-10 16:59:18.055471+00:00,2026-07-10 16:51:06.886219+00:00,34.0,umidita,ambiente,raspberry_pi_4,camera
1171,_result,2,2026-07-10 14:59:18.055471+00:00,2026-07-10 16:59:18.055471+00:00,2026-07-10 16:51:12.146625+00:00,34.0,umidita,ambiente,raspberry_pi_4,camera
1172,_result,2,2026-07-10 14:59:18.055471+00:00,2026-07-10 16:59:18.055471+00:00,2026-07-10 16:51:17.416203+00:00,34.0,umidita,ambiente,raspberry_pi_4,camera
1173,_result,2,2026-07-10 14:59:18.055471+00:00,2026-07-10 16:59:18.055471+00:00,2026-07-10 16:51:22.676257+00:00,34.0,umidita,ambiente,raspberry_pi_4,camera
1174,_result,2,2026-07-10 14:59:18.055471+00:00,2026-07-10 16:59:18.055471+00:00,2026-07-10 16:51:27.947279+00:00,35.0,umidita,ambiente,raspberry_pi_4,camera
1175,_result,2,2026-07-10 14:59:18.055471+00:00,2026-07-10 16:59:18.055471+00:00,2026-07-10 16:51:33.208844+00:00,35.0,umidita,ambiente,raspberry_pi_4,camera
1176,_result,2,2026-07-10 14:59:18.055471+00:00,2026-07-10 16:59:18.055471+00:00,2026-07-10 16:51:38.480141+00:00,35.0,umidita,ambiente,raspberry_pi_4,camera
1177,_result,2,2026-07-10 14:59:18.055471+00:00,2026-07-10 16:59:18.055471+00:00,2026-07-10 16:51:43.740194+00:00,35.0,umidita,ambiente,raspberry_pi_4,camera
1178,_result,2,2026-07-10 14:59:18.055471+00:00,2026-07-10 16:59:18.055471+00:00,2026-07-10 16:51:49.010737+00:00,34.0,umidita,ambiente,raspberry_pi_4,camera
1179,_result,2,2026-07-10 14:59:18.055471+00:00,2026-07-10 16:59:18.055471+00:00,2026-07-10 16:51:54.270983+00:00,34.0,umidita,ambiente,raspberry_pi_4,camera
1180,_result,2,2026-07-10 14:59:18.055471+00:00,2026-07-10 16:59:18.055471+00:00,2026-07-10 16:51:59.540096+00:00,34.0,umidita,ambiente,raspberry_pi_4,camera
1181,_result,2,2026-07-10 14:59:18.055471+00:00,2026-07-10 16:59:18.055471+00:00,2026-07-10 16:52:04.800284+00:00,34.0,umidita,ambiente,raspberry_pi_4,camera
1182,_result,2,2026-07-10 14:59:18.055471+00:00,2026-07-10 16:59:18.055471+00:00,2026-07-10 16:52:10.070946+00:00,34.0,umidita,ambiente,raspberry_pi_4,camera
1183,_result,2,2026-07-10 14:59:18.055471+00:00,2026-07-10 16:59:18.055471+00:00,2026-07-10 16:52:15.331009+00:00,34.0,umidita,ambiente,raspberry_pi_4,camera
1184,_result,2,2026-07-10 14:59:18.055471+00:00,2026-07-10 16:59:18.055471+00:00,2026-07-10 16:52:20.602092+00:00,34.0,umidita,ambiente,raspberry_pi_4,camera
1185,_result,2,2026-07-10 14:59:18.055471+00:00,2026-07-10 16:59:18.055471+00:00,2026-07-10 16:52:25.862240+00:00,34.0,umidita,ambiente,raspberry_pi_4,camera
1186,_result,2,2026-07-10 14:59:18.055471+00:00,2026-07-10 16:59:18.055471+00:00,2026-07-10 16:52:31.133069+00:00,35.0,umidita,ambiente,raspberry_pi_4,camera
1187,_result,2,2026-07-10 14:59:18.055471+00:00,2026-07-10 16:59:18.055471+00:00,2026-07-10 16:52:36.395071+00:00,35.0,umidita,ambiente,raspberry_pi_4,camera
1188,_result,2,2026-07-10 14:59:18.055471+00:00,2026-07-10 16:59:18.055471+00:00,2026-07-10 16:52:41.665859+00:00,35.0,umidita,ambiente,raspberry_pi_4,camera
1189,_result,2,2026-07-10 14:59:18.055471+00:00,2026-07-10 16:59:18.055471+00:00,2026-07-10 16:52:46.925887+00:00,35.0,umidita,ambiente,raspberry_pi_4,camera
1190,_result,2,2026-07-10 14:59:18.055471+00:00,2026-07-10 16:59:18.055471+00:00,2026-07-10 16:52:52.195478+00:00,35.0,umidita,ambiente,raspberry_pi_4,camera
1191,_result,2,2026-07-10 14:59:18.055471+00:00,2026-07-10 16:59:18.055471+00:00,2026-07-10 16:52:57.455548+00:00,34.0,umidita,ambiente,raspberry_pi_4,camera
1192,_result,2,2026-07-10 14:59:18.055471+00:00,2026-07-10 16:59:18.055471+00:00,2026-07-10 16:53:02.725498+00:00,34.0,umidita,ambiente,raspberry_pi_4,camera
1193,_result,2,2026-07-10 14:59:18.055471+00:00,2026-07-10 16:59:18.055471+00:00,2026-07-10 16:53:07.986969+00:00,34.0,umidita,ambiente,raspberry_pi_4,camera
1194,_result,2,2026-07-10 14:59:18.055471+00:00,2026-07-10 16:59:18.055471+00:00,2026-07-10 16:53:13.257216+00:00,34.0,umidita,ambiente,raspberry_pi_4,camera
1195,_result,2,2026-07-10 14:59:18.055471+00:00,2026-07-10 16:59:18.055471+00:00,2026-07-10 16:53:18.517616+00:00,34.0,umidita,ambiente,raspberry_pi_4,camera
1196,_result,2,2026-07-10 14:59:18.055471+00:00,2026-07-10 16:59:18.055471+00:00,2026-07-10 16:53:23.787034+00:00,35.0,umidita,ambiente,raspberry_pi_4,camera
1197,_result,2,2026-07-10 14:59:18.055471+00:00,2026-07-10 16:59:18.055471+00:00,2026-07-10 16:53:29.047109+00:00,35.0,umidita,ambiente,raspberry_pi_4,camera
1198,_result,2,2026-07-10 14:59:18.055471+00:00,2026-07-10 16:59:18.055471+00:00,2026-07-10 16:53:34.316831+00:00,35.0,umidita,ambiente,raspberry_pi_4,camera
1199,_result,2,2026-07-10 14:59:18.055471+00:00,2026-07-10 16:59:18.055471+00:00,2026-07-10 16:53:39.579177+00:00,35.0,umidita,ambiente,raspberry_pi_4,camera
1200,_result,2,2026-07-10 14:59:18.055471+00:00,2026-07-10 16:59:18.055471+00:00,2026-07-10 16:53:44.852458+00:00,35.0,umidita,ambiente,raspberry_pi_4,camera
1201,_result,2,2026-07-10 14:59:18.055471+00:00,2026-07-10 16:59:18.055471+00:00,2026-07-10 16:53:50.112390+00:00,35.0,umidita,ambiente,raspberry_pi_4,camera
1202,_result,2,2026-07-10 14:59:18.055471+00:00,2026-07-10 16:59:18.055471+00:00,2026-07-10 16:53:55.382123+00:00,35.0,umidita,ambiente,raspberry_pi_4,camera
1203,_result,2,2026-07-10 14:59:18.055471+00:00,2026-07-10 16:59:18.055471+00:00,2026-07-10 16:54:00.642190+00:00,35.0,umidita,ambiente,raspberry_pi_4,camera
1204,_result,2,2026-07-10 14:59:18.055471+00:00,2026-07-10 16:59:18.055471+00:00,2026-07-10 16:54:05.913355+00:00,35.0,umidita,ambiente,raspberry_pi_4,camera
1205,_result,2,2026-07-10 14:59:18.055471+00:00,2026-07-10 16:59:18.055471+00:00,2026-07-10 16:54:11.173731+00:00,35.0,umidita,ambiente,raspberry_pi_4,camera
1206,_result,2,2026-07-10 14:59:18.055471+00:00,2026-07-10 16:59:18.055471+00:00,2026-07-10 16:54:16.443026+00:00,35.0,umidita,ambiente,raspberry_pi_4,camera
1207,_result,2,2026-07-10 14:59:18.055471+00:00,2026-07-10 16:59:18.055471+00:00,2026-07-10 16:54:21.703076+00:00,35.0,umidita,ambiente,raspberry_pi_4,camera
1208,_result,2,2026-07-10 14:59:18.055471+00:00,2026-07-10 16:59:18.055471+00:00,2026-07-10 16:54:26.972735+00:00,35.0,umidita,ambiente,raspberry_pi_4,camera
1209,_result,2,2026-07-10 14:59:18.055471+00:00,2026-07-10 16:59:18.055471+00:00,2026-07-10 16:54:32.232724+00:00,35.0,umidita,ambiente,raspberry_pi_4,camera
1210,_result,2,2026-07-10 14:59:18.055471+00:00,2026-07-10 16:59:18.055471+00:00,2026-07-10 16:54:37.503670+00:00,35.0,umidita,ambiente,raspberry_pi_4,camera
1211,_result,2,2026-07-10 14:59:18.055471+00:00,2026-07-10 16:59:18.055471+00:00,2026-07-10 16:54:42.763821+00:00,35.0,umidita,ambiente,raspberry_pi_4,camera
1212,_result,2,2026-07-10 14:59:18.055471+00:00,2026-07-10 16:59:18.055471+00:00,2026-07-10 16:54:53.287252+00:00,35.0,umidita,ambiente,raspberry_pi_4,camera
1213,_result,2,2026-07-10 14:59:18.055471+00:00,2026-07-10 16:59:18.055471+00:00,2026-07-10 16:54:58.557234+00:00,35.0,umidita,ambiente,raspberry_pi_4,camera
1214,_result,2,2026-07-10 14:59:18.055471+00:00,2026-07-10 16:59:18.055471+00:00,2026-07-10 16:55:03.817328+00:00,35.0,umidita,ambiente,raspberry_pi_4,camera
1215,_result,2,2026-07-10 14:59:18.055471+00:00,2026-07-10 16:59:18.055471+00:00,2026-07-10 16:55:09.088116+00:00,35.0,umidita,ambiente,raspberry_pi_4,camera
1216,_result,2,2026-07-10 14:59:18.055471+00:00,2026-07-10 16:59:18.055471+00:00,2026-07-10 16:55:14.348195+00:00,35.0,umidita,ambiente,raspberry_pi_4,camera
1217,_result,2,2026-07-10 14:59:18.055471+00:00,2026-07-10 16:59:18.055471+00:00,2026-07-10 16:55:19.617953+00:00,35.0,umidita,ambiente,raspberry_pi_4,camera
1218,_result,2,2026-07-10 14:59:18.055471+00:00,2026-07-10 16:59:18.055471+00:00,2026-07-10 16:55:24.877905+00:00,35.0,umidita,ambiente,raspberry_pi_4,camera
1219,_result,2,2026-07-10 14:59:18.055471+00:00,2026-07-10 16:59:18.055471+00:00,2026-07-10 16:55:30.148448+00:00,35.0,umidita,ambiente,raspberry_pi_4,camera
1220,_result,2,2026-07-10 14:59:18.055471+00:00,2026-07-10 16:59:18.055471+00:00,2026-07-10 16:55:35.408394+00:00,35.0,umidita,ambiente,raspberry_pi_4,camera
1221,_result,2,2026-07-10 14:59:18.055471+00:00,2026-07-10 16:59:18.055471+00:00,2026-07-10 16:55:40.679422+00:00,35.0,umidita,ambiente,raspberry_pi_4,camera
1222,_result,2,2026-07-10 14:59:18.055471+00:00,2026-07-10 16:59:18.055471+00:00,2026-07-10 16:55:45.939417+00:00,35.0,umidita,ambiente,raspberry_pi_4,camera
1223,_result,2,2026-07-10 14:59:18.055471+00:00,2026-07-10 16:59:18.055471+00:00,2026-07-10 16:55:51.208881+00:00,35.0,umidita,ambiente,raspberry_pi_4,camera
1224,_result,2,2026-07-10 14:59:18.055471+00:00,2026-07-10 16:59:18.055471+00:00,2026-07-10 16:55:56.468785+00:00,35.0,umidita,ambiente,raspberry_pi_4,camera
1225,_result,2,2026-07-10 14:59:18.055471+00:00,2026-07-10 16:59:18.055471+00:00,2026-07-10 16:56:01.738692+00:00,35.0,umidita,ambiente,raspberry_pi_4,camera
1226,_result,2,2026-07-10 14:59:18.055471+00:00,2026-07-10 16:59:18.055471+00:00,2026-07-10 16:56:07.000175+00:00,35.0,umidita,ambiente,raspberry_pi_4,camera
1227,_result,2,2026-07-10 14:59:18.055471+00:00,2026-07-10 16:59:18.055471+00:00,2026-07-10 16:56:12.269999+00:00,35.0,umidita,ambiente,raspberry_pi_4,camera
1228,_result,2,2026-07-10 14:59:18.055471+00:00,2026-07-10 16:59:18.055471+00:00,2026-07-10 16:56:17.530016+00:00,35.0,umidita,ambiente,raspberry_pi_4,camera
1229,_result,2,2026-07-10 14:59:18.055471+00:00,2026-07-10 16:59:18.055471+00:00,2026-07-10 16:56:22.799218+00:00,35.0,umidita,ambiente,raspberry_pi_4,camera
1230,_result,2,2026-07-10 14:59:18.055471+00:00,2026-07-10 16:59:18.055471+00:00,2026-07-10 16:56:28.059428+00:00,35.0,umidita,ambiente,raspberry_pi_4,camera
1231,_result,2,2026-07-10 14:59:18.055471+00:00,2026-07-10 16:59:18.055471+00:00,2026-07-10 16:56:33.328541+00:00,35.0,umidita,ambiente,raspberry_pi_4,camera
1232,_result,2,2026-07-10 14:59:18.055471+00:00,2026-07-10 16:59:18.055471+00:00,2026-07-10 16:56:38.590959+00:00,35.0,umidita,ambiente,raspberry_pi_4,camera
1233,_result,2,2026-07-10 14:59:18.055471+00:00,2026-07-10 16:59:18.055471+00:00,2026-07-10 16:56:49.114441+00:00,35.0,umidita,ambiente,raspberry_pi_4,camera
1234,_result,2,2026-07-10 14:59:18.055471+00:00,2026-07-10 16:59:18.055471+00:00,2026-07-10 16:56:54.383625+00:00,35.0,umidita,ambiente,raspberry_pi_4,camera
1235,_result,2,2026-07-10 14:59:18.055471+00:00,2026-07-10 16:59:18.055471+00:00,2026-07-10 16:56:59.644001+00:00,35.0,umidita,ambiente,raspberry_pi_4,camera
1236,_result,2,2026-07-10 14:59:18.055471+00:00,2026-07-10 16:59:18.055471+00:00,2026-07-10 16:57:04.913338+00:00,35.0,umidita,ambiente,raspberry_pi_4,camera
1237,_result,2,2026-07-10 14:59:18.055471+00:00,2026-07-10 16:59:18.055471+00:00,2026-07-10 16:57:10.174967+00:00,35.0,umidita,ambiente,raspberry_pi_4,camera
1238,_result,2,2026-07-10 14:59:18.055471+00:00,2026-07-10 16:59:18.055471+00:00,2026-07-10 16:57:15.444240+00:00,35.0,umidita,ambiente,raspberry_pi_4,camera
1239,_result,2,2026-07-10 14:59:18.055471+00:00,2026-07-10 16:59:18.055471+00:00,2026-07-10 16:57:20.704300+00:00,35.0,umidita,ambiente,raspberry_pi_4,camera
1240,_result,2,2026-07-10 14:59:18.055471+00:00,2026-07-10 16:59:18.055471+00:00,2026-07-10 16:57:25.974656+00:00,35.0,umidita,ambiente,raspberry_pi_4,camera
1241,_result,2,2026-07-10 14:59:18.055471+00:00,2026-07-10 16:59:18.055471+00:00,2026-07-10 16:57:31.234879+00:00,35.0,umidita,ambiente,raspberry_pi_4,camera
1242,_result,2,2026-07-10 14:59:18.055471+00:00,2026-07-10 16:59:18.055471+00:00,2026-07-10 16:57:36.506625+00:00,35.0,umidita,ambiente,raspberry_pi_4,camera
1243,_result,2,2026-07-10 14:59:18.055471+00:00,2026-07-10 16:59:18.055471+00:00,2026-07-10 16:57:41.766680+00:00,35.0,umidita,ambiente,raspberry_pi_4,camera
1244,_result,2,2026-07-10 14:59:18.055471+00:00,2026-07-10 16:59:18.055471+00:00,2026-07-10 16:57:52.290378+00:00,35.0,umidita,ambiente,raspberry_pi_4,camera
1245,_result,2,2026-07-10 14:59:18.055471+00:00,2026-07-10 16:59:18.055471+00:00,2026-07-10 16:57:57.560395+00:00,35.0,umidita,ambiente,raspberry_pi_4,camera
1246,_result,2,2026-07-10 14:59:18.055471+00:00,2026-07-10 16:59:18.055471+00:00,2026-07-10 16:58:02.820725+00:00,35.0,umidita,ambiente,raspberry_pi_4,camera
1247,_result,2,2026-07-10 14:59:18.055471+00:00,2026-07-10 16:59:18.055471+00:00,2026-07-10 16:58:08.091788+00:00,35.0,umidita,ambiente,raspberry_pi_4,camera
1248,_result,2,2026-07-10 14:59:18.055471+00:00,2026-07-10 16:59:18.055471+00:00,2026-07-10 16:58:13.351816+00:00,35.0,umidita,ambiente,raspberry_pi_4,camera
1249,_result,2,2026-07-10 14:59:18.055471+00:00,2026-07-10 16:59:18.055471+00:00,2026-07-10 16:58:18.621637+00:00,35.0,umidita,ambiente,raspberry_pi_4,camera
1250,_result,2,2026-07-10 14:59:18.055471+00:00,2026-07-10 16:59:18.055471+00:00,2026-07-10 16:58:23.881661+00:00,35.0,umidita,ambiente,raspberry_pi_4,camera
1251,_result,2,2026-07-10 14:59:18.055471+00:00,2026-07-10 16:59:18.055471+00:00,2026-07-10 16:58:29.151107+00:00,35.0,umidita,ambiente,raspberry_pi_4,camera
1252,_result,2,2026-07-10 14:59:18.055471+00:00,2026-07-10 16:59:18.055471+00:00,2026-07-10 16:58:34.411746+00:00,35.0,umidita,ambiente,raspberry_pi_4,camera
1253,_result,2,2026-07-10 14:59:18.055471+00:00,2026-07-10 16:59:18.055471+00:00,2026-07-10 16:58:39.683220+00:00,35.0,umidita,ambiente,raspberry_pi_4,camera
1254,_result,2,2026-07-10 14:59:18.055471+00:00,2026-07-10 16:59:18.055471+00:00,2026-07-10 16:58:44.943370+00:00,35.0,umidita,ambiente,raspberry_pi_4,camera
1255,_result,2,2026-07-10 14:59:18.055471+00:00,2026-07-10 16:59:18.055471+00:00,2026-07-10 16:58:50.213277+00:00,35.0,umidita,ambiente,raspberry_pi_4,camera
1256,_result,2,2026-07-10 14:59:18.055471+00:00,2026-07-10 16:59:18.055471+00:00,2026-07-10 16:58:55.473344+00:00,35.0,umidita,ambiente,raspberry_pi_4,camera
1257,_result,2,2026-07-10 14:59:18.055471+00:00,2026-07-10 16:59:18.055471+00:00,2026-07-10 16:59:00.743171+00:00,35.0,umidita,ambiente,raspberry_pi_4,camera
1258,_result,2,2026-07-10 14:59:18.055471+00:00,2026-07-10 16:59:18.055471+00:00,2026-07-10 16:59:06.003405+00:00,35.0,umidita,ambiente,raspberry_pi_4,camera
1259,_result,2,2026-07-10 14:59:18.055471+00:00,2026-07-10 16:59:18.055471+00:00,2026-07-10 16:59:16.529332+00:00,35.0,umidita,ambiente,raspberry_pi_4,camera
