,result,table,_start,_stop,_time,_value,_field,_measurement,host,stanza
0,_result,0,2026-07-11 08:21:08.604380+00:00,2026-07-11 11:21:08.604380+00:00,2026-07-11 09:30:39.657029+00:00,34.0,percepita,ambiente,raspberry_pi_4,camera
1,_result,0,2026-07-11 08:21:08.604380+00:00,2026-07-11 11:21:08.604380+00:00,2026-07-11 09:30:50.235020+00:00,34.0,percepita,ambiente,raspberry_pi_4,camera
2,_result,0,2026-07-11 08:21:08.604380+00:00,2026-07-11 11:21:08.604380+00:00,2026-07-11 09:30:55.508314+00:00,34.0,percepita,ambiente,raspberry_pi_4,camera
3,_result,0,2026-07-11 08:21:08.604380+00:00,2026-07-11 11:21:08.604380+00:00,2026-07-11 09:31:00.782786+00:00,34.0,percepita,ambiente,raspberry_pi_4,camera
4,_result,0,2026-07-11 08:21:08.604380+00:00,2026-07-11 11:21:08.604380+00:00,2026-07-11 09:31:06.044304+00:00,34.3,percepita,ambiente,raspberry_pi_4,camera
5,_result,0,2026-07-11 08:21:08.604380+00:00,2026-07-11 11:21:08.604380+00:00,2026-07-11 09:31:11.315236+00:00,34.3,percepita,ambiente,raspberry_pi_4,camera
6,_result,0,2026-07-11 08:21:08.604380+00:00,2026-07-11 11:21:08.604380+00:00,2026-07-11 09:31:16.575635+00:00,34.3,percepita,ambiente,raspberry_pi_4,camera
7,_result,0,2026-07-11 08:21:08.604380+00:00,2026-07-11 11:21:08.604380+00:00,2026-07-11 09:31:21.846898+00:00,34.3,percepita,ambiente,raspberry_pi_4,camera
8,_result,0,2026-07-11 08:21:08.604380+00:00,2026-07-11 11:21:08.604380+00:00,2026-07-11 09:31:27.110251+00:00,34.3,percepita,ambiente,raspberry_pi_4,camera
9,_result,0,2026-07-11 08:21:08.604380+00:00,2026-07-11 11:21:08.604380+00:00,2026-07-11 09:31:32.381444+00:00,34.3,percepita,ambiente,raspberry_pi_4,camera
10,_result,0,2026-07-11 08:21:08.604380+00:00,2026-07-11 11:21:08.604380+00:00,2026-07-11 09:31:37.641698+00:00,34.3,percepita,ambiente,raspberry_pi_4,camera
11,_result,0,2026-07-11 08:21:08.604380+00:00,2026-07-11 11:21:08.604380+00:00,2026-07-11 09:31:42.911472+00:00,34.0,percepita,ambiente,raspberry_pi_4,camera
12,_result,0,2026-07-11 08:21:08.604380+00:00,2026-07-11 11:21:08.604380+00:00,2026-07-11 09:31:48.171764+00:00,34.0,percepita,ambiente,raspberry_pi_4,camera
13,_result,0,2026-07-11 08:21:08.604380+00:00,2026-07-11 11:21:08.604380+00:00,2026-07-11 09:31:53.722368+00:00,34.0,percepita,ambiente,raspberry_pi_4,camera
14,_result,0,2026-07-11 08:21:08.604380+00:00,2026-07-11 11:21:08.604380+00:00,2026-07-11 09:31:58.982486+00:00,34.0,percepita,ambiente,raspberry_pi_4,camera
15,_result,0,2026-07-11 08:21:08.604380+00:00,2026-07-11 11:21:08.604380+00:00,2026-07-11 09:32:04.253914+00:00,34.3,percepita,ambiente,raspberry_pi_4,camera
16,_result,0,2026-07-11 08:21:08.604380+00:00,2026-07-11 11:21:08.604380+00:00,2026-07-11 09:32:09.514426+00:00,34.3,percepita,ambiente,raspberry_pi_4,camera
17,_result,0,2026-07-11 08:21:08.604380+00:00,2026-07-11 11:21:08.604380+00:00,2026-07-11 09:32:14.784644+00:00,34.0,percepita,ambiente,raspberry_pi_4,camera
18,_result,0,2026-07-11 08:21:08.604380+00:00,2026-07-11 11:21:08.604380+00:00,2026-07-11 09:32:20.045184+00:00,34.0,percepita,ambiente,raspberry_pi_4,camera
19,_result,0,2026-07-11 08:21:08.604380+00:00,2026-07-11 11:21:08.604380+00:00,2026-07-11 09:32:25.315318+00:00,34.3,percepita,ambiente,raspberry_pi_4,camera
20,_result,0,2026-07-11 08:21:08.604380+00:00,2026-07-11 11:21:08.604380+00:00,2026-07-11 09:32:41.095368+00:00,34.3,percepita,ambiente,raspberry_pi_4,camera
21,_result,0,2026-07-11 08:21:08.604380+00:00,2026-07-11 11:21:08.604380+00:00,2026-07-11 09:32:46.366087+00:00,34.3,percepita,ambiente,raspberry_pi_4,camera
22,_result,0,2026-07-11 08:21:08.604380+00:00,2026-07-11 11:21:08.604380+00:00,2026-07-11 09:32:51.626083+00:00,34.4,percepita,ambiente,raspberry_pi_4,camera
23,_result,0,2026-07-11 08:21:08.604380+00:00,2026-07-11 11:21:08.604380+00:00,2026-07-11 09:32:56.895828+00:00,34.3,percepita,ambiente,raspberry_pi_4,camera
24,_result,0,2026-07-11 08:21:08.604380+00:00,2026-07-11 11:21:08.604380+00:00,2026-07-11 09:33:02.158691+00:00,34.4,percepita,ambiente,raspberry_pi_4,camera
25,_result,0,2026-07-11 08:21:08.604380+00:00,2026-07-11 11:21:08.604380+00:00,2026-07-11 09:33:07.428937+00:00,34.6,percepita,ambiente,raspberry_pi_4,camera
26,_result,0,2026-07-11 08:21:08.604380+00:00,2026-07-11 11:21:08.604380+00:00,2026-07-11 09:33:12.688832+00:00,34.6,percepita,ambiente,raspberry_pi_4,camera
27,_result,0,2026-07-11 08:21:08.604380+00:00,2026-07-11 11:21:08.604380+00:00,2026-07-11 09:33:17.958764+00:00,34.4,percepita,ambiente,raspberry_pi_4,camera
28,_result,0,2026-07-11 08:21:08.604380+00:00,2026-07-11 11:21:08.604380+00:00,2026-07-11 09:33:23.218907+00:00,34.4,percepita,ambiente,raspberry_pi_4,camera
29,_result,0,2026-07-11 08:21:08.604380+00:00,2026-07-11 11:21:08.604380+00:00,2026-07-11 09:33:28.488747+00:00,34.4,percepita,ambiente,raspberry_pi_4,camera
30,_result,0,2026-07-11 08:21:08.604380+00:00,2026-07-11 11:21:08.604380+00:00,2026-07-11 09:33:33.750338+00:00,34.4,percepita,ambiente,raspberry_pi_4,camera
31,_result,0,2026-07-11 08:21:08.604380+00:00,2026-07-11 11:21:08.604380+00:00,2026-07-11 09:33:39.020022+00:00,34.5,percepita,ambiente,raspberry_pi_4,camera
32,_result,0,2026-07-11 08:21:08.604380+00:00,2026-07-11 11:21:08.604380+00:00,2026-07-11 09:33:44.280010+00:00,34.5,percepita,ambiente,raspberry_pi_4,camera
33,_result,0,2026-07-11 08:21:08.604380+00:00,2026-07-11 11:21:08.604380+00:00,2026-07-11 09:33:49.549694+00:00,34.5,percepita,ambiente,raspberry_pi_4,camera
34,_result,0,2026-07-11 08:21:08.604380+00:00,2026-07-11 11:21:08.604380+00:00,2026-07-11 09:34:00.075169+00:00,34.7,percepita,ambiente,raspberry_pi_4,camera
35,_result,0,2026-07-11 08:21:08.604380+00:00,2026-07-11 11:21:08.604380+00:00,2026-07-11 09:34:10.598583+00:00,34.8,percepita,ambiente,raspberry_pi_4,camera
36,_result,0,2026-07-11 08:21:08.604380+00:00,2026-07-11 11:21:08.604380+00:00,2026-07-11 09:34:15.858740+00:00,34.7,percepita,ambiente,raspberry_pi_4,camera
37,_result,0,2026-07-11 08:21:08.604380+00:00,2026-07-11 11:21:08.604380+00:00,2026-07-11 09:34:21.128543+00:00,34.5,percepita,ambiente,raspberry_pi_4,camera
38,_result,0,2026-07-11 08:21:08.604380+00:00,2026-07-11 11:21:08.604380+00:00,2026-07-11 09:34:26.388546+00:00,34.8,percepita,ambiente,raspberry_pi_4,camera
39,_result,0,2026-07-11 08:21:08.604380+00:00,2026-07-11 11:21:08.604380+00:00,2026-07-11 09:34:31.659388+00:00,34.8,percepita,ambiente,raspberry_pi_4,camera
40,_result,0,2026-07-11 08:21:08.604380+00:00,2026-07-11 11:21:08.604380+00:00,2026-07-11 09:34:36.919343+00:00,34.7,percepita,ambiente,raspberry_pi_4,camera
41,_result,0,2026-07-11 08:21:08.604380+00:00,2026-07-11 11:21:08.604380+00:00,2026-07-11 09:34:42.190552+00:00,34.8,percepita,ambiente,raspberry_pi_4,camera
42,_result,0,2026-07-11 08:21:08.604380+00:00,2026-07-11 11:21:08.604380+00:00,2026-07-11 09:34:47.450656+00:00,34.8,percepita,ambiente,raspberry_pi_4,camera
43,_result,0,2026-07-11 08:21:08.604380+00:00,2026-07-11 11:21:08.604380+00:00,2026-07-11 09:34:52.720724+00:00,34.7,percepita,ambiente,raspberry_pi_4,camera
44,_result,0,2026-07-11 08:21:08.604380+00:00,2026-07-11 11:21:08.604380+00:00,2026-07-11 09:34:57.980733+00:00,34.7,percepita,ambiente,raspberry_pi_4,camera
45,_result,0,2026-07-11 08:21:08.604380+00:00,2026-07-11 11:21:08.604380+00:00,2026-07-11 09:35:03.252070+00:00,34.8,percepita,ambiente,raspberry_pi_4,camera
46,_result,0,2026-07-11 08:21:08.604380+00:00,2026-07-11 11:21:08.604380+00:00,2026-07-11 09:35:08.512240+00:00,34.8,percepita,ambiente,raspberry_pi_4,camera
47,_result,0,2026-07-11 08:21:08.604380+00:00,2026-07-11 11:21:08.604380+00:00,2026-07-11 09:35:13.782362+00:00,34.8,percepita,ambiente,raspberry_pi_4,camera
48,_result,0,2026-07-11 08:21:08.604380+00:00,2026-07-11 11:21:08.604380+00:00,2026-07-11 09:35:19.042412+00:00,34.8,percepita,ambiente,raspberry_pi_4,camera
49,_result,0,2026-07-11 08:21:08.604380+00:00,2026-07-11 11:21:08.604380+00:00,2026-07-11 09:35:24.312167+00:00,34.8,percepita,ambiente,raspberry_pi_4,camera
50,_result,0,2026-07-11 08:21:08.604380+00:00,2026-07-11 11:21:08.604380+00:00,2026-07-11 09:35:29.573783+00:00,34.8,percepita,ambiente,raspberry_pi_4,camera
51,_result,0,2026-07-11 08:21:08.604380+00:00,2026-07-11 11:21:08.604380+00:00,2026-07-11 09:35:34.843539+00:00,34.8,percepita,ambiente,raspberry_pi_4,camera
52,_result,0,2026-07-11 08:21:08.604380+00:00,2026-07-11 11:21:08.604380+00:00,2026-07-11 09:35:40.104369+00:00,34.8,percepita,ambiente,raspberry_pi_4,camera
53,_result,0,2026-07-11 08:21:08.604380+00:00,2026-07-11 11:21:08.604380+00:00,2026-07-11 09:35:45.373898+00:00,34.8,percepita,ambiente,raspberry_pi_4,camera
54,_result,0,2026-07-11 08:21:08.604380+00:00,2026-07-11 11:21:08.604380+00:00,2026-07-11 09:35:50.633983+00:00,34.8,percepita,ambiente,raspberry_pi_4,camera
55,_result,0,2026-07-11 08:21:08.604380+00:00,2026-07-11 11:21:08.604380+00:00,2026-07-11 09:35:55.903529+00:00,34.8,percepita,ambiente,raspberry_pi_4,camera
56,_result,0,2026-07-11 08:21:08.604380+00:00,2026-07-11 11:21:08.604380+00:00,2026-07-11 09:36:01.165223+00:00,34.8,percepita,ambiente,raspberry_pi_4,camera
57,_result,0,2026-07-11 08:21:08.604380+00:00,2026-07-11 11:21:08.604380+00:00,2026-07-11 09:36:06.434932+00:00,34.8,percepita,ambiente,raspberry_pi_4,camera
58,_result,0,2026-07-11 08:21:08.604380+00:00,2026-07-11 11:21:08.604380+00:00,2026-07-11 09:36:11.694986+00:00,34.8,percepita,ambiente,raspberry_pi_4,camera
59,_result,0,2026-07-11 08:21:08.604380+00:00,2026-07-11 11:21:08.604380+00:00,2026-07-11 09:36:16.964345+00:00,34.8,percepita,ambiente,raspberry_pi_4,camera
60,_result,0,2026-07-11 08:21:08.604380+00:00,2026-07-11 11:21:08.604380+00:00,2026-07-11 09:36:22.224731+00:00,35.1,percepita,ambiente,raspberry_pi_4,camera
61,_result,0,2026-07-11 08:21:08.604380+00:00,2026-07-11 11:21:08.604380+00:00,2026-07-11 09:36:27.495471+00:00,35.1,percepita,ambiente,raspberry_pi_4,camera
62,_result,0,2026-07-11 08:21:08.604380+00:00,2026-07-11 11:21:08.604380+00:00,2026-07-11 09:36:32.757122+00:00,34.8,percepita,ambiente,raspberry_pi_4,camera
63,_result,0,2026-07-11 08:21:08.604380+00:00,2026-07-11 11:21:08.604380+00:00,2026-07-11 09:36:38.027588+00:00,34.8,percepita,ambiente,raspberry_pi_4,camera
64,_result,0,2026-07-11 08:21:08.604380+00:00,2026-07-11 11:21:08.604380+00:00,2026-07-11 09:36:43.287808+00:00,34.9,percepita,ambiente,raspberry_pi_4,camera
65,_result,0,2026-07-11 08:21:08.604380+00:00,2026-07-11 11:21:08.604380+00:00,2026-07-11 09:36:48.557426+00:00,34.8,percepita,ambiente,raspberry_pi_4,camera
66,_result,0,2026-07-11 08:21:08.604380+00:00,2026-07-11 11:21:08.604380+00:00,2026-07-11 09:36:53.817210+00:00,34.9,percepita,ambiente,raspberry_pi_4,camera
67,_result,0,2026-07-11 08:21:08.604380+00:00,2026-07-11 11:21:08.604380+00:00,2026-07-11 09:36:59.088471+00:00,34.9,percepita,ambiente,raspberry_pi_4,camera
68,_result,0,2026-07-11 08:21:08.604380+00:00,2026-07-11 11:21:08.604380+00:00,2026-07-11 09:37:04.348692+00:00,34.8,percepita,ambiente,raspberry_pi_4,camera
69,_result,0,2026-07-11 08:21:08.604380+00:00,2026-07-11 11:21:08.604380+00:00,2026-07-11 09:37:09.617925+00:00,34.7,percepita,ambiente,raspberry_pi_4,camera
70,_result,0,2026-07-11 08:21:08.604380+00:00,2026-07-11 11:21:08.604380+00:00,2026-07-11 09:37:14.878258+00:00,34.9,percepita,ambiente,raspberry_pi_4,camera
71,_result,0,2026-07-11 08:21:08.604380+00:00,2026-07-11 11:21:08.604380+00:00,2026-07-11 09:37:20.152153+00:00,35.1,percepita,ambiente,raspberry_pi_4,camera
72,_result,0,2026-07-11 08:21:08.604380+00:00,2026-07-11 11:21:08.604380+00:00,2026-07-11 09:37:25.416525+00:00,34.9,percepita,ambiente,raspberry_pi_4,camera
73,_result,0,2026-07-11 08:21:08.604380+00:00,2026-07-11 11:21:08.604380+00:00,2026-07-11 09:37:30.687394+00:00,34.7,percepita,ambiente,raspberry_pi_4,camera
74,_result,0,2026-07-11 08:21:08.604380+00:00,2026-07-11 11:21:08.604380+00:00,2026-07-11 09:37:35.947494+00:00,34.7,percepita,ambiente,raspberry_pi_4,camera
75,_result,0,2026-07-11 08:21:08.604380+00:00,2026-07-11 11:21:08.604380+00:00,2026-07-11 09:37:41.217226+00:00,34.7,percepita,ambiente,raspberry_pi_4,camera
76,_result,0,2026-07-11 08:21:08.604380+00:00,2026-07-11 11:21:08.604380+00:00,2026-07-11 09:37:46.477983+00:00,34.7,percepita,ambiente,raspberry_pi_4,camera
77,_result,0,2026-07-11 08:21:08.604380+00:00,2026-07-11 11:21:08.604380+00:00,2026-07-11 09:37:51.747796+00:00,34.7,percepita,ambiente,raspberry_pi_4,camera
78,_result,0,2026-07-11 08:21:08.604380+00:00,2026-07-11 11:21:08.604380+00:00,2026-07-11 09:37:57.007799+00:00,34.5,percepita,ambiente,raspberry_pi_4,camera
79,_result,0,2026-07-11 08:21:08.604380+00:00,2026-07-11 11:21:08.604380+00:00,2026-07-11 09:38:02.279182+00:00,34.7,percepita,ambiente,raspberry_pi_4,camera
80,_result,0,2026-07-11 08:21:08.604380+00:00,2026-07-11 11:21:08.604380+00:00,2026-07-11 09:38:07.539509+00:00,34.5,percepita,ambiente,raspberry_pi_4,camera
81,_result,0,2026-07-11 08:21:08.604380+00:00,2026-07-11 11:21:08.604380+00:00,2026-07-11 09:38:12.808848+00:00,34.5,percepita,ambiente,raspberry_pi_4,camera
82,_result,0,2026-07-11 08:21:08.604380+00:00,2026-07-11 11:21:08.604380+00:00,2026-07-11 09:38:18.068747+00:00,34.7,percepita,ambiente,raspberry_pi_4,camera
83,_result,0,2026-07-11 08:21:08.604380+00:00,2026-07-11 11:21:08.604380+00:00,2026-07-11 09:38:23.339136+00:00,34.7,percepita,ambiente,raspberry_pi_4,camera
84,_result,0,2026-07-11 08:21:08.604380+00:00,2026-07-11 11:21:08.604380+00:00,2026-07-11 09:38:28.599283+00:00,34.5,percepita,ambiente,raspberry_pi_4,camera
85,_result,0,2026-07-11 08:21:08.604380+00:00,2026-07-11 11:21:08.604380+00:00,2026-07-11 09:38:33.870292+00:00,34.5,percepita,ambiente,raspberry_pi_4,camera
86,_result,0,2026-07-11 08:21:08.604380+00:00,2026-07-11 11:21:08.604380+00:00,2026-07-11 09:38:39.130543+00:00,34.5,percepita,ambiente,raspberry_pi_4,camera
87,_result,0,2026-07-11 08:21:08.604380+00:00,2026-07-11 11:21:08.604380+00:00,2026-07-11 09:38:44.399741+00:00,34.5,percepita,ambiente,raspberry_pi_4,camera
88,_result,0,2026-07-11 08:21:08.604380+00:00,2026-07-11 11:21:08.604380+00:00,2026-07-11 09:38:49.659858+00:00,34.4,percepita,ambiente,raspberry_pi_4,camera
89,_result,0,2026-07-11 08:21:08.604380+00:00,2026-07-11 11:21:08.604380+00:00,2026-07-11 09:38:54.929452+00:00,34.4,percepita,ambiente,raspberry_pi_4,camera
90,_result,0,2026-07-11 08:21:08.604380+00:00,2026-07-11 11:21:08.604380+00:00,2026-07-11 09:39:00.191294+00:00,34.2,percepita,ambiente,raspberry_pi_4,camera
91,_result,0,2026-07-11 08:21:08.604380+00:00,2026-07-11 11:21:08.604380+00:00,2026-07-11 09:39:05.460566+00:00,34.2,percepita,ambiente,raspberry_pi_4,camera
92,_result,0,2026-07-11 08:21:08.604380+00:00,2026-07-11 11:21:08.604380+00:00,2026-07-11 09:39:10.720487+00:00,34.4,percepita,ambiente,raspberry_pi_4,camera
93,_result,0,2026-07-11 08:21:08.604380+00:00,2026-07-11 11:21:08.604380+00:00,2026-07-11 09:39:15.989946+00:00,34.4,percepita,ambiente,raspberry_pi_4,camera
94,_result,0,2026-07-11 08:21:08.604380+00:00,2026-07-11 11:21:08.604380+00:00,2026-07-11 09:39:21.249989+00:00,34.5,percepita,ambiente,raspberry_pi_4,camera
95,_result,0,2026-07-11 08:21:08.604380+00:00,2026-07-11 11:21:08.604380+00:00,2026-07-11 09:39:26.519550+00:00,34.5,percepita,ambiente,raspberry_pi_4,camera
96,_result,0,2026-07-11 08:21:08.604380+00:00,2026-07-11 11:21:08.604380+00:00,2026-07-11 09:39:31.781559+00:00,34.4,percepita,ambiente,raspberry_pi_4,camera
97,_result,0,2026-07-11 08:21:08.604380+00:00,2026-07-11 11:21:08.604380+00:00,2026-07-11 09:39:37.050612+00:00,34.5,percepita,ambiente,raspberry_pi_4,camera
98,_result,0,2026-07-11 08:21:08.604380+00:00,2026-07-11 11:21:08.604380+00:00,2026-07-11 09:39:42.310723+00:00,34.5,percepita,ambiente,raspberry_pi_4,camera
99,_result,0,2026-07-11 08:21:08.604380+00:00,2026-07-11 11:21:08.604380+00:00,2026-07-11 09:39:47.580219+00:00,34.5,percepita,ambiente,raspberry_pi_4,camera
100,_result,0,2026-07-11 08:21:08.604380+00:00,2026-07-11 11:21:08.604380+00:00,2026-07-11 09:39:52.840181+00:00,34.8,percepita,ambiente,raspberry_pi_4,camera
101,_result,0,2026-07-11 08:21:08.604380+00:00,2026-07-11 11:21:08.604380+00:00,2026-07-11 09:39:58.109975+00:00,34.7,percepita,ambiente,raspberry_pi_4,camera
102,_result,0,2026-07-11 08:21:08.604380+00:00,2026-07-11 11:21:08.604380+00:00,2026-07-11 09:40:03.371635+00:00,34.7,percepita,ambiente,raspberry_pi_4,camera
103,_result,0,2026-07-11 08:21:08.604380+00:00,2026-07-11 11:21:08.604380+00:00,2026-07-11 09:40:08.640921+00:00,34.8,percepita,ambiente,raspberry_pi_4,camera
104,_result,0,2026-07-11 08:21:08.604380+00:00,2026-07-11 11:21:08.604380+00:00,2026-07-11 09:40:13.901315+00:00,34.7,percepita,ambiente,raspberry_pi_4,camera
105,_result,0,2026-07-11 08:21:08.604380+00:00,2026-07-11 11:21:08.604380+00:00,2026-07-11 09:40:19.171214+00:00,34.8,percepita,ambiente,raspberry_pi_4,camera
106,_result,0,2026-07-11 08:21:08.604380+00:00,2026-07-11 11:21:08.604380+00:00,2026-07-11 09:40:24.431377+00:00,34.8,percepita,ambiente,raspberry_pi_4,camera
107,_result,0,2026-07-11 08:21:08.604380+00:00,2026-07-11 11:21:08.604380+00:00,2026-07-11 09:40:29.702374+00:00,34.8,percepita,ambiente,raspberry_pi_4,camera
108,_result,0,2026-07-11 08:21:08.604380+00:00,2026-07-11 11:21:08.604380+00:00,2026-07-11 09:40:35.003234+00:00,34.8,percepita,ambiente,raspberry_pi_4,camera
109,_result,0,2026-07-11 08:21:08.604380+00:00,2026-07-11 11:21:08.604380+00:00,2026-07-11 09:40:40.288589+00:00,34.8,percepita,ambiente,raspberry_pi_4,camera
110,_result,0,2026-07-11 08:21:08.604380+00:00,2026-07-11 11:21:08.604380+00:00,2026-07-11 09:40:45.548273+00:00,34.8,percepita,ambiente,raspberry_pi_4,camera
111,_result,0,2026-07-11 08:21:08.604380+00:00,2026-07-11 11:21:08.604380+00:00,2026-07-11 09:40:50.818975+00:00,34.8,percepita,ambiente,raspberry_pi_4,camera
112,_result,0,2026-07-11 08:21:08.604380+00:00,2026-07-11 11:21:08.604380+00:00,2026-07-11 09:40:56.078857+00:00,34.6,percepita,ambiente,raspberry_pi_4,camera
113,_result,0,2026-07-11 08:21:08.604380+00:00,2026-07-11 11:21:08.604380+00:00,2026-07-11 09:41:01.349519+00:00,34.6,percepita,ambiente,raspberry_pi_4,camera
114,_result,0,2026-07-11 08:21:08.604380+00:00,2026-07-11 11:21:08.604380+00:00,2026-07-11 09:41:06.609553+00:00,34.6,percepita,ambiente,raspberry_pi_4,camera
115,_result,0,2026-07-11 08:21:08.604380+00:00,2026-07-11 11:21:08.604380+00:00,2026-07-11 09:41:11.897209+00:00,34.6,percepita,ambiente,raspberry_pi_4,camera
116,_result,0,2026-07-11 08:21:08.604380+00:00,2026-07-11 11:21:08.604380+00:00,2026-07-11 09:41:17.157688+00:00,34.6,percepita,ambiente,raspberry_pi_4,camera
117,_result,0,2026-07-11 08:21:08.604380+00:00,2026-07-11 11:21:08.604380+00:00,2026-07-11 09:41:22.429196+00:00,34.6,percepita,ambiente,raspberry_pi_4,camera
118,_result,0,2026-07-11 08:21:08.604380+00:00,2026-07-11 11:21:08.604380+00:00,2026-07-11 09:41:27.689382+00:00,34.8,percepita,ambiente,raspberry_pi_4,camera
119,_result,0,2026-07-11 08:21:08.604380+00:00,2026-07-11 11:21:08.604380+00:00,2026-07-11 09:41:32.961963+00:00,34.8,percepita,ambiente,raspberry_pi_4,camera
120,_result,0,2026-07-11 08:21:08.604380+00:00,2026-07-11 11:21:08.604380+00:00,2026-07-11 09:41:38.222538+00:00,34.8,percepita,ambiente,raspberry_pi_4,camera
121,_result,0,2026-07-11 08:21:08.604380+00:00,2026-07-11 11:21:08.604380+00:00,2026-07-11 09:41:43.491830+00:00,34.8,percepita,ambiente,raspberry_pi_4,camera
122,_result,0,2026-07-11 08:21:08.604380+00:00,2026-07-11 11:21:08.604380+00:00,2026-07-11 09:41:48.751767+00:00,34.6,percepita,ambiente,raspberry_pi_4,camera
123,_result,0,2026-07-11 08:21:08.604380+00:00,2026-07-11 11:21:08.604380+00:00,2026-07-11 09:41:54.021137+00:00,34.6,percepita,ambiente,raspberry_pi_4,camera
124,_result,0,2026-07-11 08:21:08.604380+00:00,2026-07-11 11:21:08.604380+00:00,2026-07-11 09:41:59.280948+00:00,34.8,percepita,ambiente,raspberry_pi_4,camera
125,_result,0,2026-07-11 08:21:08.604380+00:00,2026-07-11 11:21:08.604380+00:00,2026-07-11 09:42:04.554377+00:00,34.8,percepita,ambiente,raspberry_pi_4,camera
126,_result,0,2026-07-11 08:21:08.604380+00:00,2026-07-11 11:21:08.604380+00:00,2026-07-11 09:42:09.814840+00:00,34.8,percepita,ambiente,raspberry_pi_4,camera
127,_result,0,2026-07-11 08:21:08.604380+00:00,2026-07-11 11:21:08.604380+00:00,2026-07-11 09:42:20.338365+00:00,34.8,percepita,ambiente,raspberry_pi_4,camera
128,_result,0,2026-07-11 08:21:08.604380+00:00,2026-07-11 11:21:08.604380+00:00,2026-07-11 09:42:25.608019+00:00,34.8,percepita,ambiente,raspberry_pi_4,camera
129,_result,0,2026-07-11 08:21:08.604380+00:00,2026-07-11 11:21:08.604380+00:00,2026-07-11 09:42:30.870020+00:00,34.8,percepita,ambiente,raspberry_pi_4,camera
130,_result,0,2026-07-11 08:21:08.604380+00:00,2026-07-11 11:21:08.604380+00:00,2026-07-11 09:42:36.139368+00:00,34.8,percepita,ambiente,raspberry_pi_4,camera
131,_result,0,2026-07-11 08:21:08.604380+00:00,2026-07-11 11:21:08.604380+00:00,2026-07-11 09:42:41.399572+00:00,34.6,percepita,ambiente,raspberry_pi_4,camera
132,_result,0,2026-07-11 08:21:08.604380+00:00,2026-07-11 11:21:08.604380+00:00,2026-07-11 09:42:46.669148+00:00,34.6,percepita,ambiente,raspberry_pi_4,camera
133,_result,0,2026-07-11 08:21:08.604380+00:00,2026-07-11 11:21:08.604380+00:00,2026-07-11 09:42:57.192667+00:00,34.6,percepita,ambiente,raspberry_pi_4,camera
134,_result,0,2026-07-11 08:21:08.604380+00:00,2026-07-11 11:21:08.604380+00:00,2026-07-11 09:43:02.454247+00:00,34.6,percepita,ambiente,raspberry_pi_4,camera
135,_result,0,2026-07-11 08:21:08.604380+00:00,2026-07-11 11:21:08.604380+00:00,2026-07-11 09:43:07.723681+00:00,34.6,percepita,ambiente,raspberry_pi_4,camera
136,_result,0,2026-07-11 08:21:08.604380+00:00,2026-07-11 11:21:08.604380+00:00,2026-07-11 09:43:12.984120+00:00,34.6,percepita,ambiente,raspberry_pi_4,camera
137,_result,0,2026-07-11 08:21:08.604380+00:00,2026-07-11 11:21:08.604380+00:00,2026-07-11 09:43:18.254369+00:00,34.6,percepita,ambiente,raspberry_pi_4,camera
138,_result,0,2026-07-11 08:21:08.604380+00:00,2026-07-11 11:21:08.604380+00:00,2026-07-11 09:43:23.514910+00:00,34.6,percepita,ambiente,raspberry_pi_4,camera
139,_result,0,2026-07-11 08:21:08.604380+00:00,2026-07-11 11:21:08.604380+00:00,2026-07-11 09:43:28.786075+00:00,34.6,percepita,ambiente,raspberry_pi_4,camera
140,_result,0,2026-07-11 08:21:08.604380+00:00,2026-07-11 11:21:08.604380+00:00,2026-07-11 09:43:34.046589+00:00,34.6,percepita,ambiente,raspberry_pi_4,camera
141,_result,0,2026-07-11 08:21:08.604380+00:00,2026-07-11 11:21:08.604380+00:00,2026-07-11 09:43:39.316028+00:00,34.6,percepita,ambiente,raspberry_pi_4,camera
142,_result,0,2026-07-11 08:21:08.604380+00:00,2026-07-11 11:21:08.604380+00:00,2026-07-11 09:43:44.578183+00:00,34.6,percepita,ambiente,raspberry_pi_4,camera
143,_result,0,2026-07-11 08:21:08.604380+00:00,2026-07-11 11:21:08.604380+00:00,2026-07-11 09:43:49.847753+00:00,34.6,percepita,ambiente,raspberry_pi_4,camera
144,_result,0,2026-07-11 08:21:08.604380+00:00,2026-07-11 11:21:08.604380+00:00,2026-07-11 09:43:55.108095+00:00,34.6,percepita,ambiente,raspberry_pi_4,camera
145,_result,0,2026-07-11 08:21:08.604380+00:00,2026-07-11 11:21:08.604380+00:00,2026-07-11 09:44:00.380287+00:00,34.6,percepita,ambiente,raspberry_pi_4,camera
146,_result,0,2026-07-11 08:21:08.604380+00:00,2026-07-11 11:21:08.604380+00:00,2026-07-11 09:44:05.640206+00:00,34.6,percepita,ambiente,raspberry_pi_4,camera
147,_result,0,2026-07-11 08:21:08.604380+00:00,2026-07-11 11:21:08.604380+00:00,2026-07-11 09:44:10.909942+00:00,34.6,percepita,ambiente,raspberry_pi_4,camera
148,_result,0,2026-07-11 08:21:08.604380+00:00,2026-07-11 11:21:08.604380+00:00,2026-07-11 09:44:16.170079+00:00,34.6,percepita,ambiente,raspberry_pi_4,camera
149,_result,0,2026-07-11 08:21:08.604380+00:00,2026-07-11 11:21:08.604380+00:00,2026-07-11 09:44:21.456423+00:00,34.6,percepita,ambiente,raspberry_pi_4,camera
150,_result,0,2026-07-11 08:21:08.604380+00:00,2026-07-11 11:21:08.604380+00:00,2026-07-11 09:44:26.717298+00:00,34.8,percepita,ambiente,raspberry_pi_4,camera
151,_result,0,2026-07-11 08:21:08.604380+00:00,2026-07-11 11:21:08.604380+00:00,2026-07-11 09:44:31.988692+00:00,34.8,percepita,ambiente,raspberry_pi_4,camera
152,_result,0,2026-07-11 08:21:08.604380+00:00,2026-07-11 11:21:08.604380+00:00,2026-07-11 09:44:37.248836+00:00,34.8,percepita,ambiente,raspberry_pi_4,camera
153,_result,0,2026-07-11 08:21:08.604380+00:00,2026-07-11 11:21:08.604380+00:00,2026-07-11 09:44:42.522632+00:00,34.8,percepita,ambiente,raspberry_pi_4,camera
154,_result,0,2026-07-11 08:21:08.604380+00:00,2026-07-11 11:21:08.604380+00:00,2026-07-11 09:44:47.783016+00:00,34.8,percepita,ambiente,raspberry_pi_4,camera
155,_result,0,2026-07-11 08:21:08.604380+00:00,2026-07-11 11:21:08.604380+00:00,2026-07-11 09:44:53.052692+00:00,34.8,percepita,ambiente,raspberry_pi_4,camera
156,_result,0,2026-07-11 08:21:08.604380+00:00,2026-07-11 11:21:08.604380+00:00,2026-07-11 09:44:58.312720+00:00,34.8,percepita,ambiente,raspberry_pi_4,camera
157,_result,0,2026-07-11 08:21:08.604380+00:00,2026-07-11 11:21:08.604380+00:00,2026-07-11 09:45:03.583829+00:00,34.8,percepita,ambiente,raspberry_pi_4,camera
158,_result,0,2026-07-11 08:21:08.604380+00:00,2026-07-11 11:21:08.604380+00:00,2026-07-11 09:45:08.844128+00:00,34.8,percepita,ambiente,raspberry_pi_4,camera
159,_result,0,2026-07-11 08:21:08.604380+00:00,2026-07-11 11:21:08.604380+00:00,2026-07-11 09:45:14.113339+00:00,34.7,percepita,ambiente,raspberry_pi_4,camera
160,_result,0,2026-07-11 08:21:08.604380+00:00,2026-07-11 11:21:08.604380+00:00,2026-07-11 09:45:19.373302+00:00,34.8,percepita,ambiente,raspberry_pi_4,camera
161,_result,0,2026-07-11 08:21:08.604380+00:00,2026-07-11 11:21:08.604380+00:00,2026-07-11 09:45:24.643023+00:00,34.8,percepita,ambiente,raspberry_pi_4,camera
162,_result,0,2026-07-11 08:21:08.604380+00:00,2026-07-11 11:21:08.604380+00:00,2026-07-11 09:45:29.904841+00:00,34.5,percepita,ambiente,raspberry_pi_4,camera
163,_result,0,2026-07-11 08:21:08.604380+00:00,2026-07-11 11:21:08.604380+00:00,2026-07-11 09:45:35.175737+00:00,34.7,percepita,ambiente,raspberry_pi_4,camera
164,_result,0,2026-07-11 08:21:08.604380+00:00,2026-07-11 11:21:08.604380+00:00,2026-07-11 09:45:40.435954+00:00,34.8,percepita,ambiente,raspberry_pi_4,camera
165,_result,0,2026-07-11 08:21:08.604380+00:00,2026-07-11 11:21:08.604380+00:00,2026-07-11 09:45:45.705638+00:00,34.7,percepita,ambiente,raspberry_pi_4,camera
166,_result,0,2026-07-11 08:21:08.604380+00:00,2026-07-11 11:21:08.604380+00:00,2026-07-11 09:45:50.966869+00:00,34.5,percepita,ambiente,raspberry_pi_4,camera
167,_result,0,2026-07-11 08:21:08.604380+00:00,2026-07-11 11:21:08.604380+00:00,2026-07-11 09:45:56.236567+00:00,34.8,percepita,ambiente,raspberry_pi_4,camera
168,_result,0,2026-07-11 08:21:08.604380+00:00,2026-07-11 11:21:08.604380+00:00,2026-07-11 09:46:01.498345+00:00,34.7,percepita,ambiente,raspberry_pi_4,camera
169,_result,0,2026-07-11 08:21:08.604380+00:00,2026-07-11 11:21:08.604380+00:00,2026-07-11 09:46:06.784629+00:00,34.5,percepita,ambiente,raspberry_pi_4,camera
170,_result,0,2026-07-11 08:21:08.604380+00:00,2026-07-11 11:21:08.604380+00:00,2026-07-11 09:46:12.044694+00:00,34.5,percepita,ambiente,raspberry_pi_4,camera
171,_result,0,2026-07-11 08:21:08.604380+00:00,2026-07-11 11:21:08.604380+00:00,2026-07-11 09:46:17.315683+00:00,34.5,percepita,ambiente,raspberry_pi_4,camera
172,_result,0,2026-07-11 08:21:08.604380+00:00,2026-07-11 11:21:08.604380+00:00,2026-07-11 09:46:22.577096+00:00,34.5,percepita,ambiente,raspberry_pi_4,camera
173,_result,0,2026-07-11 08:21:08.604380+00:00,2026-07-11 11:21:08.604380+00:00,2026-07-11 09:46:27.846830+00:00,34.6,percepita,ambiente,raspberry_pi_4,camera
174,_result,0,2026-07-11 08:21:08.604380+00:00,2026-07-11 11:21:08.604380+00:00,2026-07-11 09:46:33.108398+00:00,34.6,percepita,ambiente,raspberry_pi_4,camera
175,_result,0,2026-07-11 08:21:08.604380+00:00,2026-07-11 11:21:08.604380+00:00,2026-07-11 09:46:38.377916+00:00,34.3,percepita,ambiente,raspberry_pi_4,camera
176,_result,0,2026-07-11 08:21:08.604380+00:00,2026-07-11 11:21:08.604380+00:00,2026-07-11 09:46:43.638112+00:00,34.3,percepita,ambiente,raspberry_pi_4,camera
177,_result,0,2026-07-11 08:21:08.604380+00:00,2026-07-11 11:21:08.604380+00:00,2026-07-11 09:46:48.907836+00:00,34.3,percepita,ambiente,raspberry_pi_4,camera
178,_result,0,2026-07-11 08:21:08.604380+00:00,2026-07-11 11:21:08.604380+00:00,2026-07-11 09:46:54.167953+00:00,34.3,percepita,ambiente,raspberry_pi_4,camera
179,_result,0,2026-07-11 08:21:08.604380+00:00,2026-07-11 11:21:08.604380+00:00,2026-07-11 09:46:59.439111+00:00,34.0,percepita,ambiente,raspberry_pi_4,camera
180,_result,0,2026-07-11 08:21:08.604380+00:00,2026-07-11 11:21:08.604380+00:00,2026-07-11 09:47:04.699345+00:00,33.8,percepita,ambiente,raspberry_pi_4,camera
181,_result,0,2026-07-11 08:21:08.604380+00:00,2026-07-11 11:21:08.604380+00:00,2026-07-11 09:47:15.223003+00:00,33.8,percepita,ambiente,raspberry_pi_4,camera
182,_result,0,2026-07-11 08:21:08.604380+00:00,2026-07-11 11:21:08.604380+00:00,2026-07-11 09:47:20.492609+00:00,33.8,percepita,ambiente,raspberry_pi_4,camera
183,_result,0,2026-07-11 08:21:08.604380+00:00,2026-07-11 11:21:08.604380+00:00,2026-07-11 09:47:25.752678+00:00,33.8,percepita,ambiente,raspberry_pi_4,camera
184,_result,0,2026-07-11 08:21:08.604380+00:00,2026-07-11 11:21:08.604380+00:00,2026-07-11 09:47:31.024053+00:00,33.8,percepita,ambiente,raspberry_pi_4,camera
185,_result,0,2026-07-11 08:21:08.604380+00:00,2026-07-11 11:21:08.604380+00:00,2026-07-11 09:47:36.283916+00:00,33.8,percepita,ambiente,raspberry_pi_4,camera
186,_result,0,2026-07-11 08:21:08.604380+00:00,2026-07-11 11:21:08.604380+00:00,2026-07-11 09:47:41.557023+00:00,33.8,percepita,ambiente,raspberry_pi_4,camera
187,_result,0,2026-07-11 08:21:08.604380+00:00,2026-07-11 11:21:08.604380+00:00,2026-07-11 09:47:46.817851+00:00,33.8,percepita,ambiente,raspberry_pi_4,camera
188,_result,0,2026-07-11 08:21:08.604380+00:00,2026-07-11 11:21:08.604380+00:00,2026-07-11 09:47:52.088010+00:00,33.8,percepita,ambiente,raspberry_pi_4,camera
189,_result,0,2026-07-11 08:21:08.604380+00:00,2026-07-11 11:21:08.604380+00:00,2026-07-11 09:47:57.348532+00:00,33.8,percepita,ambiente,raspberry_pi_4,camera
190,_result,0,2026-07-11 08:21:08.604380+00:00,2026-07-11 11:21:08.604380+00:00,2026-07-11 09:48:02.621237+00:00,33.8,percepita,ambiente,raspberry_pi_4,camera
191,_result,0,2026-07-11 08:21:08.604380+00:00,2026-07-11 11:21:08.604380+00:00,2026-07-11 09:48:07.881328+00:00,33.8,percepita,ambiente,raspberry_pi_4,camera
192,_result,0,2026-07-11 08:21:08.604380+00:00,2026-07-11 11:21:08.604380+00:00,2026-07-11 09:48:18.404789+00:00,33.8,percepita,ambiente,raspberry_pi_4,camera
193,_result,0,2026-07-11 08:21:08.604380+00:00,2026-07-11 11:21:08.604380+00:00,2026-07-11 09:48:23.677434+00:00,33.8,percepita,ambiente,raspberry_pi_4,camera
194,_result,0,2026-07-11 08:21:08.604380+00:00,2026-07-11 11:21:08.604380+00:00,2026-07-11 09:48:28.937466+00:00,33.8,percepita,ambiente,raspberry_pi_4,camera
195,_result,0,2026-07-11 08:21:08.604380+00:00,2026-07-11 11:21:08.604380+00:00,2026-07-11 09:48:34.208285+00:00,33.8,percepita,ambiente,raspberry_pi_4,camera
196,_result,0,2026-07-11 08:21:08.604380+00:00,2026-07-11 11:21:08.604380+00:00,2026-07-11 09:48:39.468361+00:00,33.8,percepita,ambiente,raspberry_pi_4,camera
197,_result,0,2026-07-11 08:21:08.604380+00:00,2026-07-11 11:21:08.604380+00:00,2026-07-11 09:48:44.738074+00:00,33.8,percepita,ambiente,raspberry_pi_4,camera
198,_result,0,2026-07-11 08:21:08.604380+00:00,2026-07-11 11:21:08.604380+00:00,2026-07-11 09:48:49.998175+00:00,33.8,percepita,ambiente,raspberry_pi_4,camera
199,_result,0,2026-07-11 08:21:08.604380+00:00,2026-07-11 11:21:08.604380+00:00,2026-07-11 09:48:55.268133+00:00,33.8,percepita,ambiente,raspberry_pi_4,camera
200,_result,0,2026-07-11 08:21:08.604380+00:00,2026-07-11 11:21:08.604380+00:00,2026-07-11 09:49:05.793822+00:00,33.8,percepita,ambiente,raspberry_pi_4,camera
201,_result,0,2026-07-11 08:21:08.604380+00:00,2026-07-11 11:21:08.604380+00:00,2026-07-11 09:49:11.053992+00:00,33.8,percepita,ambiente,raspberry_pi_4,camera
202,_result,0,2026-07-11 08:21:08.604380+00:00,2026-07-11 11:21:08.604380+00:00,2026-07-11 09:49:16.323377+00:00,33.8,percepita,ambiente,raspberry_pi_4,camera
203,_result,0,2026-07-11 08:21:08.604380+00:00,2026-07-11 11:21:08.604380+00:00,2026-07-11 09:49:21.583590+00:00,33.8,percepita,ambiente,raspberry_pi_4,camera
204,_result,0,2026-07-11 08:21:08.604380+00:00,2026-07-11 11:21:08.604380+00:00,2026-07-11 09:49:26.852594+00:00,33.8,percepita,ambiente,raspberry_pi_4,camera
205,_result,0,2026-07-11 08:21:08.604380+00:00,2026-07-11 11:21:08.604380+00:00,2026-07-11 09:49:32.114020+00:00,33.8,percepita,ambiente,raspberry_pi_4,camera
206,_result,0,2026-07-11 08:21:08.604380+00:00,2026-07-11 11:21:08.604380+00:00,2026-07-11 09:49:37.383201+00:00,33.8,percepita,ambiente,raspberry_pi_4,camera
207,_result,0,2026-07-11 08:21:08.604380+00:00,2026-07-11 11:21:08.604380+00:00,2026-07-11 09:49:42.644539+00:00,33.8,percepita,ambiente,raspberry_pi_4,camera
208,_result,0,2026-07-11 08:21:08.604380+00:00,2026-07-11 11:21:08.604380+00:00,2026-07-11 09:49:47.914117+00:00,33.8,percepita,ambiente,raspberry_pi_4,camera
209,_result,0,2026-07-11 08:21:08.604380+00:00,2026-07-11 11:21:08.604380+00:00,2026-07-11 09:49:53.174139+00:00,33.8,percepita,ambiente,raspberry_pi_4,camera
210,_result,0,2026-07-11 08:21:08.604380+00:00,2026-07-11 11:21:08.604380+00:00,2026-07-11 09:49:58.443691+00:00,34.0,percepita,ambiente,raspberry_pi_4,camera
211,_result,0,2026-07-11 08:21:08.604380+00:00,2026-07-11 11:21:08.604380+00:00,2026-07-11 09:50:03.705149+00:00,33.8,percepita,ambiente,raspberry_pi_4,camera
212,_result,0,2026-07-11 08:21:08.604380+00:00,2026-07-11 11:21:08.604380+00:00,2026-07-11 09:50:08.975060+00:00,33.8,percepita,ambiente,raspberry_pi_4,camera
213,_result,0,2026-07-11 08:21:08.604380+00:00,2026-07-11 11:21:08.604380+00:00,2026-07-11 09:50:14.235207+00:00,34.0,percepita,ambiente,raspberry_pi_4,camera
214,_result,0,2026-07-11 08:21:08.604380+00:00,2026-07-11 11:21:08.604380+00:00,2026-07-11 09:50:19.504912+00:00,33.8,percepita,ambiente,raspberry_pi_4,camera
215,_result,0,2026-07-11 08:21:08.604380+00:00,2026-07-11 11:21:08.604380+00:00,2026-07-11 09:50:24.765249+00:00,33.8,percepita,ambiente,raspberry_pi_4,camera
216,_result,0,2026-07-11 08:21:08.604380+00:00,2026-07-11 11:21:08.604380+00:00,2026-07-11 09:50:30.036567+00:00,33.8,percepita,ambiente,raspberry_pi_4,camera
217,_result,0,2026-07-11 08:21:08.604380+00:00,2026-07-11 11:21:08.604380+00:00,2026-07-11 09:50:35.297812+00:00,33.8,percepita,ambiente,raspberry_pi_4,camera
218,_result,0,2026-07-11 08:21:08.604380+00:00,2026-07-11 11:21:08.604380+00:00,2026-07-11 09:50:40.567712+00:00,33.8,percepita,ambiente,raspberry_pi_4,camera
219,_result,0,2026-07-11 08:21:08.604380+00:00,2026-07-11 11:21:08.604380+00:00,2026-07-11 09:50:45.827707+00:00,33.8,percepita,ambiente,raspberry_pi_4,camera
220,_result,0,2026-07-11 08:21:08.604380+00:00,2026-07-11 11:21:08.604380+00:00,2026-07-11 09:50:51.097497+00:00,33.8,percepita,ambiente,raspberry_pi_4,camera
221,_result,0,2026-07-11 08:21:08.604380+00:00,2026-07-11 11:21:08.604380+00:00,2026-07-11 09:50:56.357529+00:00,33.8,percepita,ambiente,raspberry_pi_4,camera
222,_result,0,2026-07-11 08:21:08.604380+00:00,2026-07-11 11:21:08.604380+00:00,2026-07-11 09:51:01.628229+00:00,33.8,percepita,ambiente,raspberry_pi_4,camera
223,_result,0,2026-07-11 08:21:08.604380+00:00,2026-07-11 11:21:08.604380+00:00,2026-07-11 09:51:06.888329+00:00,33.8,percepita,ambiente,raspberry_pi_4,camera
224,_result,0,2026-07-11 08:21:08.604380+00:00,2026-07-11 11:21:08.604380+00:00,2026-07-11 09:51:12.158234+00:00,33.8,percepita,ambiente,raspberry_pi_4,camera
225,_result,0,2026-07-11 08:21:08.604380+00:00,2026-07-11 11:21:08.604380+00:00,2026-07-11 09:51:17.418306+00:00,33.8,percepita,ambiente,raspberry_pi_4,camera
226,_result,0,2026-07-11 08:21:08.604380+00:00,2026-07-11 11:21:08.604380+00:00,2026-07-11 09:51:22.688382+00:00,33.8,percepita,ambiente,raspberry_pi_4,camera
227,_result,0,2026-07-11 08:21:08.604380+00:00,2026-07-11 11:21:08.604380+00:00,2026-07-11 09:51:27.948637+00:00,33.8,percepita,ambiente,raspberry_pi_4,camera
228,_result,0,2026-07-11 08:21:08.604380+00:00,2026-07-11 11:21:08.604380+00:00,2026-07-11 09:51:33.220672+00:00,33.8,percepita,ambiente,raspberry_pi_4,camera
229,_result,0,2026-07-11 08:21:08.604380+00:00,2026-07-11 11:21:08.604380+00:00,2026-07-11 09:51:38.480490+00:00,33.8,percepita,ambiente,raspberry_pi_4,camera
230,_result,0,2026-07-11 08:21:08.604380+00:00,2026-07-11 11:21:08.604380+00:00,2026-07-11 09:51:43.750073+00:00,33.8,percepita,ambiente,raspberry_pi_4,camera
231,_result,0,2026-07-11 08:21:08.604380+00:00,2026-07-11 11:21:08.604380+00:00,2026-07-11 09:51:49.009962+00:00,33.8,percepita,ambiente,raspberry_pi_4,camera
232,_result,0,2026-07-11 08:21:08.604380+00:00,2026-07-11 11:21:08.604380+00:00,2026-07-11 09:51:54.279495+00:00,33.8,percepita,ambiente,raspberry_pi_4,camera
233,_result,0,2026-07-11 08:21:08.604380+00:00,2026-07-11 11:21:08.604380+00:00,2026-07-11 09:51:59.540791+00:00,34.0,percepita,ambiente,raspberry_pi_4,camera
234,_result,0,2026-07-11 08:21:08.604380+00:00,2026-07-11 11:21:08.604380+00:00,2026-07-11 09:52:04.810557+00:00,33.8,percepita,ambiente,raspberry_pi_4,camera
235,_result,0,2026-07-11 08:21:08.604380+00:00,2026-07-11 11:21:08.604380+00:00,2026-07-11 09:52:10.070586+00:00,33.8,percepita,ambiente,raspberry_pi_4,camera
236,_result,0,2026-07-11 08:21:08.604380+00:00,2026-07-11 11:21:08.604380+00:00,2026-07-11 09:52:15.339967+00:00,33.8,percepita,ambiente,raspberry_pi_4,camera
237,_result,0,2026-07-11 08:21:08.604380+00:00,2026-07-11 11:21:08.604380+00:00,2026-07-11 09:52:20.600160+00:00,34.0,percepita,ambiente,raspberry_pi_4,camera
238,_result,0,2026-07-11 08:21:08.604380+00:00,2026-07-11 11:21:08.604380+00:00,2026-07-11 09:52:25.869458+00:00,34.0,percepita,ambiente,raspberry_pi_4,camera
239,_result,0,2026-07-11 08:21:08.604380+00:00,2026-07-11 11:21:08.604380+00:00,2026-07-11 09:52:31.131207+00:00,34.0,percepita,ambiente,raspberry_pi_4,camera
240,_result,0,2026-07-11 08:21:08.604380+00:00,2026-07-11 11:21:08.604380+00:00,2026-07-11 09:52:36.400386+00:00,34.0,percepita,ambiente,raspberry_pi_4,camera
241,_result,0,2026-07-11 08:21:08.604380+00:00,2026-07-11 11:21:08.604380+00:00,2026-07-11 09:52:41.660394+00:00,33.8,percepita,ambiente,raspberry_pi_4,camera
242,_result,0,2026-07-11 08:21:08.604380+00:00,2026-07-11 11:21:08.604380+00:00,2026-07-11 09:52:46.930240+00:00,33.8,percepita,ambiente,raspberry_pi_4,camera
243,_result,0,2026-07-11 08:21:08.604380+00:00,2026-07-11 11:21:08.604380+00:00,2026-07-11 09:52:52.190034+00:00,33.8,percepita,ambiente,raspberry_pi_4,camera
244,_result,0,2026-07-11 08:21:08.604380+00:00,2026-07-11 11:21:08.604380+00:00,2026-07-11 09:52:57.459659+00:00,33.8,percepita,ambiente,raspberry_pi_4,camera
245,_result,0,2026-07-11 08:21:08.604380+00:00,2026-07-11 11:21:08.604380+00:00,2026-07-11 09:53:02.721160+00:00,33.8,percepita,ambiente,raspberry_pi_4,camera
246,_result,0,2026-07-11 08:21:08.604380+00:00,2026-07-11 11:21:08.604380+00:00,2026-07-11 09:53:07.990584+00:00,33.8,percepita,ambiente,raspberry_pi_4,camera
247,_result,0,2026-07-11 08:21:08.604380+00:00,2026-07-11 11:21:08.604380+00:00,2026-07-11 09:53:13.250835+00:00,33.8,percepita,ambiente,raspberry_pi_4,camera
248,_result,0,2026-07-11 08:21:08.604380+00:00,2026-07-11 11:21:08.604380+00:00,2026-07-11 09:53:18.520934+00:00,33.8,percepita,ambiente,raspberry_pi_4,camera
249,_result,0,2026-07-11 08:21:08.604380+00:00,2026-07-11 11:21:08.604380+00:00,2026-07-11 09:53:23.781148+00:00,34.0,percepita,ambiente,raspberry_pi_4,camera
250,_result,0,2026-07-11 08:21:08.604380+00:00,2026-07-11 11:21:08.604380+00:00,2026-07-11 09:53:29.052083+00:00,34.0,percepita,ambiente,raspberry_pi_4,camera
251,_result,0,2026-07-11 08:21:08.604380+00:00,2026-07-11 11:21:08.604380+00:00,2026-07-11 09:53:34.311960+00:00,34.0,percepita,ambiente,raspberry_pi_4,camera
252,_result,0,2026-07-11 08:21:08.604380+00:00,2026-07-11 11:21:08.604380+00:00,2026-07-11 09:53:39.582496+00:00,33.8,percepita,ambiente,raspberry_pi_4,camera
253,_result,0,2026-07-11 08:21:08.604380+00:00,2026-07-11 11:21:08.604380+00:00,2026-07-11 09:53:44.842875+00:00,33.8,percepita,ambiente,raspberry_pi_4,camera
254,_result,0,2026-07-11 08:21:08.604380+00:00,2026-07-11 11:21:08.604380+00:00,2026-07-11 09:53:50.112340+00:00,33.8,percepita,ambiente,raspberry_pi_4,camera
255,_result,0,2026-07-11 08:21:08.604380+00:00,2026-07-11 11:21:08.604380+00:00,2026-07-11 09:53:55.372345+00:00,33.8,percepita,ambiente,raspberry_pi_4,camera
256,_result,0,2026-07-11 08:21:08.604380+00:00,2026-07-11 11:21:08.604380+00:00,2026-07-11 09:54:00.643061+00:00,33.8,percepita,ambiente,raspberry_pi_4,camera
257,_result,0,2026-07-11 08:21:08.604380+00:00,2026-07-11 11:21:08.604380+00:00,2026-07-11 09:54:05.903245+00:00,33.8,percepita,ambiente,raspberry_pi_4,camera
258,_result,0,2026-07-11 08:21:08.604380+00:00,2026-07-11 11:21:08.604380+00:00,2026-07-11 09:54:11.172521+00:00,33.8,percepita,ambiente,raspberry_pi_4,camera
259,_result,0,2026-07-11 08:21:08.604380+00:00,2026-07-11 11:21:08.604380+00:00,2026-07-11 09:54:16.432491+00:00,33.8,percepita,ambiente,raspberry_pi_4,camera
260,_result,0,2026-07-11 08:21:08.604380+00:00,2026-07-11 11:21:08.604380+00:00,2026-07-11 09:54:21.701979+00:00,33.8,percepita,ambiente,raspberry_pi_4,camera
261,_result,0,2026-07-11 08:21:08.604380+00:00,2026-07-11 11:21:08.604380+00:00,2026-07-11 09:54:26.961937+00:00,33.8,percepita,ambiente,raspberry_pi_4,camera
262,_result,0,2026-07-11 08:21:08.604380+00:00,2026-07-11 11:21:08.604380+00:00,2026-07-11 09:54:32.233331+00:00,33.8,percepita,ambiente,raspberry_pi_4,camera
263,_result,0,2026-07-11 08:21:08.604380+00:00,2026-07-11 11:21:08.604380+00:00,2026-07-11 09:54:37.493184+00:00,33.8,percepita,ambiente,raspberry_pi_4,camera
264,_result,0,2026-07-11 08:21:08.604380+00:00,2026-07-11 11:21:08.604380+00:00,2026-07-11 09:54:42.762504+00:00,33.8,percepita,ambiente,raspberry_pi_4,camera
265,_result,0,2026-07-11 08:21:08.604380+00:00,2026-07-11 11:21:08.604380+00:00,2026-07-11 09:54:48.022778+00:00,33.8,percepita,ambiente,raspberry_pi_4,camera
266,_result,0,2026-07-11 08:21:08.604380+00:00,2026-07-11 11:21:08.604380+00:00,2026-07-11 09:54:53.292537+00:00,33.8,percepita,ambiente,raspberry_pi_4,camera
267,_result,0,2026-07-11 08:21:08.604380+00:00,2026-07-11 11:21:08.604380+00:00,2026-07-11 09:54:58.552598+00:00,33.8,percepita,ambiente,raspberry_pi_4,camera
268,_result,0,2026-07-11 08:21:08.604380+00:00,2026-07-11 11:21:08.604380+00:00,2026-07-11 09:55:03.823865+00:00,33.8,percepita,ambiente,raspberry_pi_4,camera
269,_result,0,2026-07-11 08:21:08.604380+00:00,2026-07-11 11:21:08.604380+00:00,2026-07-11 09:55:14.347781+00:00,33.8,percepita,ambiente,raspberry_pi_4,camera
270,_result,0,2026-07-11 08:21:08.604380+00:00,2026-07-11 11:21:08.604380+00:00,2026-07-11 09:55:19.607588+00:00,33.8,percepita,ambiente,raspberry_pi_4,camera
271,_result,0,2026-07-11 08:21:08.604380+00:00,2026-07-11 11:21:08.604380+00:00,2026-07-11 09:55:24.877143+00:00,34.0,percepita,ambiente,raspberry_pi_4,camera
272,_result,0,2026-07-11 08:21:08.604380+00:00,2026-07-11 11:21:08.604380+00:00,2026-07-11 09:55:30.138986+00:00,34.0,percepita,ambiente,raspberry_pi_4,camera
273,_result,0,2026-07-11 08:21:08.604380+00:00,2026-07-11 11:21:08.604380+00:00,2026-07-11 09:55:35.408021+00:00,34.0,percepita,ambiente,raspberry_pi_4,camera
274,_result,0,2026-07-11 08:21:08.604380+00:00,2026-07-11 11:21:08.604380+00:00,2026-07-11 09:55:40.667923+00:00,34.0,percepita,ambiente,raspberry_pi_4,camera
275,_result,0,2026-07-11 08:21:08.604380+00:00,2026-07-11 11:21:08.604380+00:00,2026-07-11 09:55:45.937264+00:00,34.0,percepita,ambiente,raspberry_pi_4,camera
276,_result,0,2026-07-11 08:21:08.604380+00:00,2026-07-11 11:21:08.604380+00:00,2026-07-11 09:55:56.463456+00:00,34.0,percepita,ambiente,raspberry_pi_4,camera
277,_result,0,2026-07-11 08:21:08.604380+00:00,2026-07-11 11:21:08.604380+00:00,2026-07-11 09:56:01.729342+00:00,34.0,percepita,ambiente,raspberry_pi_4,camera
278,_result,0,2026-07-11 08:21:08.604380+00:00,2026-07-11 11:21:08.604380+00:00,2026-07-11 09:56:07.001646+00:00,34.0,percepita,ambiente,raspberry_pi_4,camera
279,_result,0,2026-07-11 08:21:08.604380+00:00,2026-07-11 11:21:08.604380+00:00,2026-07-11 09:56:12.262043+00:00,34.0,percepita,ambiente,raspberry_pi_4,camera
280,_result,0,2026-07-11 08:21:08.604380+00:00,2026-07-11 11:21:08.604380+00:00,2026-07-11 09:56:17.531616+00:00,34.0,percepita,ambiente,raspberry_pi_4,camera
281,_result,0,2026-07-11 08:21:08.604380+00:00,2026-07-11 11:21:08.604380+00:00,2026-07-11 09:56:22.791522+00:00,34.0,percepita,ambiente,raspberry_pi_4,camera
282,_result,0,2026-07-11 08:21:08.604380+00:00,2026-07-11 11:21:08.604380+00:00,2026-07-11 09:56:28.061423+00:00,34.0,percepita,ambiente,raspberry_pi_4,camera
283,_result,0,2026-07-11 08:21:08.604380+00:00,2026-07-11 11:21:08.604380+00:00,2026-07-11 09:56:33.323131+00:00,34.0,percepita,ambiente,raspberry_pi_4,camera
284,_result,0,2026-07-11 08:21:08.604380+00:00,2026-07-11 11:21:08.604380+00:00,2026-07-11 09:56:38.592567+00:00,34.0,percepita,ambiente,raspberry_pi_4,camera
285,_result,0,2026-07-11 08:21:08.604380+00:00,2026-07-11 11:21:08.604380+00:00,2026-07-11 09:56:43.852483+00:00,34.0,percepita,ambiente,raspberry_pi_4,camera
286,_result,0,2026-07-11 08:21:08.604380+00:00,2026-07-11 11:21:08.604380+00:00,2026-07-11 09:56:49.122272+00:00,34.0,percepita,ambiente,raspberry_pi_4,camera
287,_result,0,2026-07-11 08:21:08.604380+00:00,2026-07-11 11:21:08.604380+00:00,2026-07-11 09:56:54.382237+00:00,34.0,percepita,ambiente,raspberry_pi_4,camera
288,_result,0,2026-07-11 08:21:08.604380+00:00,2026-07-11 11:21:08.604380+00:00,2026-07-11 09:56:59.653083+00:00,34.0,percepita,ambiente,raspberry_pi_4,camera
289,_result,0,2026-07-11 08:21:08.604380+00:00,2026-07-11 11:21:08.604380+00:00,2026-07-11 09:57:04.914513+00:00,34.0,percepita,ambiente,raspberry_pi_4,camera
290,_result,0,2026-07-11 08:21:08.604380+00:00,2026-07-11 11:21:08.604380+00:00,2026-07-11 09:57:10.184511+00:00,34.0,percepita,ambiente,raspberry_pi_4,camera
291,_result,0,2026-07-11 08:21:08.604380+00:00,2026-07-11 11:21:08.604380+00:00,2026-07-11 09:57:15.444703+00:00,34.0,percepita,ambiente,raspberry_pi_4,camera
292,_result,0,2026-07-11 08:21:08.604380+00:00,2026-07-11 11:21:08.604380+00:00,2026-07-11 09:57:20.714686+00:00,34.0,percepita,ambiente,raspberry_pi_4,camera
293,_result,0,2026-07-11 08:21:08.604380+00:00,2026-07-11 11:21:08.604380+00:00,2026-07-11 09:57:25.974824+00:00,34.0,percepita,ambiente,raspberry_pi_4,camera
294,_result,0,2026-07-11 08:21:08.604380+00:00,2026-07-11 11:21:08.604380+00:00,2026-07-11 09:57:31.246234+00:00,34.0,percepita,ambiente,raspberry_pi_4,camera
295,_result,0,2026-07-11 08:21:08.604380+00:00,2026-07-11 11:21:08.604380+00:00,2026-07-11 09:57:36.506381+00:00,34.0,percepita,ambiente,raspberry_pi_4,camera
296,_result,0,2026-07-11 08:21:08.604380+00:00,2026-07-11 11:21:08.604380+00:00,2026-07-11 09:57:41.775601+00:00,34.0,percepita,ambiente,raspberry_pi_4,camera
297,_result,0,2026-07-11 08:21:08.604380+00:00,2026-07-11 11:21:08.604380+00:00,2026-07-11 09:57:47.035934+00:00,34.0,percepita,ambiente,raspberry_pi_4,camera
298,_result,0,2026-07-11 08:21:08.604380+00:00,2026-07-11 11:21:08.604380+00:00,2026-07-11 09:57:52.305320+00:00,34.0,percepita,ambiente,raspberry_pi_4,camera
299,_result,0,2026-07-11 08:21:08.604380+00:00,2026-07-11 11:21:08.604380+00:00,2026-07-11 09:57:57.565505+00:00,34.0,percepita,ambiente,raspberry_pi_4,camera
300,_result,0,2026-07-11 08:21:08.604380+00:00,2026-07-11 11:21:08.604380+00:00,2026-07-11 09:58:02.836611+00:00,34.0,percepita,ambiente,raspberry_pi_4,camera
301,_result,0,2026-07-11 08:21:08.604380+00:00,2026-07-11 11:21:08.604380+00:00,2026-07-11 09:58:08.096558+00:00,34.0,percepita,ambiente,raspberry_pi_4,camera
302,_result,0,2026-07-11 08:21:08.604380+00:00,2026-07-11 11:21:08.604380+00:00,2026-07-11 09:58:13.366512+00:00,34.0,percepita,ambiente,raspberry_pi_4,camera
303,_result,0,2026-07-11 08:21:08.604380+00:00,2026-07-11 11:21:08.604380+00:00,2026-07-11 09:58:18.626560+00:00,34.0,percepita,ambiente,raspberry_pi_4,camera
304,_result,0,2026-07-11 08:21:08.604380+00:00,2026-07-11 11:21:08.604380+00:00,2026-07-11 09:58:23.896212+00:00,34.0,percepita,ambiente,raspberry_pi_4,camera
305,_result,0,2026-07-11 08:21:08.604380+00:00,2026-07-11 11:21:08.604380+00:00,2026-07-11 09:58:29.156528+00:00,34.0,percepita,ambiente,raspberry_pi_4,camera
306,_result,0,2026-07-11 08:21:08.604380+00:00,2026-07-11 11:21:08.604380+00:00,2026-07-11 09:58:34.427791+00:00,34.0,percepita,ambiente,raspberry_pi_4,camera
307,_result,0,2026-07-11 08:21:08.604380+00:00,2026-07-11 11:21:08.604380+00:00,2026-07-11 09:58:39.687955+00:00,34.0,percepita,ambiente,raspberry_pi_4,camera
308,_result,0,2026-07-11 08:21:08.604380+00:00,2026-07-11 11:21:08.604380+00:00,2026-07-11 09:58:50.211539+00:00,34.0,percepita,ambiente,raspberry_pi_4,camera
309,_result,0,2026-07-11 08:21:08.604380+00:00,2026-07-11 11:21:08.604380+00:00,2026-07-11 09:58:55.481665+00:00,34.0,percepita,ambiente,raspberry_pi_4,camera
310,_result,0,2026-07-11 08:21:08.604380+00:00,2026-07-11 11:21:08.604380+00:00,2026-07-11 09:59:00.744053+00:00,34.0,percepita,ambiente,raspberry_pi_4,camera
311,_result,0,2026-07-11 08:21:08.604380+00:00,2026-07-11 11:21:08.604380+00:00,2026-07-11 09:59:06.013284+00:00,34.0,percepita,ambiente,raspberry_pi_4,camera
312,_result,0,2026-07-11 08:21:08.604380+00:00,2026-07-11 11:21:08.604380+00:00,2026-07-11 09:59:11.273610+00:00,34.0,percepita,ambiente,raspberry_pi_4,camera
313,_result,0,2026-07-11 08:21:08.604380+00:00,2026-07-11 11:21:08.604380+00:00,2026-07-11 09:59:21.799285+00:00,34.0,percepita,ambiente,raspberry_pi_4,camera
314,_result,0,2026-07-11 08:21:08.604380+00:00,2026-07-11 11:21:08.604380+00:00,2026-07-11 09:59:27.071580+00:00,34.0,percepita,ambiente,raspberry_pi_4,camera
315,_result,0,2026-07-11 08:21:08.604380+00:00,2026-07-11 11:21:08.604380+00:00,2026-07-11 09:59:32.333884+00:00,34.0,percepita,ambiente,raspberry_pi_4,camera
316,_result,0,2026-07-11 08:21:08.604380+00:00,2026-07-11 11:21:08.604380+00:00,2026-07-11 09:59:42.858541+00:00,34.0,percepita,ambiente,raspberry_pi_4,camera
317,_result,0,2026-07-11 08:21:08.604380+00:00,2026-07-11 11:21:08.604380+00:00,2026-07-11 09:59:48.130406+00:00,34.0,percepita,ambiente,raspberry_pi_4,camera
318,_result,0,2026-07-11 08:21:08.604380+00:00,2026-07-11 11:21:08.604380+00:00,2026-07-11 09:59:53.390488+00:00,34.0,percepita,ambiente,raspberry_pi_4,camera
319,_result,0,2026-07-11 08:21:08.604380+00:00,2026-07-11 11:21:08.604380+00:00,2026-07-11 09:59:58.661931+00:00,34.0,percepita,ambiente,raspberry_pi_4,camera
320,_result,0,2026-07-11 08:21:08.604380+00:00,2026-07-11 11:21:08.604380+00:00,2026-07-11 10:00:03.921978+00:00,34.0,percepita,ambiente,raspberry_pi_4,camera
321,_result,0,2026-07-11 08:21:08.604380+00:00,2026-07-11 11:21:08.604380+00:00,2026-07-11 10:00:09.191718+00:00,34.0,percepita,ambiente,raspberry_pi_4,camera
322,_result,0,2026-07-11 08:21:08.604380+00:00,2026-07-11 11:21:08.604380+00:00,2026-07-11 10:00:14.451948+00:00,34.0,percepita,ambiente,raspberry_pi_4,camera
323,_result,0,2026-07-11 08:21:08.604380+00:00,2026-07-11 11:21:08.604380+00:00,2026-07-11 10:00:19.721768+00:00,34.0,percepita,ambiente,raspberry_pi_4,camera
324,_result,0,2026-07-11 08:21:08.604380+00:00,2026-07-11 11:21:08.604380+00:00,2026-07-11 10:00:24.982044+00:00,34.0,percepita,ambiente,raspberry_pi_4,camera
325,_result,0,2026-07-11 08:21:08.604380+00:00,2026-07-11 11:21:08.604380+00:00,2026-07-11 10:00:30.253274+00:00,34.0,percepita,ambiente,raspberry_pi_4,camera
326,_result,0,2026-07-11 08:21:08.604380+00:00,2026-07-11 11:21:08.604380+00:00,2026-07-11 10:00:35.513291+00:00,34.0,percepita,ambiente,raspberry_pi_4,camera
327,_result,0,2026-07-11 08:21:08.604380+00:00,2026-07-11 11:21:08.604380+00:00,2026-07-11 10:00:40.782663+00:00,34.0,percepita,ambiente,raspberry_pi_4,camera
328,_result,0,2026-07-11 08:21:08.604380+00:00,2026-07-11 11:21:08.604380+00:00,2026-07-11 10:00:46.042882+00:00,34.0,percepita,ambiente,raspberry_pi_4,camera
329,_result,0,2026-07-11 08:21:08.604380+00:00,2026-07-11 11:21:08.604380+00:00,2026-07-11 10:00:51.312552+00:00,34.0,percepita,ambiente,raspberry_pi_4,camera
330,_result,0,2026-07-11 08:21:08.604380+00:00,2026-07-11 11:21:08.604380+00:00,2026-07-11 10:00:56.573562+00:00,34.0,percepita,ambiente,raspberry_pi_4,camera
331,_result,0,2026-07-11 08:21:08.604380+00:00,2026-07-11 11:21:08.604380+00:00,2026-07-11 10:01:01.844808+00:00,34.0,percepita,ambiente,raspberry_pi_4,camera
332,_result,0,2026-07-11 08:21:08.604380+00:00,2026-07-11 11:21:08.604380+00:00,2026-07-11 10:01:07.104865+00:00,34.0,percepita,ambiente,raspberry_pi_4,camera
333,_result,0,2026-07-11 08:21:08.604380+00:00,2026-07-11 11:21:08.604380+00:00,2026-07-11 10:01:12.374378+00:00,34.3,percepita,ambiente,raspberry_pi_4,camera
334,_result,0,2026-07-11 08:21:08.604380+00:00,2026-07-11 11:21:08.604380+00:00,2026-07-11 10:01:17.634764+00:00,34.3,percepita,ambiente,raspberry_pi_4,camera
335,_result,0,2026-07-11 08:21:08.604380+00:00,2026-07-11 11:21:08.604380+00:00,2026-07-11 10:01:22.904078+00:00,34.3,percepita,ambiente,raspberry_pi_4,camera
336,_result,0,2026-07-11 08:21:08.604380+00:00,2026-07-11 11:21:08.604380+00:00,2026-07-11 10:01:28.164073+00:00,34.3,percepita,ambiente,raspberry_pi_4,camera
337,_result,0,2026-07-11 08:21:08.604380+00:00,2026-07-11 11:21:08.604380+00:00,2026-07-11 10:01:33.435446+00:00,34.4,percepita,ambiente,raspberry_pi_4,camera
338,_result,0,2026-07-11 08:21:08.604380+00:00,2026-07-11 11:21:08.604380+00:00,2026-07-11 10:01:38.695393+00:00,34.3,percepita,ambiente,raspberry_pi_4,camera
339,_result,0,2026-07-11 08:21:08.604380+00:00,2026-07-11 11:21:08.604380+00:00,2026-07-11 10:01:43.964789+00:00,34.0,percepita,ambiente,raspberry_pi_4,camera
340,_result,0,2026-07-11 08:21:08.604380+00:00,2026-07-11 11:21:08.604380+00:00,2026-07-11 10:01:49.225094+00:00,34.2,percepita,ambiente,raspberry_pi_4,camera
341,_result,0,2026-07-11 08:21:08.604380+00:00,2026-07-11 11:21:08.604380+00:00,2026-07-11 10:01:54.494479+00:00,34.2,percepita,ambiente,raspberry_pi_4,camera
342,_result,0,2026-07-11 08:21:08.604380+00:00,2026-07-11 11:21:08.604380+00:00,2026-07-11 10:01:59.755974+00:00,34.4,percepita,ambiente,raspberry_pi_4,camera
343,_result,0,2026-07-11 08:21:08.604380+00:00,2026-07-11 11:21:08.604380+00:00,2026-07-11 10:02:05.025307+00:00,34.4,percepita,ambiente,raspberry_pi_4,camera
344,_result,0,2026-07-11 08:21:08.604380+00:00,2026-07-11 11:21:08.604380+00:00,2026-07-11 10:02:10.285843+00:00,34.4,percepita,ambiente,raspberry_pi_4,camera
345,_result,0,2026-07-11 08:21:08.604380+00:00,2026-07-11 11:21:08.604380+00:00,2026-07-11 10:02:15.555060+00:00,34.2,percepita,ambiente,raspberry_pi_4,camera
346,_result,0,2026-07-11 08:21:08.604380+00:00,2026-07-11 11:21:08.604380+00:00,2026-07-11 10:02:20.815095+00:00,34.4,percepita,ambiente,raspberry_pi_4,camera
347,_result,0,2026-07-11 08:21:08.604380+00:00,2026-07-11 11:21:08.604380+00:00,2026-07-11 10:02:26.084886+00:00,34.2,percepita,ambiente,raspberry_pi_4,camera
348,_result,0,2026-07-11 08:21:08.604380+00:00,2026-07-11 11:21:08.604380+00:00,2026-07-11 10:02:31.346778+00:00,34.2,percepita,ambiente,raspberry_pi_4,camera
349,_result,0,2026-07-11 08:21:08.604380+00:00,2026-07-11 11:21:08.604380+00:00,2026-07-11 10:02:36.618048+00:00,34.4,percepita,ambiente,raspberry_pi_4,camera
350,_result,0,2026-07-11 08:21:08.604380+00:00,2026-07-11 11:21:08.604380+00:00,2026-07-11 10:02:41.878252+00:00,34.4,percepita,ambiente,raspberry_pi_4,camera
351,_result,0,2026-07-11 08:21:08.604380+00:00,2026-07-11 11:21:08.604380+00:00,2026-07-11 10:02:47.148416+00:00,34.4,percepita,ambiente,raspberry_pi_4,camera
352,_result,0,2026-07-11 08:21:08.604380+00:00,2026-07-11 11:21:08.604380+00:00,2026-07-11 10:02:52.408296+00:00,34.4,percepita,ambiente,raspberry_pi_4,camera
353,_result,0,2026-07-11 08:21:08.604380+00:00,2026-07-11 11:21:08.604380+00:00,2026-07-11 10:02:57.678056+00:00,34.4,percepita,ambiente,raspberry_pi_4,camera
354,_result,0,2026-07-11 08:21:08.604380+00:00,2026-07-11 11:21:08.604380+00:00,2026-07-11 10:03:02.940583+00:00,34.4,percepita,ambiente,raspberry_pi_4,camera
355,_result,0,2026-07-11 08:21:08.604380+00:00,2026-07-11 11:21:08.604380+00:00,2026-07-11 10:03:08.210804+00:00,34.5,percepita,ambiente,raspberry_pi_4,camera
356,_result,0,2026-07-11 08:21:08.604380+00:00,2026-07-11 11:21:08.604380+00:00,2026-07-11 10:03:13.470696+00:00,34.4,percepita,ambiente,raspberry_pi_4,camera
357,_result,0,2026-07-11 08:21:08.604380+00:00,2026-07-11 11:21:08.604380+00:00,2026-07-11 10:03:18.740248+00:00,34.4,percepita,ambiente,raspberry_pi_4,camera
358,_result,0,2026-07-11 08:21:08.604380+00:00,2026-07-11 11:21:08.604380+00:00,2026-07-11 10:03:24.000286+00:00,34.4,percepita,ambiente,raspberry_pi_4,camera
359,_result,0,2026-07-11 08:21:08.604380+00:00,2026-07-11 11:21:08.604380+00:00,2026-07-11 10:03:29.271016+00:00,34.5,percepita,ambiente,raspberry_pi_4,camera
360,_result,0,2026-07-11 08:21:08.604380+00:00,2026-07-11 11:21:08.604380+00:00,2026-07-11 10:03:34.530863+00:00,34.7,percepita,ambiente,raspberry_pi_4,camera
361,_result,0,2026-07-11 08:21:08.604380+00:00,2026-07-11 11:21:08.604380+00:00,2026-07-11 10:03:39.800337+00:00,34.5,percepita,ambiente,raspberry_pi_4,camera
362,_result,0,2026-07-11 08:21:08.604380+00:00,2026-07-11 11:21:08.604380+00:00,2026-07-11 10:03:45.060526+00:00,34.5,percepita,ambiente,raspberry_pi_4,camera
363,_result,0,2026-07-11 08:21:08.604380+00:00,2026-07-11 11:21:08.604380+00:00,2026-07-11 10:03:50.329718+00:00,34.7,percepita,ambiente,raspberry_pi_4,camera
364,_result,0,2026-07-11 08:21:08.604380+00:00,2026-07-11 11:21:08.604380+00:00,2026-07-11 10:03:55.589617+00:00,34.7,percepita,ambiente,raspberry_pi_4,camera
365,_result,0,2026-07-11 08:21:08.604380+00:00,2026-07-11 11:21:08.604380+00:00,2026-07-11 10:04:00.860553+00:00,34.8,percepita,ambiente,raspberry_pi_4,camera
366,_result,0,2026-07-11 08:21:08.604380+00:00,2026-07-11 11:21:08.604380+00:00,2026-07-11 10:04:06.120420+00:00,34.8,percepita,ambiente,raspberry_pi_4,camera
367,_result,0,2026-07-11 08:21:08.604380+00:00,2026-07-11 11:21:08.604380+00:00,2026-07-11 10:04:11.389349+00:00,34.8,percepita,ambiente,raspberry_pi_4,camera
368,_result,0,2026-07-11 08:21:08.604380+00:00,2026-07-11 11:21:08.604380+00:00,2026-07-11 10:04:16.649520+00:00,34.8,percepita,ambiente,raspberry_pi_4,camera
369,_result,0,2026-07-11 08:21:08.604380+00:00,2026-07-11 11:21:08.604380+00:00,2026-07-11 10:04:21.918456+00:00,34.8,percepita,ambiente,raspberry_pi_4,camera
370,_result,0,2026-07-11 08:21:08.604380+00:00,2026-07-11 11:21:08.604380+00:00,2026-07-11 10:04:27.178373+00:00,34.8,percepita,ambiente,raspberry_pi_4,camera
371,_result,0,2026-07-11 08:21:08.604380+00:00,2026-07-11 11:21:08.604380+00:00,2026-07-11 10:04:32.450653+00:00,34.8,percepita,ambiente,raspberry_pi_4,camera
372,_result,0,2026-07-11 08:21:08.604380+00:00,2026-07-11 11:21:08.604380+00:00,2026-07-11 10:04:37.710774+00:00,34.8,percepita,ambiente,raspberry_pi_4,camera
373,_result,0,2026-07-11 08:21:08.604380+00:00,2026-07-11 11:21:08.604380+00:00,2026-07-11 10:04:42.980498+00:00,34.8,percepita,ambiente,raspberry_pi_4,camera
374,_result,0,2026-07-11 08:21:08.604380+00:00,2026-07-11 11:21:08.604380+00:00,2026-07-11 10:04:48.240594+00:00,34.8,percepita,ambiente,raspberry_pi_4,camera
375,_result,0,2026-07-11 08:21:08.604380+00:00,2026-07-11 11:21:08.604380+00:00,2026-07-11 10:04:53.510302+00:00,34.8,percepita,ambiente,raspberry_pi_4,camera
376,_result,0,2026-07-11 08:21:08.604380+00:00,2026-07-11 11:21:08.604380+00:00,2026-07-11 10:04:58.770412+00:00,34.8,percepita,ambiente,raspberry_pi_4,camera
377,_result,0,2026-07-11 08:21:08.604380+00:00,2026-07-11 11:21:08.604380+00:00,2026-07-11 10:05:04.041414+00:00,34.8,percepita,ambiente,raspberry_pi_4,camera
378,_result,0,2026-07-11 08:21:08.604380+00:00,2026-07-11 11:21:08.604380+00:00,2026-07-11 10:05:09.301410+00:00,34.8,percepita,ambiente,raspberry_pi_4,camera
379,_result,0,2026-07-11 08:21:08.604380+00:00,2026-07-11 11:21:08.604380+00:00,2026-07-11 10:05:14.571372+00:00,34.8,percepita,ambiente,raspberry_pi_4,camera
380,_result,0,2026-07-11 08:21:08.604380+00:00,2026-07-11 11:21:08.604380+00:00,2026-07-11 10:05:19.831383+00:00,34.8,percepita,ambiente,raspberry_pi_4,camera
381,_result,0,2026-07-11 08:21:08.604380+00:00,2026-07-11 11:21:08.604380+00:00,2026-07-11 10:05:25.101012+00:00,34.8,percepita,ambiente,raspberry_pi_4,camera
382,_result,0,2026-07-11 08:21:08.604380+00:00,2026-07-11 11:21:08.604380+00:00,2026-07-11 10:05:30.362749+00:00,34.8,percepita,ambiente,raspberry_pi_4,camera
383,_result,0,2026-07-11 08:21:08.604380+00:00,2026-07-11 11:21:08.604380+00:00,2026-07-11 10:05:35.632465+00:00,34.8,percepita,ambiente,raspberry_pi_4,camera
384,_result,0,2026-07-11 08:21:08.604380+00:00,2026-07-11 11:21:08.604380+00:00,2026-07-11 10:05:40.892532+00:00,34.7,percepita,ambiente,raspberry_pi_4,camera
385,_result,0,2026-07-11 08:21:08.604380+00:00,2026-07-11 11:21:08.604380+00:00,2026-07-11 10:05:46.162921+00:00,34.8,percepita,ambiente,raspberry_pi_4,camera
386,_result,0,2026-07-11 08:21:08.604380+00:00,2026-07-11 11:21:08.604380+00:00,2026-07-11 10:05:51.423034+00:00,34.7,percepita,ambiente,raspberry_pi_4,camera
387,_result,0,2026-07-11 08:21:08.604380+00:00,2026-07-11 11:21:08.604380+00:00,2026-07-11 10:05:56.692645+00:00,34.7,percepita,ambiente,raspberry_pi_4,camera
388,_result,0,2026-07-11 08:21:08.604380+00:00,2026-07-11 11:21:08.604380+00:00,2026-07-11 10:06:01.954848+00:00,34.5,percepita,ambiente,raspberry_pi_4,camera
389,_result,0,2026-07-11 08:21:08.604380+00:00,2026-07-11 11:21:08.604380+00:00,2026-07-11 10:06:07.224419+00:00,34.5,percepita,ambiente,raspberry_pi_4,camera
390,_result,0,2026-07-11 08:21:08.604380+00:00,2026-07-11 11:21:08.604380+00:00,2026-07-11 10:06:17.748292+00:00,34.4,percepita,ambiente,raspberry_pi_4,camera
391,_result,0,2026-07-11 08:21:08.604380+00:00,2026-07-11 11:21:08.604380+00:00,2026-07-11 10:06:23.008322+00:00,34.4,percepita,ambiente,raspberry_pi_4,camera
392,_result,0,2026-07-11 08:21:08.604380+00:00,2026-07-11 11:21:08.604380+00:00,2026-07-11 10:06:28.278798+00:00,34.2,percepita,ambiente,raspberry_pi_4,camera
393,_result,0,2026-07-11 08:21:08.604380+00:00,2026-07-11 11:21:08.604380+00:00,2026-07-11 10:06:33.540401+00:00,34.2,percepita,ambiente,raspberry_pi_4,camera
394,_result,0,2026-07-11 08:21:08.604380+00:00,2026-07-11 11:21:08.604380+00:00,2026-07-11 10:06:38.809576+00:00,34.2,percepita,ambiente,raspberry_pi_4,camera
395,_result,0,2026-07-11 08:21:08.604380+00:00,2026-07-11 11:21:08.604380+00:00,2026-07-11 10:06:44.069915+00:00,34.2,percepita,ambiente,raspberry_pi_4,camera
396,_result,0,2026-07-11 08:21:08.604380+00:00,2026-07-11 11:21:08.604380+00:00,2026-07-11 10:06:49.339190+00:00,34.2,percepita,ambiente,raspberry_pi_4,camera
397,_result,0,2026-07-11 08:21:08.604380+00:00,2026-07-11 11:21:08.604380+00:00,2026-07-11 10:06:54.600040+00:00,34.2,percepita,ambiente,raspberry_pi_4,camera
398,_result,0,2026-07-11 08:21:08.604380+00:00,2026-07-11 11:21:08.604380+00:00,2026-07-11 10:06:59.871964+00:00,34.0,percepita,ambiente,raspberry_pi_4,camera
399,_result,0,2026-07-11 08:21:08.604380+00:00,2026-07-11 11:21:08.604380+00:00,2026-07-11 10:07:05.132006+00:00,34.0,percepita,ambiente,raspberry_pi_4,camera
400,_result,0,2026-07-11 08:21:08.604380+00:00,2026-07-11 11:21:08.604380+00:00,2026-07-11 10:07:10.401786+00:00,34.0,percepita,ambiente,raspberry_pi_4,camera
401,_result,0,2026-07-11 08:21:08.604380+00:00,2026-07-11 11:21:08.604380+00:00,2026-07-11 10:07:15.661834+00:00,34.3,percepita,ambiente,raspberry_pi_4,camera
402,_result,0,2026-07-11 08:21:08.604380+00:00,2026-07-11 11:21:08.604380+00:00,2026-07-11 10:07:20.931255+00:00,34.3,percepita,ambiente,raspberry_pi_4,camera
403,_result,0,2026-07-11 08:21:08.604380+00:00,2026-07-11 11:21:08.604380+00:00,2026-07-11 10:07:26.191560+00:00,34.4,percepita,ambiente,raspberry_pi_4,camera
404,_result,0,2026-07-11 08:21:08.604380+00:00,2026-07-11 11:21:08.604380+00:00,2026-07-11 10:07:31.462893+00:00,34.0,percepita,ambiente,raspberry_pi_4,camera
405,_result,0,2026-07-11 08:21:08.604380+00:00,2026-07-11 11:21:08.604380+00:00,2026-07-11 10:07:36.722685+00:00,34.2,percepita,ambiente,raspberry_pi_4,camera
406,_result,0,2026-07-11 08:21:08.604380+00:00,2026-07-11 11:21:08.604380+00:00,2026-07-11 10:07:41.992716+00:00,34.2,percepita,ambiente,raspberry_pi_4,camera
407,_result,0,2026-07-11 08:21:08.604380+00:00,2026-07-11 11:21:08.604380+00:00,2026-07-11 10:07:47.252715+00:00,34.0,percepita,ambiente,raspberry_pi_4,camera
408,_result,0,2026-07-11 08:21:08.604380+00:00,2026-07-11 11:21:08.604380+00:00,2026-07-11 10:07:52.522246+00:00,34.2,percepita,ambiente,raspberry_pi_4,camera
409,_result,0,2026-07-11 08:21:08.604380+00:00,2026-07-11 11:21:08.604380+00:00,2026-07-11 10:07:57.782465+00:00,34.2,percepita,ambiente,raspberry_pi_4,camera
410,_result,0,2026-07-11 08:21:08.604380+00:00,2026-07-11 11:21:08.604380+00:00,2026-07-11 10:08:03.053385+00:00,34.2,percepita,ambiente,raspberry_pi_4,camera
411,_result,0,2026-07-11 08:21:08.604380+00:00,2026-07-11 11:21:08.604380+00:00,2026-07-11 10:08:08.313364+00:00,34.4,percepita,ambiente,raspberry_pi_4,camera
412,_result,0,2026-07-11 08:21:08.604380+00:00,2026-07-11 11:21:08.604380+00:00,2026-07-11 10:08:13.583179+00:00,34.2,percepita,ambiente,raspberry_pi_4,camera
413,_result,0,2026-07-11 08:21:08.604380+00:00,2026-07-11 11:21:08.604380+00:00,2026-07-11 10:08:18.844098+00:00,34.4,percepita,ambiente,raspberry_pi_4,camera
414,_result,0,2026-07-11 08:21:08.604380+00:00,2026-07-11 11:21:08.604380+00:00,2026-07-11 10:08:24.113730+00:00,34.4,percepita,ambiente,raspberry_pi_4,camera
415,_result,0,2026-07-11 08:21:08.604380+00:00,2026-07-11 11:21:08.604380+00:00,2026-07-11 10:08:29.373660+00:00,34.5,percepita,ambiente,raspberry_pi_4,camera
416,_result,0,2026-07-11 08:21:08.604380+00:00,2026-07-11 11:21:08.604380+00:00,2026-07-11 10:08:34.645441+00:00,34.8,percepita,ambiente,raspberry_pi_4,camera
417,_result,0,2026-07-11 08:21:08.604380+00:00,2026-07-11 11:21:08.604380+00:00,2026-07-11 10:08:39.905776+00:00,34.4,percepita,ambiente,raspberry_pi_4,camera
418,_result,0,2026-07-11 08:21:08.604380+00:00,2026-07-11 11:21:08.604380+00:00,2026-07-11 10:08:45.175104+00:00,34.5,percepita,ambiente,raspberry_pi_4,camera
419,_result,0,2026-07-11 08:21:08.604380+00:00,2026-07-11 11:21:08.604380+00:00,2026-07-11 10:08:50.435084+00:00,34.5,percepita,ambiente,raspberry_pi_4,camera
420,_result,0,2026-07-11 08:21:08.604380+00:00,2026-07-11 11:21:08.604380+00:00,2026-07-11 10:08:55.711885+00:00,34.5,percepita,ambiente,raspberry_pi_4,camera
421,_result,0,2026-07-11 08:21:08.604380+00:00,2026-07-11 11:21:08.604380+00:00,2026-07-11 10:09:00.973355+00:00,34.5,percepita,ambiente,raspberry_pi_4,camera
422,_result,0,2026-07-11 08:21:08.604380+00:00,2026-07-11 11:21:08.604380+00:00,2026-07-11 10:09:06.242852+00:00,34.8,percepita,ambiente,raspberry_pi_4,camera
423,_result,0,2026-07-11 08:21:08.604380+00:00,2026-07-11 11:21:08.604380+00:00,2026-07-11 10:09:11.503122+00:00,34.9,percepita,ambiente,raspberry_pi_4,camera
424,_result,0,2026-07-11 08:21:08.604380+00:00,2026-07-11 11:21:08.604380+00:00,2026-07-11 10:09:16.772418+00:00,34.9,percepita,ambiente,raspberry_pi_4,camera
425,_result,0,2026-07-11 08:21:08.604380+00:00,2026-07-11 11:21:08.604380+00:00,2026-07-11 10:09:22.032462+00:00,35.1,percepita,ambiente,raspberry_pi_4,camera
426,_result,0,2026-07-11 08:21:08.604380+00:00,2026-07-11 11:21:08.604380+00:00,2026-07-11 10:09:27.302087+00:00,35.1,percepita,ambiente,raspberry_pi_4,camera
427,_result,0,2026-07-11 08:21:08.604380+00:00,2026-07-11 11:21:08.604380+00:00,2026-07-11 10:09:32.563567+00:00,35.1,percepita,ambiente,raspberry_pi_4,camera
428,_result,0,2026-07-11 08:21:08.604380+00:00,2026-07-11 11:21:08.604380+00:00,2026-07-11 10:09:37.835199+00:00,35.1,percepita,ambiente,raspberry_pi_4,camera
429,_result,0,2026-07-11 08:21:08.604380+00:00,2026-07-11 11:21:08.604380+00:00,2026-07-11 10:09:43.095471+00:00,35.1,percepita,ambiente,raspberry_pi_4,camera
430,_result,0,2026-07-11 08:21:08.604380+00:00,2026-07-11 11:21:08.604380+00:00,2026-07-11 10:09:48.365129+00:00,35.1,percepita,ambiente,raspberry_pi_4,camera
431,_result,0,2026-07-11 08:21:08.604380+00:00,2026-07-11 11:21:08.604380+00:00,2026-07-11 10:09:53.624998+00:00,35.1,percepita,ambiente,raspberry_pi_4,camera
432,_result,0,2026-07-11 08:21:08.604380+00:00,2026-07-11 11:21:08.604380+00:00,2026-07-11 10:09:58.895927+00:00,35.1,percepita,ambiente,raspberry_pi_4,camera
433,_result,0,2026-07-11 08:21:08.604380+00:00,2026-07-11 11:21:08.604380+00:00,2026-07-11 10:10:04.155779+00:00,34.8,percepita,ambiente,raspberry_pi_4,camera
434,_result,0,2026-07-11 08:21:08.604380+00:00,2026-07-11 11:21:08.604380+00:00,2026-07-11 10:10:09.427139+00:00,34.8,percepita,ambiente,raspberry_pi_4,camera
435,_result,0,2026-07-11 08:21:08.604380+00:00,2026-07-11 11:21:08.604380+00:00,2026-07-11 10:10:14.687080+00:00,34.8,percepita,ambiente,raspberry_pi_4,camera
436,_result,0,2026-07-11 08:21:08.604380+00:00,2026-07-11 11:21:08.604380+00:00,2026-07-11 10:10:19.956394+00:00,35.1,percepita,ambiente,raspberry_pi_4,camera
437,_result,0,2026-07-11 08:21:08.604380+00:00,2026-07-11 11:21:08.604380+00:00,2026-07-11 10:10:25.218531+00:00,35.1,percepita,ambiente,raspberry_pi_4,camera
438,_result,0,2026-07-11 08:21:08.604380+00:00,2026-07-11 11:21:08.604380+00:00,2026-07-11 10:10:30.494216+00:00,34.8,percepita,ambiente,raspberry_pi_4,camera
439,_result,0,2026-07-11 08:21:08.604380+00:00,2026-07-11 11:21:08.604380+00:00,2026-07-11 10:10:35.755343+00:00,35.1,percepita,ambiente,raspberry_pi_4,camera
440,_result,0,2026-07-11 08:21:08.604380+00:00,2026-07-11 11:21:08.604380+00:00,2026-07-11 10:10:41.025542+00:00,35.1,percepita,ambiente,raspberry_pi_4,camera
441,_result,0,2026-07-11 08:21:08.604380+00:00,2026-07-11 11:21:08.604380+00:00,2026-07-11 10:10:46.285845+00:00,35.1,percepita,ambiente,raspberry_pi_4,camera
442,_result,0,2026-07-11 08:21:08.604380+00:00,2026-07-11 11:21:08.604380+00:00,2026-07-11 10:10:51.556615+00:00,35.1,percepita,ambiente,raspberry_pi_4,camera
443,_result,0,2026-07-11 08:21:08.604380+00:00,2026-07-11 11:21:08.604380+00:00,2026-07-11 10:10:56.817294+00:00,34.8,percepita,ambiente,raspberry_pi_4,camera
444,_result,0,2026-07-11 08:21:08.604380+00:00,2026-07-11 11:21:08.604380+00:00,2026-07-11 10:11:02.088945+00:00,34.8,percepita,ambiente,raspberry_pi_4,camera
445,_result,0,2026-07-11 08:21:08.604380+00:00,2026-07-11 11:21:08.604380+00:00,2026-07-11 10:11:07.348829+00:00,34.8,percepita,ambiente,raspberry_pi_4,camera
446,_result,0,2026-07-11 08:21:08.604380+00:00,2026-07-11 11:21:08.604380+00:00,2026-07-11 10:11:12.618004+00:00,34.8,percepita,ambiente,raspberry_pi_4,camera
447,_result,0,2026-07-11 08:21:08.604380+00:00,2026-07-11 11:21:08.604380+00:00,2026-07-11 10:11:17.878536+00:00,34.8,percepita,ambiente,raspberry_pi_4,camera
448,_result,0,2026-07-11 08:21:08.604380+00:00,2026-07-11 11:21:08.604380+00:00,2026-07-11 10:11:23.147917+00:00,34.8,percepita,ambiente,raspberry_pi_4,camera
449,_result,0,2026-07-11 08:21:08.604380+00:00,2026-07-11 11:21:08.604380+00:00,2026-07-11 10:11:28.407986+00:00,34.8,percepita,ambiente,raspberry_pi_4,camera
450,_result,0,2026-07-11 08:21:08.604380+00:00,2026-07-11 11:21:08.604380+00:00,2026-07-11 10:11:33.679023+00:00,34.8,percepita,ambiente,raspberry_pi_4,camera
451,_result,0,2026-07-11 08:21:08.604380+00:00,2026-07-11 11:21:08.604380+00:00,2026-07-11 10:11:38.939137+00:00,34.8,percepita,ambiente,raspberry_pi_4,camera
452,_result,0,2026-07-11 08:21:08.604380+00:00,2026-07-11 11:21:08.604380+00:00,2026-07-11 10:11:44.209001+00:00,34.8,percepita,ambiente,raspberry_pi_4,camera
453,_result,0,2026-07-11 08:21:08.604380+00:00,2026-07-11 11:21:08.604380+00:00,2026-07-11 10:11:49.476195+00:00,34.8,percepita,ambiente,raspberry_pi_4,camera
454,_result,0,2026-07-11 08:21:08.604380+00:00,2026-07-11 11:21:08.604380+00:00,2026-07-11 10:11:54.747180+00:00,34.8,percepita,ambiente,raspberry_pi_4,camera
455,_result,0,2026-07-11 08:21:08.604380+00:00,2026-07-11 11:21:08.604380+00:00,2026-07-11 10:12:00.008974+00:00,34.8,percepita,ambiente,raspberry_pi_4,camera
456,_result,0,2026-07-11 08:21:08.604380+00:00,2026-07-11 11:21:08.604380+00:00,2026-07-11 10:12:05.279786+00:00,34.8,percepita,ambiente,raspberry_pi_4,camera
457,_result,0,2026-07-11 08:21:08.604380+00:00,2026-07-11 11:21:08.604380+00:00,2026-07-11 10:12:10.540131+00:00,34.8,percepita,ambiente,raspberry_pi_4,camera
458,_result,0,2026-07-11 08:21:08.604380+00:00,2026-07-11 11:21:08.604380+00:00,2026-07-11 10:12:15.861580+00:00,34.8,percepita,ambiente,raspberry_pi_4,camera
459,_result,0,2026-07-11 08:21:08.604380+00:00,2026-07-11 11:21:08.604380+00:00,2026-07-11 10:12:21.121636+00:00,34.8,percepita,ambiente,raspberry_pi_4,camera
460,_result,0,2026-07-11 08:21:08.604380+00:00,2026-07-11 11:21:08.604380+00:00,2026-07-11 10:12:26.391451+00:00,34.8,percepita,ambiente,raspberry_pi_4,camera
461,_result,0,2026-07-11 08:21:08.604380+00:00,2026-07-11 11:21:08.604380+00:00,2026-07-11 10:12:36.918051+00:00,34.8,percepita,ambiente,raspberry_pi_4,camera
462,_result,0,2026-07-11 08:21:08.604380+00:00,2026-07-11 11:21:08.604380+00:00,2026-07-11 10:12:42.178008+00:00,34.8,percepita,ambiente,raspberry_pi_4,camera
463,_result,0,2026-07-11 08:21:08.604380+00:00,2026-07-11 11:21:08.604380+00:00,2026-07-11 10:12:47.448184+00:00,34.8,percepita,ambiente,raspberry_pi_4,camera
464,_result,0,2026-07-11 08:21:08.604380+00:00,2026-07-11 11:21:08.604380+00:00,2026-07-11 10:12:52.708223+00:00,34.8,percepita,ambiente,raspberry_pi_4,camera
465,_result,0,2026-07-11 08:21:08.604380+00:00,2026-07-11 11:21:08.604380+00:00,2026-07-11 10:12:57.977948+00:00,34.8,percepita,ambiente,raspberry_pi_4,camera
466,_result,0,2026-07-11 08:21:08.604380+00:00,2026-07-11 11:21:08.604380+00:00,2026-07-11 10:13:03.239597+00:00,35.1,percepita,ambiente,raspberry_pi_4,camera
467,_result,0,2026-07-11 08:21:08.604380+00:00,2026-07-11 11:21:08.604380+00:00,2026-07-11 10:13:08.508926+00:00,35.1,percepita,ambiente,raspberry_pi_4,camera
468,_result,0,2026-07-11 08:21:08.604380+00:00,2026-07-11 11:21:08.604380+00:00,2026-07-11 10:13:13.769230+00:00,35.1,percepita,ambiente,raspberry_pi_4,camera
469,_result,0,2026-07-11 08:21:08.604380+00:00,2026-07-11 11:21:08.604380+00:00,2026-07-11 10:13:19.038727+00:00,35.1,percepita,ambiente,raspberry_pi_4,camera
470,_result,0,2026-07-11 08:21:08.604380+00:00,2026-07-11 11:21:08.604380+00:00,2026-07-11 10:13:24.298934+00:00,35.1,percepita,ambiente,raspberry_pi_4,camera
471,_result,0,2026-07-11 08:21:08.604380+00:00,2026-07-11 11:21:08.604380+00:00,2026-07-11 10:13:29.570485+00:00,35.1,percepita,ambiente,raspberry_pi_4,camera
472,_result,0,2026-07-11 08:21:08.604380+00:00,2026-07-11 11:21:08.604380+00:00,2026-07-11 10:13:34.830572+00:00,35.1,percepita,ambiente,raspberry_pi_4,camera
473,_result,0,2026-07-11 08:21:08.604380+00:00,2026-07-11 11:21:08.604380+00:00,2026-07-11 10:13:40.100739+00:00,35.1,percepita,ambiente,raspberry_pi_4,camera
474,_result,0,2026-07-11 08:21:08.604380+00:00,2026-07-11 11:21:08.604380+00:00,2026-07-11 10:13:45.360919+00:00,35.1,percepita,ambiente,raspberry_pi_4,camera
475,_result,0,2026-07-11 08:21:08.604380+00:00,2026-07-11 11:21:08.604380+00:00,2026-07-11 10:13:50.631428+00:00,35.3,percepita,ambiente,raspberry_pi_4,camera
476,_result,0,2026-07-11 08:21:08.604380+00:00,2026-07-11 11:21:08.604380+00:00,2026-07-11 10:13:55.891520+00:00,35.3,percepita,ambiente,raspberry_pi_4,camera
477,_result,0,2026-07-11 08:21:08.604380+00:00,2026-07-11 11:21:08.604380+00:00,2026-07-11 10:14:01.162608+00:00,35.3,percepita,ambiente,raspberry_pi_4,camera
478,_result,0,2026-07-11 08:21:08.604380+00:00,2026-07-11 11:21:08.604380+00:00,2026-07-11 10:14:06.422814+00:00,35.1,percepita,ambiente,raspberry_pi_4,camera
479,_result,0,2026-07-11 08:21:08.604380+00:00,2026-07-11 11:21:08.604380+00:00,2026-07-11 10:14:11.692235+00:00,35.1,percepita,ambiente,raspberry_pi_4,camera
480,_result,0,2026-07-11 08:21:08.604380+00:00,2026-07-11 11:21:08.604380+00:00,2026-07-11 10:14:16.952533+00:00,35.1,percepita,ambiente,raspberry_pi_4,camera
481,_result,0,2026-07-11 08:21:08.604380+00:00,2026-07-11 11:21:08.604380+00:00,2026-07-11 10:14:22.221603+00:00,35.1,percepita,ambiente,raspberry_pi_4,camera
482,_result,0,2026-07-11 08:21:08.604380+00:00,2026-07-11 11:21:08.604380+00:00,2026-07-11 10:14:32.746448+00:00,35.1,percepita,ambiente,raspberry_pi_4,camera
483,_result,0,2026-07-11 08:21:08.604380+00:00,2026-07-11 11:21:08.604380+00:00,2026-07-11 10:14:38.006510+00:00,35.1,percepita,ambiente,raspberry_pi_4,camera
484,_result,0,2026-07-11 08:21:08.604380+00:00,2026-07-11 11:21:08.604380+00:00,2026-07-11 10:14:43.276249+00:00,35.1,percepita,ambiente,raspberry_pi_4,camera
485,_result,0,2026-07-11 08:21:08.604380+00:00,2026-07-11 11:21:08.604380+00:00,2026-07-11 10:14:48.536025+00:00,35.1,percepita,ambiente,raspberry_pi_4,camera
486,_result,0,2026-07-11 08:21:08.604380+00:00,2026-07-11 11:21:08.604380+00:00,2026-07-11 10:14:53.805348+00:00,35.1,percepita,ambiente,raspberry_pi_4,camera
487,_result,0,2026-07-11 08:21:08.604380+00:00,2026-07-11 11:21:08.604380+00:00,2026-07-11 10:14:59.065524+00:00,35.1,percepita,ambiente,raspberry_pi_4,camera
488,_result,0,2026-07-11 08:21:08.604380+00:00,2026-07-11 11:21:08.604380+00:00,2026-07-11 10:15:04.336472+00:00,35.1,percepita,ambiente,raspberry_pi_4,camera
489,_result,0,2026-07-11 08:21:08.604380+00:00,2026-07-11 11:21:08.604380+00:00,2026-07-11 10:15:09.596605+00:00,35.1,percepita,ambiente,raspberry_pi_4,camera
490,_result,0,2026-07-11 08:21:08.604380+00:00,2026-07-11 11:21:08.604380+00:00,2026-07-11 10:15:14.866114+00:00,35.1,percepita,ambiente,raspberry_pi_4,camera
491,_result,0,2026-07-11 08:21:08.604380+00:00,2026-07-11 11:21:08.604380+00:00,2026-07-11 10:15:20.126269+00:00,35.1,percepita,ambiente,raspberry_pi_4,camera
492,_result,0,2026-07-11 08:21:08.604380+00:00,2026-07-11 11:21:08.604380+00:00,2026-07-11 10:15:25.395990+00:00,35.1,percepita,ambiente,raspberry_pi_4,camera
493,_result,0,2026-07-11 08:21:08.604380+00:00,2026-07-11 11:21:08.604380+00:00,2026-07-11 10:15:30.657252+00:00,35.1,percepita,ambiente,raspberry_pi_4,camera
494,_result,0,2026-07-11 08:21:08.604380+00:00,2026-07-11 11:21:08.604380+00:00,2026-07-11 10:15:35.927028+00:00,35.1,percepita,ambiente,raspberry_pi_4,camera
495,_result,0,2026-07-11 08:21:08.604380+00:00,2026-07-11 11:21:08.604380+00:00,2026-07-11 10:15:46.451744+00:00,35.1,percepita,ambiente,raspberry_pi_4,camera
496,_result,0,2026-07-11 08:21:08.604380+00:00,2026-07-11 11:21:08.604380+00:00,2026-07-11 10:15:51.712221+00:00,35.1,percepita,ambiente,raspberry_pi_4,camera
497,_result,0,2026-07-11 08:21:08.604380+00:00,2026-07-11 11:21:08.604380+00:00,2026-07-11 10:15:56.981463+00:00,35.1,percepita,ambiente,raspberry_pi_4,camera
498,_result,0,2026-07-11 08:21:08.604380+00:00,2026-07-11 11:21:08.604380+00:00,2026-07-11 10:16:02.243311+00:00,35.1,percepita,ambiente,raspberry_pi_4,camera
499,_result,0,2026-07-11 08:21:08.604380+00:00,2026-07-11 11:21:08.604380+00:00,2026-07-11 10:16:07.512902+00:00,35.1,percepita,ambiente,raspberry_pi_4,camera
500,_result,0,2026-07-11 08:21:08.604380+00:00,2026-07-11 11:21:08.604380+00:00,2026-07-11 10:16:12.772829+00:00,35.1,percepita,ambiente,raspberry_pi_4,camera
501,_result,0,2026-07-11 08:21:08.604380+00:00,2026-07-11 11:21:08.604380+00:00,2026-07-11 10:16:18.043633+00:00,35.1,percepita,ambiente,raspberry_pi_4,camera
502,_result,0,2026-07-11 08:21:08.604380+00:00,2026-07-11 11:21:08.604380+00:00,2026-07-11 10:16:23.304451+00:00,35.1,percepita,ambiente,raspberry_pi_4,camera
503,_result,0,2026-07-11 08:21:08.604380+00:00,2026-07-11 11:21:08.604380+00:00,2026-07-11 10:16:28.575959+00:00,35.1,percepita,ambiente,raspberry_pi_4,camera
504,_result,0,2026-07-11 08:21:08.604380+00:00,2026-07-11 11:21:08.604380+00:00,2026-07-11 10:16:33.836424+00:00,35.1,percepita,ambiente,raspberry_pi_4,camera
505,_result,0,2026-07-11 08:21:08.604380+00:00,2026-07-11 11:21:08.604380+00:00,2026-07-11 10:16:39.106510+00:00,35.1,percepita,ambiente,raspberry_pi_4,camera
506,_result,0,2026-07-11 08:21:08.604380+00:00,2026-07-11 11:21:08.604380+00:00,2026-07-11 10:16:44.366709+00:00,35.1,percepita,ambiente,raspberry_pi_4,camera
507,_result,0,2026-07-11 08:21:08.604380+00:00,2026-07-11 11:21:08.604380+00:00,2026-07-11 10:16:49.636303+00:00,35.1,percepita,ambiente,raspberry_pi_4,camera
508,_result,0,2026-07-11 08:21:08.604380+00:00,2026-07-11 11:21:08.604380+00:00,2026-07-11 10:17:00.161832+00:00,35.1,percepita,ambiente,raspberry_pi_4,camera
509,_result,0,2026-07-11 08:21:08.604380+00:00,2026-07-11 11:21:08.604380+00:00,2026-07-11 10:17:05.422230+00:00,35.1,percepita,ambiente,raspberry_pi_4,camera
510,_result,0,2026-07-11 08:21:08.604380+00:00,2026-07-11 11:21:08.604380+00:00,2026-07-11 10:17:10.691675+00:00,35.1,percepita,ambiente,raspberry_pi_4,camera
511,_result,0,2026-07-11 08:21:08.604380+00:00,2026-07-11 11:21:08.604380+00:00,2026-07-11 10:17:15.951669+00:00,35.1,percepita,ambiente,raspberry_pi_4,camera
512,_result,0,2026-07-11 08:21:08.604380+00:00,2026-07-11 11:21:08.604380+00:00,2026-07-11 10:17:21.221219+00:00,35.1,percepita,ambiente,raspberry_pi_4,camera
513,_result,0,2026-07-11 08:21:08.604380+00:00,2026-07-11 11:21:08.604380+00:00,2026-07-11 10:17:26.481196+00:00,35.1,percepita,ambiente,raspberry_pi_4,camera
514,_result,0,2026-07-11 08:21:08.604380+00:00,2026-07-11 11:21:08.604380+00:00,2026-07-11 10:17:31.752716+00:00,35.1,percepita,ambiente,raspberry_pi_4,camera
515,_result,0,2026-07-11 08:21:08.604380+00:00,2026-07-11 11:21:08.604380+00:00,2026-07-11 10:17:37.012699+00:00,35.1,percepita,ambiente,raspberry_pi_4,camera
516,_result,0,2026-07-11 08:21:08.604380+00:00,2026-07-11 11:21:08.604380+00:00,2026-07-11 10:17:42.283058+00:00,35.1,percepita,ambiente,raspberry_pi_4,camera
517,_result,0,2026-07-11 08:21:08.604380+00:00,2026-07-11 11:21:08.604380+00:00,2026-07-11 10:17:47.543037+00:00,35.1,percepita,ambiente,raspberry_pi_4,camera
518,_result,0,2026-07-11 08:21:08.604380+00:00,2026-07-11 11:21:08.604380+00:00,2026-07-11 10:17:52.819284+00:00,35.1,percepita,ambiente,raspberry_pi_4,camera
519,_result,0,2026-07-11 08:21:08.604380+00:00,2026-07-11 11:21:08.604380+00:00,2026-07-11 10:17:58.079635+00:00,35.1,percepita,ambiente,raspberry_pi_4,camera
520,_result,0,2026-07-11 08:21:08.604380+00:00,2026-07-11 11:21:08.604380+00:00,2026-07-11 10:18:03.350523+00:00,35.1,percepita,ambiente,raspberry_pi_4,camera
521,_result,0,2026-07-11 08:21:08.604380+00:00,2026-07-11 11:21:08.604380+00:00,2026-07-11 10:18:08.610949+00:00,35.1,percepita,ambiente,raspberry_pi_4,camera
522,_result,0,2026-07-11 08:21:08.604380+00:00,2026-07-11 11:21:08.604380+00:00,2026-07-11 10:18:13.880262+00:00,35.1,percepita,ambiente,raspberry_pi_4,camera
523,_result,0,2026-07-11 08:21:08.604380+00:00,2026-07-11 11:21:08.604380+00:00,2026-07-11 10:18:19.140232+00:00,35.1,percepita,ambiente,raspberry_pi_4,camera
524,_result,0,2026-07-11 08:21:08.604380+00:00,2026-07-11 11:21:08.604380+00:00,2026-07-11 10:18:29.664068+00:00,35.1,percepita,ambiente,raspberry_pi_4,camera
525,_result,0,2026-07-11 08:21:08.604380+00:00,2026-07-11 11:21:08.604380+00:00,2026-07-11 10:18:40.192230+00:00,34.9,percepita,ambiente,raspberry_pi_4,camera
526,_result,0,2026-07-11 08:21:08.604380+00:00,2026-07-11 11:21:08.604380+00:00,2026-07-11 10:18:45.461709+00:00,34.9,percepita,ambiente,raspberry_pi_4,camera
527,_result,0,2026-07-11 08:21:08.604380+00:00,2026-07-11 11:21:08.604380+00:00,2026-07-11 10:18:50.721645+00:00,34.9,percepita,ambiente,raspberry_pi_4,camera
528,_result,0,2026-07-11 08:21:08.604380+00:00,2026-07-11 11:21:08.604380+00:00,2026-07-11 10:18:55.991248+00:00,34.8,percepita,ambiente,raspberry_pi_4,camera
529,_result,0,2026-07-11 08:21:08.604380+00:00,2026-07-11 11:21:08.604380+00:00,2026-07-11 10:19:06.516304+00:00,34.9,percepita,ambiente,raspberry_pi_4,camera
530,_result,0,2026-07-11 08:21:08.604380+00:00,2026-07-11 11:21:08.604380+00:00,2026-07-11 10:19:11.776232+00:00,34.6,percepita,ambiente,raspberry_pi_4,camera
531,_result,0,2026-07-11 08:21:08.604380+00:00,2026-07-11 11:21:08.604380+00:00,2026-07-11 10:19:17.045810+00:00,34.9,percepita,ambiente,raspberry_pi_4,camera
532,_result,0,2026-07-11 08:21:08.604380+00:00,2026-07-11 11:21:08.604380+00:00,2026-07-11 10:19:22.305873+00:00,34.8,percepita,ambiente,raspberry_pi_4,camera
533,_result,0,2026-07-11 08:21:08.604380+00:00,2026-07-11 11:21:08.604380+00:00,2026-07-11 10:19:27.575183+00:00,34.6,percepita,ambiente,raspberry_pi_4,camera
534,_result,0,2026-07-11 08:21:08.604380+00:00,2026-07-11 11:21:08.604380+00:00,2026-07-11 10:19:32.836482+00:00,34.8,percepita,ambiente,raspberry_pi_4,camera
535,_result,0,2026-07-11 08:21:08.604380+00:00,2026-07-11 11:21:08.604380+00:00,2026-07-11 10:19:38.105910+00:00,34.8,percepita,ambiente,raspberry_pi_4,camera
536,_result,0,2026-07-11 08:21:08.604380+00:00,2026-07-11 11:21:08.604380+00:00,2026-07-11 10:19:43.367177+00:00,34.6,percepita,ambiente,raspberry_pi_4,camera
537,_result,0,2026-07-11 08:21:08.604380+00:00,2026-07-11 11:21:08.604380+00:00,2026-07-11 10:19:48.636756+00:00,34.6,percepita,ambiente,raspberry_pi_4,camera
538,_result,0,2026-07-11 08:21:08.604380+00:00,2026-07-11 11:21:08.604380+00:00,2026-07-11 10:19:53.897088+00:00,34.8,percepita,ambiente,raspberry_pi_4,camera
539,_result,0,2026-07-11 08:21:08.604380+00:00,2026-07-11 11:21:08.604380+00:00,2026-07-11 10:19:59.168333+00:00,34.6,percepita,ambiente,raspberry_pi_4,camera
540,_result,0,2026-07-11 08:21:08.604380+00:00,2026-07-11 11:21:08.604380+00:00,2026-07-11 10:20:04.428452+00:00,34.8,percepita,ambiente,raspberry_pi_4,camera
541,_result,0,2026-07-11 08:21:08.604380+00:00,2026-07-11 11:21:08.604380+00:00,2026-07-11 10:20:09.700419+00:00,34.8,percepita,ambiente,raspberry_pi_4,camera
542,_result,0,2026-07-11 08:21:08.604380+00:00,2026-07-11 11:21:08.604380+00:00,2026-07-11 10:20:14.960714+00:00,34.6,percepita,ambiente,raspberry_pi_4,camera
543,_result,0,2026-07-11 08:21:08.604380+00:00,2026-07-11 11:21:08.604380+00:00,2026-07-11 10:20:20.230519+00:00,34.8,percepita,ambiente,raspberry_pi_4,camera
544,_result,0,2026-07-11 08:21:08.604380+00:00,2026-07-11 11:21:08.604380+00:00,2026-07-11 10:20:25.490888+00:00,34.6,percepita,ambiente,raspberry_pi_4,camera
545,_result,0,2026-07-11 08:21:08.604380+00:00,2026-07-11 11:21:08.604380+00:00,2026-07-11 10:20:30.762062+00:00,34.8,percepita,ambiente,raspberry_pi_4,camera
546,_result,0,2026-07-11 08:21:08.604380+00:00,2026-07-11 11:21:08.604380+00:00,2026-07-11 10:20:36.022182+00:00,34.8,percepita,ambiente,raspberry_pi_4,camera
547,_result,0,2026-07-11 08:21:08.604380+00:00,2026-07-11 11:21:08.604380+00:00,2026-07-11 10:20:41.292066+00:00,34.8,percepita,ambiente,raspberry_pi_4,camera
548,_result,0,2026-07-11 08:21:08.604380+00:00,2026-07-11 11:21:08.604380+00:00,2026-07-11 10:20:46.552252+00:00,34.8,percepita,ambiente,raspberry_pi_4,camera
549,_result,0,2026-07-11 08:21:08.604380+00:00,2026-07-11 11:21:08.604380+00:00,2026-07-11 10:20:51.822217+00:00,34.8,percepita,ambiente,raspberry_pi_4,camera
550,_result,0,2026-07-11 08:21:08.604380+00:00,2026-07-11 11:21:08.604380+00:00,2026-07-11 10:20:57.082390+00:00,34.8,percepita,ambiente,raspberry_pi_4,camera
551,_result,0,2026-07-11 08:21:08.604380+00:00,2026-07-11 11:21:08.604380+00:00,2026-07-11 10:21:02.353302+00:00,34.9,percepita,ambiente,raspberry_pi_4,camera
552,_result,0,2026-07-11 08:21:08.604380+00:00,2026-07-11 11:21:08.604380+00:00,2026-07-11 10:21:07.613445+00:00,34.8,percepita,ambiente,raspberry_pi_4,camera
553,_result,0,2026-07-11 08:21:08.604380+00:00,2026-07-11 11:21:08.604380+00:00,2026-07-11 10:21:12.883367+00:00,34.9,percepita,ambiente,raspberry_pi_4,camera
554,_result,0,2026-07-11 08:21:08.604380+00:00,2026-07-11 11:21:08.604380+00:00,2026-07-11 10:21:18.143456+00:00,34.9,percepita,ambiente,raspberry_pi_4,camera
555,_result,0,2026-07-11 08:21:08.604380+00:00,2026-07-11 11:21:08.604380+00:00,2026-07-11 10:21:23.413500+00:00,35.2,percepita,ambiente,raspberry_pi_4,camera
556,_result,0,2026-07-11 08:21:08.604380+00:00,2026-07-11 11:21:08.604380+00:00,2026-07-11 10:21:28.673649+00:00,35.3,percepita,ambiente,raspberry_pi_4,camera
557,_result,0,2026-07-11 08:21:08.604380+00:00,2026-07-11 11:21:08.604380+00:00,2026-07-11 10:21:33.945786+00:00,34.9,percepita,ambiente,raspberry_pi_4,camera
558,_result,0,2026-07-11 08:21:08.604380+00:00,2026-07-11 11:21:08.604380+00:00,2026-07-11 10:21:39.205858+00:00,34.9,percepita,ambiente,raspberry_pi_4,camera
559,_result,0,2026-07-11 08:21:08.604380+00:00,2026-07-11 11:21:08.604380+00:00,2026-07-11 10:21:44.475703+00:00,35.1,percepita,ambiente,raspberry_pi_4,camera
560,_result,0,2026-07-11 08:21:08.604380+00:00,2026-07-11 11:21:08.604380+00:00,2026-07-11 10:21:49.735970+00:00,35.3,percepita,ambiente,raspberry_pi_4,camera
561,_result,0,2026-07-11 08:21:08.604380+00:00,2026-07-11 11:21:08.604380+00:00,2026-07-11 10:21:55.005322+00:00,35.3,percepita,ambiente,raspberry_pi_4,camera
562,_result,0,2026-07-11 08:21:08.604380+00:00,2026-07-11 11:21:08.604380+00:00,2026-07-11 10:22:00.266881+00:00,35.3,percepita,ambiente,raspberry_pi_4,camera
563,_result,0,2026-07-11 08:21:08.604380+00:00,2026-07-11 11:21:08.604380+00:00,2026-07-11 10:22:05.536571+00:00,35.3,percepita,ambiente,raspberry_pi_4,camera
564,_result,0,2026-07-11 08:21:08.604380+00:00,2026-07-11 11:21:08.604380+00:00,2026-07-11 10:22:10.796482+00:00,35.3,percepita,ambiente,raspberry_pi_4,camera
565,_result,0,2026-07-11 08:21:08.604380+00:00,2026-07-11 11:21:08.604380+00:00,2026-07-11 10:22:16.066201+00:00,35.3,percepita,ambiente,raspberry_pi_4,camera
566,_result,0,2026-07-11 08:21:08.604380+00:00,2026-07-11 11:21:08.604380+00:00,2026-07-11 10:22:21.326656+00:00,35.1,percepita,ambiente,raspberry_pi_4,camera
567,_result,0,2026-07-11 08:21:08.604380+00:00,2026-07-11 11:21:08.604380+00:00,2026-07-11 10:22:26.596026+00:00,35.1,percepita,ambiente,raspberry_pi_4,camera
568,_result,0,2026-07-11 08:21:08.604380+00:00,2026-07-11 11:21:08.604380+00:00,2026-07-11 10:22:31.857990+00:00,35.1,percepita,ambiente,raspberry_pi_4,camera
569,_result,0,2026-07-11 08:21:08.604380+00:00,2026-07-11 11:21:08.604380+00:00,2026-07-11 10:22:37.127860+00:00,35.1,percepita,ambiente,raspberry_pi_4,camera
570,_result,0,2026-07-11 08:21:08.604380+00:00,2026-07-11 11:21:08.604380+00:00,2026-07-11 10:22:42.387802+00:00,35.1,percepita,ambiente,raspberry_pi_4,camera
571,_result,0,2026-07-11 08:21:08.604380+00:00,2026-07-11 11:21:08.604380+00:00,2026-07-11 10:22:47.657456+00:00,35.1,percepita,ambiente,raspberry_pi_4,camera
572,_result,0,2026-07-11 08:21:08.604380+00:00,2026-07-11 11:21:08.604380+00:00,2026-07-11 10:22:52.917839+00:00,35.1,percepita,ambiente,raspberry_pi_4,camera
573,_result,0,2026-07-11 08:21:08.604380+00:00,2026-07-11 11:21:08.604380+00:00,2026-07-11 10:22:58.187600+00:00,35.1,percepita,ambiente,raspberry_pi_4,camera
574,_result,0,2026-07-11 08:21:08.604380+00:00,2026-07-11 11:21:08.604380+00:00,2026-07-11 10:23:03.449212+00:00,35.1,percepita,ambiente,raspberry_pi_4,camera
575,_result,0,2026-07-11 08:21:08.604380+00:00,2026-07-11 11:21:08.604380+00:00,2026-07-11 10:23:08.718502+00:00,35.1,percepita,ambiente,raspberry_pi_4,camera
576,_result,0,2026-07-11 08:21:08.604380+00:00,2026-07-11 11:21:08.604380+00:00,2026-07-11 10:23:13.978675+00:00,35.1,percepita,ambiente,raspberry_pi_4,camera
577,_result,0,2026-07-11 08:21:08.604380+00:00,2026-07-11 11:21:08.604380+00:00,2026-07-11 10:23:19.248961+00:00,35.1,percepita,ambiente,raspberry_pi_4,camera
578,_result,0,2026-07-11 08:21:08.604380+00:00,2026-07-11 11:21:08.604380+00:00,2026-07-11 10:23:24.509890+00:00,35.1,percepita,ambiente,raspberry_pi_4,camera
579,_result,0,2026-07-11 08:21:08.604380+00:00,2026-07-11 11:21:08.604380+00:00,2026-07-11 10:23:29.781194+00:00,35.1,percepita,ambiente,raspberry_pi_4,camera
580,_result,0,2026-07-11 08:21:08.604380+00:00,2026-07-11 11:21:08.604380+00:00,2026-07-11 10:23:35.041021+00:00,35.1,percepita,ambiente,raspberry_pi_4,camera
581,_result,0,2026-07-11 08:21:08.604380+00:00,2026-07-11 11:21:08.604380+00:00,2026-07-11 10:23:40.310516+00:00,35.1,percepita,ambiente,raspberry_pi_4,camera
582,_result,0,2026-07-11 08:21:08.604380+00:00,2026-07-11 11:21:08.604380+00:00,2026-07-11 10:23:45.570915+00:00,35.1,percepita,ambiente,raspberry_pi_4,camera
583,_result,0,2026-07-11 08:21:08.604380+00:00,2026-07-11 11:21:08.604380+00:00,2026-07-11 10:23:50.840176+00:00,35.1,percepita,ambiente,raspberry_pi_4,camera
584,_result,0,2026-07-11 08:21:08.604380+00:00,2026-07-11 11:21:08.604380+00:00,2026-07-11 10:23:56.101836+00:00,35.1,percepita,ambiente,raspberry_pi_4,camera
585,_result,0,2026-07-11 08:21:08.604380+00:00,2026-07-11 11:21:08.604380+00:00,2026-07-11 10:24:01.373285+00:00,35.1,percepita,ambiente,raspberry_pi_4,camera
586,_result,0,2026-07-11 08:21:08.604380+00:00,2026-07-11 11:21:08.604380+00:00,2026-07-11 10:24:06.633421+00:00,35.1,percepita,ambiente,raspberry_pi_4,camera
587,_result,0,2026-07-11 08:21:08.604380+00:00,2026-07-11 11:21:08.604380+00:00,2026-07-11 10:24:11.903349+00:00,35.1,percepita,ambiente,raspberry_pi_4,camera
588,_result,0,2026-07-11 08:21:08.604380+00:00,2026-07-11 11:21:08.604380+00:00,2026-07-11 10:24:17.163496+00:00,35.1,percepita,ambiente,raspberry_pi_4,camera
589,_result,0,2026-07-11 08:21:08.604380+00:00,2026-07-11 11:21:08.604380+00:00,2026-07-11 10:24:22.433190+00:00,35.1,percepita,ambiente,raspberry_pi_4,camera
590,_result,0,2026-07-11 08:21:08.604380+00:00,2026-07-11 11:21:08.604380+00:00,2026-07-11 10:24:27.693279+00:00,35.1,percepita,ambiente,raspberry_pi_4,camera
591,_result,0,2026-07-11 08:21:08.604380+00:00,2026-07-11 11:21:08.604380+00:00,2026-07-11 10:24:32.964300+00:00,35.1,percepita,ambiente,raspberry_pi_4,camera
592,_result,0,2026-07-11 08:21:08.604380+00:00,2026-07-11 11:21:08.604380+00:00,2026-07-11 10:24:38.225740+00:00,35.1,percepita,ambiente,raspberry_pi_4,camera
593,_result,0,2026-07-11 08:21:08.604380+00:00,2026-07-11 11:21:08.604380+00:00,2026-07-11 10:24:43.495220+00:00,35.1,percepita,ambiente,raspberry_pi_4,camera
594,_result,0,2026-07-11 08:21:08.604380+00:00,2026-07-11 11:21:08.604380+00:00,2026-07-11 10:24:48.755606+00:00,35.1,percepita,ambiente,raspberry_pi_4,camera
595,_result,0,2026-07-11 08:21:08.604380+00:00,2026-07-11 11:21:08.604380+00:00,2026-07-11 10:24:54.024834+00:00,35.1,percepita,ambiente,raspberry_pi_4,camera
596,_result,0,2026-07-11 08:21:08.604380+00:00,2026-07-11 11:21:08.604380+00:00,2026-07-11 10:24:59.284864+00:00,35.1,percepita,ambiente,raspberry_pi_4,camera
597,_result,0,2026-07-11 08:21:08.604380+00:00,2026-07-11 11:21:08.604380+00:00,2026-07-11 10:25:04.557218+00:00,35.1,percepita,ambiente,raspberry_pi_4,camera
598,_result,0,2026-07-11 08:21:08.604380+00:00,2026-07-11 11:21:08.604380+00:00,2026-07-11 10:25:09.817347+00:00,35.1,percepita,ambiente,raspberry_pi_4,camera
599,_result,0,2026-07-11 08:21:08.604380+00:00,2026-07-11 11:21:08.604380+00:00,2026-07-11 10:25:15.087500+00:00,35.1,percepita,ambiente,raspberry_pi_4,camera
600,_result,0,2026-07-11 08:21:08.604380+00:00,2026-07-11 11:21:08.604380+00:00,2026-07-11 10:25:20.347520+00:00,35.1,percepita,ambiente,raspberry_pi_4,camera
601,_result,0,2026-07-11 08:21:08.604380+00:00,2026-07-11 11:21:08.604380+00:00,2026-07-11 10:25:25.616888+00:00,35.1,percepita,ambiente,raspberry_pi_4,camera
602,_result,0,2026-07-11 08:21:08.604380+00:00,2026-07-11 11:21:08.604380+00:00,2026-07-11 10:25:30.880635+00:00,35.1,percepita,ambiente,raspberry_pi_4,camera
603,_result,0,2026-07-11 08:21:08.604380+00:00,2026-07-11 11:21:08.604380+00:00,2026-07-11 10:25:36.150407+00:00,35.1,percepita,ambiente,raspberry_pi_4,camera
604,_result,0,2026-07-11 08:21:08.604380+00:00,2026-07-11 11:21:08.604380+00:00,2026-07-11 10:25:41.410368+00:00,35.1,percepita,ambiente,raspberry_pi_4,camera
605,_result,0,2026-07-11 08:21:08.604380+00:00,2026-07-11 11:21:08.604380+00:00,2026-07-11 10:25:46.683520+00:00,35.1,percepita,ambiente,raspberry_pi_4,camera
606,_result,0,2026-07-11 08:21:08.604380+00:00,2026-07-11 11:21:08.604380+00:00,2026-07-11 10:25:51.946018+00:00,35.1,percepita,ambiente,raspberry_pi_4,camera
607,_result,0,2026-07-11 08:21:08.604380+00:00,2026-07-11 11:21:08.604380+00:00,2026-07-11 10:25:57.215101+00:00,35.1,percepita,ambiente,raspberry_pi_4,camera
608,_result,0,2026-07-11 08:21:08.604380+00:00,2026-07-11 11:21:08.604380+00:00,2026-07-11 10:26:02.476862+00:00,35.1,percepita,ambiente,raspberry_pi_4,camera
609,_result,0,2026-07-11 08:21:08.604380+00:00,2026-07-11 11:21:08.604380+00:00,2026-07-11 10:26:07.745961+00:00,35.1,percepita,ambiente,raspberry_pi_4,camera
610,_result,0,2026-07-11 08:21:08.604380+00:00,2026-07-11 11:21:08.604380+00:00,2026-07-11 10:26:13.006004+00:00,35.1,percepita,ambiente,raspberry_pi_4,camera
611,_result,0,2026-07-11 08:21:08.604380+00:00,2026-07-11 11:21:08.604380+00:00,2026-07-11 10:26:18.275897+00:00,35.1,percepita,ambiente,raspberry_pi_4,camera
612,_result,0,2026-07-11 08:21:08.604380+00:00,2026-07-11 11:21:08.604380+00:00,2026-07-11 10:26:23.535846+00:00,35.1,percepita,ambiente,raspberry_pi_4,camera
613,_result,0,2026-07-11 08:21:08.604380+00:00,2026-07-11 11:21:08.604380+00:00,2026-07-11 10:26:28.806714+00:00,35.1,percepita,ambiente,raspberry_pi_4,camera
614,_result,0,2026-07-11 08:21:08.604380+00:00,2026-07-11 11:21:08.604380+00:00,2026-07-11 10:26:34.066861+00:00,35.1,percepita,ambiente,raspberry_pi_4,camera
615,_result,0,2026-07-11 08:21:08.604380+00:00,2026-07-11 11:21:08.604380+00:00,2026-07-11 10:26:39.336050+00:00,35.1,percepita,ambiente,raspberry_pi_4,camera
616,_result,0,2026-07-11 08:21:08.604380+00:00,2026-07-11 11:21:08.604380+00:00,2026-07-11 10:26:44.596066+00:00,35.1,percepita,ambiente,raspberry_pi_4,camera
617,_result,0,2026-07-11 08:21:08.604380+00:00,2026-07-11 11:21:08.604380+00:00,2026-07-11 10:26:49.865888+00:00,35.1,percepita,ambiente,raspberry_pi_4,camera
618,_result,0,2026-07-11 08:21:08.604380+00:00,2026-07-11 11:21:08.604380+00:00,2026-07-11 10:26:55.125827+00:00,34.8,percepita,ambiente,raspberry_pi_4,camera
619,_result,0,2026-07-11 08:21:08.604380+00:00,2026-07-11 11:21:08.604380+00:00,2026-07-11 10:27:00.398541+00:00,34.9,percepita,ambiente,raspberry_pi_4,camera
620,_result,0,2026-07-11 08:21:08.604380+00:00,2026-07-11 11:21:08.604380+00:00,2026-07-11 10:27:05.658701+00:00,34.8,percepita,ambiente,raspberry_pi_4,camera
621,_result,0,2026-07-11 08:21:08.604380+00:00,2026-07-11 11:21:08.604380+00:00,2026-07-11 10:27:10.935569+00:00,34.6,percepita,ambiente,raspberry_pi_4,camera
622,_result,0,2026-07-11 08:21:08.604380+00:00,2026-07-11 11:21:08.604380+00:00,2026-07-11 10:27:16.195952+00:00,34.4,percepita,ambiente,raspberry_pi_4,camera
623,_result,0,2026-07-11 08:21:08.604380+00:00,2026-07-11 11:21:08.604380+00:00,2026-07-11 10:27:21.465219+00:00,34.4,percepita,ambiente,raspberry_pi_4,camera
624,_result,0,2026-07-11 08:21:08.604380+00:00,2026-07-11 11:21:08.604380+00:00,2026-07-11 10:27:26.725503+00:00,34.4,percepita,ambiente,raspberry_pi_4,camera
625,_result,0,2026-07-11 08:21:08.604380+00:00,2026-07-11 11:21:08.604380+00:00,2026-07-11 10:27:31.996361+00:00,34.4,percepita,ambiente,raspberry_pi_4,camera
626,_result,0,2026-07-11 08:21:08.604380+00:00,2026-07-11 11:21:08.604380+00:00,2026-07-11 10:27:37.256544+00:00,34.3,percepita,ambiente,raspberry_pi_4,camera
627,_result,0,2026-07-11 08:21:08.604380+00:00,2026-07-11 11:21:08.604380+00:00,2026-07-11 10:27:42.526273+00:00,34.3,percepita,ambiente,raspberry_pi_4,camera
628,_result,0,2026-07-11 08:21:08.604380+00:00,2026-07-11 11:21:08.604380+00:00,2026-07-11 10:27:47.786542+00:00,34.3,percepita,ambiente,raspberry_pi_4,camera
629,_result,0,2026-07-11 08:21:08.604380+00:00,2026-07-11 11:21:08.604380+00:00,2026-07-11 10:27:53.056640+00:00,34.3,percepita,ambiente,raspberry_pi_4,camera
630,_result,0,2026-07-11 08:21:08.604380+00:00,2026-07-11 11:21:08.604380+00:00,2026-07-11 10:27:58.316675+00:00,34.3,percepita,ambiente,raspberry_pi_4,camera
631,_result,0,2026-07-11 08:21:08.604380+00:00,2026-07-11 11:21:08.604380+00:00,2026-07-11 10:28:03.587908+00:00,34.3,percepita,ambiente,raspberry_pi_4,camera
632,_result,0,2026-07-11 08:21:08.604380+00:00,2026-07-11 11:21:08.604380+00:00,2026-07-11 10:28:08.848101+00:00,34.3,percepita,ambiente,raspberry_pi_4,camera
633,_result,0,2026-07-11 08:21:08.604380+00:00,2026-07-11 11:21:08.604380+00:00,2026-07-11 10:28:14.118069+00:00,34.3,percepita,ambiente,raspberry_pi_4,camera
634,_result,0,2026-07-11 08:21:08.604380+00:00,2026-07-11 11:21:08.604380+00:00,2026-07-11 10:28:19.378242+00:00,34.3,percepita,ambiente,raspberry_pi_4,camera
635,_result,0,2026-07-11 08:21:08.604380+00:00,2026-07-11 11:21:08.604380+00:00,2026-07-11 10:28:24.647729+00:00,34.3,percepita,ambiente,raspberry_pi_4,camera
636,_result,0,2026-07-11 08:21:08.604380+00:00,2026-07-11 11:21:08.604380+00:00,2026-07-11 10:28:29.909609+00:00,34.3,percepita,ambiente,raspberry_pi_4,camera
637,_result,0,2026-07-11 08:21:08.604380+00:00,2026-07-11 11:21:08.604380+00:00,2026-07-11 10:28:35.179343+00:00,34.3,percepita,ambiente,raspberry_pi_4,camera
638,_result,0,2026-07-11 08:21:08.604380+00:00,2026-07-11 11:21:08.604380+00:00,2026-07-11 10:28:40.439479+00:00,34.3,percepita,ambiente,raspberry_pi_4,camera
639,_result,0,2026-07-11 08:21:08.604380+00:00,2026-07-11 11:21:08.604380+00:00,2026-07-11 10:28:45.709330+00:00,34.5,percepita,ambiente,raspberry_pi_4,camera
640,_result,0,2026-07-11 08:21:08.604380+00:00,2026-07-11 11:21:08.604380+00:00,2026-07-11 10:28:50.969521+00:00,34.3,percepita,ambiente,raspberry_pi_4,camera
641,_result,0,2026-07-11 08:21:08.604380+00:00,2026-07-11 11:21:08.604380+00:00,2026-07-11 10:28:56.240123+00:00,34.3,percepita,ambiente,raspberry_pi_4,camera
642,_result,0,2026-07-11 08:21:08.604380+00:00,2026-07-11 11:21:08.604380+00:00,2026-07-11 10:29:01.501878+00:00,34.5,percepita,ambiente,raspberry_pi_4,camera
643,_result,0,2026-07-11 08:21:08.604380+00:00,2026-07-11 11:21:08.604380+00:00,2026-07-11 10:29:06.771676+00:00,34.5,percepita,ambiente,raspberry_pi_4,camera
644,_result,0,2026-07-11 08:21:08.604380+00:00,2026-07-11 11:21:08.604380+00:00,2026-07-11 10:29:12.031757+00:00,34.5,percepita,ambiente,raspberry_pi_4,camera
645,_result,0,2026-07-11 08:21:08.604380+00:00,2026-07-11 11:21:08.604380+00:00,2026-07-11 10:29:17.301800+00:00,34.5,percepita,ambiente,raspberry_pi_4,camera
646,_result,0,2026-07-11 08:21:08.604380+00:00,2026-07-11 11:21:08.604380+00:00,2026-07-11 10:29:22.561790+00:00,34.3,percepita,ambiente,raspberry_pi_4,camera
647,_result,0,2026-07-11 08:21:08.604380+00:00,2026-07-11 11:21:08.604380+00:00,2026-07-11 10:29:27.831616+00:00,34.3,percepita,ambiente,raspberry_pi_4,camera
648,_result,0,2026-07-11 08:21:08.604380+00:00,2026-07-11 11:21:08.604380+00:00,2026-07-11 10:29:33.093900+00:00,34.2,percepita,ambiente,raspberry_pi_4,camera
649,_result,0,2026-07-11 08:21:08.604380+00:00,2026-07-11 11:21:08.604380+00:00,2026-07-11 10:29:38.363758+00:00,34.0,percepita,ambiente,raspberry_pi_4,camera
650,_result,0,2026-07-11 08:21:08.604380+00:00,2026-07-11 11:21:08.604380+00:00,2026-07-11 10:29:43.623755+00:00,34.0,percepita,ambiente,raspberry_pi_4,camera
651,_result,0,2026-07-11 08:21:08.604380+00:00,2026-07-11 11:21:08.604380+00:00,2026-07-11 10:29:48.901257+00:00,34.1,percepita,ambiente,raspberry_pi_4,camera
652,_result,0,2026-07-11 08:21:08.604380+00:00,2026-07-11 11:21:08.604380+00:00,2026-07-11 10:29:54.161580+00:00,34.0,percepita,ambiente,raspberry_pi_4,camera
653,_result,0,2026-07-11 08:21:08.604380+00:00,2026-07-11 11:21:08.604380+00:00,2026-07-11 10:29:59.432567+00:00,34.0,percepita,ambiente,raspberry_pi_4,camera
654,_result,0,2026-07-11 08:21:08.604380+00:00,2026-07-11 11:21:08.604380+00:00,2026-07-11 10:30:04.692784+00:00,34.1,percepita,ambiente,raspberry_pi_4,camera
655,_result,0,2026-07-11 08:21:08.604380+00:00,2026-07-11 11:21:08.604380+00:00,2026-07-11 10:30:09.963599+00:00,34.2,percepita,ambiente,raspberry_pi_4,camera
656,_result,0,2026-07-11 08:21:08.604380+00:00,2026-07-11 11:21:08.604380+00:00,2026-07-11 10:30:15.225853+00:00,34.2,percepita,ambiente,raspberry_pi_4,camera
657,_result,0,2026-07-11 08:21:08.604380+00:00,2026-07-11 11:21:08.604380+00:00,2026-07-11 10:30:20.495573+00:00,34.2,percepita,ambiente,raspberry_pi_4,camera
658,_result,0,2026-07-11 08:21:08.604380+00:00,2026-07-11 11:21:08.604380+00:00,2026-07-11 10:30:25.755506+00:00,34.3,percepita,ambiente,raspberry_pi_4,camera
659,_result,0,2026-07-11 08:21:08.604380+00:00,2026-07-11 11:21:08.604380+00:00,2026-07-11 10:30:31.026320+00:00,34.2,percepita,ambiente,raspberry_pi_4,camera
660,_result,0,2026-07-11 08:21:08.604380+00:00,2026-07-11 11:21:08.604380+00:00,2026-07-11 10:30:36.286568+00:00,34.3,percepita,ambiente,raspberry_pi_4,camera
661,_result,0,2026-07-11 08:21:08.604380+00:00,2026-07-11 11:21:08.604380+00:00,2026-07-11 10:30:41.557169+00:00,34.3,percepita,ambiente,raspberry_pi_4,camera
662,_result,0,2026-07-11 08:21:08.604380+00:00,2026-07-11 11:21:08.604380+00:00,2026-07-11 10:30:46.817043+00:00,34.3,percepita,ambiente,raspberry_pi_4,camera
663,_result,0,2026-07-11 08:21:08.604380+00:00,2026-07-11 11:21:08.604380+00:00,2026-07-11 10:30:52.086904+00:00,34.3,percepita,ambiente,raspberry_pi_4,camera
664,_result,0,2026-07-11 08:21:08.604380+00:00,2026-07-11 11:21:08.604380+00:00,2026-07-11 10:30:57.347069+00:00,34.3,percepita,ambiente,raspberry_pi_4,camera
665,_result,0,2026-07-11 08:21:08.604380+00:00,2026-07-11 11:21:08.604380+00:00,2026-07-11 10:31:02.618202+00:00,34.3,percepita,ambiente,raspberry_pi_4,camera
666,_result,0,2026-07-11 08:21:08.604380+00:00,2026-07-11 11:21:08.604380+00:00,2026-07-11 10:31:07.878303+00:00,34.3,percepita,ambiente,raspberry_pi_4,camera
667,_result,0,2026-07-11 08:21:08.604380+00:00,2026-07-11 11:21:08.604380+00:00,2026-07-11 10:31:13.147633+00:00,34.2,percepita,ambiente,raspberry_pi_4,camera
668,_result,0,2026-07-11 08:21:08.604380+00:00,2026-07-11 11:21:08.604380+00:00,2026-07-11 10:31:18.407865+00:00,34.3,percepita,ambiente,raspberry_pi_4,camera
669,_result,0,2026-07-11 08:21:08.604380+00:00,2026-07-11 11:21:08.604380+00:00,2026-07-11 10:31:23.678730+00:00,34.3,percepita,ambiente,raspberry_pi_4,camera
670,_result,0,2026-07-11 08:21:08.604380+00:00,2026-07-11 11:21:08.604380+00:00,2026-07-11 10:31:28.938755+00:00,34.2,percepita,ambiente,raspberry_pi_4,camera
671,_result,0,2026-07-11 08:21:08.604380+00:00,2026-07-11 11:21:08.604380+00:00,2026-07-11 10:31:34.209853+00:00,34.3,percepita,ambiente,raspberry_pi_4,camera
672,_result,0,2026-07-11 08:21:08.604380+00:00,2026-07-11 11:21:08.604380+00:00,2026-07-11 10:31:39.470045+00:00,34.3,percepita,ambiente,raspberry_pi_4,camera
673,_result,0,2026-07-11 08:21:08.604380+00:00,2026-07-11 11:21:08.604380+00:00,2026-07-11 10:31:44.739296+00:00,34.3,percepita,ambiente,raspberry_pi_4,camera
674,_result,0,2026-07-11 08:21:08.604380+00:00,2026-07-11 11:21:08.604380+00:00,2026-07-11 10:31:49.999333+00:00,34.3,percepita,ambiente,raspberry_pi_4,camera
675,_result,0,2026-07-11 08:21:08.604380+00:00,2026-07-11 11:21:08.604380+00:00,2026-07-11 10:31:55.269133+00:00,34.5,percepita,ambiente,raspberry_pi_4,camera
676,_result,0,2026-07-11 08:21:08.604380+00:00,2026-07-11 11:21:08.604380+00:00,2026-07-11 10:32:00.530789+00:00,34.3,percepita,ambiente,raspberry_pi_4,camera
677,_result,0,2026-07-11 08:21:08.604380+00:00,2026-07-11 11:21:08.604380+00:00,2026-07-11 10:32:05.800806+00:00,34.5,percepita,ambiente,raspberry_pi_4,camera
678,_result,0,2026-07-11 08:21:08.604380+00:00,2026-07-11 11:21:08.604380+00:00,2026-07-11 10:32:11.061125+00:00,34.5,percepita,ambiente,raspberry_pi_4,camera
679,_result,0,2026-07-11 08:21:08.604380+00:00,2026-07-11 11:21:08.604380+00:00,2026-07-11 10:32:16.331091+00:00,34.5,percepita,ambiente,raspberry_pi_4,camera
680,_result,0,2026-07-11 08:21:08.604380+00:00,2026-07-11 11:21:08.604380+00:00,2026-07-11 10:32:21.591161+00:00,34.5,percepita,ambiente,raspberry_pi_4,camera
681,_result,0,2026-07-11 08:21:08.604380+00:00,2026-07-11 11:21:08.604380+00:00,2026-07-11 10:32:26.860827+00:00,34.5,percepita,ambiente,raspberry_pi_4,camera
682,_result,0,2026-07-11 08:21:08.604380+00:00,2026-07-11 11:21:08.604380+00:00,2026-07-11 10:32:32.123943+00:00,34.5,percepita,ambiente,raspberry_pi_4,camera
683,_result,0,2026-07-11 08:21:08.604380+00:00,2026-07-11 11:21:08.604380+00:00,2026-07-11 10:32:37.393790+00:00,34.5,percepita,ambiente,raspberry_pi_4,camera
684,_result,0,2026-07-11 08:21:08.604380+00:00,2026-07-11 11:21:08.604380+00:00,2026-07-11 10:32:42.653886+00:00,34.5,percepita,ambiente,raspberry_pi_4,camera
685,_result,0,2026-07-11 08:21:08.604380+00:00,2026-07-11 11:21:08.604380+00:00,2026-07-11 10:32:47.923550+00:00,34.5,percepita,ambiente,raspberry_pi_4,camera
686,_result,0,2026-07-11 08:21:08.604380+00:00,2026-07-11 11:21:08.604380+00:00,2026-07-11 10:32:53.183337+00:00,34.5,percepita,ambiente,raspberry_pi_4,camera
687,_result,0,2026-07-11 08:21:08.604380+00:00,2026-07-11 11:21:08.604380+00:00,2026-07-11 10:32:58.452793+00:00,34.5,percepita,ambiente,raspberry_pi_4,camera
688,_result,0,2026-07-11 08:21:08.604380+00:00,2026-07-11 11:21:08.604380+00:00,2026-07-11 10:33:03.714347+00:00,34.5,percepita,ambiente,raspberry_pi_4,camera
689,_result,0,2026-07-11 08:21:08.604380+00:00,2026-07-11 11:21:08.604380+00:00,2026-07-11 10:33:08.983668+00:00,34.5,percepita,ambiente,raspberry_pi_4,camera
690,_result,0,2026-07-11 08:21:08.604380+00:00,2026-07-11 11:21:08.604380+00:00,2026-07-11 10:33:14.243901+00:00,34.5,percepita,ambiente,raspberry_pi_4,camera
691,_result,0,2026-07-11 08:21:08.604380+00:00,2026-07-11 11:21:08.604380+00:00,2026-07-11 10:33:19.512935+00:00,34.5,percepita,ambiente,raspberry_pi_4,camera
692,_result,0,2026-07-11 08:21:08.604380+00:00,2026-07-11 11:21:08.604380+00:00,2026-07-11 10:33:24.772917+00:00,34.5,percepita,ambiente,raspberry_pi_4,camera
693,_result,0,2026-07-11 08:21:08.604380+00:00,2026-07-11 11:21:08.604380+00:00,2026-07-11 10:33:30.043506+00:00,34.5,percepita,ambiente,raspberry_pi_4,camera
694,_result,0,2026-07-11 08:21:08.604380+00:00,2026-07-11 11:21:08.604380+00:00,2026-07-11 10:33:35.303722+00:00,34.5,percepita,ambiente,raspberry_pi_4,camera
695,_result,0,2026-07-11 08:21:08.604380+00:00,2026-07-11 11:21:08.604380+00:00,2026-07-11 10:33:45.827094+00:00,34.5,percepita,ambiente,raspberry_pi_4,camera
696,_result,0,2026-07-11 08:21:08.604380+00:00,2026-07-11 11:21:08.604380+00:00,2026-07-11 10:33:51.096780+00:00,34.5,percepita,ambiente,raspberry_pi_4,camera
697,_result,0,2026-07-11 08:21:08.604380+00:00,2026-07-11 11:21:08.604380+00:00,2026-07-11 10:33:56.358251+00:00,34.5,percepita,ambiente,raspberry_pi_4,camera
698,_result,0,2026-07-11 08:21:08.604380+00:00,2026-07-11 11:21:08.604380+00:00,2026-07-11 10:34:06.884008+00:00,34.5,percepita,ambiente,raspberry_pi_4,camera
699,_result,0,2026-07-11 08:21:08.604380+00:00,2026-07-11 11:21:08.604380+00:00,2026-07-11 10:34:12.153622+00:00,34.5,percepita,ambiente,raspberry_pi_4,camera
700,_result,0,2026-07-11 08:21:08.604380+00:00,2026-07-11 11:21:08.604380+00:00,2026-07-11 10:34:17.413969+00:00,34.5,percepita,ambiente,raspberry_pi_4,camera
701,_result,0,2026-07-11 08:21:08.604380+00:00,2026-07-11 11:21:08.604380+00:00,2026-07-11 10:34:22.683025+00:00,34.5,percepita,ambiente,raspberry_pi_4,camera
702,_result,0,2026-07-11 08:21:08.604380+00:00,2026-07-11 11:21:08.604380+00:00,2026-07-11 10:34:27.943161+00:00,34.5,percepita,ambiente,raspberry_pi_4,camera
703,_result,0,2026-07-11 08:21:08.604380+00:00,2026-07-11 11:21:08.604380+00:00,2026-07-11 10:34:33.218645+00:00,34.5,percepita,ambiente,raspberry_pi_4,camera
704,_result,0,2026-07-11 08:21:08.604380+00:00,2026-07-11 11:21:08.604380+00:00,2026-07-11 10:34:43.742034+00:00,34.5,percepita,ambiente,raspberry_pi_4,camera
705,_result,0,2026-07-11 08:21:08.604380+00:00,2026-07-11 11:21:08.604380+00:00,2026-07-11 10:34:49.002046+00:00,34.5,percepita,ambiente,raspberry_pi_4,camera
706,_result,0,2026-07-11 08:21:08.604380+00:00,2026-07-11 11:21:08.604380+00:00,2026-07-11 10:34:54.272694+00:00,34.5,percepita,ambiente,raspberry_pi_4,camera
707,_result,0,2026-07-11 08:21:08.604380+00:00,2026-07-11 11:21:08.604380+00:00,2026-07-11 10:34:59.534531+00:00,34.3,percepita,ambiente,raspberry_pi_4,camera
708,_result,0,2026-07-11 08:21:08.604380+00:00,2026-07-11 11:21:08.604380+00:00,2026-07-11 10:35:04.803879+00:00,34.3,percepita,ambiente,raspberry_pi_4,camera
709,_result,0,2026-07-11 08:21:08.604380+00:00,2026-07-11 11:21:08.604380+00:00,2026-07-11 10:35:10.064111+00:00,34.0,percepita,ambiente,raspberry_pi_4,camera
710,_result,0,2026-07-11 08:21:08.604380+00:00,2026-07-11 11:21:08.604380+00:00,2026-07-11 10:35:15.334109+00:00,33.9,percepita,ambiente,raspberry_pi_4,camera
711,_result,0,2026-07-11 08:21:08.604380+00:00,2026-07-11 11:21:08.604380+00:00,2026-07-11 10:35:20.594244+00:00,33.9,percepita,ambiente,raspberry_pi_4,camera
712,_result,0,2026-07-11 08:21:08.604380+00:00,2026-07-11 11:21:08.604380+00:00,2026-07-11 10:35:25.863940+00:00,33.9,percepita,ambiente,raspberry_pi_4,camera
713,_result,0,2026-07-11 08:21:08.604380+00:00,2026-07-11 11:21:08.604380+00:00,2026-07-11 10:35:31.125444+00:00,33.9,percepita,ambiente,raspberry_pi_4,camera
714,_result,0,2026-07-11 08:21:08.604380+00:00,2026-07-11 11:21:08.604380+00:00,2026-07-11 10:35:36.398309+00:00,33.9,percepita,ambiente,raspberry_pi_4,camera
715,_result,0,2026-07-11 08:21:08.604380+00:00,2026-07-11 11:21:08.604380+00:00,2026-07-11 10:35:41.658735+00:00,33.9,percepita,ambiente,raspberry_pi_4,camera
716,_result,0,2026-07-11 08:21:08.604380+00:00,2026-07-11 11:21:08.604380+00:00,2026-07-11 10:35:46.928187+00:00,33.9,percepita,ambiente,raspberry_pi_4,camera
717,_result,0,2026-07-11 08:21:08.604380+00:00,2026-07-11 11:21:08.604380+00:00,2026-07-11 10:35:52.188347+00:00,33.9,percepita,ambiente,raspberry_pi_4,camera
718,_result,0,2026-07-11 08:21:08.604380+00:00,2026-07-11 11:21:08.604380+00:00,2026-07-11 10:35:57.483590+00:00,33.9,percepita,ambiente,raspberry_pi_4,camera
719,_result,0,2026-07-11 08:21:08.604380+00:00,2026-07-11 11:21:08.604380+00:00,2026-07-11 10:36:02.745234+00:00,33.9,percepita,ambiente,raspberry_pi_4,camera
720,_result,0,2026-07-11 08:21:08.604380+00:00,2026-07-11 11:21:08.604380+00:00,2026-07-11 10:36:08.015501+00:00,33.9,percepita,ambiente,raspberry_pi_4,camera
721,_result,0,2026-07-11 08:21:08.604380+00:00,2026-07-11 11:21:08.604380+00:00,2026-07-11 10:36:13.278202+00:00,33.9,percepita,ambiente,raspberry_pi_4,camera
722,_result,0,2026-07-11 08:21:08.604380+00:00,2026-07-11 11:21:08.604380+00:00,2026-07-11 10:36:18.547628+00:00,33.9,percepita,ambiente,raspberry_pi_4,camera
723,_result,0,2026-07-11 08:21:08.604380+00:00,2026-07-11 11:21:08.604380+00:00,2026-07-11 10:36:23.808399+00:00,33.9,percepita,ambiente,raspberry_pi_4,camera
724,_result,0,2026-07-11 08:21:08.604380+00:00,2026-07-11 11:21:08.604380+00:00,2026-07-11 10:36:29.079186+00:00,33.9,percepita,ambiente,raspberry_pi_4,camera
725,_result,0,2026-07-11 08:21:08.604380+00:00,2026-07-11 11:21:08.604380+00:00,2026-07-11 10:36:34.339243+00:00,33.9,percepita,ambiente,raspberry_pi_4,camera
726,_result,0,2026-07-11 08:21:08.604380+00:00,2026-07-11 11:21:08.604380+00:00,2026-07-11 10:36:39.609187+00:00,33.9,percepita,ambiente,raspberry_pi_4,camera
727,_result,0,2026-07-11 08:21:08.604380+00:00,2026-07-11 11:21:08.604380+00:00,2026-07-11 10:36:44.869092+00:00,33.9,percepita,ambiente,raspberry_pi_4,camera
728,_result,0,2026-07-11 08:21:08.604380+00:00,2026-07-11 11:21:08.604380+00:00,2026-07-11 10:36:50.138417+00:00,33.9,percepita,ambiente,raspberry_pi_4,camera
729,_result,0,2026-07-11 08:21:08.604380+00:00,2026-07-11 11:21:08.604380+00:00,2026-07-11 10:36:55.399058+00:00,33.9,percepita,ambiente,raspberry_pi_4,camera
730,_result,0,2026-07-11 08:21:08.604380+00:00,2026-07-11 11:21:08.604380+00:00,2026-07-11 10:37:00.670231+00:00,33.9,percepita,ambiente,raspberry_pi_4,camera
731,_result,0,2026-07-11 08:21:08.604380+00:00,2026-07-11 11:21:08.604380+00:00,2026-07-11 10:37:05.930233+00:00,33.9,percepita,ambiente,raspberry_pi_4,camera
732,_result,0,2026-07-11 08:21:08.604380+00:00,2026-07-11 11:21:08.604380+00:00,2026-07-11 10:37:11.199945+00:00,33.9,percepita,ambiente,raspberry_pi_4,camera
733,_result,0,2026-07-11 08:21:08.604380+00:00,2026-07-11 11:21:08.604380+00:00,2026-07-11 10:37:16.460452+00:00,33.9,percepita,ambiente,raspberry_pi_4,camera
734,_result,0,2026-07-11 08:21:08.604380+00:00,2026-07-11 11:21:08.604380+00:00,2026-07-11 10:37:21.729806+00:00,33.9,percepita,ambiente,raspberry_pi_4,camera
735,_result,0,2026-07-11 08:21:08.604380+00:00,2026-07-11 11:21:08.604380+00:00,2026-07-11 10:37:26.989884+00:00,33.9,percepita,ambiente,raspberry_pi_4,camera
736,_result,0,2026-07-11 08:21:08.604380+00:00,2026-07-11 11:21:08.604380+00:00,2026-07-11 10:37:32.278163+00:00,33.9,percepita,ambiente,raspberry_pi_4,camera
737,_result,0,2026-07-11 08:21:08.604380+00:00,2026-07-11 11:21:08.604380+00:00,2026-07-11 10:37:37.538545+00:00,33.9,percepita,ambiente,raspberry_pi_4,camera
738,_result,0,2026-07-11 08:21:08.604380+00:00,2026-07-11 11:21:08.604380+00:00,2026-07-11 10:37:42.807955+00:00,33.9,percepita,ambiente,raspberry_pi_4,camera
739,_result,0,2026-07-11 08:21:08.604380+00:00,2026-07-11 11:21:08.604380+00:00,2026-07-11 10:37:48.068027+00:00,33.9,percepita,ambiente,raspberry_pi_4,camera
740,_result,0,2026-07-11 08:21:08.604380+00:00,2026-07-11 11:21:08.604380+00:00,2026-07-11 10:38:03.858743+00:00,33.9,percepita,ambiente,raspberry_pi_4,camera
741,_result,0,2026-07-11 08:21:08.604380+00:00,2026-07-11 11:21:08.604380+00:00,2026-07-11 10:38:14.382744+00:00,33.9,percepita,ambiente,raspberry_pi_4,camera
742,_result,0,2026-07-11 08:21:08.604380+00:00,2026-07-11 11:21:08.604380+00:00,2026-07-11 10:38:19.642661+00:00,33.9,percepita,ambiente,raspberry_pi_4,camera
743,_result,0,2026-07-11 08:21:08.604380+00:00,2026-07-11 11:21:08.604380+00:00,2026-07-11 10:38:24.912994+00:00,34.0,percepita,ambiente,raspberry_pi_4,camera
744,_result,0,2026-07-11 08:21:08.604380+00:00,2026-07-11 11:21:08.604380+00:00,2026-07-11 10:38:30.174781+00:00,34.3,percepita,ambiente,raspberry_pi_4,camera
745,_result,0,2026-07-11 08:21:08.604380+00:00,2026-07-11 11:21:08.604380+00:00,2026-07-11 10:38:35.444489+00:00,34.5,percepita,ambiente,raspberry_pi_4,camera
746,_result,0,2026-07-11 08:21:08.604380+00:00,2026-07-11 11:21:08.604380+00:00,2026-07-11 10:38:40.704420+00:00,34.5,percepita,ambiente,raspberry_pi_4,camera
747,_result,0,2026-07-11 08:21:08.604380+00:00,2026-07-11 11:21:08.604380+00:00,2026-07-11 10:38:45.974228+00:00,34.5,percepita,ambiente,raspberry_pi_4,camera
748,_result,0,2026-07-11 08:21:08.604380+00:00,2026-07-11 11:21:08.604380+00:00,2026-07-11 10:38:51.234421+00:00,34.5,percepita,ambiente,raspberry_pi_4,camera
749,_result,0,2026-07-11 08:21:08.604380+00:00,2026-07-11 11:21:08.604380+00:00,2026-07-11 10:38:56.503703+00:00,34.5,percepita,ambiente,raspberry_pi_4,camera
750,_result,0,2026-07-11 08:21:08.604380+00:00,2026-07-11 11:21:08.604380+00:00,2026-07-11 10:39:01.765123+00:00,34.5,percepita,ambiente,raspberry_pi_4,camera
751,_result,0,2026-07-11 08:21:08.604380+00:00,2026-07-11 11:21:08.604380+00:00,2026-07-11 10:39:07.034592+00:00,34.5,percepita,ambiente,raspberry_pi_4,camera
752,_result,0,2026-07-11 08:21:08.604380+00:00,2026-07-11 11:21:08.604380+00:00,2026-07-11 10:39:12.294969+00:00,34.5,percepita,ambiente,raspberry_pi_4,camera
753,_result,0,2026-07-11 08:21:08.604380+00:00,2026-07-11 11:21:08.604380+00:00,2026-07-11 10:39:17.564113+00:00,34.5,percepita,ambiente,raspberry_pi_4,camera
754,_result,0,2026-07-11 08:21:08.604380+00:00,2026-07-11 11:21:08.604380+00:00,2026-07-11 10:39:22.824076+00:00,34.5,percepita,ambiente,raspberry_pi_4,camera
755,_result,0,2026-07-11 08:21:08.604380+00:00,2026-07-11 11:21:08.604380+00:00,2026-07-11 10:39:28.116912+00:00,34.5,percepita,ambiente,raspberry_pi_4,camera
756,_result,0,2026-07-11 08:21:08.604380+00:00,2026-07-11 11:21:08.604380+00:00,2026-07-11 10:39:33.378437+00:00,34.5,percepita,ambiente,raspberry_pi_4,camera
757,_result,0,2026-07-11 08:21:08.604380+00:00,2026-07-11 11:21:08.604380+00:00,2026-07-11 10:39:38.649561+00:00,34.5,percepita,ambiente,raspberry_pi_4,camera
758,_result,0,2026-07-11 08:21:08.604380+00:00,2026-07-11 11:21:08.604380+00:00,2026-07-11 10:39:43.909641+00:00,34.5,percepita,ambiente,raspberry_pi_4,camera
759,_result,0,2026-07-11 08:21:08.604380+00:00,2026-07-11 11:21:08.604380+00:00,2026-07-11 10:39:49.179425+00:00,34.5,percepita,ambiente,raspberry_pi_4,camera
760,_result,0,2026-07-11 08:21:08.604380+00:00,2026-07-11 11:21:08.604380+00:00,2026-07-11 10:39:54.439407+00:00,34.5,percepita,ambiente,raspberry_pi_4,camera
761,_result,0,2026-07-11 08:21:08.604380+00:00,2026-07-11 11:21:08.604380+00:00,2026-07-11 10:39:59.710843+00:00,34.5,percepita,ambiente,raspberry_pi_4,camera
762,_result,0,2026-07-11 08:21:08.604380+00:00,2026-07-11 11:21:08.604380+00:00,2026-07-11 10:40:04.971014+00:00,34.5,percepita,ambiente,raspberry_pi_4,camera
763,_result,0,2026-07-11 08:21:08.604380+00:00,2026-07-11 11:21:08.604380+00:00,2026-07-11 10:40:10.240429+00:00,34.5,percepita,ambiente,raspberry_pi_4,camera
764,_result,0,2026-07-11 08:21:08.604380+00:00,2026-07-11 11:21:08.604380+00:00,2026-07-11 10:40:15.501057+00:00,34.5,percepita,ambiente,raspberry_pi_4,camera
765,_result,0,2026-07-11 08:21:08.604380+00:00,2026-07-11 11:21:08.604380+00:00,2026-07-11 10:40:20.773865+00:00,34.5,percepita,ambiente,raspberry_pi_4,camera
766,_result,0,2026-07-11 08:21:08.604380+00:00,2026-07-11 11:21:08.604380+00:00,2026-07-11 10:40:26.033991+00:00,34.5,percepita,ambiente,raspberry_pi_4,camera
767,_result,0,2026-07-11 08:21:08.604380+00:00,2026-07-11 11:21:08.604380+00:00,2026-07-11 10:40:31.312095+00:00,34.5,percepita,ambiente,raspberry_pi_4,camera
768,_result,0,2026-07-11 08:21:08.604380+00:00,2026-07-11 11:21:08.604380+00:00,2026-07-11 10:40:36.572173+00:00,34.5,percepita,ambiente,raspberry_pi_4,camera
769,_result,0,2026-07-11 08:21:08.604380+00:00,2026-07-11 11:21:08.604380+00:00,2026-07-11 10:40:41.842301+00:00,34.7,percepita,ambiente,raspberry_pi_4,camera
770,_result,0,2026-07-11 08:21:08.604380+00:00,2026-07-11 11:21:08.604380+00:00,2026-07-11 10:40:47.102414+00:00,34.8,percepita,ambiente,raspberry_pi_4,camera
771,_result,0,2026-07-11 08:21:08.604380+00:00,2026-07-11 11:21:08.604380+00:00,2026-07-11 10:40:52.371517+00:00,34.7,percepita,ambiente,raspberry_pi_4,camera
772,_result,0,2026-07-11 08:21:08.604380+00:00,2026-07-11 11:21:08.604380+00:00,2026-07-11 10:40:57.631856+00:00,34.8,percepita,ambiente,raspberry_pi_4,camera
773,_result,0,2026-07-11 08:21:08.604380+00:00,2026-07-11 11:21:08.604380+00:00,2026-07-11 10:41:02.902689+00:00,34.8,percepita,ambiente,raspberry_pi_4,camera
774,_result,0,2026-07-11 08:21:08.604380+00:00,2026-07-11 11:21:08.604380+00:00,2026-07-11 10:41:08.162701+00:00,35.0,percepita,ambiente,raspberry_pi_4,camera
775,_result,0,2026-07-11 08:21:08.604380+00:00,2026-07-11 11:21:08.604380+00:00,2026-07-11 10:41:13.432107+00:00,35.2,percepita,ambiente,raspberry_pi_4,camera
776,_result,0,2026-07-11 08:21:08.604380+00:00,2026-07-11 11:21:08.604380+00:00,2026-07-11 10:41:18.692017+00:00,35.0,percepita,ambiente,raspberry_pi_4,camera
777,_result,0,2026-07-11 08:21:08.604380+00:00,2026-07-11 11:21:08.604380+00:00,2026-07-11 10:41:23.961921+00:00,35.2,percepita,ambiente,raspberry_pi_4,camera
778,_result,0,2026-07-11 08:21:08.604380+00:00,2026-07-11 11:21:08.604380+00:00,2026-07-11 10:41:34.485422+00:00,35.2,percepita,ambiente,raspberry_pi_4,camera
779,_result,0,2026-07-11 08:21:08.604380+00:00,2026-07-11 11:21:08.604380+00:00,2026-07-11 10:41:39.745469+00:00,35.2,percepita,ambiente,raspberry_pi_4,camera
780,_result,0,2026-07-11 08:21:08.604380+00:00,2026-07-11 11:21:08.604380+00:00,2026-07-11 10:41:45.014997+00:00,35.3,percepita,ambiente,raspberry_pi_4,camera
781,_result,0,2026-07-11 08:21:08.604380+00:00,2026-07-11 11:21:08.604380+00:00,2026-07-11 10:41:50.275398+00:00,35.3,percepita,ambiente,raspberry_pi_4,camera
782,_result,0,2026-07-11 08:21:08.604380+00:00,2026-07-11 11:21:08.604380+00:00,2026-07-11 10:41:55.549434+00:00,35.3,percepita,ambiente,raspberry_pi_4,camera
783,_result,0,2026-07-11 08:21:08.604380+00:00,2026-07-11 11:21:08.604380+00:00,2026-07-11 10:42:06.081991+00:00,35.1,percepita,ambiente,raspberry_pi_4,camera
784,_result,0,2026-07-11 08:21:08.604380+00:00,2026-07-11 11:21:08.604380+00:00,2026-07-11 10:42:11.343209+00:00,34.9,percepita,ambiente,raspberry_pi_4,camera
785,_result,0,2026-07-11 08:21:08.604380+00:00,2026-07-11 11:21:08.604380+00:00,2026-07-11 10:42:16.612889+00:00,34.9,percepita,ambiente,raspberry_pi_4,camera
786,_result,0,2026-07-11 08:21:08.604380+00:00,2026-07-11 11:21:08.604380+00:00,2026-07-11 10:42:21.874096+00:00,35.1,percepita,ambiente,raspberry_pi_4,camera
787,_result,0,2026-07-11 08:21:08.604380+00:00,2026-07-11 11:21:08.604380+00:00,2026-07-11 10:42:27.144423+00:00,34.9,percepita,ambiente,raspberry_pi_4,camera
788,_result,0,2026-07-11 08:21:08.604380+00:00,2026-07-11 11:21:08.604380+00:00,2026-07-11 10:42:32.406367+00:00,34.6,percepita,ambiente,raspberry_pi_4,camera
789,_result,0,2026-07-11 08:21:08.604380+00:00,2026-07-11 11:21:08.604380+00:00,2026-07-11 10:42:37.676173+00:00,34.4,percepita,ambiente,raspberry_pi_4,camera
790,_result,0,2026-07-11 08:21:08.604380+00:00,2026-07-11 11:21:08.604380+00:00,2026-07-11 10:42:42.938110+00:00,34.4,percepita,ambiente,raspberry_pi_4,camera
791,_result,0,2026-07-11 08:21:08.604380+00:00,2026-07-11 11:21:08.604380+00:00,2026-07-11 10:42:48.208188+00:00,34.4,percepita,ambiente,raspberry_pi_4,camera
792,_result,0,2026-07-11 08:21:08.604380+00:00,2026-07-11 11:21:08.604380+00:00,2026-07-11 10:42:53.468168+00:00,34.4,percepita,ambiente,raspberry_pi_4,camera
793,_result,0,2026-07-11 08:21:08.604380+00:00,2026-07-11 11:21:08.604380+00:00,2026-07-11 10:42:58.739496+00:00,34.3,percepita,ambiente,raspberry_pi_4,camera
794,_result,0,2026-07-11 08:21:08.604380+00:00,2026-07-11 11:21:08.604380+00:00,2026-07-11 10:43:03.999765+00:00,34.3,percepita,ambiente,raspberry_pi_4,camera
795,_result,0,2026-07-11 08:21:08.604380+00:00,2026-07-11 11:21:08.604380+00:00,2026-07-11 10:43:09.269542+00:00,34.3,percepita,ambiente,raspberry_pi_4,camera
796,_result,0,2026-07-11 08:21:08.604380+00:00,2026-07-11 11:21:08.604380+00:00,2026-07-11 10:43:25.062703+00:00,34.5,percepita,ambiente,raspberry_pi_4,camera
797,_result,0,2026-07-11 08:21:08.604380+00:00,2026-07-11 11:21:08.604380+00:00,2026-07-11 10:43:30.333717+00:00,34.5,percepita,ambiente,raspberry_pi_4,camera
798,_result,0,2026-07-11 08:21:08.604380+00:00,2026-07-11 11:21:08.604380+00:00,2026-07-11 10:43:35.594099+00:00,34.5,percepita,ambiente,raspberry_pi_4,camera
799,_result,0,2026-07-11 08:21:08.604380+00:00,2026-07-11 11:21:08.604380+00:00,2026-07-11 10:43:40.866409+00:00,34.5,percepita,ambiente,raspberry_pi_4,camera
800,_result,0,2026-07-11 08:21:08.604380+00:00,2026-07-11 11:21:08.604380+00:00,2026-07-11 10:43:46.130049+00:00,34.5,percepita,ambiente,raspberry_pi_4,camera
801,_result,0,2026-07-11 08:21:08.604380+00:00,2026-07-11 11:21:08.604380+00:00,2026-07-11 10:43:51.399953+00:00,34.5,percepita,ambiente,raspberry_pi_4,camera
802,_result,0,2026-07-11 08:21:08.604380+00:00,2026-07-11 11:21:08.604380+00:00,2026-07-11 10:43:56.661588+00:00,34.5,percepita,ambiente,raspberry_pi_4,camera
803,_result,0,2026-07-11 08:21:08.604380+00:00,2026-07-11 11:21:08.604380+00:00,2026-07-11 10:44:01.932893+00:00,34.5,percepita,ambiente,raspberry_pi_4,camera
804,_result,0,2026-07-11 08:21:08.604380+00:00,2026-07-11 11:21:08.604380+00:00,2026-07-11 10:44:12.458766+00:00,34.5,percepita,ambiente,raspberry_pi_4,camera
805,_result,0,2026-07-11 08:21:08.604380+00:00,2026-07-11 11:21:08.604380+00:00,2026-07-11 10:44:17.718758+00:00,34.5,percepita,ambiente,raspberry_pi_4,camera
806,_result,0,2026-07-11 08:21:08.604380+00:00,2026-07-11 11:21:08.604380+00:00,2026-07-11 10:44:22.988216+00:00,34.5,percepita,ambiente,raspberry_pi_4,camera
807,_result,0,2026-07-11 08:21:08.604380+00:00,2026-07-11 11:21:08.604380+00:00,2026-07-11 10:44:28.248558+00:00,34.5,percepita,ambiente,raspberry_pi_4,camera
808,_result,0,2026-07-11 08:21:08.604380+00:00,2026-07-11 11:21:08.604380+00:00,2026-07-11 10:44:33.519650+00:00,34.5,percepita,ambiente,raspberry_pi_4,camera
809,_result,0,2026-07-11 08:21:08.604380+00:00,2026-07-11 11:21:08.604380+00:00,2026-07-11 10:44:38.779776+00:00,34.5,percepita,ambiente,raspberry_pi_4,camera
810,_result,0,2026-07-11 08:21:08.604380+00:00,2026-07-11 11:21:08.604380+00:00,2026-07-11 10:44:44.049559+00:00,34.5,percepita,ambiente,raspberry_pi_4,camera
811,_result,0,2026-07-11 08:21:08.604380+00:00,2026-07-11 11:21:08.604380+00:00,2026-07-11 10:44:49.309867+00:00,34.5,percepita,ambiente,raspberry_pi_4,camera
812,_result,0,2026-07-11 08:21:08.604380+00:00,2026-07-11 11:21:08.604380+00:00,2026-07-11 10:44:54.579405+00:00,34.5,percepita,ambiente,raspberry_pi_4,camera
813,_result,0,2026-07-11 08:21:08.604380+00:00,2026-07-11 11:21:08.604380+00:00,2026-07-11 10:44:59.841326+00:00,34.5,percepita,ambiente,raspberry_pi_4,camera
814,_result,0,2026-07-11 08:21:08.604380+00:00,2026-07-11 11:21:08.604380+00:00,2026-07-11 10:45:05.111031+00:00,34.5,percepita,ambiente,raspberry_pi_4,camera
815,_result,0,2026-07-11 08:21:08.604380+00:00,2026-07-11 11:21:08.604380+00:00,2026-07-11 10:45:10.371263+00:00,34.5,percepita,ambiente,raspberry_pi_4,camera
816,_result,0,2026-07-11 08:21:08.604380+00:00,2026-07-11 11:21:08.604380+00:00,2026-07-11 10:45:15.650218+00:00,34.5,percepita,ambiente,raspberry_pi_4,camera
817,_result,0,2026-07-11 08:21:08.604380+00:00,2026-07-11 11:21:08.604380+00:00,2026-07-11 10:45:20.913595+00:00,34.5,percepita,ambiente,raspberry_pi_4,camera
818,_result,0,2026-07-11 08:21:08.604380+00:00,2026-07-11 11:21:08.604380+00:00,2026-07-11 10:45:26.183463+00:00,34.5,percepita,ambiente,raspberry_pi_4,camera
819,_result,0,2026-07-11 08:21:08.604380+00:00,2026-07-11 11:21:08.604380+00:00,2026-07-11 10:45:36.708808+00:00,34.5,percepita,ambiente,raspberry_pi_4,camera
820,_result,0,2026-07-11 08:21:08.604380+00:00,2026-07-11 11:21:08.604380+00:00,2026-07-11 10:45:41.968822+00:00,34.5,percepita,ambiente,raspberry_pi_4,camera
821,_result,0,2026-07-11 08:21:08.604380+00:00,2026-07-11 11:21:08.604380+00:00,2026-07-11 10:45:47.238567+00:00,34.5,percepita,ambiente,raspberry_pi_4,camera
822,_result,0,2026-07-11 08:21:08.604380+00:00,2026-07-11 11:21:08.604380+00:00,2026-07-11 10:45:52.498957+00:00,34.5,percepita,ambiente,raspberry_pi_4,camera
823,_result,0,2026-07-11 08:21:08.604380+00:00,2026-07-11 11:21:08.604380+00:00,2026-07-11 10:45:57.768189+00:00,34.5,percepita,ambiente,raspberry_pi_4,camera
824,_result,0,2026-07-11 08:21:08.604380+00:00,2026-07-11 11:21:08.604380+00:00,2026-07-11 10:46:08.294292+00:00,34.5,percepita,ambiente,raspberry_pi_4,camera
825,_result,0,2026-07-11 08:21:08.604380+00:00,2026-07-11 11:21:08.604380+00:00,2026-07-11 10:46:13.554723+00:00,34.3,percepita,ambiente,raspberry_pi_4,camera
826,_result,0,2026-07-11 08:21:08.604380+00:00,2026-07-11 11:21:08.604380+00:00,2026-07-11 10:46:18.823926+00:00,34.3,percepita,ambiente,raspberry_pi_4,camera
827,_result,0,2026-07-11 08:21:08.604380+00:00,2026-07-11 11:21:08.604380+00:00,2026-07-11 10:46:24.084206+00:00,34.5,percepita,ambiente,raspberry_pi_4,camera
828,_result,0,2026-07-11 08:21:08.604380+00:00,2026-07-11 11:21:08.604380+00:00,2026-07-11 10:46:29.355538+00:00,34.3,percepita,ambiente,raspberry_pi_4,camera
829,_result,0,2026-07-11 08:21:08.604380+00:00,2026-07-11 11:21:08.604380+00:00,2026-07-11 10:46:34.615749+00:00,34.3,percepita,ambiente,raspberry_pi_4,camera
830,_result,0,2026-07-11 08:21:08.604380+00:00,2026-07-11 11:21:08.604380+00:00,2026-07-11 10:46:39.896451+00:00,34.3,percepita,ambiente,raspberry_pi_4,camera
831,_result,0,2026-07-11 08:21:08.604380+00:00,2026-07-11 11:21:08.604380+00:00,2026-07-11 10:46:45.156359+00:00,34.3,percepita,ambiente,raspberry_pi_4,camera
832,_result,0,2026-07-11 08:21:08.604380+00:00,2026-07-11 11:21:08.604380+00:00,2026-07-11 10:46:50.426307+00:00,34.3,percepita,ambiente,raspberry_pi_4,camera
833,_result,0,2026-07-11 08:21:08.604380+00:00,2026-07-11 11:21:08.604380+00:00,2026-07-11 10:46:55.689364+00:00,34.5,percepita,ambiente,raspberry_pi_4,camera
834,_result,0,2026-07-11 08:21:08.604380+00:00,2026-07-11 11:21:08.604380+00:00,2026-07-11 10:47:00.966168+00:00,34.3,percepita,ambiente,raspberry_pi_4,camera
835,_result,0,2026-07-11 08:21:08.604380+00:00,2026-07-11 11:21:08.604380+00:00,2026-07-11 10:47:06.226456+00:00,34.5,percepita,ambiente,raspberry_pi_4,camera
836,_result,0,2026-07-11 08:21:08.604380+00:00,2026-07-11 11:21:08.604380+00:00,2026-07-11 10:47:11.496138+00:00,34.5,percepita,ambiente,raspberry_pi_4,camera
837,_result,0,2026-07-11 08:21:08.604380+00:00,2026-07-11 11:21:08.604380+00:00,2026-07-11 10:47:16.756350+00:00,34.5,percepita,ambiente,raspberry_pi_4,camera
838,_result,0,2026-07-11 08:21:08.604380+00:00,2026-07-11 11:21:08.604380+00:00,2026-07-11 10:47:22.026889+00:00,34.5,percepita,ambiente,raspberry_pi_4,camera
839,_result,0,2026-07-11 08:21:08.604380+00:00,2026-07-11 11:21:08.604380+00:00,2026-07-11 10:47:27.287977+00:00,34.5,percepita,ambiente,raspberry_pi_4,camera
840,_result,0,2026-07-11 08:21:08.604380+00:00,2026-07-11 11:21:08.604380+00:00,2026-07-11 10:47:32.558930+00:00,34.5,percepita,ambiente,raspberry_pi_4,camera
841,_result,0,2026-07-11 08:21:08.604380+00:00,2026-07-11 11:21:08.604380+00:00,2026-07-11 10:47:37.819170+00:00,34.5,percepita,ambiente,raspberry_pi_4,camera
842,_result,0,2026-07-11 08:21:08.604380+00:00,2026-07-11 11:21:08.604380+00:00,2026-07-11 10:47:43.088506+00:00,34.5,percepita,ambiente,raspberry_pi_4,camera
843,_result,0,2026-07-11 08:21:08.604380+00:00,2026-07-11 11:21:08.604380+00:00,2026-07-11 10:47:48.348878+00:00,34.5,percepita,ambiente,raspberry_pi_4,camera
844,_result,0,2026-07-11 08:21:08.604380+00:00,2026-07-11 11:21:08.604380+00:00,2026-07-11 10:47:53.618195+00:00,34.5,percepita,ambiente,raspberry_pi_4,camera
845,_result,0,2026-07-11 08:21:08.604380+00:00,2026-07-11 11:21:08.604380+00:00,2026-07-11 10:47:58.879864+00:00,34.5,percepita,ambiente,raspberry_pi_4,camera
846,_result,0,2026-07-11 08:21:08.604380+00:00,2026-07-11 11:21:08.604380+00:00,2026-07-11 10:48:04.150787+00:00,34.5,percepita,ambiente,raspberry_pi_4,camera
847,_result,0,2026-07-11 08:21:08.604380+00:00,2026-07-11 11:21:08.604380+00:00,2026-07-11 10:48:09.411159+00:00,34.5,percepita,ambiente,raspberry_pi_4,camera
848,_result,0,2026-07-11 08:21:08.604380+00:00,2026-07-11 11:21:08.604380+00:00,2026-07-11 10:48:14.680240+00:00,34.5,percepita,ambiente,raspberry_pi_4,camera
849,_result,0,2026-07-11 08:21:08.604380+00:00,2026-07-11 11:21:08.604380+00:00,2026-07-11 10:48:19.940295+00:00,34.5,percepita,ambiente,raspberry_pi_4,camera
850,_result,0,2026-07-11 08:21:08.604380+00:00,2026-07-11 11:21:08.604380+00:00,2026-07-11 10:48:25.210154+00:00,34.5,percepita,ambiente,raspberry_pi_4,camera
851,_result,0,2026-07-11 08:21:08.604380+00:00,2026-07-11 11:21:08.604380+00:00,2026-07-11 10:48:30.490194+00:00,34.5,percepita,ambiente,raspberry_pi_4,camera
852,_result,0,2026-07-11 08:21:08.604380+00:00,2026-07-11 11:21:08.604380+00:00,2026-07-11 10:48:41.021739+00:00,34.5,percepita,ambiente,raspberry_pi_4,camera
853,_result,0,2026-07-11 08:21:08.604380+00:00,2026-07-11 11:21:08.604380+00:00,2026-07-11 10:48:46.291338+00:00,34.5,percepita,ambiente,raspberry_pi_4,camera
854,_result,0,2026-07-11 08:21:08.604380+00:00,2026-07-11 11:21:08.604380+00:00,2026-07-11 10:48:51.551320+00:00,34.5,percepita,ambiente,raspberry_pi_4,camera
855,_result,0,2026-07-11 08:21:08.604380+00:00,2026-07-11 11:21:08.604380+00:00,2026-07-11 10:48:56.821005+00:00,34.5,percepita,ambiente,raspberry_pi_4,camera
856,_result,0,2026-07-11 08:21:08.604380+00:00,2026-07-11 11:21:08.604380+00:00,2026-07-11 10:49:02.082679+00:00,34.5,percepita,ambiente,raspberry_pi_4,camera
857,_result,0,2026-07-11 08:21:08.604380+00:00,2026-07-11 11:21:08.604380+00:00,2026-07-11 10:49:07.352261+00:00,34.5,percepita,ambiente,raspberry_pi_4,camera
858,_result,0,2026-07-11 08:21:08.604380+00:00,2026-07-11 11:21:08.604380+00:00,2026-07-11 10:49:12.614221+00:00,34.5,percepita,ambiente,raspberry_pi_4,camera
859,_result,0,2026-07-11 08:21:08.604380+00:00,2026-07-11 11:21:08.604380+00:00,2026-07-11 10:49:17.883850+00:00,34.5,percepita,ambiente,raspberry_pi_4,camera
860,_result,0,2026-07-11 08:21:08.604380+00:00,2026-07-11 11:21:08.604380+00:00,2026-07-11 10:49:23.146245+00:00,34.5,percepita,ambiente,raspberry_pi_4,camera
861,_result,0,2026-07-11 08:21:08.604380+00:00,2026-07-11 11:21:08.604380+00:00,2026-07-11 10:49:28.415642+00:00,34.5,percepita,ambiente,raspberry_pi_4,camera
862,_result,0,2026-07-11 08:21:08.604380+00:00,2026-07-11 11:21:08.604380+00:00,2026-07-11 10:49:38.940975+00:00,34.5,percepita,ambiente,raspberry_pi_4,camera
863,_result,0,2026-07-11 08:21:08.604380+00:00,2026-07-11 11:21:08.604380+00:00,2026-07-11 10:49:44.201132+00:00,34.5,percepita,ambiente,raspberry_pi_4,camera
864,_result,0,2026-07-11 08:21:08.604380+00:00,2026-07-11 11:21:08.604380+00:00,2026-07-11 10:49:49.470832+00:00,34.5,percepita,ambiente,raspberry_pi_4,camera
865,_result,0,2026-07-11 08:21:08.604380+00:00,2026-07-11 11:21:08.604380+00:00,2026-07-11 10:49:59.997431+00:00,34.5,percepita,ambiente,raspberry_pi_4,camera
866,_result,0,2026-07-11 08:21:08.604380+00:00,2026-07-11 11:21:08.604380+00:00,2026-07-11 10:50:05.257687+00:00,34.5,percepita,ambiente,raspberry_pi_4,camera
867,_result,0,2026-07-11 08:21:08.604380+00:00,2026-07-11 11:21:08.604380+00:00,2026-07-11 10:50:10.527598+00:00,34.5,percepita,ambiente,raspberry_pi_4,camera
868,_result,0,2026-07-11 08:21:08.604380+00:00,2026-07-11 11:21:08.604380+00:00,2026-07-11 10:50:15.789917+00:00,34.3,percepita,ambiente,raspberry_pi_4,camera
869,_result,0,2026-07-11 08:21:08.604380+00:00,2026-07-11 11:21:08.604380+00:00,2026-07-11 10:50:21.059353+00:00,34.3,percepita,ambiente,raspberry_pi_4,camera
870,_result,0,2026-07-11 08:21:08.604380+00:00,2026-07-11 11:21:08.604380+00:00,2026-07-11 10:50:26.319710+00:00,34.3,percepita,ambiente,raspberry_pi_4,camera
871,_result,0,2026-07-11 08:21:08.604380+00:00,2026-07-11 11:21:08.604380+00:00,2026-07-11 10:50:31.591124+00:00,34.3,percepita,ambiente,raspberry_pi_4,camera
872,_result,0,2026-07-11 08:21:08.604380+00:00,2026-07-11 11:21:08.604380+00:00,2026-07-11 10:50:36.861989+00:00,34.3,percepita,ambiente,raspberry_pi_4,camera
873,_result,0,2026-07-11 08:21:08.604380+00:00,2026-07-11 11:21:08.604380+00:00,2026-07-11 10:50:42.131808+00:00,34.2,percepita,ambiente,raspberry_pi_4,camera
874,_result,0,2026-07-11 08:21:08.604380+00:00,2026-07-11 11:21:08.604380+00:00,2026-07-11 10:50:47.392098+00:00,34.2,percepita,ambiente,raspberry_pi_4,camera
875,_result,0,2026-07-11 08:21:08.604380+00:00,2026-07-11 11:21:08.604380+00:00,2026-07-11 10:50:52.661480+00:00,34.3,percepita,ambiente,raspberry_pi_4,camera
876,_result,0,2026-07-11 08:21:08.604380+00:00,2026-07-11 11:21:08.604380+00:00,2026-07-11 10:50:57.921776+00:00,34.2,percepita,ambiente,raspberry_pi_4,camera
877,_result,0,2026-07-11 08:21:08.604380+00:00,2026-07-11 11:21:08.604380+00:00,2026-07-11 10:51:03.193857+00:00,34.3,percepita,ambiente,raspberry_pi_4,camera
878,_result,0,2026-07-11 08:21:08.604380+00:00,2026-07-11 11:21:08.604380+00:00,2026-07-11 10:51:08.453908+00:00,34.3,percepita,ambiente,raspberry_pi_4,camera
879,_result,0,2026-07-11 08:21:08.604380+00:00,2026-07-11 11:21:08.604380+00:00,2026-07-11 10:51:13.723729+00:00,34.5,percepita,ambiente,raspberry_pi_4,camera
880,_result,0,2026-07-11 08:21:08.604380+00:00,2026-07-11 11:21:08.604380+00:00,2026-07-11 10:51:18.983927+00:00,34.5,percepita,ambiente,raspberry_pi_4,camera
881,_result,0,2026-07-11 08:21:08.604380+00:00,2026-07-11 11:21:08.604380+00:00,2026-07-11 10:51:24.253741+00:00,34.5,percepita,ambiente,raspberry_pi_4,camera
882,_result,0,2026-07-11 08:21:08.604380+00:00,2026-07-11 11:21:08.604380+00:00,2026-07-11 10:51:29.515702+00:00,34.5,percepita,ambiente,raspberry_pi_4,camera
883,_result,0,2026-07-11 08:21:08.604380+00:00,2026-07-11 11:21:08.604380+00:00,2026-07-11 10:51:34.802956+00:00,34.5,percepita,ambiente,raspberry_pi_4,camera
884,_result,0,2026-07-11 08:21:08.604380+00:00,2026-07-11 11:21:08.604380+00:00,2026-07-11 10:51:40.063044+00:00,34.5,percepita,ambiente,raspberry_pi_4,camera
885,_result,0,2026-07-11 08:21:08.604380+00:00,2026-07-11 11:21:08.604380+00:00,2026-07-11 10:51:45.332754+00:00,34.5,percepita,ambiente,raspberry_pi_4,camera
886,_result,0,2026-07-11 08:21:08.604380+00:00,2026-07-11 11:21:08.604380+00:00,2026-07-11 10:51:50.606234+00:00,34.5,percepita,ambiente,raspberry_pi_4,camera
887,_result,0,2026-07-11 08:21:08.604380+00:00,2026-07-11 11:21:08.604380+00:00,2026-07-11 10:52:06.409220+00:00,34.5,percepita,ambiente,raspberry_pi_4,camera
888,_result,0,2026-07-11 08:21:08.604380+00:00,2026-07-11 11:21:08.604380+00:00,2026-07-11 10:52:11.670101+00:00,34.5,percepita,ambiente,raspberry_pi_4,camera
889,_result,0,2026-07-11 08:21:08.604380+00:00,2026-07-11 11:21:08.604380+00:00,2026-07-11 10:52:16.939401+00:00,34.5,percepita,ambiente,raspberry_pi_4,camera
890,_result,0,2026-07-11 08:21:08.604380+00:00,2026-07-11 11:21:08.604380+00:00,2026-07-11 10:52:22.199914+00:00,34.5,percepita,ambiente,raspberry_pi_4,camera
891,_result,0,2026-07-11 08:21:08.604380+00:00,2026-07-11 11:21:08.604380+00:00,2026-07-11 10:52:27.470056+00:00,34.5,percepita,ambiente,raspberry_pi_4,camera
892,_result,0,2026-07-11 08:21:08.604380+00:00,2026-07-11 11:21:08.604380+00:00,2026-07-11 10:52:32.731792+00:00,34.5,percepita,ambiente,raspberry_pi_4,camera
893,_result,0,2026-07-11 08:21:08.604380+00:00,2026-07-11 11:21:08.604380+00:00,2026-07-11 10:52:38.001294+00:00,34.5,percepita,ambiente,raspberry_pi_4,camera
894,_result,0,2026-07-11 08:21:08.604380+00:00,2026-07-11 11:21:08.604380+00:00,2026-07-11 10:52:43.261335+00:00,34.5,percepita,ambiente,raspberry_pi_4,camera
895,_result,0,2026-07-11 08:21:08.604380+00:00,2026-07-11 11:21:08.604380+00:00,2026-07-11 10:52:48.531084+00:00,34.5,percepita,ambiente,raspberry_pi_4,camera
896,_result,0,2026-07-11 08:21:08.604380+00:00,2026-07-11 11:21:08.604380+00:00,2026-07-11 10:52:53.791106+00:00,34.5,percepita,ambiente,raspberry_pi_4,camera
897,_result,0,2026-07-11 08:21:08.604380+00:00,2026-07-11 11:21:08.604380+00:00,2026-07-11 10:53:04.317863+00:00,34.5,percepita,ambiente,raspberry_pi_4,camera
898,_result,0,2026-07-11 08:21:08.604380+00:00,2026-07-11 11:21:08.604380+00:00,2026-07-11 10:53:09.587386+00:00,34.5,percepita,ambiente,raspberry_pi_4,camera
899,_result,0,2026-07-11 08:21:08.604380+00:00,2026-07-11 11:21:08.604380+00:00,2026-07-11 10:53:14.848922+00:00,34.5,percepita,ambiente,raspberry_pi_4,camera
900,_result,0,2026-07-11 08:21:08.604380+00:00,2026-07-11 11:21:08.604380+00:00,2026-07-11 10:53:20.118216+00:00,34.5,percepita,ambiente,raspberry_pi_4,camera
901,_result,0,2026-07-11 08:21:08.604380+00:00,2026-07-11 11:21:08.604380+00:00,2026-07-11 10:53:25.378237+00:00,34.5,percepita,ambiente,raspberry_pi_4,camera
902,_result,0,2026-07-11 08:21:08.604380+00:00,2026-07-11 11:21:08.604380+00:00,2026-07-11 10:53:30.649042+00:00,34.5,percepita,ambiente,raspberry_pi_4,camera
903,_result,0,2026-07-11 08:21:08.604380+00:00,2026-07-11 11:21:08.604380+00:00,2026-07-11 10:53:35.909198+00:00,34.5,percepita,ambiente,raspberry_pi_4,camera
904,_result,0,2026-07-11 08:21:08.604380+00:00,2026-07-11 11:21:08.604380+00:00,2026-07-11 10:53:41.178618+00:00,34.5,percepita,ambiente,raspberry_pi_4,camera
905,_result,0,2026-07-11 08:21:08.604380+00:00,2026-07-11 11:21:08.604380+00:00,2026-07-11 10:53:46.438852+00:00,34.5,percepita,ambiente,raspberry_pi_4,camera
906,_result,0,2026-07-11 08:21:08.604380+00:00,2026-07-11 11:21:08.604380+00:00,2026-07-11 10:53:51.708729+00:00,34.5,percepita,ambiente,raspberry_pi_4,camera
907,_result,0,2026-07-11 08:21:08.604380+00:00,2026-07-11 11:21:08.604380+00:00,2026-07-11 10:53:56.968796+00:00,34.5,percepita,ambiente,raspberry_pi_4,camera
908,_result,0,2026-07-11 08:21:08.604380+00:00,2026-07-11 11:21:08.604380+00:00,2026-07-11 10:54:02.239764+00:00,34.5,percepita,ambiente,raspberry_pi_4,camera
909,_result,0,2026-07-11 08:21:08.604380+00:00,2026-07-11 11:21:08.604380+00:00,2026-07-11 10:54:07.499961+00:00,34.5,percepita,ambiente,raspberry_pi_4,camera
910,_result,0,2026-07-11 08:21:08.604380+00:00,2026-07-11 11:21:08.604380+00:00,2026-07-11 10:54:12.768986+00:00,34.5,percepita,ambiente,raspberry_pi_4,camera
911,_result,0,2026-07-11 08:21:08.604380+00:00,2026-07-11 11:21:08.604380+00:00,2026-07-11 10:54:18.029213+00:00,34.5,percepita,ambiente,raspberry_pi_4,camera
912,_result,0,2026-07-11 08:21:08.604380+00:00,2026-07-11 11:21:08.604380+00:00,2026-07-11 10:54:23.299139+00:00,34.5,percepita,ambiente,raspberry_pi_4,camera
913,_result,0,2026-07-11 08:21:08.604380+00:00,2026-07-11 11:21:08.604380+00:00,2026-07-11 10:54:28.559125+00:00,34.5,percepita,ambiente,raspberry_pi_4,camera
914,_result,0,2026-07-11 08:21:08.604380+00:00,2026-07-11 11:21:08.604380+00:00,2026-07-11 10:54:33.830840+00:00,34.5,percepita,ambiente,raspberry_pi_4,camera
915,_result,0,2026-07-11 08:21:08.604380+00:00,2026-07-11 11:21:08.604380+00:00,2026-07-11 10:54:39.090913+00:00,34.5,percepita,ambiente,raspberry_pi_4,camera
916,_result,0,2026-07-11 08:21:08.604380+00:00,2026-07-11 11:21:08.604380+00:00,2026-07-11 10:54:44.360257+00:00,34.5,percepita,ambiente,raspberry_pi_4,camera
917,_result,0,2026-07-11 08:21:08.604380+00:00,2026-07-11 11:21:08.604380+00:00,2026-07-11 10:54:49.620553+00:00,34.5,percepita,ambiente,raspberry_pi_4,camera
918,_result,0,2026-07-11 08:21:08.604380+00:00,2026-07-11 11:21:08.604380+00:00,2026-07-11 10:54:54.890877+00:00,34.5,percepita,ambiente,raspberry_pi_4,camera
919,_result,0,2026-07-11 08:21:08.604380+00:00,2026-07-11 11:21:08.604380+00:00,2026-07-11 10:55:00.152658+00:00,34.5,percepita,ambiente,raspberry_pi_4,camera
920,_result,0,2026-07-11 08:21:08.604380+00:00,2026-07-11 11:21:08.604380+00:00,2026-07-11 10:55:05.422543+00:00,34.5,percepita,ambiente,raspberry_pi_4,camera
921,_result,0,2026-07-11 08:21:08.604380+00:00,2026-07-11 11:21:08.604380+00:00,2026-07-11 10:55:10.682538+00:00,34.5,percepita,ambiente,raspberry_pi_4,camera
922,_result,0,2026-07-11 08:21:08.604380+00:00,2026-07-11 11:21:08.604380+00:00,2026-07-11 10:55:15.952424+00:00,34.5,percepita,ambiente,raspberry_pi_4,camera
923,_result,0,2026-07-11 08:21:08.604380+00:00,2026-07-11 11:21:08.604380+00:00,2026-07-11 10:55:21.212486+00:00,34.5,percepita,ambiente,raspberry_pi_4,camera
924,_result,0,2026-07-11 08:21:08.604380+00:00,2026-07-11 11:21:08.604380+00:00,2026-07-11 10:55:26.481844+00:00,34.5,percepita,ambiente,raspberry_pi_4,camera
925,_result,0,2026-07-11 08:21:08.604380+00:00,2026-07-11 11:21:08.604380+00:00,2026-07-11 10:55:31.743762+00:00,34.5,percepita,ambiente,raspberry_pi_4,camera
926,_result,0,2026-07-11 08:21:08.604380+00:00,2026-07-11 11:21:08.604380+00:00,2026-07-11 10:55:37.012999+00:00,34.5,percepita,ambiente,raspberry_pi_4,camera
927,_result,0,2026-07-11 08:21:08.604380+00:00,2026-07-11 11:21:08.604380+00:00,2026-07-11 10:55:42.273992+00:00,34.5,percepita,ambiente,raspberry_pi_4,camera
928,_result,0,2026-07-11 08:21:08.604380+00:00,2026-07-11 11:21:08.604380+00:00,2026-07-11 10:55:47.542954+00:00,34.5,percepita,ambiente,raspberry_pi_4,camera
929,_result,0,2026-07-11 08:21:08.604380+00:00,2026-07-11 11:21:08.604380+00:00,2026-07-11 10:55:52.802908+00:00,34.5,percepita,ambiente,raspberry_pi_4,camera
930,_result,0,2026-07-11 08:21:08.604380+00:00,2026-07-11 11:21:08.604380+00:00,2026-07-11 10:55:58.072256+00:00,34.5,percepita,ambiente,raspberry_pi_4,camera
931,_result,0,2026-07-11 08:21:08.604380+00:00,2026-07-11 11:21:08.604380+00:00,2026-07-11 10:56:03.333874+00:00,34.5,percepita,ambiente,raspberry_pi_4,camera
932,_result,0,2026-07-11 08:21:08.604380+00:00,2026-07-11 11:21:08.604380+00:00,2026-07-11 10:56:08.603552+00:00,34.5,percepita,ambiente,raspberry_pi_4,camera
933,_result,0,2026-07-11 08:21:08.604380+00:00,2026-07-11 11:21:08.604380+00:00,2026-07-11 10:56:13.863464+00:00,34.5,percepita,ambiente,raspberry_pi_4,camera
934,_result,0,2026-07-11 08:21:08.604380+00:00,2026-07-11 11:21:08.604380+00:00,2026-07-11 10:56:19.132617+00:00,34.5,percepita,ambiente,raspberry_pi_4,camera
935,_result,0,2026-07-11 08:21:08.604380+00:00,2026-07-11 11:21:08.604380+00:00,2026-07-11 10:56:24.392816+00:00,34.5,percepita,ambiente,raspberry_pi_4,camera
936,_result,0,2026-07-11 08:21:08.604380+00:00,2026-07-11 11:21:08.604380+00:00,2026-07-11 10:56:29.663519+00:00,34.5,percepita,ambiente,raspberry_pi_4,camera
937,_result,0,2026-07-11 08:21:08.604380+00:00,2026-07-11 11:21:08.604380+00:00,2026-07-11 10:56:34.923434+00:00,34.5,percepita,ambiente,raspberry_pi_4,camera
938,_result,0,2026-07-11 08:21:08.604380+00:00,2026-07-11 11:21:08.604380+00:00,2026-07-11 10:56:45.447157+00:00,34.5,percepita,ambiente,raspberry_pi_4,camera
939,_result,0,2026-07-11 08:21:08.604380+00:00,2026-07-11 11:21:08.604380+00:00,2026-07-11 10:56:50.716598+00:00,34.5,percepita,ambiente,raspberry_pi_4,camera
940,_result,0,2026-07-11 08:21:08.604380+00:00,2026-07-11 11:21:08.604380+00:00,2026-07-11 10:56:55.976959+00:00,34.5,percepita,ambiente,raspberry_pi_4,camera
941,_result,0,2026-07-11 08:21:08.604380+00:00,2026-07-11 11:21:08.604380+00:00,2026-07-11 10:57:01.248033+00:00,34.5,percepita,ambiente,raspberry_pi_4,camera
942,_result,0,2026-07-11 08:21:08.604380+00:00,2026-07-11 11:21:08.604380+00:00,2026-07-11 10:57:06.508013+00:00,34.5,percepita,ambiente,raspberry_pi_4,camera
943,_result,0,2026-07-11 08:21:08.604380+00:00,2026-07-11 11:21:08.604380+00:00,2026-07-11 10:57:11.777083+00:00,34.5,percepita,ambiente,raspberry_pi_4,camera
944,_result,0,2026-07-11 08:21:08.604380+00:00,2026-07-11 11:21:08.604380+00:00,2026-07-11 10:57:17.037295+00:00,34.5,percepita,ambiente,raspberry_pi_4,camera
945,_result,0,2026-07-11 08:21:08.604380+00:00,2026-07-11 11:21:08.604380+00:00,2026-07-11 10:57:22.306609+00:00,34.5,percepita,ambiente,raspberry_pi_4,camera
946,_result,0,2026-07-11 08:21:08.604380+00:00,2026-07-11 11:21:08.604380+00:00,2026-07-11 10:57:27.566638+00:00,34.7,percepita,ambiente,raspberry_pi_4,camera
947,_result,0,2026-07-11 08:21:08.604380+00:00,2026-07-11 11:21:08.604380+00:00,2026-07-11 10:57:32.838927+00:00,34.5,percepita,ambiente,raspberry_pi_4,camera
948,_result,0,2026-07-11 08:21:08.604380+00:00,2026-07-11 11:21:08.604380+00:00,2026-07-11 10:57:38.098969+00:00,34.8,percepita,ambiente,raspberry_pi_4,camera
949,_result,0,2026-07-11 08:21:08.604380+00:00,2026-07-11 11:21:08.604380+00:00,2026-07-11 10:57:43.368688+00:00,34.8,percepita,ambiente,raspberry_pi_4,camera
950,_result,0,2026-07-11 08:21:08.604380+00:00,2026-07-11 11:21:08.604380+00:00,2026-07-11 10:57:48.629009+00:00,35.0,percepita,ambiente,raspberry_pi_4,camera
951,_result,0,2026-07-11 08:21:08.604380+00:00,2026-07-11 11:21:08.604380+00:00,2026-07-11 10:57:53.898503+00:00,35.0,percepita,ambiente,raspberry_pi_4,camera
952,_result,0,2026-07-11 08:21:08.604380+00:00,2026-07-11 11:21:08.604380+00:00,2026-07-11 10:57:59.158889+00:00,35.0,percepita,ambiente,raspberry_pi_4,camera
953,_result,0,2026-07-11 08:21:08.604380+00:00,2026-07-11 11:21:08.604380+00:00,2026-07-11 10:58:04.430208+00:00,35.3,percepita,ambiente,raspberry_pi_4,camera
954,_result,0,2026-07-11 08:21:08.604380+00:00,2026-07-11 11:21:08.604380+00:00,2026-07-11 10:58:09.690328+00:00,35.2,percepita,ambiente,raspberry_pi_4,camera
955,_result,0,2026-07-11 08:21:08.604380+00:00,2026-07-11 11:21:08.604380+00:00,2026-07-11 10:58:14.959708+00:00,35.1,percepita,ambiente,raspberry_pi_4,camera
956,_result,0,2026-07-11 08:21:08.604380+00:00,2026-07-11 11:21:08.604380+00:00,2026-07-11 10:58:20.220194+00:00,35.1,percepita,ambiente,raspberry_pi_4,camera
957,_result,0,2026-07-11 08:21:08.604380+00:00,2026-07-11 11:21:08.604380+00:00,2026-07-11 10:58:25.489568+00:00,35.3,percepita,ambiente,raspberry_pi_4,camera
958,_result,0,2026-07-11 08:21:08.604380+00:00,2026-07-11 11:21:08.604380+00:00,2026-07-11 10:58:30.751967+00:00,35.3,percepita,ambiente,raspberry_pi_4,camera
959,_result,0,2026-07-11 08:21:08.604380+00:00,2026-07-11 11:21:08.604380+00:00,2026-07-11 10:58:36.021483+00:00,35.3,percepita,ambiente,raspberry_pi_4,camera
960,_result,0,2026-07-11 08:21:08.604380+00:00,2026-07-11 11:21:08.604380+00:00,2026-07-11 10:58:41.281867+00:00,35.3,percepita,ambiente,raspberry_pi_4,camera
961,_result,0,2026-07-11 08:21:08.604380+00:00,2026-07-11 11:21:08.604380+00:00,2026-07-11 10:58:46.552086+00:00,35.1,percepita,ambiente,raspberry_pi_4,camera
962,_result,0,2026-07-11 08:21:08.604380+00:00,2026-07-11 11:21:08.604380+00:00,2026-07-11 10:58:51.812742+00:00,35.1,percepita,ambiente,raspberry_pi_4,camera
963,_result,0,2026-07-11 08:21:08.604380+00:00,2026-07-11 11:21:08.604380+00:00,2026-07-11 10:58:57.083134+00:00,35.1,percepita,ambiente,raspberry_pi_4,camera
964,_result,0,2026-07-11 08:21:08.604380+00:00,2026-07-11 11:21:08.604380+00:00,2026-07-11 10:59:02.344756+00:00,35.1,percepita,ambiente,raspberry_pi_4,camera
965,_result,0,2026-07-11 08:21:08.604380+00:00,2026-07-11 11:21:08.604380+00:00,2026-07-11 10:59:07.614297+00:00,35.1,percepita,ambiente,raspberry_pi_4,camera
966,_result,0,2026-07-11 08:21:08.604380+00:00,2026-07-11 11:21:08.604380+00:00,2026-07-11 10:59:12.874710+00:00,35.1,percepita,ambiente,raspberry_pi_4,camera
967,_result,0,2026-07-11 08:21:08.604380+00:00,2026-07-11 11:21:08.604380+00:00,2026-07-11 10:59:18.144123+00:00,35.1,percepita,ambiente,raspberry_pi_4,camera
968,_result,0,2026-07-11 08:21:08.604380+00:00,2026-07-11 11:21:08.604380+00:00,2026-07-11 10:59:23.405024+00:00,35.1,percepita,ambiente,raspberry_pi_4,camera
969,_result,0,2026-07-11 08:21:08.604380+00:00,2026-07-11 11:21:08.604380+00:00,2026-07-11 10:59:28.676006+00:00,35.1,percepita,ambiente,raspberry_pi_4,camera
970,_result,0,2026-07-11 08:21:08.604380+00:00,2026-07-11 11:21:08.604380+00:00,2026-07-11 10:59:33.936169+00:00,35.1,percepita,ambiente,raspberry_pi_4,camera
971,_result,0,2026-07-11 08:21:08.604380+00:00,2026-07-11 11:21:08.604380+00:00,2026-07-11 10:59:39.206152+00:00,35.1,percepita,ambiente,raspberry_pi_4,camera
972,_result,0,2026-07-11 08:21:08.604380+00:00,2026-07-11 11:21:08.604380+00:00,2026-07-11 10:59:44.466075+00:00,35.1,percepita,ambiente,raspberry_pi_4,camera
973,_result,0,2026-07-11 08:21:08.604380+00:00,2026-07-11 11:21:08.604380+00:00,2026-07-11 10:59:49.735825+00:00,35.1,percepita,ambiente,raspberry_pi_4,camera
974,_result,0,2026-07-11 08:21:08.604380+00:00,2026-07-11 11:21:08.604380+00:00,2026-07-11 10:59:54.995788+00:00,35.1,percepita,ambiente,raspberry_pi_4,camera
975,_result,0,2026-07-11 08:21:08.604380+00:00,2026-07-11 11:21:08.604380+00:00,2026-07-11 11:00:00.266971+00:00,35.1,percepita,ambiente,raspberry_pi_4,camera
976,_result,0,2026-07-11 08:21:08.604380+00:00,2026-07-11 11:21:08.604380+00:00,2026-07-11 11:00:05.526905+00:00,35.1,percepita,ambiente,raspberry_pi_4,camera
977,_result,0,2026-07-11 08:21:08.604380+00:00,2026-07-11 11:21:08.604380+00:00,2026-07-11 11:00:10.796231+00:00,35.1,percepita,ambiente,raspberry_pi_4,camera
978,_result,0,2026-07-11 08:21:08.604380+00:00,2026-07-11 11:21:08.604380+00:00,2026-07-11 11:00:16.056490+00:00,35.1,percepita,ambiente,raspberry_pi_4,camera
979,_result,0,2026-07-11 08:21:08.604380+00:00,2026-07-11 11:21:08.604380+00:00,2026-07-11 11:00:21.326366+00:00,35.1,percepita,ambiente,raspberry_pi_4,camera
980,_result,0,2026-07-11 08:21:08.604380+00:00,2026-07-11 11:21:08.604380+00:00,2026-07-11 11:00:26.586576+00:00,35.1,percepita,ambiente,raspberry_pi_4,camera
981,_result,0,2026-07-11 08:21:08.604380+00:00,2026-07-11 11:21:08.604380+00:00,2026-07-11 11:00:31.857920+00:00,35.1,percepita,ambiente,raspberry_pi_4,camera
982,_result,0,2026-07-11 08:21:08.604380+00:00,2026-07-11 11:21:08.604380+00:00,2026-07-11 11:00:37.117890+00:00,34.9,percepita,ambiente,raspberry_pi_4,camera
983,_result,0,2026-07-11 08:21:08.604380+00:00,2026-07-11 11:21:08.604380+00:00,2026-07-11 11:00:42.387531+00:00,34.8,percepita,ambiente,raspberry_pi_4,camera
984,_result,0,2026-07-11 08:21:08.604380+00:00,2026-07-11 11:21:08.604380+00:00,2026-07-11 11:00:47.647645+00:00,35.0,percepita,ambiente,raspberry_pi_4,camera
985,_result,0,2026-07-11 08:21:08.604380+00:00,2026-07-11 11:21:08.604380+00:00,2026-07-11 11:00:52.917801+00:00,35.0,percepita,ambiente,raspberry_pi_4,camera
986,_result,0,2026-07-11 08:21:08.604380+00:00,2026-07-11 11:21:08.604380+00:00,2026-07-11 11:00:58.178016+00:00,34.8,percepita,ambiente,raspberry_pi_4,camera
987,_result,0,2026-07-11 08:21:08.604380+00:00,2026-07-11 11:21:08.604380+00:00,2026-07-11 11:01:03.449192+00:00,34.8,percepita,ambiente,raspberry_pi_4,camera
988,_result,0,2026-07-11 08:21:08.604380+00:00,2026-07-11 11:21:08.604380+00:00,2026-07-11 11:01:08.709164+00:00,34.8,percepita,ambiente,raspberry_pi_4,camera
989,_result,0,2026-07-11 08:21:08.604380+00:00,2026-07-11 11:21:08.604380+00:00,2026-07-11 11:01:13.979626+00:00,34.8,percepita,ambiente,raspberry_pi_4,camera
990,_result,0,2026-07-11 08:21:08.604380+00:00,2026-07-11 11:21:08.604380+00:00,2026-07-11 11:01:19.239630+00:00,34.8,percepita,ambiente,raspberry_pi_4,camera
991,_result,0,2026-07-11 08:21:08.604380+00:00,2026-07-11 11:21:08.604380+00:00,2026-07-11 11:01:24.509394+00:00,35.0,percepita,ambiente,raspberry_pi_4,camera
992,_result,0,2026-07-11 08:21:08.604380+00:00,2026-07-11 11:21:08.604380+00:00,2026-07-11 11:01:29.770880+00:00,34.8,percepita,ambiente,raspberry_pi_4,camera
993,_result,0,2026-07-11 08:21:08.604380+00:00,2026-07-11 11:21:08.604380+00:00,2026-07-11 11:01:35.040532+00:00,35.0,percepita,ambiente,raspberry_pi_4,camera
994,_result,0,2026-07-11 08:21:08.604380+00:00,2026-07-11 11:21:08.604380+00:00,2026-07-11 11:01:40.300575+00:00,34.9,percepita,ambiente,raspberry_pi_4,camera
995,_result,0,2026-07-11 08:21:08.604380+00:00,2026-07-11 11:21:08.604380+00:00,2026-07-11 11:01:45.569898+00:00,34.8,percepita,ambiente,raspberry_pi_4,camera
996,_result,0,2026-07-11 08:21:08.604380+00:00,2026-07-11 11:21:08.604380+00:00,2026-07-11 11:01:50.830068+00:00,35.2,percepita,ambiente,raspberry_pi_4,camera
997,_result,0,2026-07-11 08:21:08.604380+00:00,2026-07-11 11:21:08.604380+00:00,2026-07-11 11:01:56.099526+00:00,35.2,percepita,ambiente,raspberry_pi_4,camera
998,_result,0,2026-07-11 08:21:08.604380+00:00,2026-07-11 11:21:08.604380+00:00,2026-07-11 11:02:01.360979+00:00,35.2,percepita,ambiente,raspberry_pi_4,camera
999,_result,0,2026-07-11 08:21:08.604380+00:00,2026-07-11 11:21:08.604380+00:00,2026-07-11 11:02:06.630396+00:00,35.3,percepita,ambiente,raspberry_pi_4,camera
1000,_result,0,2026-07-11 08:21:08.604380+00:00,2026-07-11 11:21:08.604380+00:00,2026-07-11 11:02:11.890682+00:00,35.3,percepita,ambiente,raspberry_pi_4,camera
1001,_result,0,2026-07-11 08:21:08.604380+00:00,2026-07-11 11:21:08.604380+00:00,2026-07-11 11:02:17.160020+00:00,35.3,percepita,ambiente,raspberry_pi_4,camera
1002,_result,0,2026-07-11 08:21:08.604380+00:00,2026-07-11 11:21:08.604380+00:00,2026-07-11 11:02:22.420125+00:00,35.1,percepita,ambiente,raspberry_pi_4,camera
1003,_result,0,2026-07-11 08:21:08.604380+00:00,2026-07-11 11:21:08.604380+00:00,2026-07-11 11:02:27.689665+00:00,35.1,percepita,ambiente,raspberry_pi_4,camera
1004,_result,0,2026-07-11 08:21:08.604380+00:00,2026-07-11 11:21:08.604380+00:00,2026-07-11 11:02:32.951373+00:00,35.1,percepita,ambiente,raspberry_pi_4,camera
1005,_result,0,2026-07-11 08:21:08.604380+00:00,2026-07-11 11:21:08.604380+00:00,2026-07-11 11:02:38.220574+00:00,35.1,percepita,ambiente,raspberry_pi_4,camera
1006,_result,0,2026-07-11 08:21:08.604380+00:00,2026-07-11 11:21:08.604380+00:00,2026-07-11 11:02:43.480643+00:00,35.1,percepita,ambiente,raspberry_pi_4,camera
1007,_result,0,2026-07-11 08:21:08.604380+00:00,2026-07-11 11:21:08.604380+00:00,2026-07-11 11:02:48.750399+00:00,35.1,percepita,ambiente,raspberry_pi_4,camera
1008,_result,0,2026-07-11 08:21:08.604380+00:00,2026-07-11 11:21:08.604380+00:00,2026-07-11 11:02:54.010586+00:00,35.1,percepita,ambiente,raspberry_pi_4,camera
1009,_result,0,2026-07-11 08:21:08.604380+00:00,2026-07-11 11:21:08.604380+00:00,2026-07-11 11:02:59.281519+00:00,35.1,percepita,ambiente,raspberry_pi_4,camera
1010,_result,0,2026-07-11 08:21:08.604380+00:00,2026-07-11 11:21:08.604380+00:00,2026-07-11 11:03:04.543290+00:00,35.1,percepita,ambiente,raspberry_pi_4,camera
1011,_result,0,2026-07-11 08:21:08.604380+00:00,2026-07-11 11:21:08.604380+00:00,2026-07-11 11:03:09.813041+00:00,35.1,percepita,ambiente,raspberry_pi_4,camera
1012,_result,0,2026-07-11 08:21:08.604380+00:00,2026-07-11 11:21:08.604380+00:00,2026-07-11 11:03:15.072937+00:00,35.1,percepita,ambiente,raspberry_pi_4,camera
1013,_result,0,2026-07-11 08:21:08.604380+00:00,2026-07-11 11:21:08.604380+00:00,2026-07-11 11:03:20.342155+00:00,35.1,percepita,ambiente,raspberry_pi_4,camera
1014,_result,0,2026-07-11 08:21:08.604380+00:00,2026-07-11 11:21:08.604380+00:00,2026-07-11 11:03:25.602496+00:00,35.1,percepita,ambiente,raspberry_pi_4,camera
1015,_result,0,2026-07-11 08:21:08.604380+00:00,2026-07-11 11:21:08.604380+00:00,2026-07-11 11:03:30.873095+00:00,35.1,percepita,ambiente,raspberry_pi_4,camera
1016,_result,0,2026-07-11 08:21:08.604380+00:00,2026-07-11 11:21:08.604380+00:00,2026-07-11 11:03:36.133274+00:00,35.1,percepita,ambiente,raspberry_pi_4,camera
1017,_result,0,2026-07-11 08:21:08.604380+00:00,2026-07-11 11:21:08.604380+00:00,2026-07-11 11:03:41.402532+00:00,35.1,percepita,ambiente,raspberry_pi_4,camera
1018,_result,0,2026-07-11 08:21:08.604380+00:00,2026-07-11 11:21:08.604380+00:00,2026-07-11 11:03:46.662694+00:00,35.1,percepita,ambiente,raspberry_pi_4,camera
1019,_result,0,2026-07-11 08:21:08.604380+00:00,2026-07-11 11:21:08.604380+00:00,2026-07-11 11:03:51.932269+00:00,35.1,percepita,ambiente,raspberry_pi_4,camera
1020,_result,0,2026-07-11 08:21:08.604380+00:00,2026-07-11 11:21:08.604380+00:00,2026-07-11 11:03:57.192250+00:00,34.9,percepita,ambiente,raspberry_pi_4,camera
1021,_result,0,2026-07-11 08:21:08.604380+00:00,2026-07-11 11:21:08.604380+00:00,2026-07-11 11:04:02.463347+00:00,34.8,percepita,ambiente,raspberry_pi_4,camera
1022,_result,0,2026-07-11 08:21:08.604380+00:00,2026-07-11 11:21:08.604380+00:00,2026-07-11 11:04:07.723272+00:00,34.8,percepita,ambiente,raspberry_pi_4,camera
1023,_result,0,2026-07-11 08:21:08.604380+00:00,2026-07-11 11:21:08.604380+00:00,2026-07-11 11:04:12.992414+00:00,34.9,percepita,ambiente,raspberry_pi_4,camera
1024,_result,0,2026-07-11 08:21:08.604380+00:00,2026-07-11 11:21:08.604380+00:00,2026-07-11 11:04:18.258969+00:00,34.8,percepita,ambiente,raspberry_pi_4,camera
1025,_result,0,2026-07-11 08:21:08.604380+00:00,2026-07-11 11:21:08.604380+00:00,2026-07-11 11:04:28.782429+00:00,35.1,percepita,ambiente,raspberry_pi_4,camera
1026,_result,0,2026-07-11 08:21:08.604380+00:00,2026-07-11 11:21:08.604380+00:00,2026-07-11 11:04:34.053234+00:00,35.3,percepita,ambiente,raspberry_pi_4,camera
1027,_result,0,2026-07-11 08:21:08.604380+00:00,2026-07-11 11:21:08.604380+00:00,2026-07-11 11:04:39.313424+00:00,35.1,percepita,ambiente,raspberry_pi_4,camera
1028,_result,0,2026-07-11 08:21:08.604380+00:00,2026-07-11 11:21:08.604380+00:00,2026-07-11 11:04:44.582595+00:00,35.1,percepita,ambiente,raspberry_pi_4,camera
1029,_result,0,2026-07-11 08:21:08.604380+00:00,2026-07-11 11:21:08.604380+00:00,2026-07-11 11:04:49.842911+00:00,35.1,percepita,ambiente,raspberry_pi_4,camera
1030,_result,0,2026-07-11 08:21:08.604380+00:00,2026-07-11 11:21:08.604380+00:00,2026-07-11 11:04:55.113680+00:00,35.1,percepita,ambiente,raspberry_pi_4,camera
1031,_result,0,2026-07-11 08:21:08.604380+00:00,2026-07-11 11:21:08.604380+00:00,2026-07-11 11:05:00.375316+00:00,35.1,percepita,ambiente,raspberry_pi_4,camera
1032,_result,0,2026-07-11 08:21:08.604380+00:00,2026-07-11 11:21:08.604380+00:00,2026-07-11 11:05:05.644898+00:00,35.1,percepita,ambiente,raspberry_pi_4,camera
1033,_result,0,2026-07-11 08:21:08.604380+00:00,2026-07-11 11:21:08.604380+00:00,2026-07-11 11:05:16.168912+00:00,35.1,percepita,ambiente,raspberry_pi_4,camera
1034,_result,0,2026-07-11 08:21:08.604380+00:00,2026-07-11 11:21:08.604380+00:00,2026-07-11 11:05:21.428837+00:00,35.1,percepita,ambiente,raspberry_pi_4,camera
1035,_result,0,2026-07-11 08:21:08.604380+00:00,2026-07-11 11:21:08.604380+00:00,2026-07-11 11:05:26.698868+00:00,35.1,percepita,ambiente,raspberry_pi_4,camera
1036,_result,0,2026-07-11 08:21:08.604380+00:00,2026-07-11 11:21:08.604380+00:00,2026-07-11 11:05:37.224932+00:00,35.1,percepita,ambiente,raspberry_pi_4,camera
1037,_result,0,2026-07-11 08:21:08.604380+00:00,2026-07-11 11:21:08.604380+00:00,2026-07-11 11:05:42.484902+00:00,35.1,percepita,ambiente,raspberry_pi_4,camera
1038,_result,0,2026-07-11 08:21:08.604380+00:00,2026-07-11 11:21:08.604380+00:00,2026-07-11 11:05:47.754599+00:00,35.1,percepita,ambiente,raspberry_pi_4,camera
1039,_result,0,2026-07-11 08:21:08.604380+00:00,2026-07-11 11:21:08.604380+00:00,2026-07-11 11:05:53.014940+00:00,35.1,percepita,ambiente,raspberry_pi_4,camera
1040,_result,0,2026-07-11 08:21:08.604380+00:00,2026-07-11 11:21:08.604380+00:00,2026-07-11 11:05:58.284448+00:00,35.3,percepita,ambiente,raspberry_pi_4,camera
1041,_result,0,2026-07-11 08:21:08.604380+00:00,2026-07-11 11:21:08.604380+00:00,2026-07-11 11:06:03.546319+00:00,35.1,percepita,ambiente,raspberry_pi_4,camera
1042,_result,0,2026-07-11 08:21:08.604380+00:00,2026-07-11 11:21:08.604380+00:00,2026-07-11 11:06:08.816146+00:00,35.1,percepita,ambiente,raspberry_pi_4,camera
1043,_result,0,2026-07-11 08:21:08.604380+00:00,2026-07-11 11:21:08.604380+00:00,2026-07-11 11:06:14.076223+00:00,35.1,percepita,ambiente,raspberry_pi_4,camera
1044,_result,0,2026-07-11 08:21:08.604380+00:00,2026-07-11 11:21:08.604380+00:00,2026-07-11 11:06:19.346087+00:00,35.1,percepita,ambiente,raspberry_pi_4,camera
1045,_result,0,2026-07-11 08:21:08.604380+00:00,2026-07-11 11:21:08.604380+00:00,2026-07-11 11:06:24.606148+00:00,35.1,percepita,ambiente,raspberry_pi_4,camera
1046,_result,0,2026-07-11 08:21:08.604380+00:00,2026-07-11 11:21:08.604380+00:00,2026-07-11 11:06:29.877443+00:00,35.1,percepita,ambiente,raspberry_pi_4,camera
1047,_result,0,2026-07-11 08:21:08.604380+00:00,2026-07-11 11:21:08.604380+00:00,2026-07-11 11:06:35.137439+00:00,35.1,percepita,ambiente,raspberry_pi_4,camera
1048,_result,0,2026-07-11 08:21:08.604380+00:00,2026-07-11 11:21:08.604380+00:00,2026-07-11 11:06:40.407456+00:00,35.1,percepita,ambiente,raspberry_pi_4,camera
1049,_result,0,2026-07-11 08:21:08.604380+00:00,2026-07-11 11:21:08.604380+00:00,2026-07-11 11:06:45.667415+00:00,35.1,percepita,ambiente,raspberry_pi_4,camera
1050,_result,0,2026-07-11 08:21:08.604380+00:00,2026-07-11 11:21:08.604380+00:00,2026-07-11 11:06:50.937147+00:00,35.1,percepita,ambiente,raspberry_pi_4,camera
1051,_result,0,2026-07-11 08:21:08.604380+00:00,2026-07-11 11:21:08.604380+00:00,2026-07-11 11:06:56.198140+00:00,35.1,percepita,ambiente,raspberry_pi_4,camera
1052,_result,0,2026-07-11 08:21:08.604380+00:00,2026-07-11 11:21:08.604380+00:00,2026-07-11 11:07:06.723314+00:00,35.1,percepita,ambiente,raspberry_pi_4,camera
1053,_result,0,2026-07-11 08:21:08.604380+00:00,2026-07-11 11:21:08.604380+00:00,2026-07-11 11:07:11.992878+00:00,35.1,percepita,ambiente,raspberry_pi_4,camera
1054,_result,0,2026-07-11 08:21:08.604380+00:00,2026-07-11 11:21:08.604380+00:00,2026-07-11 11:07:17.254595+00:00,35.1,percepita,ambiente,raspberry_pi_4,camera
1055,_result,0,2026-07-11 08:21:08.604380+00:00,2026-07-11 11:21:08.604380+00:00,2026-07-11 11:07:22.524243+00:00,35.1,percepita,ambiente,raspberry_pi_4,camera
1056,_result,0,2026-07-11 08:21:08.604380+00:00,2026-07-11 11:21:08.604380+00:00,2026-07-11 11:07:27.802416+00:00,35.1,percepita,ambiente,raspberry_pi_4,camera
1057,_result,0,2026-07-11 08:21:08.604380+00:00,2026-07-11 11:21:08.604380+00:00,2026-07-11 11:07:33.081890+00:00,35.1,percepita,ambiente,raspberry_pi_4,camera
1058,_result,0,2026-07-11 08:21:08.604380+00:00,2026-07-11 11:21:08.604380+00:00,2026-07-11 11:07:38.342541+00:00,35.1,percepita,ambiente,raspberry_pi_4,camera
1059,_result,0,2026-07-11 08:21:08.604380+00:00,2026-07-11 11:21:08.604380+00:00,2026-07-11 11:07:43.612551+00:00,35.1,percepita,ambiente,raspberry_pi_4,camera
1060,_result,0,2026-07-11 08:21:08.604380+00:00,2026-07-11 11:21:08.604380+00:00,2026-07-11 11:07:48.874037+00:00,35.1,percepita,ambiente,raspberry_pi_4,camera
1061,_result,0,2026-07-11 08:21:08.604380+00:00,2026-07-11 11:21:08.604380+00:00,2026-07-11 11:07:54.144023+00:00,35.1,percepita,ambiente,raspberry_pi_4,camera
1062,_result,0,2026-07-11 08:21:08.604380+00:00,2026-07-11 11:21:08.604380+00:00,2026-07-11 11:07:59.404222+00:00,35.1,percepita,ambiente,raspberry_pi_4,camera
1063,_result,0,2026-07-11 08:21:08.604380+00:00,2026-07-11 11:21:08.604380+00:00,2026-07-11 11:08:04.676705+00:00,35.1,percepita,ambiente,raspberry_pi_4,camera
1064,_result,0,2026-07-11 08:21:08.604380+00:00,2026-07-11 11:21:08.604380+00:00,2026-07-11 11:08:09.937236+00:00,35.1,percepita,ambiente,raspberry_pi_4,camera
1065,_result,0,2026-07-11 08:21:08.604380+00:00,2026-07-11 11:21:08.604380+00:00,2026-07-11 11:08:15.207171+00:00,35.1,percepita,ambiente,raspberry_pi_4,camera
1066,_result,0,2026-07-11 08:21:08.604380+00:00,2026-07-11 11:21:08.604380+00:00,2026-07-11 11:08:20.467398+00:00,35.1,percepita,ambiente,raspberry_pi_4,camera
1067,_result,0,2026-07-11 08:21:08.604380+00:00,2026-07-11 11:21:08.604380+00:00,2026-07-11 11:08:25.737024+00:00,35.1,percepita,ambiente,raspberry_pi_4,camera
1068,_result,0,2026-07-11 08:21:08.604380+00:00,2026-07-11 11:21:08.604380+00:00,2026-07-11 11:08:30.998864+00:00,35.1,percepita,ambiente,raspberry_pi_4,camera
1069,_result,0,2026-07-11 08:21:08.604380+00:00,2026-07-11 11:21:08.604380+00:00,2026-07-11 11:08:36.268799+00:00,35.1,percepita,ambiente,raspberry_pi_4,camera
1070,_result,0,2026-07-11 08:21:08.604380+00:00,2026-07-11 11:21:08.604380+00:00,2026-07-11 11:08:41.528799+00:00,35.1,percepita,ambiente,raspberry_pi_4,camera
1071,_result,0,2026-07-11 08:21:08.604380+00:00,2026-07-11 11:21:08.604380+00:00,2026-07-11 11:08:46.799236+00:00,35.1,percepita,ambiente,raspberry_pi_4,camera
1072,_result,0,2026-07-11 08:21:08.604380+00:00,2026-07-11 11:21:08.604380+00:00,2026-07-11 11:08:52.059450+00:00,34.9,percepita,ambiente,raspberry_pi_4,camera
1073,_result,0,2026-07-11 08:21:08.604380+00:00,2026-07-11 11:21:08.604380+00:00,2026-07-11 11:08:57.329143+00:00,35.1,percepita,ambiente,raspberry_pi_4,camera
1074,_result,0,2026-07-11 08:21:08.604380+00:00,2026-07-11 11:21:08.604380+00:00,2026-07-11 11:09:02.590891+00:00,35.1,percepita,ambiente,raspberry_pi_4,camera
1075,_result,0,2026-07-11 08:21:08.604380+00:00,2026-07-11 11:21:08.604380+00:00,2026-07-11 11:09:13.114369+00:00,34.9,percepita,ambiente,raspberry_pi_4,camera
1076,_result,0,2026-07-11 08:21:08.604380+00:00,2026-07-11 11:21:08.604380+00:00,2026-07-11 11:09:18.392942+00:00,35.1,percepita,ambiente,raspberry_pi_4,camera
1077,_result,0,2026-07-11 08:21:08.604380+00:00,2026-07-11 11:21:08.604380+00:00,2026-07-11 11:20:32.499020+00:00,34.4,percepita,ambiente,raspberry_pi_4,camera
1078,_result,0,2026-07-11 08:21:08.604380+00:00,2026-07-11 11:21:08.604380+00:00,2026-07-11 11:20:37.814111+00:00,34.8,percepita,ambiente,raspberry_pi_4,camera
1079,_result,0,2026-07-11 08:21:08.604380+00:00,2026-07-11 11:21:08.604380+00:00,2026-07-11 11:20:53.662899+00:00,35.1,percepita,ambiente,raspberry_pi_4,camera
1080,_result,0,2026-07-11 08:21:08.604380+00:00,2026-07-11 11:21:08.604380+00:00,2026-07-11 11:20:58.956123+00:00,35.1,percepita,ambiente,raspberry_pi_4,camera
1081,_result,0,2026-07-11 08:21:08.604380+00:00,2026-07-11 11:21:08.604380+00:00,2026-07-11 11:21:04.357177+00:00,35.1,percepita,ambiente,raspberry_pi_4,camera
1082,_result,1,2026-07-11 08:21:08.604380+00:00,2026-07-11 11:21:08.604380+00:00,2026-07-11 09:30:39.657029+00:00,33.3,temperatura,ambiente,raspberry_pi_4,camera
1083,_result,1,2026-07-11 08:21:08.604380+00:00,2026-07-11 11:21:08.604380+00:00,2026-07-11 09:30:50.235020+00:00,33.3,temperatura,ambiente,raspberry_pi_4,camera
1084,_result,1,2026-07-11 08:21:08.604380+00:00,2026-07-11 11:21:08.604380+00:00,2026-07-11 09:30:55.508314+00:00,33.3,temperatura,ambiente,raspberry_pi_4,camera
1085,_result,1,2026-07-11 08:21:08.604380+00:00,2026-07-11 11:21:08.604380+00:00,2026-07-11 09:31:00.782786+00:00,33.3,temperatura,ambiente,raspberry_pi_4,camera
1086,_result,1,2026-07-11 08:21:08.604380+00:00,2026-07-11 11:21:08.604380+00:00,2026-07-11 09:31:06.044304+00:00,33.3,temperatura,ambiente,raspberry_pi_4,camera
1087,_result,1,2026-07-11 08:21:08.604380+00:00,2026-07-11 11:21:08.604380+00:00,2026-07-11 09:31:11.315236+00:00,33.3,temperatura,ambiente,raspberry_pi_4,camera
1088,_result,1,2026-07-11 08:21:08.604380+00:00,2026-07-11 11:21:08.604380+00:00,2026-07-11 09:31:16.575635+00:00,33.3,temperatura,ambiente,raspberry_pi_4,camera
1089,_result,1,2026-07-11 08:21:08.604380+00:00,2026-07-11 11:21:08.604380+00:00,2026-07-11 09:31:21.846898+00:00,33.3,temperatura,ambiente,raspberry_pi_4,camera
1090,_result,1,2026-07-11 08:21:08.604380+00:00,2026-07-11 11:21:08.604380+00:00,2026-07-11 09:31:27.110251+00:00,33.3,temperatura,ambiente,raspberry_pi_4,camera
1091,_result,1,2026-07-11 08:21:08.604380+00:00,2026-07-11 11:21:08.604380+00:00,2026-07-11 09:31:32.381444+00:00,33.3,temperatura,ambiente,raspberry_pi_4,camera
1092,_result,1,2026-07-11 08:21:08.604380+00:00,2026-07-11 11:21:08.604380+00:00,2026-07-11 09:31:37.641698+00:00,33.3,temperatura,ambiente,raspberry_pi_4,camera
1093,_result,1,2026-07-11 08:21:08.604380+00:00,2026-07-11 11:21:08.604380+00:00,2026-07-11 09:31:42.911472+00:00,33.3,temperatura,ambiente,raspberry_pi_4,camera
1094,_result,1,2026-07-11 08:21:08.604380+00:00,2026-07-11 11:21:08.604380+00:00,2026-07-11 09:31:48.171764+00:00,33.3,temperatura,ambiente,raspberry_pi_4,camera
1095,_result,1,2026-07-11 08:21:08.604380+00:00,2026-07-11 11:21:08.604380+00:00,2026-07-11 09:31:53.722368+00:00,33.3,temperatura,ambiente,raspberry_pi_4,camera
1096,_result,1,2026-07-11 08:21:08.604380+00:00,2026-07-11 11:21:08.604380+00:00,2026-07-11 09:31:58.982486+00:00,33.3,temperatura,ambiente,raspberry_pi_4,camera
1097,_result,1,2026-07-11 08:21:08.604380+00:00,2026-07-11 11:21:08.604380+00:00,2026-07-11 09:32:04.253914+00:00,33.3,temperatura,ambiente,raspberry_pi_4,camera
1098,_result,1,2026-07-11 08:21:08.604380+00:00,2026-07-11 11:21:08.604380+00:00,2026-07-11 09:32:09.514426+00:00,33.3,temperatura,ambiente,raspberry_pi_4,camera
1099,_result,1,2026-07-11 08:21:08.604380+00:00,2026-07-11 11:21:08.604380+00:00,2026-07-11 09:32:14.784644+00:00,33.3,temperatura,ambiente,raspberry_pi_4,camera
1100,_result,1,2026-07-11 08:21:08.604380+00:00,2026-07-11 11:21:08.604380+00:00,2026-07-11 09:32:20.045184+00:00,33.3,temperatura,ambiente,raspberry_pi_4,camera
1101,_result,1,2026-07-11 08:21:08.604380+00:00,2026-07-11 11:21:08.604380+00:00,2026-07-11 09:32:25.315318+00:00,33.3,temperatura,ambiente,raspberry_pi_4,camera
1102,_result,1,2026-07-11 08:21:08.604380+00:00,2026-07-11 11:21:08.604380+00:00,2026-07-11 09:32:41.095368+00:00,33.3,temperatura,ambiente,raspberry_pi_4,camera
1103,_result,1,2026-07-11 08:21:08.604380+00:00,2026-07-11 11:21:08.604380+00:00,2026-07-11 09:32:46.366087+00:00,33.3,temperatura,ambiente,raspberry_pi_4,camera
1104,_result,1,2026-07-11 08:21:08.604380+00:00,2026-07-11 11:21:08.604380+00:00,2026-07-11 09:32:51.626083+00:00,33.4,temperatura,ambiente,raspberry_pi_4,camera
1105,_result,1,2026-07-11 08:21:08.604380+00:00,2026-07-11 11:21:08.604380+00:00,2026-07-11 09:32:56.895828+00:00,33.3,temperatura,ambiente,raspberry_pi_4,camera
1106,_result,1,2026-07-11 08:21:08.604380+00:00,2026-07-11 11:21:08.604380+00:00,2026-07-11 09:33:02.158691+00:00,33.4,temperatura,ambiente,raspberry_pi_4,camera
1107,_result,1,2026-07-11 08:21:08.604380+00:00,2026-07-11 11:21:08.604380+00:00,2026-07-11 09:33:07.428937+00:00,33.5,temperatura,ambiente,raspberry_pi_4,camera
1108,_result,1,2026-07-11 08:21:08.604380+00:00,2026-07-11 11:21:08.604380+00:00,2026-07-11 09:33:12.688832+00:00,33.5,temperatura,ambiente,raspberry_pi_4,camera
1109,_result,1,2026-07-11 08:21:08.604380+00:00,2026-07-11 11:21:08.604380+00:00,2026-07-11 09:33:17.958764+00:00,33.4,temperatura,ambiente,raspberry_pi_4,camera
1110,_result,1,2026-07-11 08:21:08.604380+00:00,2026-07-11 11:21:08.604380+00:00,2026-07-11 09:33:23.218907+00:00,33.5,temperatura,ambiente,raspberry_pi_4,camera
1111,_result,1,2026-07-11 08:21:08.604380+00:00,2026-07-11 11:21:08.604380+00:00,2026-07-11 09:33:28.488747+00:00,33.5,temperatura,ambiente,raspberry_pi_4,camera
1112,_result,1,2026-07-11 08:21:08.604380+00:00,2026-07-11 11:21:08.604380+00:00,2026-07-11 09:33:33.750338+00:00,33.5,temperatura,ambiente,raspberry_pi_4,camera
1113,_result,1,2026-07-11 08:21:08.604380+00:00,2026-07-11 11:21:08.604380+00:00,2026-07-11 09:33:39.020022+00:00,33.6,temperatura,ambiente,raspberry_pi_4,camera
1114,_result,1,2026-07-11 08:21:08.604380+00:00,2026-07-11 11:21:08.604380+00:00,2026-07-11 09:33:44.280010+00:00,33.6,temperatura,ambiente,raspberry_pi_4,camera
1115,_result,1,2026-07-11 08:21:08.604380+00:00,2026-07-11 11:21:08.604380+00:00,2026-07-11 09:33:49.549694+00:00,33.6,temperatura,ambiente,raspberry_pi_4,camera
1116,_result,1,2026-07-11 08:21:08.604380+00:00,2026-07-11 11:21:08.604380+00:00,2026-07-11 09:34:00.075169+00:00,33.7,temperatura,ambiente,raspberry_pi_4,camera
1117,_result,1,2026-07-11 08:21:08.604380+00:00,2026-07-11 11:21:08.604380+00:00,2026-07-11 09:34:10.598583+00:00,33.8,temperatura,ambiente,raspberry_pi_4,camera
1118,_result,1,2026-07-11 08:21:08.604380+00:00,2026-07-11 11:21:08.604380+00:00,2026-07-11 09:34:15.858740+00:00,33.7,temperatura,ambiente,raspberry_pi_4,camera
1119,_result,1,2026-07-11 08:21:08.604380+00:00,2026-07-11 11:21:08.604380+00:00,2026-07-11 09:34:21.128543+00:00,33.6,temperatura,ambiente,raspberry_pi_4,camera
1120,_result,1,2026-07-11 08:21:08.604380+00:00,2026-07-11 11:21:08.604380+00:00,2026-07-11 09:34:26.388546+00:00,33.8,temperatura,ambiente,raspberry_pi_4,camera
1121,_result,1,2026-07-11 08:21:08.604380+00:00,2026-07-11 11:21:08.604380+00:00,2026-07-11 09:34:31.659388+00:00,33.8,temperatura,ambiente,raspberry_pi_4,camera
1122,_result,1,2026-07-11 08:21:08.604380+00:00,2026-07-11 11:21:08.604380+00:00,2026-07-11 09:34:36.919343+00:00,33.7,temperatura,ambiente,raspberry_pi_4,camera
1123,_result,1,2026-07-11 08:21:08.604380+00:00,2026-07-11 11:21:08.604380+00:00,2026-07-11 09:34:42.190552+00:00,33.8,temperatura,ambiente,raspberry_pi_4,camera
1124,_result,1,2026-07-11 08:21:08.604380+00:00,2026-07-11 11:21:08.604380+00:00,2026-07-11 09:34:47.450656+00:00,33.8,temperatura,ambiente,raspberry_pi_4,camera
1125,_result,1,2026-07-11 08:21:08.604380+00:00,2026-07-11 11:21:08.604380+00:00,2026-07-11 09:34:52.720724+00:00,33.7,temperatura,ambiente,raspberry_pi_4,camera
1126,_result,1,2026-07-11 08:21:08.604380+00:00,2026-07-11 11:21:08.604380+00:00,2026-07-11 09:34:57.980733+00:00,33.7,temperatura,ambiente,raspberry_pi_4,camera
1127,_result,1,2026-07-11 08:21:08.604380+00:00,2026-07-11 11:21:08.604380+00:00,2026-07-11 09:35:03.252070+00:00,33.8,temperatura,ambiente,raspberry_pi_4,camera
1128,_result,1,2026-07-11 08:21:08.604380+00:00,2026-07-11 11:21:08.604380+00:00,2026-07-11 09:35:08.512240+00:00,33.8,temperatura,ambiente,raspberry_pi_4,camera
1129,_result,1,2026-07-11 08:21:08.604380+00:00,2026-07-11 11:21:08.604380+00:00,2026-07-11 09:35:13.782362+00:00,33.8,temperatura,ambiente,raspberry_pi_4,camera
1130,_result,1,2026-07-11 08:21:08.604380+00:00,2026-07-11 11:21:08.604380+00:00,2026-07-11 09:35:19.042412+00:00,33.8,temperatura,ambiente,raspberry_pi_4,camera
1131,_result,1,2026-07-11 08:21:08.604380+00:00,2026-07-11 11:21:08.604380+00:00,2026-07-11 09:35:24.312167+00:00,33.8,temperatura,ambiente,raspberry_pi_4,camera
1132,_result,1,2026-07-11 08:21:08.604380+00:00,2026-07-11 11:21:08.604380+00:00,2026-07-11 09:35:29.573783+00:00,33.8,temperatura,ambiente,raspberry_pi_4,camera
1133,_result,1,2026-07-11 08:21:08.604380+00:00,2026-07-11 11:21:08.604380+00:00,2026-07-11 09:35:34.843539+00:00,33.8,temperatura,ambiente,raspberry_pi_4,camera
1134,_result,1,2026-07-11 08:21:08.604380+00:00,2026-07-11 11:21:08.604380+00:00,2026-07-11 09:35:40.104369+00:00,33.8,temperatura,ambiente,raspberry_pi_4,camera
1135,_result,1,2026-07-11 08:21:08.604380+00:00,2026-07-11 11:21:08.604380+00:00,2026-07-11 09:35:45.373898+00:00,33.8,temperatura,ambiente,raspberry_pi_4,camera
1136,_result,1,2026-07-11 08:21:08.604380+00:00,2026-07-11 11:21:08.604380+00:00,2026-07-11 09:35:50.633983+00:00,33.8,temperatura,ambiente,raspberry_pi_4,camera
1137,_result,1,2026-07-11 08:21:08.604380+00:00,2026-07-11 11:21:08.604380+00:00,2026-07-11 09:35:55.903529+00:00,33.8,temperatura,ambiente,raspberry_pi_4,camera
1138,_result,1,2026-07-11 08:21:08.604380+00:00,2026-07-11 11:21:08.604380+00:00,2026-07-11 09:36:01.165223+00:00,33.8,temperatura,ambiente,raspberry_pi_4,camera
1139,_result,1,2026-07-11 08:21:08.604380+00:00,2026-07-11 11:21:08.604380+00:00,2026-07-11 09:36:06.434932+00:00,33.8,temperatura,ambiente,raspberry_pi_4,camera
1140,_result,1,2026-07-11 08:21:08.604380+00:00,2026-07-11 11:21:08.604380+00:00,2026-07-11 09:36:11.694986+00:00,33.8,temperatura,ambiente,raspberry_pi_4,camera
1141,_result,1,2026-07-11 08:21:08.604380+00:00,2026-07-11 11:21:08.604380+00:00,2026-07-11 09:36:16.964345+00:00,33.8,temperatura,ambiente,raspberry_pi_4,camera
1142,_result,1,2026-07-11 08:21:08.604380+00:00,2026-07-11 11:21:08.604380+00:00,2026-07-11 09:36:22.224731+00:00,33.8,temperatura,ambiente,raspberry_pi_4,camera
1143,_result,1,2026-07-11 08:21:08.604380+00:00,2026-07-11 11:21:08.604380+00:00,2026-07-11 09:36:27.495471+00:00,33.8,temperatura,ambiente,raspberry_pi_4,camera
1144,_result,1,2026-07-11 08:21:08.604380+00:00,2026-07-11 11:21:08.604380+00:00,2026-07-11 09:36:32.757122+00:00,33.8,temperatura,ambiente,raspberry_pi_4,camera
1145,_result,1,2026-07-11 08:21:08.604380+00:00,2026-07-11 11:21:08.604380+00:00,2026-07-11 09:36:38.027588+00:00,33.8,temperatura,ambiente,raspberry_pi_4,camera
1146,_result,1,2026-07-11 08:21:08.604380+00:00,2026-07-11 11:21:08.604380+00:00,2026-07-11 09:36:43.287808+00:00,33.7,temperatura,ambiente,raspberry_pi_4,camera
1147,_result,1,2026-07-11 08:21:08.604380+00:00,2026-07-11 11:21:08.604380+00:00,2026-07-11 09:36:48.557426+00:00,33.8,temperatura,ambiente,raspberry_pi_4,camera
1148,_result,1,2026-07-11 08:21:08.604380+00:00,2026-07-11 11:21:08.604380+00:00,2026-07-11 09:36:53.817210+00:00,33.7,temperatura,ambiente,raspberry_pi_4,camera
1149,_result,1,2026-07-11 08:21:08.604380+00:00,2026-07-11 11:21:08.604380+00:00,2026-07-11 09:36:59.088471+00:00,33.7,temperatura,ambiente,raspberry_pi_4,camera
1150,_result,1,2026-07-11 08:21:08.604380+00:00,2026-07-11 11:21:08.604380+00:00,2026-07-11 09:37:04.348692+00:00,33.8,temperatura,ambiente,raspberry_pi_4,camera
1151,_result,1,2026-07-11 08:21:08.604380+00:00,2026-07-11 11:21:08.604380+00:00,2026-07-11 09:37:09.617925+00:00,33.7,temperatura,ambiente,raspberry_pi_4,camera
1152,_result,1,2026-07-11 08:21:08.604380+00:00,2026-07-11 11:21:08.604380+00:00,2026-07-11 09:37:14.878258+00:00,33.7,temperatura,ambiente,raspberry_pi_4,camera
1153,_result,1,2026-07-11 08:21:08.604380+00:00,2026-07-11 11:21:08.604380+00:00,2026-07-11 09:37:20.152153+00:00,33.8,temperatura,ambiente,raspberry_pi_4,camera
1154,_result,1,2026-07-11 08:21:08.604380+00:00,2026-07-11 11:21:08.604380+00:00,2026-07-11 09:37:25.416525+00:00,33.7,temperatura,ambiente,raspberry_pi_4,camera
1155,_result,1,2026-07-11 08:21:08.604380+00:00,2026-07-11 11:21:08.604380+00:00,2026-07-11 09:37:30.687394+00:00,33.7,temperatura,ambiente,raspberry_pi_4,camera
1156,_result,1,2026-07-11 08:21:08.604380+00:00,2026-07-11 11:21:08.604380+00:00,2026-07-11 09:37:35.947494+00:00,33.7,temperatura,ambiente,raspberry_pi_4,camera
1157,_result,1,2026-07-11 08:21:08.604380+00:00,2026-07-11 11:21:08.604380+00:00,2026-07-11 09:37:41.217226+00:00,33.7,temperatura,ambiente,raspberry_pi_4,camera
1158,_result,1,2026-07-11 08:21:08.604380+00:00,2026-07-11 11:21:08.604380+00:00,2026-07-11 09:37:46.477983+00:00,33.7,temperatura,ambiente,raspberry_pi_4,camera
1159,_result,1,2026-07-11 08:21:08.604380+00:00,2026-07-11 11:21:08.604380+00:00,2026-07-11 09:37:51.747796+00:00,33.7,temperatura,ambiente,raspberry_pi_4,camera
1160,_result,1,2026-07-11 08:21:08.604380+00:00,2026-07-11 11:21:08.604380+00:00,2026-07-11 09:37:57.007799+00:00,33.6,temperatura,ambiente,raspberry_pi_4,camera
1161,_result,1,2026-07-11 08:21:08.604380+00:00,2026-07-11 11:21:08.604380+00:00,2026-07-11 09:38:02.279182+00:00,33.7,temperatura,ambiente,raspberry_pi_4,camera
1162,_result,1,2026-07-11 08:21:08.604380+00:00,2026-07-11 11:21:08.604380+00:00,2026-07-11 09:38:07.539509+00:00,33.6,temperatura,ambiente,raspberry_pi_4,camera
1163,_result,1,2026-07-11 08:21:08.604380+00:00,2026-07-11 11:21:08.604380+00:00,2026-07-11 09:38:12.808848+00:00,33.6,temperatura,ambiente,raspberry_pi_4,camera
1164,_result,1,2026-07-11 08:21:08.604380+00:00,2026-07-11 11:21:08.604380+00:00,2026-07-11 09:38:18.068747+00:00,33.7,temperatura,ambiente,raspberry_pi_4,camera
1165,_result,1,2026-07-11 08:21:08.604380+00:00,2026-07-11 11:21:08.604380+00:00,2026-07-11 09:38:23.339136+00:00,33.7,temperatura,ambiente,raspberry_pi_4,camera
1166,_result,1,2026-07-11 08:21:08.604380+00:00,2026-07-11 11:21:08.604380+00:00,2026-07-11 09:38:28.599283+00:00,33.6,temperatura,ambiente,raspberry_pi_4,camera
1167,_result,1,2026-07-11 08:21:08.604380+00:00,2026-07-11 11:21:08.604380+00:00,2026-07-11 09:38:33.870292+00:00,33.6,temperatura,ambiente,raspberry_pi_4,camera
1168,_result,1,2026-07-11 08:21:08.604380+00:00,2026-07-11 11:21:08.604380+00:00,2026-07-11 09:38:39.130543+00:00,33.6,temperatura,ambiente,raspberry_pi_4,camera
1169,_result,1,2026-07-11 08:21:08.604380+00:00,2026-07-11 11:21:08.604380+00:00,2026-07-11 09:38:44.399741+00:00,33.6,temperatura,ambiente,raspberry_pi_4,camera
1170,_result,1,2026-07-11 08:21:08.604380+00:00,2026-07-11 11:21:08.604380+00:00,2026-07-11 09:38:49.659858+00:00,33.5,temperatura,ambiente,raspberry_pi_4,camera
1171,_result,1,2026-07-11 08:21:08.604380+00:00,2026-07-11 11:21:08.604380+00:00,2026-07-11 09:38:54.929452+00:00,33.5,temperatura,ambiente,raspberry_pi_4,camera
1172,_result,1,2026-07-11 08:21:08.604380+00:00,2026-07-11 11:21:08.604380+00:00,2026-07-11 09:39:00.191294+00:00,33.4,temperatura,ambiente,raspberry_pi_4,camera
1173,_result,1,2026-07-11 08:21:08.604380+00:00,2026-07-11 11:21:08.604380+00:00,2026-07-11 09:39:05.460566+00:00,33.4,temperatura,ambiente,raspberry_pi_4,camera
1174,_result,1,2026-07-11 08:21:08.604380+00:00,2026-07-11 11:21:08.604380+00:00,2026-07-11 09:39:10.720487+00:00,33.5,temperatura,ambiente,raspberry_pi_4,camera
1175,_result,1,2026-07-11 08:21:08.604380+00:00,2026-07-11 11:21:08.604380+00:00,2026-07-11 09:39:15.989946+00:00,33.5,temperatura,ambiente,raspberry_pi_4,camera
1176,_result,1,2026-07-11 08:21:08.604380+00:00,2026-07-11 11:21:08.604380+00:00,2026-07-11 09:39:21.249989+00:00,33.6,temperatura,ambiente,raspberry_pi_4,camera
1177,_result,1,2026-07-11 08:21:08.604380+00:00,2026-07-11 11:21:08.604380+00:00,2026-07-11 09:39:26.519550+00:00,33.6,temperatura,ambiente,raspberry_pi_4,camera
1178,_result,1,2026-07-11 08:21:08.604380+00:00,2026-07-11 11:21:08.604380+00:00,2026-07-11 09:39:31.781559+00:00,33.5,temperatura,ambiente,raspberry_pi_4,camera
1179,_result,1,2026-07-11 08:21:08.604380+00:00,2026-07-11 11:21:08.604380+00:00,2026-07-11 09:39:37.050612+00:00,33.6,temperatura,ambiente,raspberry_pi_4,camera
1180,_result,1,2026-07-11 08:21:08.604380+00:00,2026-07-11 11:21:08.604380+00:00,2026-07-11 09:39:42.310723+00:00,33.6,temperatura,ambiente,raspberry_pi_4,camera
1181,_result,1,2026-07-11 08:21:08.604380+00:00,2026-07-11 11:21:08.604380+00:00,2026-07-11 09:39:47.580219+00:00,33.6,temperatura,ambiente,raspberry_pi_4,camera
1182,_result,1,2026-07-11 08:21:08.604380+00:00,2026-07-11 11:21:08.604380+00:00,2026-07-11 09:39:52.840181+00:00,33.8,temperatura,ambiente,raspberry_pi_4,camera
1183,_result,1,2026-07-11 08:21:08.604380+00:00,2026-07-11 11:21:08.604380+00:00,2026-07-11 09:39:58.109975+00:00,33.7,temperatura,ambiente,raspberry_pi_4,camera
1184,_result,1,2026-07-11 08:21:08.604380+00:00,2026-07-11 11:21:08.604380+00:00,2026-07-11 09:40:03.371635+00:00,33.7,temperatura,ambiente,raspberry_pi_4,camera
1185,_result,1,2026-07-11 08:21:08.604380+00:00,2026-07-11 11:21:08.604380+00:00,2026-07-11 09:40:08.640921+00:00,33.8,temperatura,ambiente,raspberry_pi_4,camera
1186,_result,1,2026-07-11 08:21:08.604380+00:00,2026-07-11 11:21:08.604380+00:00,2026-07-11 09:40:13.901315+00:00,33.7,temperatura,ambiente,raspberry_pi_4,camera
1187,_result,1,2026-07-11 08:21:08.604380+00:00,2026-07-11 11:21:08.604380+00:00,2026-07-11 09:40:19.171214+00:00,33.8,temperatura,ambiente,raspberry_pi_4,camera
1188,_result,1,2026-07-11 08:21:08.604380+00:00,2026-07-11 11:21:08.604380+00:00,2026-07-11 09:40:24.431377+00:00,33.8,temperatura,ambiente,raspberry_pi_4,camera
1189,_result,1,2026-07-11 08:21:08.604380+00:00,2026-07-11 11:21:08.604380+00:00,2026-07-11 09:40:29.702374+00:00,33.8,temperatura,ambiente,raspberry_pi_4,camera
1190,_result,1,2026-07-11 08:21:08.604380+00:00,2026-07-11 11:21:08.604380+00:00,2026-07-11 09:40:35.003234+00:00,33.8,temperatura,ambiente,raspberry_pi_4,camera
1191,_result,1,2026-07-11 08:21:08.604380+00:00,2026-07-11 11:21:08.604380+00:00,2026-07-11 09:40:40.288589+00:00,33.8,temperatura,ambiente,raspberry_pi_4,camera
1192,_result,1,2026-07-11 08:21:08.604380+00:00,2026-07-11 11:21:08.604380+00:00,2026-07-11 09:40:45.548273+00:00,33.8,temperatura,ambiente,raspberry_pi_4,camera
1193,_result,1,2026-07-11 08:21:08.604380+00:00,2026-07-11 11:21:08.604380+00:00,2026-07-11 09:40:50.818975+00:00,33.8,temperatura,ambiente,raspberry_pi_4,camera
1194,_result,1,2026-07-11 08:21:08.604380+00:00,2026-07-11 11:21:08.604380+00:00,2026-07-11 09:40:56.078857+00:00,33.8,temperatura,ambiente,raspberry_pi_4,camera
1195,_result,1,2026-07-11 08:21:08.604380+00:00,2026-07-11 11:21:08.604380+00:00,2026-07-11 09:41:01.349519+00:00,33.8,temperatura,ambiente,raspberry_pi_4,camera
1196,_result,1,2026-07-11 08:21:08.604380+00:00,2026-07-11 11:21:08.604380+00:00,2026-07-11 09:41:06.609553+00:00,33.8,temperatura,ambiente,raspberry_pi_4,camera
1197,_result,1,2026-07-11 08:21:08.604380+00:00,2026-07-11 11:21:08.604380+00:00,2026-07-11 09:41:11.897209+00:00,33.8,temperatura,ambiente,raspberry_pi_4,camera
1198,_result,1,2026-07-11 08:21:08.604380+00:00,2026-07-11 11:21:08.604380+00:00,2026-07-11 09:41:17.157688+00:00,33.8,temperatura,ambiente,raspberry_pi_4,camera
1199,_result,1,2026-07-11 08:21:08.604380+00:00,2026-07-11 11:21:08.604380+00:00,2026-07-11 09:41:22.429196+00:00,33.8,temperatura,ambiente,raspberry_pi_4,camera
1200,_result,1,2026-07-11 08:21:08.604380+00:00,2026-07-11 11:21:08.604380+00:00,2026-07-11 09:41:27.689382+00:00,33.8,temperatura,ambiente,raspberry_pi_4,camera
1201,_result,1,2026-07-11 08:21:08.604380+00:00,2026-07-11 11:21:08.604380+00:00,2026-07-11 09:41:32.961963+00:00,33.8,temperatura,ambiente,raspberry_pi_4,camera
1202,_result,1,2026-07-11 08:21:08.604380+00:00,2026-07-11 11:21:08.604380+00:00,2026-07-11 09:41:38.222538+00:00,33.8,temperatura,ambiente,raspberry_pi_4,camera
1203,_result,1,2026-07-11 08:21:08.604380+00:00,2026-07-11 11:21:08.604380+00:00,2026-07-11 09:41:43.491830+00:00,33.8,temperatura,ambiente,raspberry_pi_4,camera
1204,_result,1,2026-07-11 08:21:08.604380+00:00,2026-07-11 11:21:08.604380+00:00,2026-07-11 09:41:48.751767+00:00,33.8,temperatura,ambiente,raspberry_pi_4,camera
1205,_result,1,2026-07-11 08:21:08.604380+00:00,2026-07-11 11:21:08.604380+00:00,2026-07-11 09:41:54.021137+00:00,33.8,temperatura,ambiente,raspberry_pi_4,camera
1206,_result,1,2026-07-11 08:21:08.604380+00:00,2026-07-11 11:21:08.604380+00:00,2026-07-11 09:41:59.280948+00:00,33.8,temperatura,ambiente,raspberry_pi_4,camera
1207,_result,1,2026-07-11 08:21:08.604380+00:00,2026-07-11 11:21:08.604380+00:00,2026-07-11 09:42:04.554377+00:00,33.8,temperatura,ambiente,raspberry_pi_4,camera
1208,_result,1,2026-07-11 08:21:08.604380+00:00,2026-07-11 11:21:08.604380+00:00,2026-07-11 09:42:09.814840+00:00,33.8,temperatura,ambiente,raspberry_pi_4,camera
1209,_result,1,2026-07-11 08:21:08.604380+00:00,2026-07-11 11:21:08.604380+00:00,2026-07-11 09:42:20.338365+00:00,33.8,temperatura,ambiente,raspberry_pi_4,camera
1210,_result,1,2026-07-11 08:21:08.604380+00:00,2026-07-11 11:21:08.604380+00:00,2026-07-11 09:42:25.608019+00:00,33.8,temperatura,ambiente,raspberry_pi_4,camera
1211,_result,1,2026-07-11 08:21:08.604380+00:00,2026-07-11 11:21:08.604380+00:00,2026-07-11 09:42:30.870020+00:00,33.8,temperatura,ambiente,raspberry_pi_4,camera
1212,_result,1,2026-07-11 08:21:08.604380+00:00,2026-07-11 11:21:08.604380+00:00,2026-07-11 09:42:36.139368+00:00,33.8,temperatura,ambiente,raspberry_pi_4,camera
1213,_result,1,2026-07-11 08:21:08.604380+00:00,2026-07-11 11:21:08.604380+00:00,2026-07-11 09:42:41.399572+00:00,33.8,temperatura,ambiente,raspberry_pi_4,camera
1214,_result,1,2026-07-11 08:21:08.604380+00:00,2026-07-11 11:21:08.604380+00:00,2026-07-11 09:42:46.669148+00:00,33.8,temperatura,ambiente,raspberry_pi_4,camera
1215,_result,1,2026-07-11 08:21:08.604380+00:00,2026-07-11 11:21:08.604380+00:00,2026-07-11 09:42:57.192667+00:00,33.8,temperatura,ambiente,raspberry_pi_4,camera
1216,_result,1,2026-07-11 08:21:08.604380+00:00,2026-07-11 11:21:08.604380+00:00,2026-07-11 09:43:02.454247+00:00,33.8,temperatura,ambiente,raspberry_pi_4,camera
1217,_result,1,2026-07-11 08:21:08.604380+00:00,2026-07-11 11:21:08.604380+00:00,2026-07-11 09:43:07.723681+00:00,33.8,temperatura,ambiente,raspberry_pi_4,camera
1218,_result,1,2026-07-11 08:21:08.604380+00:00,2026-07-11 11:21:08.604380+00:00,2026-07-11 09:43:12.984120+00:00,33.8,temperatura,ambiente,raspberry_pi_4,camera
1219,_result,1,2026-07-11 08:21:08.604380+00:00,2026-07-11 11:21:08.604380+00:00,2026-07-11 09:43:18.254369+00:00,33.8,temperatura,ambiente,raspberry_pi_4,camera
1220,_result,1,2026-07-11 08:21:08.604380+00:00,2026-07-11 11:21:08.604380+00:00,2026-07-11 09:43:23.514910+00:00,33.8,temperatura,ambiente,raspberry_pi_4,camera
1221,_result,1,2026-07-11 08:21:08.604380+00:00,2026-07-11 11:21:08.604380+00:00,2026-07-11 09:43:28.786075+00:00,33.8,temperatura,ambiente,raspberry_pi_4,camera
1222,_result,1,2026-07-11 08:21:08.604380+00:00,2026-07-11 11:21:08.604380+00:00,2026-07-11 09:43:34.046589+00:00,33.8,temperatura,ambiente,raspberry_pi_4,camera
1223,_result,1,2026-07-11 08:21:08.604380+00:00,2026-07-11 11:21:08.604380+00:00,2026-07-11 09:43:39.316028+00:00,33.8,temperatura,ambiente,raspberry_pi_4,camera
1224,_result,1,2026-07-11 08:21:08.604380+00:00,2026-07-11 11:21:08.604380+00:00,2026-07-11 09:43:44.578183+00:00,33.8,temperatura,ambiente,raspberry_pi_4,camera
1225,_result,1,2026-07-11 08:21:08.604380+00:00,2026-07-11 11:21:08.604380+00:00,2026-07-11 09:43:49.847753+00:00,33.8,temperatura,ambiente,raspberry_pi_4,camera
1226,_result,1,2026-07-11 08:21:08.604380+00:00,2026-07-11 11:21:08.604380+00:00,2026-07-11 09:43:55.108095+00:00,33.8,temperatura,ambiente,raspberry_pi_4,camera
1227,_result,1,2026-07-11 08:21:08.604380+00:00,2026-07-11 11:21:08.604380+00:00,2026-07-11 09:44:00.380287+00:00,33.8,temperatura,ambiente,raspberry_pi_4,camera
1228,_result,1,2026-07-11 08:21:08.604380+00:00,2026-07-11 11:21:08.604380+00:00,2026-07-11 09:44:05.640206+00:00,33.8,temperatura,ambiente,raspberry_pi_4,camera
1229,_result,1,2026-07-11 08:21:08.604380+00:00,2026-07-11 11:21:08.604380+00:00,2026-07-11 09:44:10.909942+00:00,33.8,temperatura,ambiente,raspberry_pi_4,camera
1230,_result,1,2026-07-11 08:21:08.604380+00:00,2026-07-11 11:21:08.604380+00:00,2026-07-11 09:44:16.170079+00:00,33.8,temperatura,ambiente,raspberry_pi_4,camera
1231,_result,1,2026-07-11 08:21:08.604380+00:00,2026-07-11 11:21:08.604380+00:00,2026-07-11 09:44:21.456423+00:00,33.8,temperatura,ambiente,raspberry_pi_4,camera
1232,_result,1,2026-07-11 08:21:08.604380+00:00,2026-07-11 11:21:08.604380+00:00,2026-07-11 09:44:26.717298+00:00,33.8,temperatura,ambiente,raspberry_pi_4,camera
1233,_result,1,2026-07-11 08:21:08.604380+00:00,2026-07-11 11:21:08.604380+00:00,2026-07-11 09:44:31.988692+00:00,33.8,temperatura,ambiente,raspberry_pi_4,camera
1234,_result,1,2026-07-11 08:21:08.604380+00:00,2026-07-11 11:21:08.604380+00:00,2026-07-11 09:44:37.248836+00:00,33.8,temperatura,ambiente,raspberry_pi_4,camera
1235,_result,1,2026-07-11 08:21:08.604380+00:00,2026-07-11 11:21:08.604380+00:00,2026-07-11 09:44:42.522632+00:00,33.8,temperatura,ambiente,raspberry_pi_4,camera
1236,_result,1,2026-07-11 08:21:08.604380+00:00,2026-07-11 11:21:08.604380+00:00,2026-07-11 09:44:47.783016+00:00,33.8,temperatura,ambiente,raspberry_pi_4,camera
1237,_result,1,2026-07-11 08:21:08.604380+00:00,2026-07-11 11:21:08.604380+00:00,2026-07-11 09:44:53.052692+00:00,33.8,temperatura,ambiente,raspberry_pi_4,camera
1238,_result,1,2026-07-11 08:21:08.604380+00:00,2026-07-11 11:21:08.604380+00:00,2026-07-11 09:44:58.312720+00:00,33.8,temperatura,ambiente,raspberry_pi_4,camera
1239,_result,1,2026-07-11 08:21:08.604380+00:00,2026-07-11 11:21:08.604380+00:00,2026-07-11 09:45:03.583829+00:00,33.8,temperatura,ambiente,raspberry_pi_4,camera
1240,_result,1,2026-07-11 08:21:08.604380+00:00,2026-07-11 11:21:08.604380+00:00,2026-07-11 09:45:08.844128+00:00,33.8,temperatura,ambiente,raspberry_pi_4,camera
1241,_result,1,2026-07-11 08:21:08.604380+00:00,2026-07-11 11:21:08.604380+00:00,2026-07-11 09:45:14.113339+00:00,33.7,temperatura,ambiente,raspberry_pi_4,camera
1242,_result,1,2026-07-11 08:21:08.604380+00:00,2026-07-11 11:21:08.604380+00:00,2026-07-11 09:45:19.373302+00:00,33.8,temperatura,ambiente,raspberry_pi_4,camera
1243,_result,1,2026-07-11 08:21:08.604380+00:00,2026-07-11 11:21:08.604380+00:00,2026-07-11 09:45:24.643023+00:00,33.8,temperatura,ambiente,raspberry_pi_4,camera
1244,_result,1,2026-07-11 08:21:08.604380+00:00,2026-07-11 11:21:08.604380+00:00,2026-07-11 09:45:29.904841+00:00,33.6,temperatura,ambiente,raspberry_pi_4,camera
1245,_result,1,2026-07-11 08:21:08.604380+00:00,2026-07-11 11:21:08.604380+00:00,2026-07-11 09:45:35.175737+00:00,33.7,temperatura,ambiente,raspberry_pi_4,camera
1246,_result,1,2026-07-11 08:21:08.604380+00:00,2026-07-11 11:21:08.604380+00:00,2026-07-11 09:45:40.435954+00:00,33.8,temperatura,ambiente,raspberry_pi_4,camera
1247,_result,1,2026-07-11 08:21:08.604380+00:00,2026-07-11 11:21:08.604380+00:00,2026-07-11 09:45:45.705638+00:00,33.7,temperatura,ambiente,raspberry_pi_4,camera
1248,_result,1,2026-07-11 08:21:08.604380+00:00,2026-07-11 11:21:08.604380+00:00,2026-07-11 09:45:50.966869+00:00,33.6,temperatura,ambiente,raspberry_pi_4,camera
1249,_result,1,2026-07-11 08:21:08.604380+00:00,2026-07-11 11:21:08.604380+00:00,2026-07-11 09:45:56.236567+00:00,33.8,temperatura,ambiente,raspberry_pi_4,camera
1250,_result,1,2026-07-11 08:21:08.604380+00:00,2026-07-11 11:21:08.604380+00:00,2026-07-11 09:46:01.498345+00:00,33.7,temperatura,ambiente,raspberry_pi_4,camera
1251,_result,1,2026-07-11 08:21:08.604380+00:00,2026-07-11 11:21:08.604380+00:00,2026-07-11 09:46:06.784629+00:00,33.7,temperatura,ambiente,raspberry_pi_4,camera
1252,_result,1,2026-07-11 08:21:08.604380+00:00,2026-07-11 11:21:08.604380+00:00,2026-07-11 09:46:12.044694+00:00,33.7,temperatura,ambiente,raspberry_pi_4,camera
1253,_result,1,2026-07-11 08:21:08.604380+00:00,2026-07-11 11:21:08.604380+00:00,2026-07-11 09:46:17.315683+00:00,33.7,temperatura,ambiente,raspberry_pi_4,camera
1254,_result,1,2026-07-11 08:21:08.604380+00:00,2026-07-11 11:21:08.604380+00:00,2026-07-11 09:46:22.577096+00:00,33.7,temperatura,ambiente,raspberry_pi_4,camera
1255,_result,1,2026-07-11 08:21:08.604380+00:00,2026-07-11 11:21:08.604380+00:00,2026-07-11 09:46:27.846830+00:00,33.8,temperatura,ambiente,raspberry_pi_4,camera
1256,_result,1,2026-07-11 08:21:08.604380+00:00,2026-07-11 11:21:08.604380+00:00,2026-07-11 09:46:33.108398+00:00,33.8,temperatura,ambiente,raspberry_pi_4,camera
1257,_result,1,2026-07-11 08:21:08.604380+00:00,2026-07-11 11:21:08.604380+00:00,2026-07-11 09:46:38.377916+00:00,33.6,temperatura,ambiente,raspberry_pi_4,camera
1258,_result,1,2026-07-11 08:21:08.604380+00:00,2026-07-11 11:21:08.604380+00:00,2026-07-11 09:46:43.638112+00:00,33.6,temperatura,ambiente,raspberry_pi_4,camera
1259,_result,1,2026-07-11 08:21:08.604380+00:00,2026-07-11 11:21:08.604380+00:00,2026-07-11 09:46:48.907836+00:00,33.6,temperatura,ambiente,raspberry_pi_4,camera
1260,_result,1,2026-07-11 08:21:08.604380+00:00,2026-07-11 11:21:08.604380+00:00,2026-07-11 09:46:54.167953+00:00,33.6,temperatura,ambiente,raspberry_pi_4,camera
1261,_result,1,2026-07-11 08:21:08.604380+00:00,2026-07-11 11:21:08.604380+00:00,2026-07-11 09:46:59.439111+00:00,33.4,temperatura,ambiente,raspberry_pi_4,camera
1262,_result,1,2026-07-11 08:21:08.604380+00:00,2026-07-11 11:21:08.604380+00:00,2026-07-11 09:47:04.699345+00:00,33.3,temperatura,ambiente,raspberry_pi_4,camera
1263,_result,1,2026-07-11 08:21:08.604380+00:00,2026-07-11 11:21:08.604380+00:00,2026-07-11 09:47:15.223003+00:00,33.3,temperatura,ambiente,raspberry_pi_4,camera
1264,_result,1,2026-07-11 08:21:08.604380+00:00,2026-07-11 11:21:08.604380+00:00,2026-07-11 09:47:20.492609+00:00,33.3,temperatura,ambiente,raspberry_pi_4,camera
1265,_result,1,2026-07-11 08:21:08.604380+00:00,2026-07-11 11:21:08.604380+00:00,2026-07-11 09:47:25.752678+00:00,33.3,temperatura,ambiente,raspberry_pi_4,camera
1266,_result,1,2026-07-11 08:21:08.604380+00:00,2026-07-11 11:21:08.604380+00:00,2026-07-11 09:47:31.024053+00:00,33.3,temperatura,ambiente,raspberry_pi_4,camera
1267,_result,1,2026-07-11 08:21:08.604380+00:00,2026-07-11 11:21:08.604380+00:00,2026-07-11 09:47:36.283916+00:00,33.3,temperatura,ambiente,raspberry_pi_4,camera
1268,_result,1,2026-07-11 08:21:08.604380+00:00,2026-07-11 11:21:08.604380+00:00,2026-07-11 09:47:41.557023+00:00,33.3,temperatura,ambiente,raspberry_pi_4,camera
1269,_result,1,2026-07-11 08:21:08.604380+00:00,2026-07-11 11:21:08.604380+00:00,2026-07-11 09:47:46.817851+00:00,33.3,temperatura,ambiente,raspberry_pi_4,camera
1270,_result,1,2026-07-11 08:21:08.604380+00:00,2026-07-11 11:21:08.604380+00:00,2026-07-11 09:47:52.088010+00:00,33.3,temperatura,ambiente,raspberry_pi_4,camera
1271,_result,1,2026-07-11 08:21:08.604380+00:00,2026-07-11 11:21:08.604380+00:00,2026-07-11 09:47:57.348532+00:00,33.3,temperatura,ambiente,raspberry_pi_4,camera
1272,_result,1,2026-07-11 08:21:08.604380+00:00,2026-07-11 11:21:08.604380+00:00,2026-07-11 09:48:02.621237+00:00,33.3,temperatura,ambiente,raspberry_pi_4,camera
1273,_result,1,2026-07-11 08:21:08.604380+00:00,2026-07-11 11:21:08.604380+00:00,2026-07-11 09:48:07.881328+00:00,33.3,temperatura,ambiente,raspberry_pi_4,camera
1274,_result,1,2026-07-11 08:21:08.604380+00:00,2026-07-11 11:21:08.604380+00:00,2026-07-11 09:48:18.404789+00:00,33.3,temperatura,ambiente,raspberry_pi_4,camera
1275,_result,1,2026-07-11 08:21:08.604380+00:00,2026-07-11 11:21:08.604380+00:00,2026-07-11 09:48:23.677434+00:00,33.3,temperatura,ambiente,raspberry_pi_4,camera
1276,_result,1,2026-07-11 08:21:08.604380+00:00,2026-07-11 11:21:08.604380+00:00,2026-07-11 09:48:28.937466+00:00,33.3,temperatura,ambiente,raspberry_pi_4,camera
1277,_result,1,2026-07-11 08:21:08.604380+00:00,2026-07-11 11:21:08.604380+00:00,2026-07-11 09:48:34.208285+00:00,33.3,temperatura,ambiente,raspberry_pi_4,camera
1278,_result,1,2026-07-11 08:21:08.604380+00:00,2026-07-11 11:21:08.604380+00:00,2026-07-11 09:48:39.468361+00:00,33.3,temperatura,ambiente,raspberry_pi_4,camera
1279,_result,1,2026-07-11 08:21:08.604380+00:00,2026-07-11 11:21:08.604380+00:00,2026-07-11 09:48:44.738074+00:00,33.3,temperatura,ambiente,raspberry_pi_4,camera
1280,_result,1,2026-07-11 08:21:08.604380+00:00,2026-07-11 11:21:08.604380+00:00,2026-07-11 09:48:49.998175+00:00,33.3,temperatura,ambiente,raspberry_pi_4,camera
1281,_result,1,2026-07-11 08:21:08.604380+00:00,2026-07-11 11:21:08.604380+00:00,2026-07-11 09:48:55.268133+00:00,33.3,temperatura,ambiente,raspberry_pi_4,camera
1282,_result,1,2026-07-11 08:21:08.604380+00:00,2026-07-11 11:21:08.604380+00:00,2026-07-11 09:49:05.793822+00:00,33.3,temperatura,ambiente,raspberry_pi_4,camera
1283,_result,1,2026-07-11 08:21:08.604380+00:00,2026-07-11 11:21:08.604380+00:00,2026-07-11 09:49:11.053992+00:00,33.3,temperatura,ambiente,raspberry_pi_4,camera
1284,_result,1,2026-07-11 08:21:08.604380+00:00,2026-07-11 11:21:08.604380+00:00,2026-07-11 09:49:16.323377+00:00,33.3,temperatura,ambiente,raspberry_pi_4,camera
1285,_result,1,2026-07-11 08:21:08.604380+00:00,2026-07-11 11:21:08.604380+00:00,2026-07-11 09:49:21.583590+00:00,33.3,temperatura,ambiente,raspberry_pi_4,camera
1286,_result,1,2026-07-11 08:21:08.604380+00:00,2026-07-11 11:21:08.604380+00:00,2026-07-11 09:49:26.852594+00:00,33.3,temperatura,ambiente,raspberry_pi_4,camera
1287,_result,1,2026-07-11 08:21:08.604380+00:00,2026-07-11 11:21:08.604380+00:00,2026-07-11 09:49:32.114020+00:00,33.3,temperatura,ambiente,raspberry_pi_4,camera
1288,_result,1,2026-07-11 08:21:08.604380+00:00,2026-07-11 11:21:08.604380+00:00,2026-07-11 09:49:37.383201+00:00,33.3,temperatura,ambiente,raspberry_pi_4,camera
1289,_result,1,2026-07-11 08:21:08.604380+00:00,2026-07-11 11:21:08.604380+00:00,2026-07-11 09:49:42.644539+00:00,33.3,temperatura,ambiente,raspberry_pi_4,camera
1290,_result,1,2026-07-11 08:21:08.604380+00:00,2026-07-11 11:21:08.604380+00:00,2026-07-11 09:49:47.914117+00:00,33.3,temperatura,ambiente,raspberry_pi_4,camera
1291,_result,1,2026-07-11 08:21:08.604380+00:00,2026-07-11 11:21:08.604380+00:00,2026-07-11 09:49:53.174139+00:00,33.3,temperatura,ambiente,raspberry_pi_4,camera
1292,_result,1,2026-07-11 08:21:08.604380+00:00,2026-07-11 11:21:08.604380+00:00,2026-07-11 09:49:58.443691+00:00,33.3,temperatura,ambiente,raspberry_pi_4,camera
1293,_result,1,2026-07-11 08:21:08.604380+00:00,2026-07-11 11:21:08.604380+00:00,2026-07-11 09:50:03.705149+00:00,33.3,temperatura,ambiente,raspberry_pi_4,camera
1294,_result,1,2026-07-11 08:21:08.604380+00:00,2026-07-11 11:21:08.604380+00:00,2026-07-11 09:50:08.975060+00:00,33.3,temperatura,ambiente,raspberry_pi_4,camera
1295,_result,1,2026-07-11 08:21:08.604380+00:00,2026-07-11 11:21:08.604380+00:00,2026-07-11 09:50:14.235207+00:00,33.3,temperatura,ambiente,raspberry_pi_4,camera
1296,_result,1,2026-07-11 08:21:08.604380+00:00,2026-07-11 11:21:08.604380+00:00,2026-07-11 09:50:19.504912+00:00,33.3,temperatura,ambiente,raspberry_pi_4,camera
1297,_result,1,2026-07-11 08:21:08.604380+00:00,2026-07-11 11:21:08.604380+00:00,2026-07-11 09:50:24.765249+00:00,33.3,temperatura,ambiente,raspberry_pi_4,camera
1298,_result,1,2026-07-11 08:21:08.604380+00:00,2026-07-11 11:21:08.604380+00:00,2026-07-11 09:50:30.036567+00:00,33.3,temperatura,ambiente,raspberry_pi_4,camera
1299,_result,1,2026-07-11 08:21:08.604380+00:00,2026-07-11 11:21:08.604380+00:00,2026-07-11 09:50:35.297812+00:00,33.3,temperatura,ambiente,raspberry_pi_4,camera
1300,_result,1,2026-07-11 08:21:08.604380+00:00,2026-07-11 11:21:08.604380+00:00,2026-07-11 09:50:40.567712+00:00,33.3,temperatura,ambiente,raspberry_pi_4,camera
1301,_result,1,2026-07-11 08:21:08.604380+00:00,2026-07-11 11:21:08.604380+00:00,2026-07-11 09:50:45.827707+00:00,33.3,temperatura,ambiente,raspberry_pi_4,camera
1302,_result,1,2026-07-11 08:21:08.604380+00:00,2026-07-11 11:21:08.604380+00:00,2026-07-11 09:50:51.097497+00:00,33.3,temperatura,ambiente,raspberry_pi_4,camera
1303,_result,1,2026-07-11 08:21:08.604380+00:00,2026-07-11 11:21:08.604380+00:00,2026-07-11 09:50:56.357529+00:00,33.3,temperatura,ambiente,raspberry_pi_4,camera
1304,_result,1,2026-07-11 08:21:08.604380+00:00,2026-07-11 11:21:08.604380+00:00,2026-07-11 09:51:01.628229+00:00,33.3,temperatura,ambiente,raspberry_pi_4,camera
1305,_result,1,2026-07-11 08:21:08.604380+00:00,2026-07-11 11:21:08.604380+00:00,2026-07-11 09:51:06.888329+00:00,33.3,temperatura,ambiente,raspberry_pi_4,camera
1306,_result,1,2026-07-11 08:21:08.604380+00:00,2026-07-11 11:21:08.604380+00:00,2026-07-11 09:51:12.158234+00:00,33.3,temperatura,ambiente,raspberry_pi_4,camera
1307,_result,1,2026-07-11 08:21:08.604380+00:00,2026-07-11 11:21:08.604380+00:00,2026-07-11 09:51:17.418306+00:00,33.3,temperatura,ambiente,raspberry_pi_4,camera
1308,_result,1,2026-07-11 08:21:08.604380+00:00,2026-07-11 11:21:08.604380+00:00,2026-07-11 09:51:22.688382+00:00,33.3,temperatura,ambiente,raspberry_pi_4,camera
1309,_result,1,2026-07-11 08:21:08.604380+00:00,2026-07-11 11:21:08.604380+00:00,2026-07-11 09:51:27.948637+00:00,33.3,temperatura,ambiente,raspberry_pi_4,camera
1310,_result,1,2026-07-11 08:21:08.604380+00:00,2026-07-11 11:21:08.604380+00:00,2026-07-11 09:51:33.220672+00:00,33.3,temperatura,ambiente,raspberry_pi_4,camera
1311,_result,1,2026-07-11 08:21:08.604380+00:00,2026-07-11 11:21:08.604380+00:00,2026-07-11 09:51:38.480490+00:00,33.3,temperatura,ambiente,raspberry_pi_4,camera
1312,_result,1,2026-07-11 08:21:08.604380+00:00,2026-07-11 11:21:08.604380+00:00,2026-07-11 09:51:43.750073+00:00,33.3,temperatura,ambiente,raspberry_pi_4,camera
1313,_result,1,2026-07-11 08:21:08.604380+00:00,2026-07-11 11:21:08.604380+00:00,2026-07-11 09:51:49.009962+00:00,33.3,temperatura,ambiente,raspberry_pi_4,camera
1314,_result,1,2026-07-11 08:21:08.604380+00:00,2026-07-11 11:21:08.604380+00:00,2026-07-11 09:51:54.279495+00:00,33.3,temperatura,ambiente,raspberry_pi_4,camera
1315,_result,1,2026-07-11 08:21:08.604380+00:00,2026-07-11 11:21:08.604380+00:00,2026-07-11 09:51:59.540791+00:00,33.3,temperatura,ambiente,raspberry_pi_4,camera
1316,_result,1,2026-07-11 08:21:08.604380+00:00,2026-07-11 11:21:08.604380+00:00,2026-07-11 09:52:04.810557+00:00,33.3,temperatura,ambiente,raspberry_pi_4,camera
1317,_result,1,2026-07-11 08:21:08.604380+00:00,2026-07-11 11:21:08.604380+00:00,2026-07-11 09:52:10.070586+00:00,33.3,temperatura,ambiente,raspberry_pi_4,camera
1318,_result,1,2026-07-11 08:21:08.604380+00:00,2026-07-11 11:21:08.604380+00:00,2026-07-11 09:52:15.339967+00:00,33.3,temperatura,ambiente,raspberry_pi_4,camera
1319,_result,1,2026-07-11 08:21:08.604380+00:00,2026-07-11 11:21:08.604380+00:00,2026-07-11 09:52:20.600160+00:00,33.3,temperatura,ambiente,raspberry_pi_4,camera
1320,_result,1,2026-07-11 08:21:08.604380+00:00,2026-07-11 11:21:08.604380+00:00,2026-07-11 09:52:25.869458+00:00,33.3,temperatura,ambiente,raspberry_pi_4,camera
1321,_result,1,2026-07-11 08:21:08.604380+00:00,2026-07-11 11:21:08.604380+00:00,2026-07-11 09:52:31.131207+00:00,33.3,temperatura,ambiente,raspberry_pi_4,camera
1322,_result,1,2026-07-11 08:21:08.604380+00:00,2026-07-11 11:21:08.604380+00:00,2026-07-11 09:52:36.400386+00:00,33.3,temperatura,ambiente,raspberry_pi_4,camera
1323,_result,1,2026-07-11 08:21:08.604380+00:00,2026-07-11 11:21:08.604380+00:00,2026-07-11 09:52:41.660394+00:00,33.3,temperatura,ambiente,raspberry_pi_4,camera
1324,_result,1,2026-07-11 08:21:08.604380+00:00,2026-07-11 11:21:08.604380+00:00,2026-07-11 09:52:46.930240+00:00,33.3,temperatura,ambiente,raspberry_pi_4,camera
1325,_result,1,2026-07-11 08:21:08.604380+00:00,2026-07-11 11:21:08.604380+00:00,2026-07-11 09:52:52.190034+00:00,33.3,temperatura,ambiente,raspberry_pi_4,camera
1326,_result,1,2026-07-11 08:21:08.604380+00:00,2026-07-11 11:21:08.604380+00:00,2026-07-11 09:52:57.459659+00:00,33.3,temperatura,ambiente,raspberry_pi_4,camera
1327,_result,1,2026-07-11 08:21:08.604380+00:00,2026-07-11 11:21:08.604380+00:00,2026-07-11 09:53:02.721160+00:00,33.3,temperatura,ambiente,raspberry_pi_4,camera
1328,_result,1,2026-07-11 08:21:08.604380+00:00,2026-07-11 11:21:08.604380+00:00,2026-07-11 09:53:07.990584+00:00,33.3,temperatura,ambiente,raspberry_pi_4,camera
1329,_result,1,2026-07-11 08:21:08.604380+00:00,2026-07-11 11:21:08.604380+00:00,2026-07-11 09:53:13.250835+00:00,33.3,temperatura,ambiente,raspberry_pi_4,camera
1330,_result,1,2026-07-11 08:21:08.604380+00:00,2026-07-11 11:21:08.604380+00:00,2026-07-11 09:53:18.520934+00:00,33.3,temperatura,ambiente,raspberry_pi_4,camera
1331,_result,1,2026-07-11 08:21:08.604380+00:00,2026-07-11 11:21:08.604380+00:00,2026-07-11 09:53:23.781148+00:00,33.3,temperatura,ambiente,raspberry_pi_4,camera
1332,_result,1,2026-07-11 08:21:08.604380+00:00,2026-07-11 11:21:08.604380+00:00,2026-07-11 09:53:29.052083+00:00,33.3,temperatura,ambiente,raspberry_pi_4,camera
1333,_result,1,2026-07-11 08:21:08.604380+00:00,2026-07-11 11:21:08.604380+00:00,2026-07-11 09:53:34.311960+00:00,33.3,temperatura,ambiente,raspberry_pi_4,camera
1334,_result,1,2026-07-11 08:21:08.604380+00:00,2026-07-11 11:21:08.604380+00:00,2026-07-11 09:53:39.582496+00:00,33.3,temperatura,ambiente,raspberry_pi_4,camera
1335,_result,1,2026-07-11 08:21:08.604380+00:00,2026-07-11 11:21:08.604380+00:00,2026-07-11 09:53:44.842875+00:00,33.3,temperatura,ambiente,raspberry_pi_4,camera
1336,_result,1,2026-07-11 08:21:08.604380+00:00,2026-07-11 11:21:08.604380+00:00,2026-07-11 09:53:50.112340+00:00,33.3,temperatura,ambiente,raspberry_pi_4,camera
1337,_result,1,2026-07-11 08:21:08.604380+00:00,2026-07-11 11:21:08.604380+00:00,2026-07-11 09:53:55.372345+00:00,33.3,temperatura,ambiente,raspberry_pi_4,camera
1338,_result,1,2026-07-11 08:21:08.604380+00:00,2026-07-11 11:21:08.604380+00:00,2026-07-11 09:54:00.643061+00:00,33.3,temperatura,ambiente,raspberry_pi_4,camera
1339,_result,1,2026-07-11 08:21:08.604380+00:00,2026-07-11 11:21:08.604380+00:00,2026-07-11 09:54:05.903245+00:00,33.3,temperatura,ambiente,raspberry_pi_4,camera
1340,_result,1,2026-07-11 08:21:08.604380+00:00,2026-07-11 11:21:08.604380+00:00,2026-07-11 09:54:11.172521+00:00,33.3,temperatura,ambiente,raspberry_pi_4,camera
1341,_result,1,2026-07-11 08:21:08.604380+00:00,2026-07-11 11:21:08.604380+00:00,2026-07-11 09:54:16.432491+00:00,33.3,temperatura,ambiente,raspberry_pi_4,camera
1342,_result,1,2026-07-11 08:21:08.604380+00:00,2026-07-11 11:21:08.604380+00:00,2026-07-11 09:54:21.701979+00:00,33.3,temperatura,ambiente,raspberry_pi_4,camera
1343,_result,1,2026-07-11 08:21:08.604380+00:00,2026-07-11 11:21:08.604380+00:00,2026-07-11 09:54:26.961937+00:00,33.3,temperatura,ambiente,raspberry_pi_4,camera
1344,_result,1,2026-07-11 08:21:08.604380+00:00,2026-07-11 11:21:08.604380+00:00,2026-07-11 09:54:32.233331+00:00,33.3,temperatura,ambiente,raspberry_pi_4,camera
1345,_result,1,2026-07-11 08:21:08.604380+00:00,2026-07-11 11:21:08.604380+00:00,2026-07-11 09:54:37.493184+00:00,33.3,temperatura,ambiente,raspberry_pi_4,camera
1346,_result,1,2026-07-11 08:21:08.604380+00:00,2026-07-11 11:21:08.604380+00:00,2026-07-11 09:54:42.762504+00:00,33.3,temperatura,ambiente,raspberry_pi_4,camera
1347,_result,1,2026-07-11 08:21:08.604380+00:00,2026-07-11 11:21:08.604380+00:00,2026-07-11 09:54:48.022778+00:00,33.3,temperatura,ambiente,raspberry_pi_4,camera
1348,_result,1,2026-07-11 08:21:08.604380+00:00,2026-07-11 11:21:08.604380+00:00,2026-07-11 09:54:53.292537+00:00,33.3,temperatura,ambiente,raspberry_pi_4,camera
1349,_result,1,2026-07-11 08:21:08.604380+00:00,2026-07-11 11:21:08.604380+00:00,2026-07-11 09:54:58.552598+00:00,33.3,temperatura,ambiente,raspberry_pi_4,camera
1350,_result,1,2026-07-11 08:21:08.604380+00:00,2026-07-11 11:21:08.604380+00:00,2026-07-11 09:55:03.823865+00:00,33.3,temperatura,ambiente,raspberry_pi_4,camera
1351,_result,1,2026-07-11 08:21:08.604380+00:00,2026-07-11 11:21:08.604380+00:00,2026-07-11 09:55:14.347781+00:00,33.3,temperatura,ambiente,raspberry_pi_4,camera
1352,_result,1,2026-07-11 08:21:08.604380+00:00,2026-07-11 11:21:08.604380+00:00,2026-07-11 09:55:19.607588+00:00,33.3,temperatura,ambiente,raspberry_pi_4,camera
1353,_result,1,2026-07-11 08:21:08.604380+00:00,2026-07-11 11:21:08.604380+00:00,2026-07-11 09:55:24.877143+00:00,33.3,temperatura,ambiente,raspberry_pi_4,camera
1354,_result,1,2026-07-11 08:21:08.604380+00:00,2026-07-11 11:21:08.604380+00:00,2026-07-11 09:55:30.138986+00:00,33.3,temperatura,ambiente,raspberry_pi_4,camera
1355,_result,1,2026-07-11 08:21:08.604380+00:00,2026-07-11 11:21:08.604380+00:00,2026-07-11 09:55:35.408021+00:00,33.3,temperatura,ambiente,raspberry_pi_4,camera
1356,_result,1,2026-07-11 08:21:08.604380+00:00,2026-07-11 11:21:08.604380+00:00,2026-07-11 09:55:40.667923+00:00,33.3,temperatura,ambiente,raspberry_pi_4,camera
1357,_result,1,2026-07-11 08:21:08.604380+00:00,2026-07-11 11:21:08.604380+00:00,2026-07-11 09:55:45.937264+00:00,33.3,temperatura,ambiente,raspberry_pi_4,camera
1358,_result,1,2026-07-11 08:21:08.604380+00:00,2026-07-11 11:21:08.604380+00:00,2026-07-11 09:55:56.463456+00:00,33.3,temperatura,ambiente,raspberry_pi_4,camera
1359,_result,1,2026-07-11 08:21:08.604380+00:00,2026-07-11 11:21:08.604380+00:00,2026-07-11 09:56:01.729342+00:00,33.3,temperatura,ambiente,raspberry_pi_4,camera
1360,_result,1,2026-07-11 08:21:08.604380+00:00,2026-07-11 11:21:08.604380+00:00,2026-07-11 09:56:07.001646+00:00,33.3,temperatura,ambiente,raspberry_pi_4,camera
1361,_result,1,2026-07-11 08:21:08.604380+00:00,2026-07-11 11:21:08.604380+00:00,2026-07-11 09:56:12.262043+00:00,33.3,temperatura,ambiente,raspberry_pi_4,camera
1362,_result,1,2026-07-11 08:21:08.604380+00:00,2026-07-11 11:21:08.604380+00:00,2026-07-11 09:56:17.531616+00:00,33.3,temperatura,ambiente,raspberry_pi_4,camera
1363,_result,1,2026-07-11 08:21:08.604380+00:00,2026-07-11 11:21:08.604380+00:00,2026-07-11 09:56:22.791522+00:00,33.3,temperatura,ambiente,raspberry_pi_4,camera
1364,_result,1,2026-07-11 08:21:08.604380+00:00,2026-07-11 11:21:08.604380+00:00,2026-07-11 09:56:28.061423+00:00,33.3,temperatura,ambiente,raspberry_pi_4,camera
1365,_result,1,2026-07-11 08:21:08.604380+00:00,2026-07-11 11:21:08.604380+00:00,2026-07-11 09:56:33.323131+00:00,33.3,temperatura,ambiente,raspberry_pi_4,camera
1366,_result,1,2026-07-11 08:21:08.604380+00:00,2026-07-11 11:21:08.604380+00:00,2026-07-11 09:56:38.592567+00:00,33.3,temperatura,ambiente,raspberry_pi_4,camera
1367,_result,1,2026-07-11 08:21:08.604380+00:00,2026-07-11 11:21:08.604380+00:00,2026-07-11 09:56:43.852483+00:00,33.3,temperatura,ambiente,raspberry_pi_4,camera
1368,_result,1,2026-07-11 08:21:08.604380+00:00,2026-07-11 11:21:08.604380+00:00,2026-07-11 09:56:49.122272+00:00,33.3,temperatura,ambiente,raspberry_pi_4,camera
1369,_result,1,2026-07-11 08:21:08.604380+00:00,2026-07-11 11:21:08.604380+00:00,2026-07-11 09:56:54.382237+00:00,33.3,temperatura,ambiente,raspberry_pi_4,camera
1370,_result,1,2026-07-11 08:21:08.604380+00:00,2026-07-11 11:21:08.604380+00:00,2026-07-11 09:56:59.653083+00:00,33.3,temperatura,ambiente,raspberry_pi_4,camera
1371,_result,1,2026-07-11 08:21:08.604380+00:00,2026-07-11 11:21:08.604380+00:00,2026-07-11 09:57:04.914513+00:00,33.3,temperatura,ambiente,raspberry_pi_4,camera
1372,_result,1,2026-07-11 08:21:08.604380+00:00,2026-07-11 11:21:08.604380+00:00,2026-07-11 09:57:10.184511+00:00,33.3,temperatura,ambiente,raspberry_pi_4,camera
1373,_result,1,2026-07-11 08:21:08.604380+00:00,2026-07-11 11:21:08.604380+00:00,2026-07-11 09:57:15.444703+00:00,33.3,temperatura,ambiente,raspberry_pi_4,camera
1374,_result,1,2026-07-11 08:21:08.604380+00:00,2026-07-11 11:21:08.604380+00:00,2026-07-11 09:57:20.714686+00:00,33.3,temperatura,ambiente,raspberry_pi_4,camera
1375,_result,1,2026-07-11 08:21:08.604380+00:00,2026-07-11 11:21:08.604380+00:00,2026-07-11 09:57:25.974824+00:00,33.3,temperatura,ambiente,raspberry_pi_4,camera
1376,_result,1,2026-07-11 08:21:08.604380+00:00,2026-07-11 11:21:08.604380+00:00,2026-07-11 09:57:31.246234+00:00,33.3,temperatura,ambiente,raspberry_pi_4,camera
1377,_result,1,2026-07-11 08:21:08.604380+00:00,2026-07-11 11:21:08.604380+00:00,2026-07-11 09:57:36.506381+00:00,33.3,temperatura,ambiente,raspberry_pi_4,camera
1378,_result,1,2026-07-11 08:21:08.604380+00:00,2026-07-11 11:21:08.604380+00:00,2026-07-11 09:57:41.775601+00:00,33.3,temperatura,ambiente,raspberry_pi_4,camera
1379,_result,1,2026-07-11 08:21:08.604380+00:00,2026-07-11 11:21:08.604380+00:00,2026-07-11 09:57:47.035934+00:00,33.3,temperatura,ambiente,raspberry_pi_4,camera
1380,_result,1,2026-07-11 08:21:08.604380+00:00,2026-07-11 11:21:08.604380+00:00,2026-07-11 09:57:52.305320+00:00,33.3,temperatura,ambiente,raspberry_pi_4,camera
1381,_result,1,2026-07-11 08:21:08.604380+00:00,2026-07-11 11:21:08.604380+00:00,2026-07-11 09:57:57.565505+00:00,33.3,temperatura,ambiente,raspberry_pi_4,camera
1382,_result,1,2026-07-11 08:21:08.604380+00:00,2026-07-11 11:21:08.604380+00:00,2026-07-11 09:58:02.836611+00:00,33.3,temperatura,ambiente,raspberry_pi_4,camera
1383,_result,1,2026-07-11 08:21:08.604380+00:00,2026-07-11 11:21:08.604380+00:00,2026-07-11 09:58:08.096558+00:00,33.3,temperatura,ambiente,raspberry_pi_4,camera
1384,_result,1,2026-07-11 08:21:08.604380+00:00,2026-07-11 11:21:08.604380+00:00,2026-07-11 09:58:13.366512+00:00,33.3,temperatura,ambiente,raspberry_pi_4,camera
1385,_result,1,2026-07-11 08:21:08.604380+00:00,2026-07-11 11:21:08.604380+00:00,2026-07-11 09:58:18.626560+00:00,33.3,temperatura,ambiente,raspberry_pi_4,camera
1386,_result,1,2026-07-11 08:21:08.604380+00:00,2026-07-11 11:21:08.604380+00:00,2026-07-11 09:58:23.896212+00:00,33.3,temperatura,ambiente,raspberry_pi_4,camera
1387,_result,1,2026-07-11 08:21:08.604380+00:00,2026-07-11 11:21:08.604380+00:00,2026-07-11 09:58:29.156528+00:00,33.3,temperatura,ambiente,raspberry_pi_4,camera
1388,_result,1,2026-07-11 08:21:08.604380+00:00,2026-07-11 11:21:08.604380+00:00,2026-07-11 09:58:34.427791+00:00,33.3,temperatura,ambiente,raspberry_pi_4,camera
1389,_result,1,2026-07-11 08:21:08.604380+00:00,2026-07-11 11:21:08.604380+00:00,2026-07-11 09:58:39.687955+00:00,33.3,temperatura,ambiente,raspberry_pi_4,camera
1390,_result,1,2026-07-11 08:21:08.604380+00:00,2026-07-11 11:21:08.604380+00:00,2026-07-11 09:58:50.211539+00:00,33.3,temperatura,ambiente,raspberry_pi_4,camera
1391,_result,1,2026-07-11 08:21:08.604380+00:00,2026-07-11 11:21:08.604380+00:00,2026-07-11 09:58:55.481665+00:00,33.3,temperatura,ambiente,raspberry_pi_4,camera
1392,_result,1,2026-07-11 08:21:08.604380+00:00,2026-07-11 11:21:08.604380+00:00,2026-07-11 09:59:00.744053+00:00,33.3,temperatura,ambiente,raspberry_pi_4,camera
1393,_result,1,2026-07-11 08:21:08.604380+00:00,2026-07-11 11:21:08.604380+00:00,2026-07-11 09:59:06.013284+00:00,33.3,temperatura,ambiente,raspberry_pi_4,camera
1394,_result,1,2026-07-11 08:21:08.604380+00:00,2026-07-11 11:21:08.604380+00:00,2026-07-11 09:59:11.273610+00:00,33.3,temperatura,ambiente,raspberry_pi_4,camera
1395,_result,1,2026-07-11 08:21:08.604380+00:00,2026-07-11 11:21:08.604380+00:00,2026-07-11 09:59:21.799285+00:00,33.3,temperatura,ambiente,raspberry_pi_4,camera
1396,_result,1,2026-07-11 08:21:08.604380+00:00,2026-07-11 11:21:08.604380+00:00,2026-07-11 09:59:27.071580+00:00,33.3,temperatura,ambiente,raspberry_pi_4,camera
1397,_result,1,2026-07-11 08:21:08.604380+00:00,2026-07-11 11:21:08.604380+00:00,2026-07-11 09:59:32.333884+00:00,33.3,temperatura,ambiente,raspberry_pi_4,camera
1398,_result,1,2026-07-11 08:21:08.604380+00:00,2026-07-11 11:21:08.604380+00:00,2026-07-11 09:59:42.858541+00:00,33.3,temperatura,ambiente,raspberry_pi_4,camera
1399,_result,1,2026-07-11 08:21:08.604380+00:00,2026-07-11 11:21:08.604380+00:00,2026-07-11 09:59:48.130406+00:00,33.3,temperatura,ambiente,raspberry_pi_4,camera
1400,_result,1,2026-07-11 08:21:08.604380+00:00,2026-07-11 11:21:08.604380+00:00,2026-07-11 09:59:53.390488+00:00,33.3,temperatura,ambiente,raspberry_pi_4,camera
1401,_result,1,2026-07-11 08:21:08.604380+00:00,2026-07-11 11:21:08.604380+00:00,2026-07-11 09:59:58.661931+00:00,33.3,temperatura,ambiente,raspberry_pi_4,camera
1402,_result,1,2026-07-11 08:21:08.604380+00:00,2026-07-11 11:21:08.604380+00:00,2026-07-11 10:00:03.921978+00:00,33.3,temperatura,ambiente,raspberry_pi_4,camera
1403,_result,1,2026-07-11 08:21:08.604380+00:00,2026-07-11 11:21:08.604380+00:00,2026-07-11 10:00:09.191718+00:00,33.3,temperatura,ambiente,raspberry_pi_4,camera
1404,_result,1,2026-07-11 08:21:08.604380+00:00,2026-07-11 11:21:08.604380+00:00,2026-07-11 10:00:14.451948+00:00,33.3,temperatura,ambiente,raspberry_pi_4,camera
1405,_result,1,2026-07-11 08:21:08.604380+00:00,2026-07-11 11:21:08.604380+00:00,2026-07-11 10:00:19.721768+00:00,33.3,temperatura,ambiente,raspberry_pi_4,camera
1406,_result,1,2026-07-11 08:21:08.604380+00:00,2026-07-11 11:21:08.604380+00:00,2026-07-11 10:00:24.982044+00:00,33.3,temperatura,ambiente,raspberry_pi_4,camera
1407,_result,1,2026-07-11 08:21:08.604380+00:00,2026-07-11 11:21:08.604380+00:00,2026-07-11 10:00:30.253274+00:00,33.3,temperatura,ambiente,raspberry_pi_4,camera
1408,_result,1,2026-07-11 08:21:08.604380+00:00,2026-07-11 11:21:08.604380+00:00,2026-07-11 10:00:35.513291+00:00,33.3,temperatura,ambiente,raspberry_pi_4,camera
1409,_result,1,2026-07-11 08:21:08.604380+00:00,2026-07-11 11:21:08.604380+00:00,2026-07-11 10:00:40.782663+00:00,33.3,temperatura,ambiente,raspberry_pi_4,camera
1410,_result,1,2026-07-11 08:21:08.604380+00:00,2026-07-11 11:21:08.604380+00:00,2026-07-11 10:00:46.042882+00:00,33.3,temperatura,ambiente,raspberry_pi_4,camera
1411,_result,1,2026-07-11 08:21:08.604380+00:00,2026-07-11 11:21:08.604380+00:00,2026-07-11 10:00:51.312552+00:00,33.3,temperatura,ambiente,raspberry_pi_4,camera
1412,_result,1,2026-07-11 08:21:08.604380+00:00,2026-07-11 11:21:08.604380+00:00,2026-07-11 10:00:56.573562+00:00,33.3,temperatura,ambiente,raspberry_pi_4,camera
1413,_result,1,2026-07-11 08:21:08.604380+00:00,2026-07-11 11:21:08.604380+00:00,2026-07-11 10:01:01.844808+00:00,33.3,temperatura,ambiente,raspberry_pi_4,camera
1414,_result,1,2026-07-11 08:21:08.604380+00:00,2026-07-11 11:21:08.604380+00:00,2026-07-11 10:01:07.104865+00:00,33.3,temperatura,ambiente,raspberry_pi_4,camera
1415,_result,1,2026-07-11 08:21:08.604380+00:00,2026-07-11 11:21:08.604380+00:00,2026-07-11 10:01:12.374378+00:00,33.3,temperatura,ambiente,raspberry_pi_4,camera
1416,_result,1,2026-07-11 08:21:08.604380+00:00,2026-07-11 11:21:08.604380+00:00,2026-07-11 10:01:17.634764+00:00,33.3,temperatura,ambiente,raspberry_pi_4,camera
1417,_result,1,2026-07-11 08:21:08.604380+00:00,2026-07-11 11:21:08.604380+00:00,2026-07-11 10:01:22.904078+00:00,33.3,temperatura,ambiente,raspberry_pi_4,camera
1418,_result,1,2026-07-11 08:21:08.604380+00:00,2026-07-11 11:21:08.604380+00:00,2026-07-11 10:01:28.164073+00:00,33.3,temperatura,ambiente,raspberry_pi_4,camera
1419,_result,1,2026-07-11 08:21:08.604380+00:00,2026-07-11 11:21:08.604380+00:00,2026-07-11 10:01:33.435446+00:00,33.4,temperatura,ambiente,raspberry_pi_4,camera
1420,_result,1,2026-07-11 08:21:08.604380+00:00,2026-07-11 11:21:08.604380+00:00,2026-07-11 10:01:38.695393+00:00,33.3,temperatura,ambiente,raspberry_pi_4,camera
1421,_result,1,2026-07-11 08:21:08.604380+00:00,2026-07-11 11:21:08.604380+00:00,2026-07-11 10:01:43.964789+00:00,33.3,temperatura,ambiente,raspberry_pi_4,camera
1422,_result,1,2026-07-11 08:21:08.604380+00:00,2026-07-11 11:21:08.604380+00:00,2026-07-11 10:01:49.225094+00:00,33.4,temperatura,ambiente,raspberry_pi_4,camera
1423,_result,1,2026-07-11 08:21:08.604380+00:00,2026-07-11 11:21:08.604380+00:00,2026-07-11 10:01:54.494479+00:00,33.4,temperatura,ambiente,raspberry_pi_4,camera
1424,_result,1,2026-07-11 08:21:08.604380+00:00,2026-07-11 11:21:08.604380+00:00,2026-07-11 10:01:59.755974+00:00,33.5,temperatura,ambiente,raspberry_pi_4,camera
1425,_result,1,2026-07-11 08:21:08.604380+00:00,2026-07-11 11:21:08.604380+00:00,2026-07-11 10:02:05.025307+00:00,33.5,temperatura,ambiente,raspberry_pi_4,camera
1426,_result,1,2026-07-11 08:21:08.604380+00:00,2026-07-11 11:21:08.604380+00:00,2026-07-11 10:02:10.285843+00:00,33.5,temperatura,ambiente,raspberry_pi_4,camera
1427,_result,1,2026-07-11 08:21:08.604380+00:00,2026-07-11 11:21:08.604380+00:00,2026-07-11 10:02:15.555060+00:00,33.4,temperatura,ambiente,raspberry_pi_4,camera
1428,_result,1,2026-07-11 08:21:08.604380+00:00,2026-07-11 11:21:08.604380+00:00,2026-07-11 10:02:20.815095+00:00,33.5,temperatura,ambiente,raspberry_pi_4,camera
1429,_result,1,2026-07-11 08:21:08.604380+00:00,2026-07-11 11:21:08.604380+00:00,2026-07-11 10:02:26.084886+00:00,33.4,temperatura,ambiente,raspberry_pi_4,camera
1430,_result,1,2026-07-11 08:21:08.604380+00:00,2026-07-11 11:21:08.604380+00:00,2026-07-11 10:02:31.346778+00:00,33.4,temperatura,ambiente,raspberry_pi_4,camera
1431,_result,1,2026-07-11 08:21:08.604380+00:00,2026-07-11 11:21:08.604380+00:00,2026-07-11 10:02:36.618048+00:00,33.5,temperatura,ambiente,raspberry_pi_4,camera
1432,_result,1,2026-07-11 08:21:08.604380+00:00,2026-07-11 11:21:08.604380+00:00,2026-07-11 10:02:41.878252+00:00,33.5,temperatura,ambiente,raspberry_pi_4,camera
1433,_result,1,2026-07-11 08:21:08.604380+00:00,2026-07-11 11:21:08.604380+00:00,2026-07-11 10:02:47.148416+00:00,33.5,temperatura,ambiente,raspberry_pi_4,camera
1434,_result,1,2026-07-11 08:21:08.604380+00:00,2026-07-11 11:21:08.604380+00:00,2026-07-11 10:02:52.408296+00:00,33.5,temperatura,ambiente,raspberry_pi_4,camera
1435,_result,1,2026-07-11 08:21:08.604380+00:00,2026-07-11 11:21:08.604380+00:00,2026-07-11 10:02:57.678056+00:00,33.5,temperatura,ambiente,raspberry_pi_4,camera
1436,_result,1,2026-07-11 08:21:08.604380+00:00,2026-07-11 11:21:08.604380+00:00,2026-07-11 10:03:02.940583+00:00,33.5,temperatura,ambiente,raspberry_pi_4,camera
1437,_result,1,2026-07-11 08:21:08.604380+00:00,2026-07-11 11:21:08.604380+00:00,2026-07-11 10:03:08.210804+00:00,33.6,temperatura,ambiente,raspberry_pi_4,camera
1438,_result,1,2026-07-11 08:21:08.604380+00:00,2026-07-11 11:21:08.604380+00:00,2026-07-11 10:03:13.470696+00:00,33.5,temperatura,ambiente,raspberry_pi_4,camera
1439,_result,1,2026-07-11 08:21:08.604380+00:00,2026-07-11 11:21:08.604380+00:00,2026-07-11 10:03:18.740248+00:00,33.5,temperatura,ambiente,raspberry_pi_4,camera
1440,_result,1,2026-07-11 08:21:08.604380+00:00,2026-07-11 11:21:08.604380+00:00,2026-07-11 10:03:24.000286+00:00,33.5,temperatura,ambiente,raspberry_pi_4,camera
1441,_result,1,2026-07-11 08:21:08.604380+00:00,2026-07-11 11:21:08.604380+00:00,2026-07-11 10:03:29.271016+00:00,33.6,temperatura,ambiente,raspberry_pi_4,camera
1442,_result,1,2026-07-11 08:21:08.604380+00:00,2026-07-11 11:21:08.604380+00:00,2026-07-11 10:03:34.530863+00:00,33.7,temperatura,ambiente,raspberry_pi_4,camera
1443,_result,1,2026-07-11 08:21:08.604380+00:00,2026-07-11 11:21:08.604380+00:00,2026-07-11 10:03:39.800337+00:00,33.6,temperatura,ambiente,raspberry_pi_4,camera
1444,_result,1,2026-07-11 08:21:08.604380+00:00,2026-07-11 11:21:08.604380+00:00,2026-07-11 10:03:45.060526+00:00,33.6,temperatura,ambiente,raspberry_pi_4,camera
1445,_result,1,2026-07-11 08:21:08.604380+00:00,2026-07-11 11:21:08.604380+00:00,2026-07-11 10:03:50.329718+00:00,33.7,temperatura,ambiente,raspberry_pi_4,camera
1446,_result,1,2026-07-11 08:21:08.604380+00:00,2026-07-11 11:21:08.604380+00:00,2026-07-11 10:03:55.589617+00:00,33.7,temperatura,ambiente,raspberry_pi_4,camera
1447,_result,1,2026-07-11 08:21:08.604380+00:00,2026-07-11 11:21:08.604380+00:00,2026-07-11 10:04:00.860553+00:00,33.8,temperatura,ambiente,raspberry_pi_4,camera
1448,_result,1,2026-07-11 08:21:08.604380+00:00,2026-07-11 11:21:08.604380+00:00,2026-07-11 10:04:06.120420+00:00,33.8,temperatura,ambiente,raspberry_pi_4,camera
1449,_result,1,2026-07-11 08:21:08.604380+00:00,2026-07-11 11:21:08.604380+00:00,2026-07-11 10:04:11.389349+00:00,33.8,temperatura,ambiente,raspberry_pi_4,camera
1450,_result,1,2026-07-11 08:21:08.604380+00:00,2026-07-11 11:21:08.604380+00:00,2026-07-11 10:04:16.649520+00:00,33.8,temperatura,ambiente,raspberry_pi_4,camera
1451,_result,1,2026-07-11 08:21:08.604380+00:00,2026-07-11 11:21:08.604380+00:00,2026-07-11 10:04:21.918456+00:00,33.8,temperatura,ambiente,raspberry_pi_4,camera
1452,_result,1,2026-07-11 08:21:08.604380+00:00,2026-07-11 11:21:08.604380+00:00,2026-07-11 10:04:27.178373+00:00,33.8,temperatura,ambiente,raspberry_pi_4,camera
1453,_result,1,2026-07-11 08:21:08.604380+00:00,2026-07-11 11:21:08.604380+00:00,2026-07-11 10:04:32.450653+00:00,33.8,temperatura,ambiente,raspberry_pi_4,camera
1454,_result,1,2026-07-11 08:21:08.604380+00:00,2026-07-11 11:21:08.604380+00:00,2026-07-11 10:04:37.710774+00:00,33.8,temperatura,ambiente,raspberry_pi_4,camera
1455,_result,1,2026-07-11 08:21:08.604380+00:00,2026-07-11 11:21:08.604380+00:00,2026-07-11 10:04:42.980498+00:00,33.8,temperatura,ambiente,raspberry_pi_4,camera
1456,_result,1,2026-07-11 08:21:08.604380+00:00,2026-07-11 11:21:08.604380+00:00,2026-07-11 10:04:48.240594+00:00,33.8,temperatura,ambiente,raspberry_pi_4,camera
1457,_result,1,2026-07-11 08:21:08.604380+00:00,2026-07-11 11:21:08.604380+00:00,2026-07-11 10:04:53.510302+00:00,33.8,temperatura,ambiente,raspberry_pi_4,camera
1458,_result,1,2026-07-11 08:21:08.604380+00:00,2026-07-11 11:21:08.604380+00:00,2026-07-11 10:04:58.770412+00:00,33.8,temperatura,ambiente,raspberry_pi_4,camera
1459,_result,1,2026-07-11 08:21:08.604380+00:00,2026-07-11 11:21:08.604380+00:00,2026-07-11 10:05:04.041414+00:00,33.8,temperatura,ambiente,raspberry_pi_4,camera
1460,_result,1,2026-07-11 08:21:08.604380+00:00,2026-07-11 11:21:08.604380+00:00,2026-07-11 10:05:09.301410+00:00,33.8,temperatura,ambiente,raspberry_pi_4,camera
1461,_result,1,2026-07-11 08:21:08.604380+00:00,2026-07-11 11:21:08.604380+00:00,2026-07-11 10:05:14.571372+00:00,33.8,temperatura,ambiente,raspberry_pi_4,camera
1462,_result,1,2026-07-11 08:21:08.604380+00:00,2026-07-11 11:21:08.604380+00:00,2026-07-11 10:05:19.831383+00:00,33.8,temperatura,ambiente,raspberry_pi_4,camera
1463,_result,1,2026-07-11 08:21:08.604380+00:00,2026-07-11 11:21:08.604380+00:00,2026-07-11 10:05:25.101012+00:00,33.8,temperatura,ambiente,raspberry_pi_4,camera
1464,_result,1,2026-07-11 08:21:08.604380+00:00,2026-07-11 11:21:08.604380+00:00,2026-07-11 10:05:30.362749+00:00,33.8,temperatura,ambiente,raspberry_pi_4,camera
1465,_result,1,2026-07-11 08:21:08.604380+00:00,2026-07-11 11:21:08.604380+00:00,2026-07-11 10:05:35.632465+00:00,33.8,temperatura,ambiente,raspberry_pi_4,camera
1466,_result,1,2026-07-11 08:21:08.604380+00:00,2026-07-11 11:21:08.604380+00:00,2026-07-11 10:05:40.892532+00:00,33.7,temperatura,ambiente,raspberry_pi_4,camera
1467,_result,1,2026-07-11 08:21:08.604380+00:00,2026-07-11 11:21:08.604380+00:00,2026-07-11 10:05:46.162921+00:00,33.8,temperatura,ambiente,raspberry_pi_4,camera
1468,_result,1,2026-07-11 08:21:08.604380+00:00,2026-07-11 11:21:08.604380+00:00,2026-07-11 10:05:51.423034+00:00,33.7,temperatura,ambiente,raspberry_pi_4,camera
1469,_result,1,2026-07-11 08:21:08.604380+00:00,2026-07-11 11:21:08.604380+00:00,2026-07-11 10:05:56.692645+00:00,33.7,temperatura,ambiente,raspberry_pi_4,camera
1470,_result,1,2026-07-11 08:21:08.604380+00:00,2026-07-11 11:21:08.604380+00:00,2026-07-11 10:06:01.954848+00:00,33.6,temperatura,ambiente,raspberry_pi_4,camera
1471,_result,1,2026-07-11 08:21:08.604380+00:00,2026-07-11 11:21:08.604380+00:00,2026-07-11 10:06:07.224419+00:00,33.6,temperatura,ambiente,raspberry_pi_4,camera
1472,_result,1,2026-07-11 08:21:08.604380+00:00,2026-07-11 11:21:08.604380+00:00,2026-07-11 10:06:17.748292+00:00,33.5,temperatura,ambiente,raspberry_pi_4,camera
1473,_result,1,2026-07-11 08:21:08.604380+00:00,2026-07-11 11:21:08.604380+00:00,2026-07-11 10:06:23.008322+00:00,33.5,temperatura,ambiente,raspberry_pi_4,camera
1474,_result,1,2026-07-11 08:21:08.604380+00:00,2026-07-11 11:21:08.604380+00:00,2026-07-11 10:06:28.278798+00:00,33.4,temperatura,ambiente,raspberry_pi_4,camera
1475,_result,1,2026-07-11 08:21:08.604380+00:00,2026-07-11 11:21:08.604380+00:00,2026-07-11 10:06:33.540401+00:00,33.4,temperatura,ambiente,raspberry_pi_4,camera
1476,_result,1,2026-07-11 08:21:08.604380+00:00,2026-07-11 11:21:08.604380+00:00,2026-07-11 10:06:38.809576+00:00,33.4,temperatura,ambiente,raspberry_pi_4,camera
1477,_result,1,2026-07-11 08:21:08.604380+00:00,2026-07-11 11:21:08.604380+00:00,2026-07-11 10:06:44.069915+00:00,33.4,temperatura,ambiente,raspberry_pi_4,camera
1478,_result,1,2026-07-11 08:21:08.604380+00:00,2026-07-11 11:21:08.604380+00:00,2026-07-11 10:06:49.339190+00:00,33.4,temperatura,ambiente,raspberry_pi_4,camera
1479,_result,1,2026-07-11 08:21:08.604380+00:00,2026-07-11 11:21:08.604380+00:00,2026-07-11 10:06:54.600040+00:00,33.4,temperatura,ambiente,raspberry_pi_4,camera
1480,_result,1,2026-07-11 08:21:08.604380+00:00,2026-07-11 11:21:08.604380+00:00,2026-07-11 10:06:59.871964+00:00,33.3,temperatura,ambiente,raspberry_pi_4,camera
1481,_result,1,2026-07-11 08:21:08.604380+00:00,2026-07-11 11:21:08.604380+00:00,2026-07-11 10:07:05.132006+00:00,33.3,temperatura,ambiente,raspberry_pi_4,camera
1482,_result,1,2026-07-11 08:21:08.604380+00:00,2026-07-11 11:21:08.604380+00:00,2026-07-11 10:07:10.401786+00:00,33.3,temperatura,ambiente,raspberry_pi_4,camera
1483,_result,1,2026-07-11 08:21:08.604380+00:00,2026-07-11 11:21:08.604380+00:00,2026-07-11 10:07:15.661834+00:00,33.3,temperatura,ambiente,raspberry_pi_4,camera
1484,_result,1,2026-07-11 08:21:08.604380+00:00,2026-07-11 11:21:08.604380+00:00,2026-07-11 10:07:20.931255+00:00,33.3,temperatura,ambiente,raspberry_pi_4,camera
1485,_result,1,2026-07-11 08:21:08.604380+00:00,2026-07-11 11:21:08.604380+00:00,2026-07-11 10:07:26.191560+00:00,33.4,temperatura,ambiente,raspberry_pi_4,camera
1486,_result,1,2026-07-11 08:21:08.604380+00:00,2026-07-11 11:21:08.604380+00:00,2026-07-11 10:07:31.462893+00:00,33.3,temperatura,ambiente,raspberry_pi_4,camera
1487,_result,1,2026-07-11 08:21:08.604380+00:00,2026-07-11 11:21:08.604380+00:00,2026-07-11 10:07:36.722685+00:00,33.4,temperatura,ambiente,raspberry_pi_4,camera
1488,_result,1,2026-07-11 08:21:08.604380+00:00,2026-07-11 11:21:08.604380+00:00,2026-07-11 10:07:41.992716+00:00,33.4,temperatura,ambiente,raspberry_pi_4,camera
1489,_result,1,2026-07-11 08:21:08.604380+00:00,2026-07-11 11:21:08.604380+00:00,2026-07-11 10:07:47.252715+00:00,33.3,temperatura,ambiente,raspberry_pi_4,camera
1490,_result,1,2026-07-11 08:21:08.604380+00:00,2026-07-11 11:21:08.604380+00:00,2026-07-11 10:07:52.522246+00:00,33.4,temperatura,ambiente,raspberry_pi_4,camera
1491,_result,1,2026-07-11 08:21:08.604380+00:00,2026-07-11 11:21:08.604380+00:00,2026-07-11 10:07:57.782465+00:00,33.4,temperatura,ambiente,raspberry_pi_4,camera
1492,_result,1,2026-07-11 08:21:08.604380+00:00,2026-07-11 11:21:08.604380+00:00,2026-07-11 10:08:03.053385+00:00,33.4,temperatura,ambiente,raspberry_pi_4,camera
1493,_result,1,2026-07-11 08:21:08.604380+00:00,2026-07-11 11:21:08.604380+00:00,2026-07-11 10:08:08.313364+00:00,33.5,temperatura,ambiente,raspberry_pi_4,camera
1494,_result,1,2026-07-11 08:21:08.604380+00:00,2026-07-11 11:21:08.604380+00:00,2026-07-11 10:08:13.583179+00:00,33.4,temperatura,ambiente,raspberry_pi_4,camera
1495,_result,1,2026-07-11 08:21:08.604380+00:00,2026-07-11 11:21:08.604380+00:00,2026-07-11 10:08:18.844098+00:00,33.5,temperatura,ambiente,raspberry_pi_4,camera
1496,_result,1,2026-07-11 08:21:08.604380+00:00,2026-07-11 11:21:08.604380+00:00,2026-07-11 10:08:24.113730+00:00,33.5,temperatura,ambiente,raspberry_pi_4,camera
1497,_result,1,2026-07-11 08:21:08.604380+00:00,2026-07-11 11:21:08.604380+00:00,2026-07-11 10:08:29.373660+00:00,33.6,temperatura,ambiente,raspberry_pi_4,camera
1498,_result,1,2026-07-11 08:21:08.604380+00:00,2026-07-11 11:21:08.604380+00:00,2026-07-11 10:08:34.645441+00:00,33.6,temperatura,ambiente,raspberry_pi_4,camera
1499,_result,1,2026-07-11 08:21:08.604380+00:00,2026-07-11 11:21:08.604380+00:00,2026-07-11 10:08:39.905776+00:00,33.5,temperatura,ambiente,raspberry_pi_4,camera
1500,_result,1,2026-07-11 08:21:08.604380+00:00,2026-07-11 11:21:08.604380+00:00,2026-07-11 10:08:45.175104+00:00,33.6,temperatura,ambiente,raspberry_pi_4,camera
1501,_result,1,2026-07-11 08:21:08.604380+00:00,2026-07-11 11:21:08.604380+00:00,2026-07-11 10:08:50.435084+00:00,33.6,temperatura,ambiente,raspberry_pi_4,camera
1502,_result,1,2026-07-11 08:21:08.604380+00:00,2026-07-11 11:21:08.604380+00:00,2026-07-11 10:08:55.711885+00:00,33.6,temperatura,ambiente,raspberry_pi_4,camera
1503,_result,1,2026-07-11 08:21:08.604380+00:00,2026-07-11 11:21:08.604380+00:00,2026-07-11 10:09:00.973355+00:00,33.6,temperatura,ambiente,raspberry_pi_4,camera
1504,_result,1,2026-07-11 08:21:08.604380+00:00,2026-07-11 11:21:08.604380+00:00,2026-07-11 10:09:06.242852+00:00,33.6,temperatura,ambiente,raspberry_pi_4,camera
1505,_result,1,2026-07-11 08:21:08.604380+00:00,2026-07-11 11:21:08.604380+00:00,2026-07-11 10:09:11.503122+00:00,33.7,temperatura,ambiente,raspberry_pi_4,camera
1506,_result,1,2026-07-11 08:21:08.604380+00:00,2026-07-11 11:21:08.604380+00:00,2026-07-11 10:09:16.772418+00:00,33.7,temperatura,ambiente,raspberry_pi_4,camera
1507,_result,1,2026-07-11 08:21:08.604380+00:00,2026-07-11 11:21:08.604380+00:00,2026-07-11 10:09:22.032462+00:00,33.8,temperatura,ambiente,raspberry_pi_4,camera
1508,_result,1,2026-07-11 08:21:08.604380+00:00,2026-07-11 11:21:08.604380+00:00,2026-07-11 10:09:27.302087+00:00,33.8,temperatura,ambiente,raspberry_pi_4,camera
1509,_result,1,2026-07-11 08:21:08.604380+00:00,2026-07-11 11:21:08.604380+00:00,2026-07-11 10:09:32.563567+00:00,33.8,temperatura,ambiente,raspberry_pi_4,camera
1510,_result,1,2026-07-11 08:21:08.604380+00:00,2026-07-11 11:21:08.604380+00:00,2026-07-11 10:09:37.835199+00:00,33.8,temperatura,ambiente,raspberry_pi_4,camera
1511,_result,1,2026-07-11 08:21:08.604380+00:00,2026-07-11 11:21:08.604380+00:00,2026-07-11 10:09:43.095471+00:00,33.8,temperatura,ambiente,raspberry_pi_4,camera
1512,_result,1,2026-07-11 08:21:08.604380+00:00,2026-07-11 11:21:08.604380+00:00,2026-07-11 10:09:48.365129+00:00,33.8,temperatura,ambiente,raspberry_pi_4,camera
1513,_result,1,2026-07-11 08:21:08.604380+00:00,2026-07-11 11:21:08.604380+00:00,2026-07-11 10:09:53.624998+00:00,33.8,temperatura,ambiente,raspberry_pi_4,camera
1514,_result,1,2026-07-11 08:21:08.604380+00:00,2026-07-11 11:21:08.604380+00:00,2026-07-11 10:09:58.895927+00:00,33.8,temperatura,ambiente,raspberry_pi_4,camera
1515,_result,1,2026-07-11 08:21:08.604380+00:00,2026-07-11 11:21:08.604380+00:00,2026-07-11 10:10:04.155779+00:00,33.8,temperatura,ambiente,raspberry_pi_4,camera
1516,_result,1,2026-07-11 08:21:08.604380+00:00,2026-07-11 11:21:08.604380+00:00,2026-07-11 10:10:09.427139+00:00,33.8,temperatura,ambiente,raspberry_pi_4,camera
1517,_result,1,2026-07-11 08:21:08.604380+00:00,2026-07-11 11:21:08.604380+00:00,2026-07-11 10:10:14.687080+00:00,33.8,temperatura,ambiente,raspberry_pi_4,camera
1518,_result,1,2026-07-11 08:21:08.604380+00:00,2026-07-11 11:21:08.604380+00:00,2026-07-11 10:10:19.956394+00:00,33.8,temperatura,ambiente,raspberry_pi_4,camera
1519,_result,1,2026-07-11 08:21:08.604380+00:00,2026-07-11 11:21:08.604380+00:00,2026-07-11 10:10:25.218531+00:00,33.8,temperatura,ambiente,raspberry_pi_4,camera
1520,_result,1,2026-07-11 08:21:08.604380+00:00,2026-07-11 11:21:08.604380+00:00,2026-07-11 10:10:30.494216+00:00,33.8,temperatura,ambiente,raspberry_pi_4,camera
1521,_result,1,2026-07-11 08:21:08.604380+00:00,2026-07-11 11:21:08.604380+00:00,2026-07-11 10:10:35.755343+00:00,33.8,temperatura,ambiente,raspberry_pi_4,camera
1522,_result,1,2026-07-11 08:21:08.604380+00:00,2026-07-11 11:21:08.604380+00:00,2026-07-11 10:10:41.025542+00:00,33.8,temperatura,ambiente,raspberry_pi_4,camera
1523,_result,1,2026-07-11 08:21:08.604380+00:00,2026-07-11 11:21:08.604380+00:00,2026-07-11 10:10:46.285845+00:00,33.8,temperatura,ambiente,raspberry_pi_4,camera
1524,_result,1,2026-07-11 08:21:08.604380+00:00,2026-07-11 11:21:08.604380+00:00,2026-07-11 10:10:51.556615+00:00,33.8,temperatura,ambiente,raspberry_pi_4,camera
1525,_result,1,2026-07-11 08:21:08.604380+00:00,2026-07-11 11:21:08.604380+00:00,2026-07-11 10:10:56.817294+00:00,33.8,temperatura,ambiente,raspberry_pi_4,camera
1526,_result,1,2026-07-11 08:21:08.604380+00:00,2026-07-11 11:21:08.604380+00:00,2026-07-11 10:11:02.088945+00:00,33.8,temperatura,ambiente,raspberry_pi_4,camera
1527,_result,1,2026-07-11 08:21:08.604380+00:00,2026-07-11 11:21:08.604380+00:00,2026-07-11 10:11:07.348829+00:00,33.8,temperatura,ambiente,raspberry_pi_4,camera
1528,_result,1,2026-07-11 08:21:08.604380+00:00,2026-07-11 11:21:08.604380+00:00,2026-07-11 10:11:12.618004+00:00,33.8,temperatura,ambiente,raspberry_pi_4,camera
1529,_result,1,2026-07-11 08:21:08.604380+00:00,2026-07-11 11:21:08.604380+00:00,2026-07-11 10:11:17.878536+00:00,33.8,temperatura,ambiente,raspberry_pi_4,camera
1530,_result,1,2026-07-11 08:21:08.604380+00:00,2026-07-11 11:21:08.604380+00:00,2026-07-11 10:11:23.147917+00:00,33.8,temperatura,ambiente,raspberry_pi_4,camera
1531,_result,1,2026-07-11 08:21:08.604380+00:00,2026-07-11 11:21:08.604380+00:00,2026-07-11 10:11:28.407986+00:00,33.8,temperatura,ambiente,raspberry_pi_4,camera
1532,_result,1,2026-07-11 08:21:08.604380+00:00,2026-07-11 11:21:08.604380+00:00,2026-07-11 10:11:33.679023+00:00,33.8,temperatura,ambiente,raspberry_pi_4,camera
1533,_result,1,2026-07-11 08:21:08.604380+00:00,2026-07-11 11:21:08.604380+00:00,2026-07-11 10:11:38.939137+00:00,33.8,temperatura,ambiente,raspberry_pi_4,camera
1534,_result,1,2026-07-11 08:21:08.604380+00:00,2026-07-11 11:21:08.604380+00:00,2026-07-11 10:11:44.209001+00:00,33.8,temperatura,ambiente,raspberry_pi_4,camera
1535,_result,1,2026-07-11 08:21:08.604380+00:00,2026-07-11 11:21:08.604380+00:00,2026-07-11 10:11:49.476195+00:00,33.8,temperatura,ambiente,raspberry_pi_4,camera
1536,_result,1,2026-07-11 08:21:08.604380+00:00,2026-07-11 11:21:08.604380+00:00,2026-07-11 10:11:54.747180+00:00,33.8,temperatura,ambiente,raspberry_pi_4,camera
1537,_result,1,2026-07-11 08:21:08.604380+00:00,2026-07-11 11:21:08.604380+00:00,2026-07-11 10:12:00.008974+00:00,33.8,temperatura,ambiente,raspberry_pi_4,camera
1538,_result,1,2026-07-11 08:21:08.604380+00:00,2026-07-11 11:21:08.604380+00:00,2026-07-11 10:12:05.279786+00:00,33.8,temperatura,ambiente,raspberry_pi_4,camera
1539,_result,1,2026-07-11 08:21:08.604380+00:00,2026-07-11 11:21:08.604380+00:00,2026-07-11 10:12:10.540131+00:00,33.8,temperatura,ambiente,raspberry_pi_4,camera
1540,_result,1,2026-07-11 08:21:08.604380+00:00,2026-07-11 11:21:08.604380+00:00,2026-07-11 10:12:15.861580+00:00,33.8,temperatura,ambiente,raspberry_pi_4,camera
1541,_result,1,2026-07-11 08:21:08.604380+00:00,2026-07-11 11:21:08.604380+00:00,2026-07-11 10:12:21.121636+00:00,33.8,temperatura,ambiente,raspberry_pi_4,camera
1542,_result,1,2026-07-11 08:21:08.604380+00:00,2026-07-11 11:21:08.604380+00:00,2026-07-11 10:12:26.391451+00:00,33.8,temperatura,ambiente,raspberry_pi_4,camera
1543,_result,1,2026-07-11 08:21:08.604380+00:00,2026-07-11 11:21:08.604380+00:00,2026-07-11 10:12:36.918051+00:00,33.8,temperatura,ambiente,raspberry_pi_4,camera
1544,_result,1,2026-07-11 08:21:08.604380+00:00,2026-07-11 11:21:08.604380+00:00,2026-07-11 10:12:42.178008+00:00,33.8,temperatura,ambiente,raspberry_pi_4,camera
1545,_result,1,2026-07-11 08:21:08.604380+00:00,2026-07-11 11:21:08.604380+00:00,2026-07-11 10:12:47.448184+00:00,33.8,temperatura,ambiente,raspberry_pi_4,camera
1546,_result,1,2026-07-11 08:21:08.604380+00:00,2026-07-11 11:21:08.604380+00:00,2026-07-11 10:12:52.708223+00:00,33.8,temperatura,ambiente,raspberry_pi_4,camera
1547,_result,1,2026-07-11 08:21:08.604380+00:00,2026-07-11 11:21:08.604380+00:00,2026-07-11 10:12:57.977948+00:00,33.8,temperatura,ambiente,raspberry_pi_4,camera
1548,_result,1,2026-07-11 08:21:08.604380+00:00,2026-07-11 11:21:08.604380+00:00,2026-07-11 10:13:03.239597+00:00,33.8,temperatura,ambiente,raspberry_pi_4,camera
1549,_result,1,2026-07-11 08:21:08.604380+00:00,2026-07-11 11:21:08.604380+00:00,2026-07-11 10:13:08.508926+00:00,33.8,temperatura,ambiente,raspberry_pi_4,camera
1550,_result,1,2026-07-11 08:21:08.604380+00:00,2026-07-11 11:21:08.604380+00:00,2026-07-11 10:13:13.769230+00:00,33.8,temperatura,ambiente,raspberry_pi_4,camera
1551,_result,1,2026-07-11 08:21:08.604380+00:00,2026-07-11 11:21:08.604380+00:00,2026-07-11 10:13:19.038727+00:00,33.8,temperatura,ambiente,raspberry_pi_4,camera
1552,_result,1,2026-07-11 08:21:08.604380+00:00,2026-07-11 11:21:08.604380+00:00,2026-07-11 10:13:24.298934+00:00,33.8,temperatura,ambiente,raspberry_pi_4,camera
1553,_result,1,2026-07-11 08:21:08.604380+00:00,2026-07-11 11:21:08.604380+00:00,2026-07-11 10:13:29.570485+00:00,33.8,temperatura,ambiente,raspberry_pi_4,camera
1554,_result,1,2026-07-11 08:21:08.604380+00:00,2026-07-11 11:21:08.604380+00:00,2026-07-11 10:13:34.830572+00:00,33.8,temperatura,ambiente,raspberry_pi_4,camera
1555,_result,1,2026-07-11 08:21:08.604380+00:00,2026-07-11 11:21:08.604380+00:00,2026-07-11 10:13:40.100739+00:00,33.8,temperatura,ambiente,raspberry_pi_4,camera
1556,_result,1,2026-07-11 08:21:08.604380+00:00,2026-07-11 11:21:08.604380+00:00,2026-07-11 10:13:45.360919+00:00,33.8,temperatura,ambiente,raspberry_pi_4,camera
1557,_result,1,2026-07-11 08:21:08.604380+00:00,2026-07-11 11:21:08.604380+00:00,2026-07-11 10:13:50.631428+00:00,33.8,temperatura,ambiente,raspberry_pi_4,camera
1558,_result,1,2026-07-11 08:21:08.604380+00:00,2026-07-11 11:21:08.604380+00:00,2026-07-11 10:13:55.891520+00:00,33.8,temperatura,ambiente,raspberry_pi_4,camera
1559,_result,1,2026-07-11 08:21:08.604380+00:00,2026-07-11 11:21:08.604380+00:00,2026-07-11 10:14:01.162608+00:00,33.8,temperatura,ambiente,raspberry_pi_4,camera
1560,_result,1,2026-07-11 08:21:08.604380+00:00,2026-07-11 11:21:08.604380+00:00,2026-07-11 10:14:06.422814+00:00,33.8,temperatura,ambiente,raspberry_pi_4,camera
1561,_result,1,2026-07-11 08:21:08.604380+00:00,2026-07-11 11:21:08.604380+00:00,2026-07-11 10:14:11.692235+00:00,33.8,temperatura,ambiente,raspberry_pi_4,camera
1562,_result,1,2026-07-11 08:21:08.604380+00:00,2026-07-11 11:21:08.604380+00:00,2026-07-11 10:14:16.952533+00:00,33.8,temperatura,ambiente,raspberry_pi_4,camera
1563,_result,1,2026-07-11 08:21:08.604380+00:00,2026-07-11 11:21:08.604380+00:00,2026-07-11 10:14:22.221603+00:00,33.8,temperatura,ambiente,raspberry_pi_4,camera
1564,_result,1,2026-07-11 08:21:08.604380+00:00,2026-07-11 11:21:08.604380+00:00,2026-07-11 10:14:32.746448+00:00,33.8,temperatura,ambiente,raspberry_pi_4,camera
1565,_result,1,2026-07-11 08:21:08.604380+00:00,2026-07-11 11:21:08.604380+00:00,2026-07-11 10:14:38.006510+00:00,33.8,temperatura,ambiente,raspberry_pi_4,camera
1566,_result,1,2026-07-11 08:21:08.604380+00:00,2026-07-11 11:21:08.604380+00:00,2026-07-11 10:14:43.276249+00:00,33.8,temperatura,ambiente,raspberry_pi_4,camera
1567,_result,1,2026-07-11 08:21:08.604380+00:00,2026-07-11 11:21:08.604380+00:00,2026-07-11 10:14:48.536025+00:00,33.8,temperatura,ambiente,raspberry_pi_4,camera
1568,_result,1,2026-07-11 08:21:08.604380+00:00,2026-07-11 11:21:08.604380+00:00,2026-07-11 10:14:53.805348+00:00,33.8,temperatura,ambiente,raspberry_pi_4,camera
1569,_result,1,2026-07-11 08:21:08.604380+00:00,2026-07-11 11:21:08.604380+00:00,2026-07-11 10:14:59.065524+00:00,33.8,temperatura,ambiente,raspberry_pi_4,camera
1570,_result,1,2026-07-11 08:21:08.604380+00:00,2026-07-11 11:21:08.604380+00:00,2026-07-11 10:15:04.336472+00:00,33.8,temperatura,ambiente,raspberry_pi_4,camera
1571,_result,1,2026-07-11 08:21:08.604380+00:00,2026-07-11 11:21:08.604380+00:00,2026-07-11 10:15:09.596605+00:00,33.8,temperatura,ambiente,raspberry_pi_4,camera
1572,_result,1,2026-07-11 08:21:08.604380+00:00,2026-07-11 11:21:08.604380+00:00,2026-07-11 10:15:14.866114+00:00,33.8,temperatura,ambiente,raspberry_pi_4,camera
1573,_result,1,2026-07-11 08:21:08.604380+00:00,2026-07-11 11:21:08.604380+00:00,2026-07-11 10:15:20.126269+00:00,33.8,temperatura,ambiente,raspberry_pi_4,camera
1574,_result,1,2026-07-11 08:21:08.604380+00:00,2026-07-11 11:21:08.604380+00:00,2026-07-11 10:15:25.395990+00:00,33.8,temperatura,ambiente,raspberry_pi_4,camera
1575,_result,1,2026-07-11 08:21:08.604380+00:00,2026-07-11 11:21:08.604380+00:00,2026-07-11 10:15:30.657252+00:00,33.8,temperatura,ambiente,raspberry_pi_4,camera
1576,_result,1,2026-07-11 08:21:08.604380+00:00,2026-07-11 11:21:08.604380+00:00,2026-07-11 10:15:35.927028+00:00,33.8,temperatura,ambiente,raspberry_pi_4,camera
1577,_result,1,2026-07-11 08:21:08.604380+00:00,2026-07-11 11:21:08.604380+00:00,2026-07-11 10:15:46.451744+00:00,33.8,temperatura,ambiente,raspberry_pi_4,camera
1578,_result,1,2026-07-11 08:21:08.604380+00:00,2026-07-11 11:21:08.604380+00:00,2026-07-11 10:15:51.712221+00:00,33.8,temperatura,ambiente,raspberry_pi_4,camera
1579,_result,1,2026-07-11 08:21:08.604380+00:00,2026-07-11 11:21:08.604380+00:00,2026-07-11 10:15:56.981463+00:00,33.8,temperatura,ambiente,raspberry_pi_4,camera
1580,_result,1,2026-07-11 08:21:08.604380+00:00,2026-07-11 11:21:08.604380+00:00,2026-07-11 10:16:02.243311+00:00,33.8,temperatura,ambiente,raspberry_pi_4,camera
1581,_result,1,2026-07-11 08:21:08.604380+00:00,2026-07-11 11:21:08.604380+00:00,2026-07-11 10:16:07.512902+00:00,33.8,temperatura,ambiente,raspberry_pi_4,camera
1582,_result,1,2026-07-11 08:21:08.604380+00:00,2026-07-11 11:21:08.604380+00:00,2026-07-11 10:16:12.772829+00:00,33.8,temperatura,ambiente,raspberry_pi_4,camera
1583,_result,1,2026-07-11 08:21:08.604380+00:00,2026-07-11 11:21:08.604380+00:00,2026-07-11 10:16:18.043633+00:00,33.8,temperatura,ambiente,raspberry_pi_4,camera
1584,_result,1,2026-07-11 08:21:08.604380+00:00,2026-07-11 11:21:08.604380+00:00,2026-07-11 10:16:23.304451+00:00,33.8,temperatura,ambiente,raspberry_pi_4,camera
1585,_result,1,2026-07-11 08:21:08.604380+00:00,2026-07-11 11:21:08.604380+00:00,2026-07-11 10:16:28.575959+00:00,33.8,temperatura,ambiente,raspberry_pi_4,camera
1586,_result,1,2026-07-11 08:21:08.604380+00:00,2026-07-11 11:21:08.604380+00:00,2026-07-11 10:16:33.836424+00:00,33.8,temperatura,ambiente,raspberry_pi_4,camera
1587,_result,1,2026-07-11 08:21:08.604380+00:00,2026-07-11 11:21:08.604380+00:00,2026-07-11 10:16:39.106510+00:00,33.8,temperatura,ambiente,raspberry_pi_4,camera
1588,_result,1,2026-07-11 08:21:08.604380+00:00,2026-07-11 11:21:08.604380+00:00,2026-07-11 10:16:44.366709+00:00,33.8,temperatura,ambiente,raspberry_pi_4,camera
1589,_result,1,2026-07-11 08:21:08.604380+00:00,2026-07-11 11:21:08.604380+00:00,2026-07-11 10:16:49.636303+00:00,33.8,temperatura,ambiente,raspberry_pi_4,camera
1590,_result,1,2026-07-11 08:21:08.604380+00:00,2026-07-11 11:21:08.604380+00:00,2026-07-11 10:17:00.161832+00:00,33.8,temperatura,ambiente,raspberry_pi_4,camera
1591,_result,1,2026-07-11 08:21:08.604380+00:00,2026-07-11 11:21:08.604380+00:00,2026-07-11 10:17:05.422230+00:00,33.8,temperatura,ambiente,raspberry_pi_4,camera
1592,_result,1,2026-07-11 08:21:08.604380+00:00,2026-07-11 11:21:08.604380+00:00,2026-07-11 10:17:10.691675+00:00,33.8,temperatura,ambiente,raspberry_pi_4,camera
1593,_result,1,2026-07-11 08:21:08.604380+00:00,2026-07-11 11:21:08.604380+00:00,2026-07-11 10:17:15.951669+00:00,33.8,temperatura,ambiente,raspberry_pi_4,camera
1594,_result,1,2026-07-11 08:21:08.604380+00:00,2026-07-11 11:21:08.604380+00:00,2026-07-11 10:17:21.221219+00:00,33.8,temperatura,ambiente,raspberry_pi_4,camera
1595,_result,1,2026-07-11 08:21:08.604380+00:00,2026-07-11 11:21:08.604380+00:00,2026-07-11 10:17:26.481196+00:00,33.8,temperatura,ambiente,raspberry_pi_4,camera
1596,_result,1,2026-07-11 08:21:08.604380+00:00,2026-07-11 11:21:08.604380+00:00,2026-07-11 10:17:31.752716+00:00,33.8,temperatura,ambiente,raspberry_pi_4,camera
1597,_result,1,2026-07-11 08:21:08.604380+00:00,2026-07-11 11:21:08.604380+00:00,2026-07-11 10:17:37.012699+00:00,33.8,temperatura,ambiente,raspberry_pi_4,camera
1598,_result,1,2026-07-11 08:21:08.604380+00:00,2026-07-11 11:21:08.604380+00:00,2026-07-11 10:17:42.283058+00:00,33.8,temperatura,ambiente,raspberry_pi_4,camera
1599,_result,1,2026-07-11 08:21:08.604380+00:00,2026-07-11 11:21:08.604380+00:00,2026-07-11 10:17:47.543037+00:00,33.8,temperatura,ambiente,raspberry_pi_4,camera
1600,_result,1,2026-07-11 08:21:08.604380+00:00,2026-07-11 11:21:08.604380+00:00,2026-07-11 10:17:52.819284+00:00,33.8,temperatura,ambiente,raspberry_pi_4,camera
1601,_result,1,2026-07-11 08:21:08.604380+00:00,2026-07-11 11:21:08.604380+00:00,2026-07-11 10:17:58.079635+00:00,33.8,temperatura,ambiente,raspberry_pi_4,camera
1602,_result,1,2026-07-11 08:21:08.604380+00:00,2026-07-11 11:21:08.604380+00:00,2026-07-11 10:18:03.350523+00:00,33.8,temperatura,ambiente,raspberry_pi_4,camera
1603,_result,1,2026-07-11 08:21:08.604380+00:00,2026-07-11 11:21:08.604380+00:00,2026-07-11 10:18:08.610949+00:00,33.8,temperatura,ambiente,raspberry_pi_4,camera
1604,_result,1,2026-07-11 08:21:08.604380+00:00,2026-07-11 11:21:08.604380+00:00,2026-07-11 10:18:13.880262+00:00,33.8,temperatura,ambiente,raspberry_pi_4,camera
1605,_result,1,2026-07-11 08:21:08.604380+00:00,2026-07-11 11:21:08.604380+00:00,2026-07-11 10:18:19.140232+00:00,33.8,temperatura,ambiente,raspberry_pi_4,camera
1606,_result,1,2026-07-11 08:21:08.604380+00:00,2026-07-11 11:21:08.604380+00:00,2026-07-11 10:18:29.664068+00:00,33.8,temperatura,ambiente,raspberry_pi_4,camera
1607,_result,1,2026-07-11 08:21:08.604380+00:00,2026-07-11 11:21:08.604380+00:00,2026-07-11 10:18:40.192230+00:00,33.7,temperatura,ambiente,raspberry_pi_4,camera
1608,_result,1,2026-07-11 08:21:08.604380+00:00,2026-07-11 11:21:08.604380+00:00,2026-07-11 10:18:45.461709+00:00,33.7,temperatura,ambiente,raspberry_pi_4,camera
1609,_result,1,2026-07-11 08:21:08.604380+00:00,2026-07-11 11:21:08.604380+00:00,2026-07-11 10:18:50.721645+00:00,33.7,temperatura,ambiente,raspberry_pi_4,camera
1610,_result,1,2026-07-11 08:21:08.604380+00:00,2026-07-11 11:21:08.604380+00:00,2026-07-11 10:18:55.991248+00:00,33.6,temperatura,ambiente,raspberry_pi_4,camera
1611,_result,1,2026-07-11 08:21:08.604380+00:00,2026-07-11 11:21:08.604380+00:00,2026-07-11 10:19:06.516304+00:00,33.7,temperatura,ambiente,raspberry_pi_4,camera
1612,_result,1,2026-07-11 08:21:08.604380+00:00,2026-07-11 11:21:08.604380+00:00,2026-07-11 10:19:11.776232+00:00,33.5,temperatura,ambiente,raspberry_pi_4,camera
1613,_result,1,2026-07-11 08:21:08.604380+00:00,2026-07-11 11:21:08.604380+00:00,2026-07-11 10:19:17.045810+00:00,33.7,temperatura,ambiente,raspberry_pi_4,camera
1614,_result,1,2026-07-11 08:21:08.604380+00:00,2026-07-11 11:21:08.604380+00:00,2026-07-11 10:19:22.305873+00:00,33.6,temperatura,ambiente,raspberry_pi_4,camera
1615,_result,1,2026-07-11 08:21:08.604380+00:00,2026-07-11 11:21:08.604380+00:00,2026-07-11 10:19:27.575183+00:00,33.5,temperatura,ambiente,raspberry_pi_4,camera
1616,_result,1,2026-07-11 08:21:08.604380+00:00,2026-07-11 11:21:08.604380+00:00,2026-07-11 10:19:32.836482+00:00,33.6,temperatura,ambiente,raspberry_pi_4,camera
1617,_result,1,2026-07-11 08:21:08.604380+00:00,2026-07-11 11:21:08.604380+00:00,2026-07-11 10:19:38.105910+00:00,33.6,temperatura,ambiente,raspberry_pi_4,camera
1618,_result,1,2026-07-11 08:21:08.604380+00:00,2026-07-11 11:21:08.604380+00:00,2026-07-11 10:19:43.367177+00:00,33.5,temperatura,ambiente,raspberry_pi_4,camera
1619,_result,1,2026-07-11 08:21:08.604380+00:00,2026-07-11 11:21:08.604380+00:00,2026-07-11 10:19:48.636756+00:00,33.5,temperatura,ambiente,raspberry_pi_4,camera
1620,_result,1,2026-07-11 08:21:08.604380+00:00,2026-07-11 11:21:08.604380+00:00,2026-07-11 10:19:53.897088+00:00,33.6,temperatura,ambiente,raspberry_pi_4,camera
1621,_result,1,2026-07-11 08:21:08.604380+00:00,2026-07-11 11:21:08.604380+00:00,2026-07-11 10:19:59.168333+00:00,33.5,temperatura,ambiente,raspberry_pi_4,camera
1622,_result,1,2026-07-11 08:21:08.604380+00:00,2026-07-11 11:21:08.604380+00:00,2026-07-11 10:20:04.428452+00:00,33.6,temperatura,ambiente,raspberry_pi_4,camera
1623,_result,1,2026-07-11 08:21:08.604380+00:00,2026-07-11 11:21:08.604380+00:00,2026-07-11 10:20:09.700419+00:00,33.6,temperatura,ambiente,raspberry_pi_4,camera
1624,_result,1,2026-07-11 08:21:08.604380+00:00,2026-07-11 11:21:08.604380+00:00,2026-07-11 10:20:14.960714+00:00,33.5,temperatura,ambiente,raspberry_pi_4,camera
1625,_result,1,2026-07-11 08:21:08.604380+00:00,2026-07-11 11:21:08.604380+00:00,2026-07-11 10:20:20.230519+00:00,33.6,temperatura,ambiente,raspberry_pi_4,camera
1626,_result,1,2026-07-11 08:21:08.604380+00:00,2026-07-11 11:21:08.604380+00:00,2026-07-11 10:20:25.490888+00:00,33.5,temperatura,ambiente,raspberry_pi_4,camera
1627,_result,1,2026-07-11 08:21:08.604380+00:00,2026-07-11 11:21:08.604380+00:00,2026-07-11 10:20:30.762062+00:00,33.6,temperatura,ambiente,raspberry_pi_4,camera
1628,_result,1,2026-07-11 08:21:08.604380+00:00,2026-07-11 11:21:08.604380+00:00,2026-07-11 10:20:36.022182+00:00,33.6,temperatura,ambiente,raspberry_pi_4,camera
1629,_result,1,2026-07-11 08:21:08.604380+00:00,2026-07-11 11:21:08.604380+00:00,2026-07-11 10:20:41.292066+00:00,33.6,temperatura,ambiente,raspberry_pi_4,camera
1630,_result,1,2026-07-11 08:21:08.604380+00:00,2026-07-11 11:21:08.604380+00:00,2026-07-11 10:20:46.552252+00:00,33.6,temperatura,ambiente,raspberry_pi_4,camera
1631,_result,1,2026-07-11 08:21:08.604380+00:00,2026-07-11 11:21:08.604380+00:00,2026-07-11 10:20:51.822217+00:00,33.6,temperatura,ambiente,raspberry_pi_4,camera
1632,_result,1,2026-07-11 08:21:08.604380+00:00,2026-07-11 11:21:08.604380+00:00,2026-07-11 10:20:57.082390+00:00,33.6,temperatura,ambiente,raspberry_pi_4,camera
1633,_result,1,2026-07-11 08:21:08.604380+00:00,2026-07-11 11:21:08.604380+00:00,2026-07-11 10:21:02.353302+00:00,33.7,temperatura,ambiente,raspberry_pi_4,camera
1634,_result,1,2026-07-11 08:21:08.604380+00:00,2026-07-11 11:21:08.604380+00:00,2026-07-11 10:21:07.613445+00:00,33.6,temperatura,ambiente,raspberry_pi_4,camera
1635,_result,1,2026-07-11 08:21:08.604380+00:00,2026-07-11 11:21:08.604380+00:00,2026-07-11 10:21:12.883367+00:00,33.7,temperatura,ambiente,raspberry_pi_4,camera
1636,_result,1,2026-07-11 08:21:08.604380+00:00,2026-07-11 11:21:08.604380+00:00,2026-07-11 10:21:18.143456+00:00,33.7,temperatura,ambiente,raspberry_pi_4,camera
1637,_result,1,2026-07-11 08:21:08.604380+00:00,2026-07-11 11:21:08.604380+00:00,2026-07-11 10:21:23.413500+00:00,33.7,temperatura,ambiente,raspberry_pi_4,camera
1638,_result,1,2026-07-11 08:21:08.604380+00:00,2026-07-11 11:21:08.604380+00:00,2026-07-11 10:21:28.673649+00:00,33.8,temperatura,ambiente,raspberry_pi_4,camera
1639,_result,1,2026-07-11 08:21:08.604380+00:00,2026-07-11 11:21:08.604380+00:00,2026-07-11 10:21:33.945786+00:00,33.7,temperatura,ambiente,raspberry_pi_4,camera
1640,_result,1,2026-07-11 08:21:08.604380+00:00,2026-07-11 11:21:08.604380+00:00,2026-07-11 10:21:39.205858+00:00,33.7,temperatura,ambiente,raspberry_pi_4,camera
1641,_result,1,2026-07-11 08:21:08.604380+00:00,2026-07-11 11:21:08.604380+00:00,2026-07-11 10:21:44.475703+00:00,33.8,temperatura,ambiente,raspberry_pi_4,camera
1642,_result,1,2026-07-11 08:21:08.604380+00:00,2026-07-11 11:21:08.604380+00:00,2026-07-11 10:21:49.735970+00:00,33.8,temperatura,ambiente,raspberry_pi_4,camera
1643,_result,1,2026-07-11 08:21:08.604380+00:00,2026-07-11 11:21:08.604380+00:00,2026-07-11 10:21:55.005322+00:00,33.8,temperatura,ambiente,raspberry_pi_4,camera
1644,_result,1,2026-07-11 08:21:08.604380+00:00,2026-07-11 11:21:08.604380+00:00,2026-07-11 10:22:00.266881+00:00,33.8,temperatura,ambiente,raspberry_pi_4,camera
1645,_result,1,2026-07-11 08:21:08.604380+00:00,2026-07-11 11:21:08.604380+00:00,2026-07-11 10:22:05.536571+00:00,33.8,temperatura,ambiente,raspberry_pi_4,camera
1646,_result,1,2026-07-11 08:21:08.604380+00:00,2026-07-11 11:21:08.604380+00:00,2026-07-11 10:22:10.796482+00:00,33.8,temperatura,ambiente,raspberry_pi_4,camera
1647,_result,1,2026-07-11 08:21:08.604380+00:00,2026-07-11 11:21:08.604380+00:00,2026-07-11 10:22:16.066201+00:00,33.8,temperatura,ambiente,raspberry_pi_4,camera
1648,_result,1,2026-07-11 08:21:08.604380+00:00,2026-07-11 11:21:08.604380+00:00,2026-07-11 10:22:21.326656+00:00,33.8,temperatura,ambiente,raspberry_pi_4,camera
1649,_result,1,2026-07-11 08:21:08.604380+00:00,2026-07-11 11:21:08.604380+00:00,2026-07-11 10:22:26.596026+00:00,33.8,temperatura,ambiente,raspberry_pi_4,camera
1650,_result,1,2026-07-11 08:21:08.604380+00:00,2026-07-11 11:21:08.604380+00:00,2026-07-11 10:22:31.857990+00:00,33.8,temperatura,ambiente,raspberry_pi_4,camera
1651,_result,1,2026-07-11 08:21:08.604380+00:00,2026-07-11 11:21:08.604380+00:00,2026-07-11 10:22:37.127860+00:00,33.8,temperatura,ambiente,raspberry_pi_4,camera
1652,_result,1,2026-07-11 08:21:08.604380+00:00,2026-07-11 11:21:08.604380+00:00,2026-07-11 10:22:42.387802+00:00,33.8,temperatura,ambiente,raspberry_pi_4,camera
1653,_result,1,2026-07-11 08:21:08.604380+00:00,2026-07-11 11:21:08.604380+00:00,2026-07-11 10:22:47.657456+00:00,33.8,temperatura,ambiente,raspberry_pi_4,camera
1654,_result,1,2026-07-11 08:21:08.604380+00:00,2026-07-11 11:21:08.604380+00:00,2026-07-11 10:22:52.917839+00:00,33.8,temperatura,ambiente,raspberry_pi_4,camera
1655,_result,1,2026-07-11 08:21:08.604380+00:00,2026-07-11 11:21:08.604380+00:00,2026-07-11 10:22:58.187600+00:00,33.8,temperatura,ambiente,raspberry_pi_4,camera
1656,_result,1,2026-07-11 08:21:08.604380+00:00,2026-07-11 11:21:08.604380+00:00,2026-07-11 10:23:03.449212+00:00,33.8,temperatura,ambiente,raspberry_pi_4,camera
1657,_result,1,2026-07-11 08:21:08.604380+00:00,2026-07-11 11:21:08.604380+00:00,2026-07-11 10:23:08.718502+00:00,33.8,temperatura,ambiente,raspberry_pi_4,camera
1658,_result,1,2026-07-11 08:21:08.604380+00:00,2026-07-11 11:21:08.604380+00:00,2026-07-11 10:23:13.978675+00:00,33.8,temperatura,ambiente,raspberry_pi_4,camera
1659,_result,1,2026-07-11 08:21:08.604380+00:00,2026-07-11 11:21:08.604380+00:00,2026-07-11 10:23:19.248961+00:00,33.8,temperatura,ambiente,raspberry_pi_4,camera
1660,_result,1,2026-07-11 08:21:08.604380+00:00,2026-07-11 11:21:08.604380+00:00,2026-07-11 10:23:24.509890+00:00,33.8,temperatura,ambiente,raspberry_pi_4,camera
1661,_result,1,2026-07-11 08:21:08.604380+00:00,2026-07-11 11:21:08.604380+00:00,2026-07-11 10:23:29.781194+00:00,33.8,temperatura,ambiente,raspberry_pi_4,camera
1662,_result,1,2026-07-11 08:21:08.604380+00:00,2026-07-11 11:21:08.604380+00:00,2026-07-11 10:23:35.041021+00:00,33.8,temperatura,ambiente,raspberry_pi_4,camera
1663,_result,1,2026-07-11 08:21:08.604380+00:00,2026-07-11 11:21:08.604380+00:00,2026-07-11 10:23:40.310516+00:00,33.8,temperatura,ambiente,raspberry_pi_4,camera
1664,_result,1,2026-07-11 08:21:08.604380+00:00,2026-07-11 11:21:08.604380+00:00,2026-07-11 10:23:45.570915+00:00,33.8,temperatura,ambiente,raspberry_pi_4,camera
1665,_result,1,2026-07-11 08:21:08.604380+00:00,2026-07-11 11:21:08.604380+00:00,2026-07-11 10:23:50.840176+00:00,33.8,temperatura,ambiente,raspberry_pi_4,camera
1666,_result,1,2026-07-11 08:21:08.604380+00:00,2026-07-11 11:21:08.604380+00:00,2026-07-11 10:23:56.101836+00:00,33.8,temperatura,ambiente,raspberry_pi_4,camera
1667,_result,1,2026-07-11 08:21:08.604380+00:00,2026-07-11 11:21:08.604380+00:00,2026-07-11 10:24:01.373285+00:00,33.8,temperatura,ambiente,raspberry_pi_4,camera
1668,_result,1,2026-07-11 08:21:08.604380+00:00,2026-07-11 11:21:08.604380+00:00,2026-07-11 10:24:06.633421+00:00,33.8,temperatura,ambiente,raspberry_pi_4,camera
1669,_result,1,2026-07-11 08:21:08.604380+00:00,2026-07-11 11:21:08.604380+00:00,2026-07-11 10:24:11.903349+00:00,33.8,temperatura,ambiente,raspberry_pi_4,camera
1670,_result,1,2026-07-11 08:21:08.604380+00:00,2026-07-11 11:21:08.604380+00:00,2026-07-11 10:24:17.163496+00:00,33.8,temperatura,ambiente,raspberry_pi_4,camera
1671,_result,1,2026-07-11 08:21:08.604380+00:00,2026-07-11 11:21:08.604380+00:00,2026-07-11 10:24:22.433190+00:00,33.8,temperatura,ambiente,raspberry_pi_4,camera
1672,_result,1,2026-07-11 08:21:08.604380+00:00,2026-07-11 11:21:08.604380+00:00,2026-07-11 10:24:27.693279+00:00,33.8,temperatura,ambiente,raspberry_pi_4,camera
1673,_result,1,2026-07-11 08:21:08.604380+00:00,2026-07-11 11:21:08.604380+00:00,2026-07-11 10:24:32.964300+00:00,33.8,temperatura,ambiente,raspberry_pi_4,camera
1674,_result,1,2026-07-11 08:21:08.604380+00:00,2026-07-11 11:21:08.604380+00:00,2026-07-11 10:24:38.225740+00:00,33.8,temperatura,ambiente,raspberry_pi_4,camera
1675,_result,1,2026-07-11 08:21:08.604380+00:00,2026-07-11 11:21:08.604380+00:00,2026-07-11 10:24:43.495220+00:00,33.8,temperatura,ambiente,raspberry_pi_4,camera
1676,_result,1,2026-07-11 08:21:08.604380+00:00,2026-07-11 11:21:08.604380+00:00,2026-07-11 10:24:48.755606+00:00,33.8,temperatura,ambiente,raspberry_pi_4,camera
1677,_result,1,2026-07-11 08:21:08.604380+00:00,2026-07-11 11:21:08.604380+00:00,2026-07-11 10:24:54.024834+00:00,33.8,temperatura,ambiente,raspberry_pi_4,camera
1678,_result,1,2026-07-11 08:21:08.604380+00:00,2026-07-11 11:21:08.604380+00:00,2026-07-11 10:24:59.284864+00:00,33.8,temperatura,ambiente,raspberry_pi_4,camera
1679,_result,1,2026-07-11 08:21:08.604380+00:00,2026-07-11 11:21:08.604380+00:00,2026-07-11 10:25:04.557218+00:00,33.8,temperatura,ambiente,raspberry_pi_4,camera
1680,_result,1,2026-07-11 08:21:08.604380+00:00,2026-07-11 11:21:08.604380+00:00,2026-07-11 10:25:09.817347+00:00,33.8,temperatura,ambiente,raspberry_pi_4,camera
1681,_result,1,2026-07-11 08:21:08.604380+00:00,2026-07-11 11:21:08.604380+00:00,2026-07-11 10:25:15.087500+00:00,33.8,temperatura,ambiente,raspberry_pi_4,camera
1682,_result,1,2026-07-11 08:21:08.604380+00:00,2026-07-11 11:21:08.604380+00:00,2026-07-11 10:25:20.347520+00:00,33.8,temperatura,ambiente,raspberry_pi_4,camera
1683,_result,1,2026-07-11 08:21:08.604380+00:00,2026-07-11 11:21:08.604380+00:00,2026-07-11 10:25:25.616888+00:00,33.8,temperatura,ambiente,raspberry_pi_4,camera
1684,_result,1,2026-07-11 08:21:08.604380+00:00,2026-07-11 11:21:08.604380+00:00,2026-07-11 10:25:30.880635+00:00,33.8,temperatura,ambiente,raspberry_pi_4,camera
1685,_result,1,2026-07-11 08:21:08.604380+00:00,2026-07-11 11:21:08.604380+00:00,2026-07-11 10:25:36.150407+00:00,33.8,temperatura,ambiente,raspberry_pi_4,camera
1686,_result,1,2026-07-11 08:21:08.604380+00:00,2026-07-11 11:21:08.604380+00:00,2026-07-11 10:25:41.410368+00:00,33.8,temperatura,ambiente,raspberry_pi_4,camera
1687,_result,1,2026-07-11 08:21:08.604380+00:00,2026-07-11 11:21:08.604380+00:00,2026-07-11 10:25:46.683520+00:00,33.8,temperatura,ambiente,raspberry_pi_4,camera
1688,_result,1,2026-07-11 08:21:08.604380+00:00,2026-07-11 11:21:08.604380+00:00,2026-07-11 10:25:51.946018+00:00,33.8,temperatura,ambiente,raspberry_pi_4,camera
1689,_result,1,2026-07-11 08:21:08.604380+00:00,2026-07-11 11:21:08.604380+00:00,2026-07-11 10:25:57.215101+00:00,33.8,temperatura,ambiente,raspberry_pi_4,camera
1690,_result,1,2026-07-11 08:21:08.604380+00:00,2026-07-11 11:21:08.604380+00:00,2026-07-11 10:26:02.476862+00:00,33.8,temperatura,ambiente,raspberry_pi_4,camera
1691,_result,1,2026-07-11 08:21:08.604380+00:00,2026-07-11 11:21:08.604380+00:00,2026-07-11 10:26:07.745961+00:00,33.8,temperatura,ambiente,raspberry_pi_4,camera
1692,_result,1,2026-07-11 08:21:08.604380+00:00,2026-07-11 11:21:08.604380+00:00,2026-07-11 10:26:13.006004+00:00,33.8,temperatura,ambiente,raspberry_pi_4,camera
1693,_result,1,2026-07-11 08:21:08.604380+00:00,2026-07-11 11:21:08.604380+00:00,2026-07-11 10:26:18.275897+00:00,33.8,temperatura,ambiente,raspberry_pi_4,camera
1694,_result,1,2026-07-11 08:21:08.604380+00:00,2026-07-11 11:21:08.604380+00:00,2026-07-11 10:26:23.535846+00:00,33.8,temperatura,ambiente,raspberry_pi_4,camera
1695,_result,1,2026-07-11 08:21:08.604380+00:00,2026-07-11 11:21:08.604380+00:00,2026-07-11 10:26:28.806714+00:00,33.8,temperatura,ambiente,raspberry_pi_4,camera
1696,_result,1,2026-07-11 08:21:08.604380+00:00,2026-07-11 11:21:08.604380+00:00,2026-07-11 10:26:34.066861+00:00,33.8,temperatura,ambiente,raspberry_pi_4,camera
1697,_result,1,2026-07-11 08:21:08.604380+00:00,2026-07-11 11:21:08.604380+00:00,2026-07-11 10:26:39.336050+00:00,33.8,temperatura,ambiente,raspberry_pi_4,camera
1698,_result,1,2026-07-11 08:21:08.604380+00:00,2026-07-11 11:21:08.604380+00:00,2026-07-11 10:26:44.596066+00:00,33.8,temperatura,ambiente,raspberry_pi_4,camera
1699,_result,1,2026-07-11 08:21:08.604380+00:00,2026-07-11 11:21:08.604380+00:00,2026-07-11 10:26:49.865888+00:00,33.8,temperatura,ambiente,raspberry_pi_4,camera
1700,_result,1,2026-07-11 08:21:08.604380+00:00,2026-07-11 11:21:08.604380+00:00,2026-07-11 10:26:55.125827+00:00,33.6,temperatura,ambiente,raspberry_pi_4,camera
1701,_result,1,2026-07-11 08:21:08.604380+00:00,2026-07-11 11:21:08.604380+00:00,2026-07-11 10:27:00.398541+00:00,33.7,temperatura,ambiente,raspberry_pi_4,camera
1702,_result,1,2026-07-11 08:21:08.604380+00:00,2026-07-11 11:21:08.604380+00:00,2026-07-11 10:27:05.658701+00:00,33.6,temperatura,ambiente,raspberry_pi_4,camera
1703,_result,1,2026-07-11 08:21:08.604380+00:00,2026-07-11 11:21:08.604380+00:00,2026-07-11 10:27:10.935569+00:00,33.5,temperatura,ambiente,raspberry_pi_4,camera
1704,_result,1,2026-07-11 08:21:08.604380+00:00,2026-07-11 11:21:08.604380+00:00,2026-07-11 10:27:16.195952+00:00,33.4,temperatura,ambiente,raspberry_pi_4,camera
1705,_result,1,2026-07-11 08:21:08.604380+00:00,2026-07-11 11:21:08.604380+00:00,2026-07-11 10:27:21.465219+00:00,33.4,temperatura,ambiente,raspberry_pi_4,camera
1706,_result,1,2026-07-11 08:21:08.604380+00:00,2026-07-11 11:21:08.604380+00:00,2026-07-11 10:27:26.725503+00:00,33.4,temperatura,ambiente,raspberry_pi_4,camera
1707,_result,1,2026-07-11 08:21:08.604380+00:00,2026-07-11 11:21:08.604380+00:00,2026-07-11 10:27:31.996361+00:00,33.4,temperatura,ambiente,raspberry_pi_4,camera
1708,_result,1,2026-07-11 08:21:08.604380+00:00,2026-07-11 11:21:08.604380+00:00,2026-07-11 10:27:37.256544+00:00,33.3,temperatura,ambiente,raspberry_pi_4,camera
1709,_result,1,2026-07-11 08:21:08.604380+00:00,2026-07-11 11:21:08.604380+00:00,2026-07-11 10:27:42.526273+00:00,33.3,temperatura,ambiente,raspberry_pi_4,camera
1710,_result,1,2026-07-11 08:21:08.604380+00:00,2026-07-11 11:21:08.604380+00:00,2026-07-11 10:27:47.786542+00:00,33.3,temperatura,ambiente,raspberry_pi_4,camera
1711,_result,1,2026-07-11 08:21:08.604380+00:00,2026-07-11 11:21:08.604380+00:00,2026-07-11 10:27:53.056640+00:00,33.3,temperatura,ambiente,raspberry_pi_4,camera
1712,_result,1,2026-07-11 08:21:08.604380+00:00,2026-07-11 11:21:08.604380+00:00,2026-07-11 10:27:58.316675+00:00,33.3,temperatura,ambiente,raspberry_pi_4,camera
1713,_result,1,2026-07-11 08:21:08.604380+00:00,2026-07-11 11:21:08.604380+00:00,2026-07-11 10:28:03.587908+00:00,33.3,temperatura,ambiente,raspberry_pi_4,camera
1714,_result,1,2026-07-11 08:21:08.604380+00:00,2026-07-11 11:21:08.604380+00:00,2026-07-11 10:28:08.848101+00:00,33.3,temperatura,ambiente,raspberry_pi_4,camera
1715,_result,1,2026-07-11 08:21:08.604380+00:00,2026-07-11 11:21:08.604380+00:00,2026-07-11 10:28:14.118069+00:00,33.3,temperatura,ambiente,raspberry_pi_4,camera
1716,_result,1,2026-07-11 08:21:08.604380+00:00,2026-07-11 11:21:08.604380+00:00,2026-07-11 10:28:19.378242+00:00,33.3,temperatura,ambiente,raspberry_pi_4,camera
1717,_result,1,2026-07-11 08:21:08.604380+00:00,2026-07-11 11:21:08.604380+00:00,2026-07-11 10:28:24.647729+00:00,33.3,temperatura,ambiente,raspberry_pi_4,camera
1718,_result,1,2026-07-11 08:21:08.604380+00:00,2026-07-11 11:21:08.604380+00:00,2026-07-11 10:28:29.909609+00:00,33.3,temperatura,ambiente,raspberry_pi_4,camera
1719,_result,1,2026-07-11 08:21:08.604380+00:00,2026-07-11 11:21:08.604380+00:00,2026-07-11 10:28:35.179343+00:00,33.3,temperatura,ambiente,raspberry_pi_4,camera
1720,_result,1,2026-07-11 08:21:08.604380+00:00,2026-07-11 11:21:08.604380+00:00,2026-07-11 10:28:40.439479+00:00,33.3,temperatura,ambiente,raspberry_pi_4,camera
1721,_result,1,2026-07-11 08:21:08.604380+00:00,2026-07-11 11:21:08.604380+00:00,2026-07-11 10:28:45.709330+00:00,33.3,temperatura,ambiente,raspberry_pi_4,camera
1722,_result,1,2026-07-11 08:21:08.604380+00:00,2026-07-11 11:21:08.604380+00:00,2026-07-11 10:28:50.969521+00:00,33.3,temperatura,ambiente,raspberry_pi_4,camera
1723,_result,1,2026-07-11 08:21:08.604380+00:00,2026-07-11 11:21:08.604380+00:00,2026-07-11 10:28:56.240123+00:00,33.3,temperatura,ambiente,raspberry_pi_4,camera
1724,_result,1,2026-07-11 08:21:08.604380+00:00,2026-07-11 11:21:08.604380+00:00,2026-07-11 10:29:01.501878+00:00,33.3,temperatura,ambiente,raspberry_pi_4,camera
1725,_result,1,2026-07-11 08:21:08.604380+00:00,2026-07-11 11:21:08.604380+00:00,2026-07-11 10:29:06.771676+00:00,33.3,temperatura,ambiente,raspberry_pi_4,camera
1726,_result,1,2026-07-11 08:21:08.604380+00:00,2026-07-11 11:21:08.604380+00:00,2026-07-11 10:29:12.031757+00:00,33.3,temperatura,ambiente,raspberry_pi_4,camera
1727,_result,1,2026-07-11 08:21:08.604380+00:00,2026-07-11 11:21:08.604380+00:00,2026-07-11 10:29:17.301800+00:00,33.3,temperatura,ambiente,raspberry_pi_4,camera
1728,_result,1,2026-07-11 08:21:08.604380+00:00,2026-07-11 11:21:08.604380+00:00,2026-07-11 10:29:22.561790+00:00,33.2,temperatura,ambiente,raspberry_pi_4,camera
1729,_result,1,2026-07-11 08:21:08.604380+00:00,2026-07-11 11:21:08.604380+00:00,2026-07-11 10:29:27.831616+00:00,33.2,temperatura,ambiente,raspberry_pi_4,camera
1730,_result,1,2026-07-11 08:21:08.604380+00:00,2026-07-11 11:21:08.604380+00:00,2026-07-11 10:29:33.093900+00:00,33.1,temperatura,ambiente,raspberry_pi_4,camera
1731,_result,1,2026-07-11 08:21:08.604380+00:00,2026-07-11 11:21:08.604380+00:00,2026-07-11 10:29:38.363758+00:00,33.0,temperatura,ambiente,raspberry_pi_4,camera
1732,_result,1,2026-07-11 08:21:08.604380+00:00,2026-07-11 11:21:08.604380+00:00,2026-07-11 10:29:43.623755+00:00,33.0,temperatura,ambiente,raspberry_pi_4,camera
1733,_result,1,2026-07-11 08:21:08.604380+00:00,2026-07-11 11:21:08.604380+00:00,2026-07-11 10:29:48.901257+00:00,32.9,temperatura,ambiente,raspberry_pi_4,camera
1734,_result,1,2026-07-11 08:21:08.604380+00:00,2026-07-11 11:21:08.604380+00:00,2026-07-11 10:29:54.161580+00:00,33.0,temperatura,ambiente,raspberry_pi_4,camera
1735,_result,1,2026-07-11 08:21:08.604380+00:00,2026-07-11 11:21:08.604380+00:00,2026-07-11 10:29:59.432567+00:00,33.0,temperatura,ambiente,raspberry_pi_4,camera
1736,_result,1,2026-07-11 08:21:08.604380+00:00,2026-07-11 11:21:08.604380+00:00,2026-07-11 10:30:04.692784+00:00,32.9,temperatura,ambiente,raspberry_pi_4,camera
1737,_result,1,2026-07-11 08:21:08.604380+00:00,2026-07-11 11:21:08.604380+00:00,2026-07-11 10:30:09.963599+00:00,33.1,temperatura,ambiente,raspberry_pi_4,camera
1738,_result,1,2026-07-11 08:21:08.604380+00:00,2026-07-11 11:21:08.604380+00:00,2026-07-11 10:30:15.225853+00:00,33.1,temperatura,ambiente,raspberry_pi_4,camera
1739,_result,1,2026-07-11 08:21:08.604380+00:00,2026-07-11 11:21:08.604380+00:00,2026-07-11 10:30:20.495573+00:00,33.1,temperatura,ambiente,raspberry_pi_4,camera
1740,_result,1,2026-07-11 08:21:08.604380+00:00,2026-07-11 11:21:08.604380+00:00,2026-07-11 10:30:25.755506+00:00,33.2,temperatura,ambiente,raspberry_pi_4,camera
1741,_result,1,2026-07-11 08:21:08.604380+00:00,2026-07-11 11:21:08.604380+00:00,2026-07-11 10:30:31.026320+00:00,33.1,temperatura,ambiente,raspberry_pi_4,camera
1742,_result,1,2026-07-11 08:21:08.604380+00:00,2026-07-11 11:21:08.604380+00:00,2026-07-11 10:30:36.286568+00:00,33.2,temperatura,ambiente,raspberry_pi_4,camera
1743,_result,1,2026-07-11 08:21:08.604380+00:00,2026-07-11 11:21:08.604380+00:00,2026-07-11 10:30:41.557169+00:00,33.2,temperatura,ambiente,raspberry_pi_4,camera
1744,_result,1,2026-07-11 08:21:08.604380+00:00,2026-07-11 11:21:08.604380+00:00,2026-07-11 10:30:46.817043+00:00,33.2,temperatura,ambiente,raspberry_pi_4,camera
1745,_result,1,2026-07-11 08:21:08.604380+00:00,2026-07-11 11:21:08.604380+00:00,2026-07-11 10:30:52.086904+00:00,33.2,temperatura,ambiente,raspberry_pi_4,camera
1746,_result,1,2026-07-11 08:21:08.604380+00:00,2026-07-11 11:21:08.604380+00:00,2026-07-11 10:30:57.347069+00:00,33.2,temperatura,ambiente,raspberry_pi_4,camera
1747,_result,1,2026-07-11 08:21:08.604380+00:00,2026-07-11 11:21:08.604380+00:00,2026-07-11 10:31:02.618202+00:00,33.2,temperatura,ambiente,raspberry_pi_4,camera
1748,_result,1,2026-07-11 08:21:08.604380+00:00,2026-07-11 11:21:08.604380+00:00,2026-07-11 10:31:07.878303+00:00,33.2,temperatura,ambiente,raspberry_pi_4,camera
1749,_result,1,2026-07-11 08:21:08.604380+00:00,2026-07-11 11:21:08.604380+00:00,2026-07-11 10:31:13.147633+00:00,33.1,temperatura,ambiente,raspberry_pi_4,camera
1750,_result,1,2026-07-11 08:21:08.604380+00:00,2026-07-11 11:21:08.604380+00:00,2026-07-11 10:31:18.407865+00:00,33.2,temperatura,ambiente,raspberry_pi_4,camera
1751,_result,1,2026-07-11 08:21:08.604380+00:00,2026-07-11 11:21:08.604380+00:00,2026-07-11 10:31:23.678730+00:00,33.2,temperatura,ambiente,raspberry_pi_4,camera
1752,_result,1,2026-07-11 08:21:08.604380+00:00,2026-07-11 11:21:08.604380+00:00,2026-07-11 10:31:28.938755+00:00,33.1,temperatura,ambiente,raspberry_pi_4,camera
1753,_result,1,2026-07-11 08:21:08.604380+00:00,2026-07-11 11:21:08.604380+00:00,2026-07-11 10:31:34.209853+00:00,33.2,temperatura,ambiente,raspberry_pi_4,camera
1754,_result,1,2026-07-11 08:21:08.604380+00:00,2026-07-11 11:21:08.604380+00:00,2026-07-11 10:31:39.470045+00:00,33.2,temperatura,ambiente,raspberry_pi_4,camera
1755,_result,1,2026-07-11 08:21:08.604380+00:00,2026-07-11 11:21:08.604380+00:00,2026-07-11 10:31:44.739296+00:00,33.2,temperatura,ambiente,raspberry_pi_4,camera
1756,_result,1,2026-07-11 08:21:08.604380+00:00,2026-07-11 11:21:08.604380+00:00,2026-07-11 10:31:49.999333+00:00,33.2,temperatura,ambiente,raspberry_pi_4,camera
1757,_result,1,2026-07-11 08:21:08.604380+00:00,2026-07-11 11:21:08.604380+00:00,2026-07-11 10:31:55.269133+00:00,33.3,temperatura,ambiente,raspberry_pi_4,camera
1758,_result,1,2026-07-11 08:21:08.604380+00:00,2026-07-11 11:21:08.604380+00:00,2026-07-11 10:32:00.530789+00:00,33.2,temperatura,ambiente,raspberry_pi_4,camera
1759,_result,1,2026-07-11 08:21:08.604380+00:00,2026-07-11 11:21:08.604380+00:00,2026-07-11 10:32:05.800806+00:00,33.3,temperatura,ambiente,raspberry_pi_4,camera
1760,_result,1,2026-07-11 08:21:08.604380+00:00,2026-07-11 11:21:08.604380+00:00,2026-07-11 10:32:11.061125+00:00,33.3,temperatura,ambiente,raspberry_pi_4,camera
1761,_result,1,2026-07-11 08:21:08.604380+00:00,2026-07-11 11:21:08.604380+00:00,2026-07-11 10:32:16.331091+00:00,33.3,temperatura,ambiente,raspberry_pi_4,camera
1762,_result,1,2026-07-11 08:21:08.604380+00:00,2026-07-11 11:21:08.604380+00:00,2026-07-11 10:32:21.591161+00:00,33.3,temperatura,ambiente,raspberry_pi_4,camera
1763,_result,1,2026-07-11 08:21:08.604380+00:00,2026-07-11 11:21:08.604380+00:00,2026-07-11 10:32:26.860827+00:00,33.3,temperatura,ambiente,raspberry_pi_4,camera
1764,_result,1,2026-07-11 08:21:08.604380+00:00,2026-07-11 11:21:08.604380+00:00,2026-07-11 10:32:32.123943+00:00,33.3,temperatura,ambiente,raspberry_pi_4,camera
1765,_result,1,2026-07-11 08:21:08.604380+00:00,2026-07-11 11:21:08.604380+00:00,2026-07-11 10:32:37.393790+00:00,33.3,temperatura,ambiente,raspberry_pi_4,camera
1766,_result,1,2026-07-11 08:21:08.604380+00:00,2026-07-11 11:21:08.604380+00:00,2026-07-11 10:32:42.653886+00:00,33.3,temperatura,ambiente,raspberry_pi_4,camera
1767,_result,1,2026-07-11 08:21:08.604380+00:00,2026-07-11 11:21:08.604380+00:00,2026-07-11 10:32:47.923550+00:00,33.3,temperatura,ambiente,raspberry_pi_4,camera
1768,_result,1,2026-07-11 08:21:08.604380+00:00,2026-07-11 11:21:08.604380+00:00,2026-07-11 10:32:53.183337+00:00,33.3,temperatura,ambiente,raspberry_pi_4,camera
1769,_result,1,2026-07-11 08:21:08.604380+00:00,2026-07-11 11:21:08.604380+00:00,2026-07-11 10:32:58.452793+00:00,33.3,temperatura,ambiente,raspberry_pi_4,camera
1770,_result,1,2026-07-11 08:21:08.604380+00:00,2026-07-11 11:21:08.604380+00:00,2026-07-11 10:33:03.714347+00:00,33.3,temperatura,ambiente,raspberry_pi_4,camera
1771,_result,1,2026-07-11 08:21:08.604380+00:00,2026-07-11 11:21:08.604380+00:00,2026-07-11 10:33:08.983668+00:00,33.3,temperatura,ambiente,raspberry_pi_4,camera
1772,_result,1,2026-07-11 08:21:08.604380+00:00,2026-07-11 11:21:08.604380+00:00,2026-07-11 10:33:14.243901+00:00,33.3,temperatura,ambiente,raspberry_pi_4,camera
1773,_result,1,2026-07-11 08:21:08.604380+00:00,2026-07-11 11:21:08.604380+00:00,2026-07-11 10:33:19.512935+00:00,33.3,temperatura,ambiente,raspberry_pi_4,camera
1774,_result,1,2026-07-11 08:21:08.604380+00:00,2026-07-11 11:21:08.604380+00:00,2026-07-11 10:33:24.772917+00:00,33.3,temperatura,ambiente,raspberry_pi_4,camera
1775,_result,1,2026-07-11 08:21:08.604380+00:00,2026-07-11 11:21:08.604380+00:00,2026-07-11 10:33:30.043506+00:00,33.3,temperatura,ambiente,raspberry_pi_4,camera
1776,_result,1,2026-07-11 08:21:08.604380+00:00,2026-07-11 11:21:08.604380+00:00,2026-07-11 10:33:35.303722+00:00,33.3,temperatura,ambiente,raspberry_pi_4,camera
1777,_result,1,2026-07-11 08:21:08.604380+00:00,2026-07-11 11:21:08.604380+00:00,2026-07-11 10:33:45.827094+00:00,33.3,temperatura,ambiente,raspberry_pi_4,camera
1778,_result,1,2026-07-11 08:21:08.604380+00:00,2026-07-11 11:21:08.604380+00:00,2026-07-11 10:33:51.096780+00:00,33.3,temperatura,ambiente,raspberry_pi_4,camera
1779,_result,1,2026-07-11 08:21:08.604380+00:00,2026-07-11 11:21:08.604380+00:00,2026-07-11 10:33:56.358251+00:00,33.3,temperatura,ambiente,raspberry_pi_4,camera
1780,_result,1,2026-07-11 08:21:08.604380+00:00,2026-07-11 11:21:08.604380+00:00,2026-07-11 10:34:06.884008+00:00,33.3,temperatura,ambiente,raspberry_pi_4,camera
1781,_result,1,2026-07-11 08:21:08.604380+00:00,2026-07-11 11:21:08.604380+00:00,2026-07-11 10:34:12.153622+00:00,33.3,temperatura,ambiente,raspberry_pi_4,camera
1782,_result,1,2026-07-11 08:21:08.604380+00:00,2026-07-11 11:21:08.604380+00:00,2026-07-11 10:34:17.413969+00:00,33.3,temperatura,ambiente,raspberry_pi_4,camera
1783,_result,1,2026-07-11 08:21:08.604380+00:00,2026-07-11 11:21:08.604380+00:00,2026-07-11 10:34:22.683025+00:00,33.3,temperatura,ambiente,raspberry_pi_4,camera
1784,_result,1,2026-07-11 08:21:08.604380+00:00,2026-07-11 11:21:08.604380+00:00,2026-07-11 10:34:27.943161+00:00,33.3,temperatura,ambiente,raspberry_pi_4,camera
1785,_result,1,2026-07-11 08:21:08.604380+00:00,2026-07-11 11:21:08.604380+00:00,2026-07-11 10:34:33.218645+00:00,33.3,temperatura,ambiente,raspberry_pi_4,camera
1786,_result,1,2026-07-11 08:21:08.604380+00:00,2026-07-11 11:21:08.604380+00:00,2026-07-11 10:34:43.742034+00:00,33.3,temperatura,ambiente,raspberry_pi_4,camera
1787,_result,1,2026-07-11 08:21:08.604380+00:00,2026-07-11 11:21:08.604380+00:00,2026-07-11 10:34:49.002046+00:00,33.3,temperatura,ambiente,raspberry_pi_4,camera
1788,_result,1,2026-07-11 08:21:08.604380+00:00,2026-07-11 11:21:08.604380+00:00,2026-07-11 10:34:54.272694+00:00,33.3,temperatura,ambiente,raspberry_pi_4,camera
1789,_result,1,2026-07-11 08:21:08.604380+00:00,2026-07-11 11:21:08.604380+00:00,2026-07-11 10:34:59.534531+00:00,33.2,temperatura,ambiente,raspberry_pi_4,camera
1790,_result,1,2026-07-11 08:21:08.604380+00:00,2026-07-11 11:21:08.604380+00:00,2026-07-11 10:35:04.803879+00:00,33.2,temperatura,ambiente,raspberry_pi_4,camera
1791,_result,1,2026-07-11 08:21:08.604380+00:00,2026-07-11 11:21:08.604380+00:00,2026-07-11 10:35:10.064111+00:00,33.0,temperatura,ambiente,raspberry_pi_4,camera
1792,_result,1,2026-07-11 08:21:08.604380+00:00,2026-07-11 11:21:08.604380+00:00,2026-07-11 10:35:15.334109+00:00,32.8,temperatura,ambiente,raspberry_pi_4,camera
1793,_result,1,2026-07-11 08:21:08.604380+00:00,2026-07-11 11:21:08.604380+00:00,2026-07-11 10:35:20.594244+00:00,32.8,temperatura,ambiente,raspberry_pi_4,camera
1794,_result,1,2026-07-11 08:21:08.604380+00:00,2026-07-11 11:21:08.604380+00:00,2026-07-11 10:35:25.863940+00:00,32.8,temperatura,ambiente,raspberry_pi_4,camera
1795,_result,1,2026-07-11 08:21:08.604380+00:00,2026-07-11 11:21:08.604380+00:00,2026-07-11 10:35:31.125444+00:00,32.8,temperatura,ambiente,raspberry_pi_4,camera
1796,_result,1,2026-07-11 08:21:08.604380+00:00,2026-07-11 11:21:08.604380+00:00,2026-07-11 10:35:36.398309+00:00,32.8,temperatura,ambiente,raspberry_pi_4,camera
1797,_result,1,2026-07-11 08:21:08.604380+00:00,2026-07-11 11:21:08.604380+00:00,2026-07-11 10:35:41.658735+00:00,32.8,temperatura,ambiente,raspberry_pi_4,camera
1798,_result,1,2026-07-11 08:21:08.604380+00:00,2026-07-11 11:21:08.604380+00:00,2026-07-11 10:35:46.928187+00:00,32.8,temperatura,ambiente,raspberry_pi_4,camera
1799,_result,1,2026-07-11 08:21:08.604380+00:00,2026-07-11 11:21:08.604380+00:00,2026-07-11 10:35:52.188347+00:00,32.8,temperatura,ambiente,raspberry_pi_4,camera
1800,_result,1,2026-07-11 08:21:08.604380+00:00,2026-07-11 11:21:08.604380+00:00,2026-07-11 10:35:57.483590+00:00,32.8,temperatura,ambiente,raspberry_pi_4,camera
1801,_result,1,2026-07-11 08:21:08.604380+00:00,2026-07-11 11:21:08.604380+00:00,2026-07-11 10:36:02.745234+00:00,32.8,temperatura,ambiente,raspberry_pi_4,camera
1802,_result,1,2026-07-11 08:21:08.604380+00:00,2026-07-11 11:21:08.604380+00:00,2026-07-11 10:36:08.015501+00:00,32.8,temperatura,ambiente,raspberry_pi_4,camera
1803,_result,1,2026-07-11 08:21:08.604380+00:00,2026-07-11 11:21:08.604380+00:00,2026-07-11 10:36:13.278202+00:00,32.8,temperatura,ambiente,raspberry_pi_4,camera
1804,_result,1,2026-07-11 08:21:08.604380+00:00,2026-07-11 11:21:08.604380+00:00,2026-07-11 10:36:18.547628+00:00,32.8,temperatura,ambiente,raspberry_pi_4,camera
1805,_result,1,2026-07-11 08:21:08.604380+00:00,2026-07-11 11:21:08.604380+00:00,2026-07-11 10:36:23.808399+00:00,32.8,temperatura,ambiente,raspberry_pi_4,camera
1806,_result,1,2026-07-11 08:21:08.604380+00:00,2026-07-11 11:21:08.604380+00:00,2026-07-11 10:36:29.079186+00:00,32.8,temperatura,ambiente,raspberry_pi_4,camera
1807,_result,1,2026-07-11 08:21:08.604380+00:00,2026-07-11 11:21:08.604380+00:00,2026-07-11 10:36:34.339243+00:00,32.8,temperatura,ambiente,raspberry_pi_4,camera
1808,_result,1,2026-07-11 08:21:08.604380+00:00,2026-07-11 11:21:08.604380+00:00,2026-07-11 10:36:39.609187+00:00,32.8,temperatura,ambiente,raspberry_pi_4,camera
1809,_result,1,2026-07-11 08:21:08.604380+00:00,2026-07-11 11:21:08.604380+00:00,2026-07-11 10:36:44.869092+00:00,32.8,temperatura,ambiente,raspberry_pi_4,camera
1810,_result,1,2026-07-11 08:21:08.604380+00:00,2026-07-11 11:21:08.604380+00:00,2026-07-11 10:36:50.138417+00:00,32.8,temperatura,ambiente,raspberry_pi_4,camera
1811,_result,1,2026-07-11 08:21:08.604380+00:00,2026-07-11 11:21:08.604380+00:00,2026-07-11 10:36:55.399058+00:00,32.8,temperatura,ambiente,raspberry_pi_4,camera
1812,_result,1,2026-07-11 08:21:08.604380+00:00,2026-07-11 11:21:08.604380+00:00,2026-07-11 10:37:00.670231+00:00,32.8,temperatura,ambiente,raspberry_pi_4,camera
1813,_result,1,2026-07-11 08:21:08.604380+00:00,2026-07-11 11:21:08.604380+00:00,2026-07-11 10:37:05.930233+00:00,32.8,temperatura,ambiente,raspberry_pi_4,camera
1814,_result,1,2026-07-11 08:21:08.604380+00:00,2026-07-11 11:21:08.604380+00:00,2026-07-11 10:37:11.199945+00:00,32.8,temperatura,ambiente,raspberry_pi_4,camera
1815,_result,1,2026-07-11 08:21:08.604380+00:00,2026-07-11 11:21:08.604380+00:00,2026-07-11 10:37:16.460452+00:00,32.8,temperatura,ambiente,raspberry_pi_4,camera
1816,_result,1,2026-07-11 08:21:08.604380+00:00,2026-07-11 11:21:08.604380+00:00,2026-07-11 10:37:21.729806+00:00,32.8,temperatura,ambiente,raspberry_pi_4,camera
1817,_result,1,2026-07-11 08:21:08.604380+00:00,2026-07-11 11:21:08.604380+00:00,2026-07-11 10:37:26.989884+00:00,32.8,temperatura,ambiente,raspberry_pi_4,camera
1818,_result,1,2026-07-11 08:21:08.604380+00:00,2026-07-11 11:21:08.604380+00:00,2026-07-11 10:37:32.278163+00:00,32.8,temperatura,ambiente,raspberry_pi_4,camera
1819,_result,1,2026-07-11 08:21:08.604380+00:00,2026-07-11 11:21:08.604380+00:00,2026-07-11 10:37:37.538545+00:00,32.8,temperatura,ambiente,raspberry_pi_4,camera
1820,_result,1,2026-07-11 08:21:08.604380+00:00,2026-07-11 11:21:08.604380+00:00,2026-07-11 10:37:42.807955+00:00,32.8,temperatura,ambiente,raspberry_pi_4,camera
1821,_result,1,2026-07-11 08:21:08.604380+00:00,2026-07-11 11:21:08.604380+00:00,2026-07-11 10:37:48.068027+00:00,32.8,temperatura,ambiente,raspberry_pi_4,camera
1822,_result,1,2026-07-11 08:21:08.604380+00:00,2026-07-11 11:21:08.604380+00:00,2026-07-11 10:38:03.858743+00:00,32.8,temperatura,ambiente,raspberry_pi_4,camera
1823,_result,1,2026-07-11 08:21:08.604380+00:00,2026-07-11 11:21:08.604380+00:00,2026-07-11 10:38:14.382744+00:00,32.8,temperatura,ambiente,raspberry_pi_4,camera
1824,_result,1,2026-07-11 08:21:08.604380+00:00,2026-07-11 11:21:08.604380+00:00,2026-07-11 10:38:19.642661+00:00,32.8,temperatura,ambiente,raspberry_pi_4,camera
1825,_result,1,2026-07-11 08:21:08.604380+00:00,2026-07-11 11:21:08.604380+00:00,2026-07-11 10:38:24.912994+00:00,33.0,temperatura,ambiente,raspberry_pi_4,camera
1826,_result,1,2026-07-11 08:21:08.604380+00:00,2026-07-11 11:21:08.604380+00:00,2026-07-11 10:38:30.174781+00:00,33.2,temperatura,ambiente,raspberry_pi_4,camera
1827,_result,1,2026-07-11 08:21:08.604380+00:00,2026-07-11 11:21:08.604380+00:00,2026-07-11 10:38:35.444489+00:00,33.3,temperatura,ambiente,raspberry_pi_4,camera
1828,_result,1,2026-07-11 08:21:08.604380+00:00,2026-07-11 11:21:08.604380+00:00,2026-07-11 10:38:40.704420+00:00,33.3,temperatura,ambiente,raspberry_pi_4,camera
1829,_result,1,2026-07-11 08:21:08.604380+00:00,2026-07-11 11:21:08.604380+00:00,2026-07-11 10:38:45.974228+00:00,33.3,temperatura,ambiente,raspberry_pi_4,camera
1830,_result,1,2026-07-11 08:21:08.604380+00:00,2026-07-11 11:21:08.604380+00:00,2026-07-11 10:38:51.234421+00:00,33.3,temperatura,ambiente,raspberry_pi_4,camera
1831,_result,1,2026-07-11 08:21:08.604380+00:00,2026-07-11 11:21:08.604380+00:00,2026-07-11 10:38:56.503703+00:00,33.3,temperatura,ambiente,raspberry_pi_4,camera
1832,_result,1,2026-07-11 08:21:08.604380+00:00,2026-07-11 11:21:08.604380+00:00,2026-07-11 10:39:01.765123+00:00,33.3,temperatura,ambiente,raspberry_pi_4,camera
1833,_result,1,2026-07-11 08:21:08.604380+00:00,2026-07-11 11:21:08.604380+00:00,2026-07-11 10:39:07.034592+00:00,33.3,temperatura,ambiente,raspberry_pi_4,camera
1834,_result,1,2026-07-11 08:21:08.604380+00:00,2026-07-11 11:21:08.604380+00:00,2026-07-11 10:39:12.294969+00:00,33.3,temperatura,ambiente,raspberry_pi_4,camera
1835,_result,1,2026-07-11 08:21:08.604380+00:00,2026-07-11 11:21:08.604380+00:00,2026-07-11 10:39:17.564113+00:00,33.3,temperatura,ambiente,raspberry_pi_4,camera
1836,_result,1,2026-07-11 08:21:08.604380+00:00,2026-07-11 11:21:08.604380+00:00,2026-07-11 10:39:22.824076+00:00,33.3,temperatura,ambiente,raspberry_pi_4,camera
1837,_result,1,2026-07-11 08:21:08.604380+00:00,2026-07-11 11:21:08.604380+00:00,2026-07-11 10:39:28.116912+00:00,33.3,temperatura,ambiente,raspberry_pi_4,camera
1838,_result,1,2026-07-11 08:21:08.604380+00:00,2026-07-11 11:21:08.604380+00:00,2026-07-11 10:39:33.378437+00:00,33.3,temperatura,ambiente,raspberry_pi_4,camera
1839,_result,1,2026-07-11 08:21:08.604380+00:00,2026-07-11 11:21:08.604380+00:00,2026-07-11 10:39:38.649561+00:00,33.3,temperatura,ambiente,raspberry_pi_4,camera
1840,_result,1,2026-07-11 08:21:08.604380+00:00,2026-07-11 11:21:08.604380+00:00,2026-07-11 10:39:43.909641+00:00,33.3,temperatura,ambiente,raspberry_pi_4,camera
1841,_result,1,2026-07-11 08:21:08.604380+00:00,2026-07-11 11:21:08.604380+00:00,2026-07-11 10:39:49.179425+00:00,33.3,temperatura,ambiente,raspberry_pi_4,camera
1842,_result,1,2026-07-11 08:21:08.604380+00:00,2026-07-11 11:21:08.604380+00:00,2026-07-11 10:39:54.439407+00:00,33.3,temperatura,ambiente,raspberry_pi_4,camera
1843,_result,1,2026-07-11 08:21:08.604380+00:00,2026-07-11 11:21:08.604380+00:00,2026-07-11 10:39:59.710843+00:00,33.3,temperatura,ambiente,raspberry_pi_4,camera
1844,_result,1,2026-07-11 08:21:08.604380+00:00,2026-07-11 11:21:08.604380+00:00,2026-07-11 10:40:04.971014+00:00,33.3,temperatura,ambiente,raspberry_pi_4,camera
1845,_result,1,2026-07-11 08:21:08.604380+00:00,2026-07-11 11:21:08.604380+00:00,2026-07-11 10:40:10.240429+00:00,33.3,temperatura,ambiente,raspberry_pi_4,camera
1846,_result,1,2026-07-11 08:21:08.604380+00:00,2026-07-11 11:21:08.604380+00:00,2026-07-11 10:40:15.501057+00:00,33.3,temperatura,ambiente,raspberry_pi_4,camera
1847,_result,1,2026-07-11 08:21:08.604380+00:00,2026-07-11 11:21:08.604380+00:00,2026-07-11 10:40:20.773865+00:00,33.3,temperatura,ambiente,raspberry_pi_4,camera
1848,_result,1,2026-07-11 08:21:08.604380+00:00,2026-07-11 11:21:08.604380+00:00,2026-07-11 10:40:26.033991+00:00,33.3,temperatura,ambiente,raspberry_pi_4,camera
1849,_result,1,2026-07-11 08:21:08.604380+00:00,2026-07-11 11:21:08.604380+00:00,2026-07-11 10:40:31.312095+00:00,33.3,temperatura,ambiente,raspberry_pi_4,camera
1850,_result,1,2026-07-11 08:21:08.604380+00:00,2026-07-11 11:21:08.604380+00:00,2026-07-11 10:40:36.572173+00:00,33.3,temperatura,ambiente,raspberry_pi_4,camera
1851,_result,1,2026-07-11 08:21:08.604380+00:00,2026-07-11 11:21:08.604380+00:00,2026-07-11 10:40:41.842301+00:00,33.4,temperatura,ambiente,raspberry_pi_4,camera
1852,_result,1,2026-07-11 08:21:08.604380+00:00,2026-07-11 11:21:08.604380+00:00,2026-07-11 10:40:47.102414+00:00,33.5,temperatura,ambiente,raspberry_pi_4,camera
1853,_result,1,2026-07-11 08:21:08.604380+00:00,2026-07-11 11:21:08.604380+00:00,2026-07-11 10:40:52.371517+00:00,33.4,temperatura,ambiente,raspberry_pi_4,camera
1854,_result,1,2026-07-11 08:21:08.604380+00:00,2026-07-11 11:21:08.604380+00:00,2026-07-11 10:40:57.631856+00:00,33.5,temperatura,ambiente,raspberry_pi_4,camera
1855,_result,1,2026-07-11 08:21:08.604380+00:00,2026-07-11 11:21:08.604380+00:00,2026-07-11 10:41:02.902689+00:00,33.5,temperatura,ambiente,raspberry_pi_4,camera
1856,_result,1,2026-07-11 08:21:08.604380+00:00,2026-07-11 11:21:08.604380+00:00,2026-07-11 10:41:08.162701+00:00,33.6,temperatura,ambiente,raspberry_pi_4,camera
1857,_result,1,2026-07-11 08:21:08.604380+00:00,2026-07-11 11:21:08.604380+00:00,2026-07-11 10:41:13.432107+00:00,33.7,temperatura,ambiente,raspberry_pi_4,camera
1858,_result,1,2026-07-11 08:21:08.604380+00:00,2026-07-11 11:21:08.604380+00:00,2026-07-11 10:41:18.692017+00:00,33.6,temperatura,ambiente,raspberry_pi_4,camera
1859,_result,1,2026-07-11 08:21:08.604380+00:00,2026-07-11 11:21:08.604380+00:00,2026-07-11 10:41:23.961921+00:00,33.7,temperatura,ambiente,raspberry_pi_4,camera
1860,_result,1,2026-07-11 08:21:08.604380+00:00,2026-07-11 11:21:08.604380+00:00,2026-07-11 10:41:34.485422+00:00,33.7,temperatura,ambiente,raspberry_pi_4,camera
1861,_result,1,2026-07-11 08:21:08.604380+00:00,2026-07-11 11:21:08.604380+00:00,2026-07-11 10:41:39.745469+00:00,33.7,temperatura,ambiente,raspberry_pi_4,camera
1862,_result,1,2026-07-11 08:21:08.604380+00:00,2026-07-11 11:21:08.604380+00:00,2026-07-11 10:41:45.014997+00:00,33.8,temperatura,ambiente,raspberry_pi_4,camera
1863,_result,1,2026-07-11 08:21:08.604380+00:00,2026-07-11 11:21:08.604380+00:00,2026-07-11 10:41:50.275398+00:00,33.8,temperatura,ambiente,raspberry_pi_4,camera
1864,_result,1,2026-07-11 08:21:08.604380+00:00,2026-07-11 11:21:08.604380+00:00,2026-07-11 10:41:55.549434+00:00,33.8,temperatura,ambiente,raspberry_pi_4,camera
1865,_result,1,2026-07-11 08:21:08.604380+00:00,2026-07-11 11:21:08.604380+00:00,2026-07-11 10:42:06.081991+00:00,33.8,temperatura,ambiente,raspberry_pi_4,camera
1866,_result,1,2026-07-11 08:21:08.604380+00:00,2026-07-11 11:21:08.604380+00:00,2026-07-11 10:42:11.343209+00:00,33.7,temperatura,ambiente,raspberry_pi_4,camera
1867,_result,1,2026-07-11 08:21:08.604380+00:00,2026-07-11 11:21:08.604380+00:00,2026-07-11 10:42:16.612889+00:00,33.7,temperatura,ambiente,raspberry_pi_4,camera
1868,_result,1,2026-07-11 08:21:08.604380+00:00,2026-07-11 11:21:08.604380+00:00,2026-07-11 10:42:21.874096+00:00,33.8,temperatura,ambiente,raspberry_pi_4,camera
1869,_result,1,2026-07-11 08:21:08.604380+00:00,2026-07-11 11:21:08.604380+00:00,2026-07-11 10:42:27.144423+00:00,33.7,temperatura,ambiente,raspberry_pi_4,camera
1870,_result,1,2026-07-11 08:21:08.604380+00:00,2026-07-11 11:21:08.604380+00:00,2026-07-11 10:42:32.406367+00:00,33.5,temperatura,ambiente,raspberry_pi_4,camera
1871,_result,1,2026-07-11 08:21:08.604380+00:00,2026-07-11 11:21:08.604380+00:00,2026-07-11 10:42:37.676173+00:00,33.4,temperatura,ambiente,raspberry_pi_4,camera
1872,_result,1,2026-07-11 08:21:08.604380+00:00,2026-07-11 11:21:08.604380+00:00,2026-07-11 10:42:42.938110+00:00,33.4,temperatura,ambiente,raspberry_pi_4,camera
1873,_result,1,2026-07-11 08:21:08.604380+00:00,2026-07-11 11:21:08.604380+00:00,2026-07-11 10:42:48.208188+00:00,33.4,temperatura,ambiente,raspberry_pi_4,camera
1874,_result,1,2026-07-11 08:21:08.604380+00:00,2026-07-11 11:21:08.604380+00:00,2026-07-11 10:42:53.468168+00:00,33.4,temperatura,ambiente,raspberry_pi_4,camera
1875,_result,1,2026-07-11 08:21:08.604380+00:00,2026-07-11 11:21:08.604380+00:00,2026-07-11 10:42:58.739496+00:00,33.3,temperatura,ambiente,raspberry_pi_4,camera
1876,_result,1,2026-07-11 08:21:08.604380+00:00,2026-07-11 11:21:08.604380+00:00,2026-07-11 10:43:03.999765+00:00,33.3,temperatura,ambiente,raspberry_pi_4,camera
1877,_result,1,2026-07-11 08:21:08.604380+00:00,2026-07-11 11:21:08.604380+00:00,2026-07-11 10:43:09.269542+00:00,33.3,temperatura,ambiente,raspberry_pi_4,camera
1878,_result,1,2026-07-11 08:21:08.604380+00:00,2026-07-11 11:21:08.604380+00:00,2026-07-11 10:43:25.062703+00:00,33.3,temperatura,ambiente,raspberry_pi_4,camera
1879,_result,1,2026-07-11 08:21:08.604380+00:00,2026-07-11 11:21:08.604380+00:00,2026-07-11 10:43:30.333717+00:00,33.3,temperatura,ambiente,raspberry_pi_4,camera
1880,_result,1,2026-07-11 08:21:08.604380+00:00,2026-07-11 11:21:08.604380+00:00,2026-07-11 10:43:35.594099+00:00,33.3,temperatura,ambiente,raspberry_pi_4,camera
1881,_result,1,2026-07-11 08:21:08.604380+00:00,2026-07-11 11:21:08.604380+00:00,2026-07-11 10:43:40.866409+00:00,33.3,temperatura,ambiente,raspberry_pi_4,camera
1882,_result,1,2026-07-11 08:21:08.604380+00:00,2026-07-11 11:21:08.604380+00:00,2026-07-11 10:43:46.130049+00:00,33.3,temperatura,ambiente,raspberry_pi_4,camera
1883,_result,1,2026-07-11 08:21:08.604380+00:00,2026-07-11 11:21:08.604380+00:00,2026-07-11 10:43:51.399953+00:00,33.3,temperatura,ambiente,raspberry_pi_4,camera
1884,_result,1,2026-07-11 08:21:08.604380+00:00,2026-07-11 11:21:08.604380+00:00,2026-07-11 10:43:56.661588+00:00,33.3,temperatura,ambiente,raspberry_pi_4,camera
1885,_result,1,2026-07-11 08:21:08.604380+00:00,2026-07-11 11:21:08.604380+00:00,2026-07-11 10:44:01.932893+00:00,33.3,temperatura,ambiente,raspberry_pi_4,camera
1886,_result,1,2026-07-11 08:21:08.604380+00:00,2026-07-11 11:21:08.604380+00:00,2026-07-11 10:44:12.458766+00:00,33.3,temperatura,ambiente,raspberry_pi_4,camera
1887,_result,1,2026-07-11 08:21:08.604380+00:00,2026-07-11 11:21:08.604380+00:00,2026-07-11 10:44:17.718758+00:00,33.3,temperatura,ambiente,raspberry_pi_4,camera
1888,_result,1,2026-07-11 08:21:08.604380+00:00,2026-07-11 11:21:08.604380+00:00,2026-07-11 10:44:22.988216+00:00,33.3,temperatura,ambiente,raspberry_pi_4,camera
1889,_result,1,2026-07-11 08:21:08.604380+00:00,2026-07-11 11:21:08.604380+00:00,2026-07-11 10:44:28.248558+00:00,33.3,temperatura,ambiente,raspberry_pi_4,camera
1890,_result,1,2026-07-11 08:21:08.604380+00:00,2026-07-11 11:21:08.604380+00:00,2026-07-11 10:44:33.519650+00:00,33.3,temperatura,ambiente,raspberry_pi_4,camera
1891,_result,1,2026-07-11 08:21:08.604380+00:00,2026-07-11 11:21:08.604380+00:00,2026-07-11 10:44:38.779776+00:00,33.3,temperatura,ambiente,raspberry_pi_4,camera
1892,_result,1,2026-07-11 08:21:08.604380+00:00,2026-07-11 11:21:08.604380+00:00,2026-07-11 10:44:44.049559+00:00,33.3,temperatura,ambiente,raspberry_pi_4,camera
1893,_result,1,2026-07-11 08:21:08.604380+00:00,2026-07-11 11:21:08.604380+00:00,2026-07-11 10:44:49.309867+00:00,33.3,temperatura,ambiente,raspberry_pi_4,camera
1894,_result,1,2026-07-11 08:21:08.604380+00:00,2026-07-11 11:21:08.604380+00:00,2026-07-11 10:44:54.579405+00:00,33.3,temperatura,ambiente,raspberry_pi_4,camera
1895,_result,1,2026-07-11 08:21:08.604380+00:00,2026-07-11 11:21:08.604380+00:00,2026-07-11 10:44:59.841326+00:00,33.3,temperatura,ambiente,raspberry_pi_4,camera
1896,_result,1,2026-07-11 08:21:08.604380+00:00,2026-07-11 11:21:08.604380+00:00,2026-07-11 10:45:05.111031+00:00,33.3,temperatura,ambiente,raspberry_pi_4,camera
1897,_result,1,2026-07-11 08:21:08.604380+00:00,2026-07-11 11:21:08.604380+00:00,2026-07-11 10:45:10.371263+00:00,33.3,temperatura,ambiente,raspberry_pi_4,camera
1898,_result,1,2026-07-11 08:21:08.604380+00:00,2026-07-11 11:21:08.604380+00:00,2026-07-11 10:45:15.650218+00:00,33.3,temperatura,ambiente,raspberry_pi_4,camera
1899,_result,1,2026-07-11 08:21:08.604380+00:00,2026-07-11 11:21:08.604380+00:00,2026-07-11 10:45:20.913595+00:00,33.3,temperatura,ambiente,raspberry_pi_4,camera
1900,_result,1,2026-07-11 08:21:08.604380+00:00,2026-07-11 11:21:08.604380+00:00,2026-07-11 10:45:26.183463+00:00,33.3,temperatura,ambiente,raspberry_pi_4,camera
1901,_result,1,2026-07-11 08:21:08.604380+00:00,2026-07-11 11:21:08.604380+00:00,2026-07-11 10:45:36.708808+00:00,33.3,temperatura,ambiente,raspberry_pi_4,camera
1902,_result,1,2026-07-11 08:21:08.604380+00:00,2026-07-11 11:21:08.604380+00:00,2026-07-11 10:45:41.968822+00:00,33.3,temperatura,ambiente,raspberry_pi_4,camera
1903,_result,1,2026-07-11 08:21:08.604380+00:00,2026-07-11 11:21:08.604380+00:00,2026-07-11 10:45:47.238567+00:00,33.3,temperatura,ambiente,raspberry_pi_4,camera
1904,_result,1,2026-07-11 08:21:08.604380+00:00,2026-07-11 11:21:08.604380+00:00,2026-07-11 10:45:52.498957+00:00,33.3,temperatura,ambiente,raspberry_pi_4,camera
1905,_result,1,2026-07-11 08:21:08.604380+00:00,2026-07-11 11:21:08.604380+00:00,2026-07-11 10:45:57.768189+00:00,33.3,temperatura,ambiente,raspberry_pi_4,camera
1906,_result,1,2026-07-11 08:21:08.604380+00:00,2026-07-11 11:21:08.604380+00:00,2026-07-11 10:46:08.294292+00:00,33.3,temperatura,ambiente,raspberry_pi_4,camera
1907,_result,1,2026-07-11 08:21:08.604380+00:00,2026-07-11 11:21:08.604380+00:00,2026-07-11 10:46:13.554723+00:00,33.2,temperatura,ambiente,raspberry_pi_4,camera
1908,_result,1,2026-07-11 08:21:08.604380+00:00,2026-07-11 11:21:08.604380+00:00,2026-07-11 10:46:18.823926+00:00,33.2,temperatura,ambiente,raspberry_pi_4,camera
1909,_result,1,2026-07-11 08:21:08.604380+00:00,2026-07-11 11:21:08.604380+00:00,2026-07-11 10:46:24.084206+00:00,33.3,temperatura,ambiente,raspberry_pi_4,camera
1910,_result,1,2026-07-11 08:21:08.604380+00:00,2026-07-11 11:21:08.604380+00:00,2026-07-11 10:46:29.355538+00:00,33.2,temperatura,ambiente,raspberry_pi_4,camera
1911,_result,1,2026-07-11 08:21:08.604380+00:00,2026-07-11 11:21:08.604380+00:00,2026-07-11 10:46:34.615749+00:00,33.2,temperatura,ambiente,raspberry_pi_4,camera
1912,_result,1,2026-07-11 08:21:08.604380+00:00,2026-07-11 11:21:08.604380+00:00,2026-07-11 10:46:39.896451+00:00,33.2,temperatura,ambiente,raspberry_pi_4,camera
1913,_result,1,2026-07-11 08:21:08.604380+00:00,2026-07-11 11:21:08.604380+00:00,2026-07-11 10:46:45.156359+00:00,33.2,temperatura,ambiente,raspberry_pi_4,camera
1914,_result,1,2026-07-11 08:21:08.604380+00:00,2026-07-11 11:21:08.604380+00:00,2026-07-11 10:46:50.426307+00:00,33.2,temperatura,ambiente,raspberry_pi_4,camera
1915,_result,1,2026-07-11 08:21:08.604380+00:00,2026-07-11 11:21:08.604380+00:00,2026-07-11 10:46:55.689364+00:00,33.3,temperatura,ambiente,raspberry_pi_4,camera
1916,_result,1,2026-07-11 08:21:08.604380+00:00,2026-07-11 11:21:08.604380+00:00,2026-07-11 10:47:00.966168+00:00,33.2,temperatura,ambiente,raspberry_pi_4,camera
1917,_result,1,2026-07-11 08:21:08.604380+00:00,2026-07-11 11:21:08.604380+00:00,2026-07-11 10:47:06.226456+00:00,33.3,temperatura,ambiente,raspberry_pi_4,camera
1918,_result,1,2026-07-11 08:21:08.604380+00:00,2026-07-11 11:21:08.604380+00:00,2026-07-11 10:47:11.496138+00:00,33.3,temperatura,ambiente,raspberry_pi_4,camera
1919,_result,1,2026-07-11 08:21:08.604380+00:00,2026-07-11 11:21:08.604380+00:00,2026-07-11 10:47:16.756350+00:00,33.3,temperatura,ambiente,raspberry_pi_4,camera
1920,_result,1,2026-07-11 08:21:08.604380+00:00,2026-07-11 11:21:08.604380+00:00,2026-07-11 10:47:22.026889+00:00,33.3,temperatura,ambiente,raspberry_pi_4,camera
1921,_result,1,2026-07-11 08:21:08.604380+00:00,2026-07-11 11:21:08.604380+00:00,2026-07-11 10:47:27.287977+00:00,33.3,temperatura,ambiente,raspberry_pi_4,camera
1922,_result,1,2026-07-11 08:21:08.604380+00:00,2026-07-11 11:21:08.604380+00:00,2026-07-11 10:47:32.558930+00:00,33.3,temperatura,ambiente,raspberry_pi_4,camera
1923,_result,1,2026-07-11 08:21:08.604380+00:00,2026-07-11 11:21:08.604380+00:00,2026-07-11 10:47:37.819170+00:00,33.3,temperatura,ambiente,raspberry_pi_4,camera
1924,_result,1,2026-07-11 08:21:08.604380+00:00,2026-07-11 11:21:08.604380+00:00,2026-07-11 10:47:43.088506+00:00,33.3,temperatura,ambiente,raspberry_pi_4,camera
1925,_result,1,2026-07-11 08:21:08.604380+00:00,2026-07-11 11:21:08.604380+00:00,2026-07-11 10:47:48.348878+00:00,33.3,temperatura,ambiente,raspberry_pi_4,camera
1926,_result,1,2026-07-11 08:21:08.604380+00:00,2026-07-11 11:21:08.604380+00:00,2026-07-11 10:47:53.618195+00:00,33.3,temperatura,ambiente,raspberry_pi_4,camera
1927,_result,1,2026-07-11 08:21:08.604380+00:00,2026-07-11 11:21:08.604380+00:00,2026-07-11 10:47:58.879864+00:00,33.3,temperatura,ambiente,raspberry_pi_4,camera
1928,_result,1,2026-07-11 08:21:08.604380+00:00,2026-07-11 11:21:08.604380+00:00,2026-07-11 10:48:04.150787+00:00,33.3,temperatura,ambiente,raspberry_pi_4,camera
1929,_result,1,2026-07-11 08:21:08.604380+00:00,2026-07-11 11:21:08.604380+00:00,2026-07-11 10:48:09.411159+00:00,33.3,temperatura,ambiente,raspberry_pi_4,camera
1930,_result,1,2026-07-11 08:21:08.604380+00:00,2026-07-11 11:21:08.604380+00:00,2026-07-11 10:48:14.680240+00:00,33.3,temperatura,ambiente,raspberry_pi_4,camera
1931,_result,1,2026-07-11 08:21:08.604380+00:00,2026-07-11 11:21:08.604380+00:00,2026-07-11 10:48:19.940295+00:00,33.3,temperatura,ambiente,raspberry_pi_4,camera
1932,_result,1,2026-07-11 08:21:08.604380+00:00,2026-07-11 11:21:08.604380+00:00,2026-07-11 10:48:25.210154+00:00,33.3,temperatura,ambiente,raspberry_pi_4,camera
1933,_result,1,2026-07-11 08:21:08.604380+00:00,2026-07-11 11:21:08.604380+00:00,2026-07-11 10:48:30.490194+00:00,33.3,temperatura,ambiente,raspberry_pi_4,camera
1934,_result,1,2026-07-11 08:21:08.604380+00:00,2026-07-11 11:21:08.604380+00:00,2026-07-11 10:48:41.021739+00:00,33.3,temperatura,ambiente,raspberry_pi_4,camera
1935,_result,1,2026-07-11 08:21:08.604380+00:00,2026-07-11 11:21:08.604380+00:00,2026-07-11 10:48:46.291338+00:00,33.3,temperatura,ambiente,raspberry_pi_4,camera
1936,_result,1,2026-07-11 08:21:08.604380+00:00,2026-07-11 11:21:08.604380+00:00,2026-07-11 10:48:51.551320+00:00,33.3,temperatura,ambiente,raspberry_pi_4,camera
1937,_result,1,2026-07-11 08:21:08.604380+00:00,2026-07-11 11:21:08.604380+00:00,2026-07-11 10:48:56.821005+00:00,33.3,temperatura,ambiente,raspberry_pi_4,camera
1938,_result,1,2026-07-11 08:21:08.604380+00:00,2026-07-11 11:21:08.604380+00:00,2026-07-11 10:49:02.082679+00:00,33.3,temperatura,ambiente,raspberry_pi_4,camera
1939,_result,1,2026-07-11 08:21:08.604380+00:00,2026-07-11 11:21:08.604380+00:00,2026-07-11 10:49:07.352261+00:00,33.3,temperatura,ambiente,raspberry_pi_4,camera
1940,_result,1,2026-07-11 08:21:08.604380+00:00,2026-07-11 11:21:08.604380+00:00,2026-07-11 10:49:12.614221+00:00,33.3,temperatura,ambiente,raspberry_pi_4,camera
1941,_result,1,2026-07-11 08:21:08.604380+00:00,2026-07-11 11:21:08.604380+00:00,2026-07-11 10:49:17.883850+00:00,33.3,temperatura,ambiente,raspberry_pi_4,camera
1942,_result,1,2026-07-11 08:21:08.604380+00:00,2026-07-11 11:21:08.604380+00:00,2026-07-11 10:49:23.146245+00:00,33.3,temperatura,ambiente,raspberry_pi_4,camera
1943,_result,1,2026-07-11 08:21:08.604380+00:00,2026-07-11 11:21:08.604380+00:00,2026-07-11 10:49:28.415642+00:00,33.3,temperatura,ambiente,raspberry_pi_4,camera
1944,_result,1,2026-07-11 08:21:08.604380+00:00,2026-07-11 11:21:08.604380+00:00,2026-07-11 10:49:38.940975+00:00,33.3,temperatura,ambiente,raspberry_pi_4,camera
1945,_result,1,2026-07-11 08:21:08.604380+00:00,2026-07-11 11:21:08.604380+00:00,2026-07-11 10:49:44.201132+00:00,33.3,temperatura,ambiente,raspberry_pi_4,camera
1946,_result,1,2026-07-11 08:21:08.604380+00:00,2026-07-11 11:21:08.604380+00:00,2026-07-11 10:49:49.470832+00:00,33.3,temperatura,ambiente,raspberry_pi_4,camera
1947,_result,1,2026-07-11 08:21:08.604380+00:00,2026-07-11 11:21:08.604380+00:00,2026-07-11 10:49:59.997431+00:00,33.3,temperatura,ambiente,raspberry_pi_4,camera
1948,_result,1,2026-07-11 08:21:08.604380+00:00,2026-07-11 11:21:08.604380+00:00,2026-07-11 10:50:05.257687+00:00,33.3,temperatura,ambiente,raspberry_pi_4,camera
1949,_result,1,2026-07-11 08:21:08.604380+00:00,2026-07-11 11:21:08.604380+00:00,2026-07-11 10:50:10.527598+00:00,33.3,temperatura,ambiente,raspberry_pi_4,camera
1950,_result,1,2026-07-11 08:21:08.604380+00:00,2026-07-11 11:21:08.604380+00:00,2026-07-11 10:50:15.789917+00:00,33.2,temperatura,ambiente,raspberry_pi_4,camera
1951,_result,1,2026-07-11 08:21:08.604380+00:00,2026-07-11 11:21:08.604380+00:00,2026-07-11 10:50:21.059353+00:00,33.2,temperatura,ambiente,raspberry_pi_4,camera
1952,_result,1,2026-07-11 08:21:08.604380+00:00,2026-07-11 11:21:08.604380+00:00,2026-07-11 10:50:26.319710+00:00,33.2,temperatura,ambiente,raspberry_pi_4,camera
1953,_result,1,2026-07-11 08:21:08.604380+00:00,2026-07-11 11:21:08.604380+00:00,2026-07-11 10:50:31.591124+00:00,33.2,temperatura,ambiente,raspberry_pi_4,camera
1954,_result,1,2026-07-11 08:21:08.604380+00:00,2026-07-11 11:21:08.604380+00:00,2026-07-11 10:50:36.861989+00:00,33.2,temperatura,ambiente,raspberry_pi_4,camera
1955,_result,1,2026-07-11 08:21:08.604380+00:00,2026-07-11 11:21:08.604380+00:00,2026-07-11 10:50:42.131808+00:00,33.1,temperatura,ambiente,raspberry_pi_4,camera
1956,_result,1,2026-07-11 08:21:08.604380+00:00,2026-07-11 11:21:08.604380+00:00,2026-07-11 10:50:47.392098+00:00,33.1,temperatura,ambiente,raspberry_pi_4,camera
1957,_result,1,2026-07-11 08:21:08.604380+00:00,2026-07-11 11:21:08.604380+00:00,2026-07-11 10:50:52.661480+00:00,33.2,temperatura,ambiente,raspberry_pi_4,camera
1958,_result,1,2026-07-11 08:21:08.604380+00:00,2026-07-11 11:21:08.604380+00:00,2026-07-11 10:50:57.921776+00:00,33.1,temperatura,ambiente,raspberry_pi_4,camera
1959,_result,1,2026-07-11 08:21:08.604380+00:00,2026-07-11 11:21:08.604380+00:00,2026-07-11 10:51:03.193857+00:00,33.2,temperatura,ambiente,raspberry_pi_4,camera
1960,_result,1,2026-07-11 08:21:08.604380+00:00,2026-07-11 11:21:08.604380+00:00,2026-07-11 10:51:08.453908+00:00,33.2,temperatura,ambiente,raspberry_pi_4,camera
1961,_result,1,2026-07-11 08:21:08.604380+00:00,2026-07-11 11:21:08.604380+00:00,2026-07-11 10:51:13.723729+00:00,33.3,temperatura,ambiente,raspberry_pi_4,camera
1962,_result,1,2026-07-11 08:21:08.604380+00:00,2026-07-11 11:21:08.604380+00:00,2026-07-11 10:51:18.983927+00:00,33.3,temperatura,ambiente,raspberry_pi_4,camera
1963,_result,1,2026-07-11 08:21:08.604380+00:00,2026-07-11 11:21:08.604380+00:00,2026-07-11 10:51:24.253741+00:00,33.3,temperatura,ambiente,raspberry_pi_4,camera
1964,_result,1,2026-07-11 08:21:08.604380+00:00,2026-07-11 11:21:08.604380+00:00,2026-07-11 10:51:29.515702+00:00,33.3,temperatura,ambiente,raspberry_pi_4,camera
1965,_result,1,2026-07-11 08:21:08.604380+00:00,2026-07-11 11:21:08.604380+00:00,2026-07-11 10:51:34.802956+00:00,33.3,temperatura,ambiente,raspberry_pi_4,camera
1966,_result,1,2026-07-11 08:21:08.604380+00:00,2026-07-11 11:21:08.604380+00:00,2026-07-11 10:51:40.063044+00:00,33.3,temperatura,ambiente,raspberry_pi_4,camera
1967,_result,1,2026-07-11 08:21:08.604380+00:00,2026-07-11 11:21:08.604380+00:00,2026-07-11 10:51:45.332754+00:00,33.3,temperatura,ambiente,raspberry_pi_4,camera
1968,_result,1,2026-07-11 08:21:08.604380+00:00,2026-07-11 11:21:08.604380+00:00,2026-07-11 10:51:50.606234+00:00,33.3,temperatura,ambiente,raspberry_pi_4,camera
1969,_result,1,2026-07-11 08:21:08.604380+00:00,2026-07-11 11:21:08.604380+00:00,2026-07-11 10:52:06.409220+00:00,33.3,temperatura,ambiente,raspberry_pi_4,camera
1970,_result,1,2026-07-11 08:21:08.604380+00:00,2026-07-11 11:21:08.604380+00:00,2026-07-11 10:52:11.670101+00:00,33.3,temperatura,ambiente,raspberry_pi_4,camera
1971,_result,1,2026-07-11 08:21:08.604380+00:00,2026-07-11 11:21:08.604380+00:00,2026-07-11 10:52:16.939401+00:00,33.3,temperatura,ambiente,raspberry_pi_4,camera
1972,_result,1,2026-07-11 08:21:08.604380+00:00,2026-07-11 11:21:08.604380+00:00,2026-07-11 10:52:22.199914+00:00,33.3,temperatura,ambiente,raspberry_pi_4,camera
1973,_result,1,2026-07-11 08:21:08.604380+00:00,2026-07-11 11:21:08.604380+00:00,2026-07-11 10:52:27.470056+00:00,33.3,temperatura,ambiente,raspberry_pi_4,camera
1974,_result,1,2026-07-11 08:21:08.604380+00:00,2026-07-11 11:21:08.604380+00:00,2026-07-11 10:52:32.731792+00:00,33.3,temperatura,ambiente,raspberry_pi_4,camera
1975,_result,1,2026-07-11 08:21:08.604380+00:00,2026-07-11 11:21:08.604380+00:00,2026-07-11 10:52:38.001294+00:00,33.3,temperatura,ambiente,raspberry_pi_4,camera
1976,_result,1,2026-07-11 08:21:08.604380+00:00,2026-07-11 11:21:08.604380+00:00,2026-07-11 10:52:43.261335+00:00,33.3,temperatura,ambiente,raspberry_pi_4,camera
1977,_result,1,2026-07-11 08:21:08.604380+00:00,2026-07-11 11:21:08.604380+00:00,2026-07-11 10:52:48.531084+00:00,33.3,temperatura,ambiente,raspberry_pi_4,camera
1978,_result,1,2026-07-11 08:21:08.604380+00:00,2026-07-11 11:21:08.604380+00:00,2026-07-11 10:52:53.791106+00:00,33.3,temperatura,ambiente,raspberry_pi_4,camera
1979,_result,1,2026-07-11 08:21:08.604380+00:00,2026-07-11 11:21:08.604380+00:00,2026-07-11 10:53:04.317863+00:00,33.3,temperatura,ambiente,raspberry_pi_4,camera
1980,_result,1,2026-07-11 08:21:08.604380+00:00,2026-07-11 11:21:08.604380+00:00,2026-07-11 10:53:09.587386+00:00,33.3,temperatura,ambiente,raspberry_pi_4,camera
1981,_result,1,2026-07-11 08:21:08.604380+00:00,2026-07-11 11:21:08.604380+00:00,2026-07-11 10:53:14.848922+00:00,33.3,temperatura,ambiente,raspberry_pi_4,camera
1982,_result,1,2026-07-11 08:21:08.604380+00:00,2026-07-11 11:21:08.604380+00:00,2026-07-11 10:53:20.118216+00:00,33.3,temperatura,ambiente,raspberry_pi_4,camera
1983,_result,1,2026-07-11 08:21:08.604380+00:00,2026-07-11 11:21:08.604380+00:00,2026-07-11 10:53:25.378237+00:00,33.3,temperatura,ambiente,raspberry_pi_4,camera
1984,_result,1,2026-07-11 08:21:08.604380+00:00,2026-07-11 11:21:08.604380+00:00,2026-07-11 10:53:30.649042+00:00,33.3,temperatura,ambiente,raspberry_pi_4,camera
1985,_result,1,2026-07-11 08:21:08.604380+00:00,2026-07-11 11:21:08.604380+00:00,2026-07-11 10:53:35.909198+00:00,33.3,temperatura,ambiente,raspberry_pi_4,camera
1986,_result,1,2026-07-11 08:21:08.604380+00:00,2026-07-11 11:21:08.604380+00:00,2026-07-11 10:53:41.178618+00:00,33.3,temperatura,ambiente,raspberry_pi_4,camera
1987,_result,1,2026-07-11 08:21:08.604380+00:00,2026-07-11 11:21:08.604380+00:00,2026-07-11 10:53:46.438852+00:00,33.3,temperatura,ambiente,raspberry_pi_4,camera
1988,_result,1,2026-07-11 08:21:08.604380+00:00,2026-07-11 11:21:08.604380+00:00,2026-07-11 10:53:51.708729+00:00,33.3,temperatura,ambiente,raspberry_pi_4,camera
1989,_result,1,2026-07-11 08:21:08.604380+00:00,2026-07-11 11:21:08.604380+00:00,2026-07-11 10:53:56.968796+00:00,33.3,temperatura,ambiente,raspberry_pi_4,camera
1990,_result,1,2026-07-11 08:21:08.604380+00:00,2026-07-11 11:21:08.604380+00:00,2026-07-11 10:54:02.239764+00:00,33.3,temperatura,ambiente,raspberry_pi_4,camera
1991,_result,1,2026-07-11 08:21:08.604380+00:00,2026-07-11 11:21:08.604380+00:00,2026-07-11 10:54:07.499961+00:00,33.3,temperatura,ambiente,raspberry_pi_4,camera
1992,_result,1,2026-07-11 08:21:08.604380+00:00,2026-07-11 11:21:08.604380+00:00,2026-07-11 10:54:12.768986+00:00,33.3,temperatura,ambiente,raspberry_pi_4,camera
1993,_result,1,2026-07-11 08:21:08.604380+00:00,2026-07-11 11:21:08.604380+00:00,2026-07-11 10:54:18.029213+00:00,33.3,temperatura,ambiente,raspberry_pi_4,camera
1994,_result,1,2026-07-11 08:21:08.604380+00:00,2026-07-11 11:21:08.604380+00:00,2026-07-11 10:54:23.299139+00:00,33.3,temperatura,ambiente,raspberry_pi_4,camera
1995,_result,1,2026-07-11 08:21:08.604380+00:00,2026-07-11 11:21:08.604380+00:00,2026-07-11 10:54:28.559125+00:00,33.3,temperatura,ambiente,raspberry_pi_4,camera
1996,_result,1,2026-07-11 08:21:08.604380+00:00,2026-07-11 11:21:08.604380+00:00,2026-07-11 10:54:33.830840+00:00,33.3,temperatura,ambiente,raspberry_pi_4,camera
1997,_result,1,2026-07-11 08:21:08.604380+00:00,2026-07-11 11:21:08.604380+00:00,2026-07-11 10:54:39.090913+00:00,33.3,temperatura,ambiente,raspberry_pi_4,camera
1998,_result,1,2026-07-11 08:21:08.604380+00:00,2026-07-11 11:21:08.604380+00:00,2026-07-11 10:54:44.360257+00:00,33.3,temperatura,ambiente,raspberry_pi_4,camera
1999,_result,1,2026-07-11 08:21:08.604380+00:00,2026-07-11 11:21:08.604380+00:00,2026-07-11 10:54:49.620553+00:00,33.3,temperatura,ambiente,raspberry_pi_4,camera
2000,_result,1,2026-07-11 08:21:08.604380+00:00,2026-07-11 11:21:08.604380+00:00,2026-07-11 10:54:54.890877+00:00,33.3,temperatura,ambiente,raspberry_pi_4,camera
2001,_result,1,2026-07-11 08:21:08.604380+00:00,2026-07-11 11:21:08.604380+00:00,2026-07-11 10:55:00.152658+00:00,33.3,temperatura,ambiente,raspberry_pi_4,camera
2002,_result,1,2026-07-11 08:21:08.604380+00:00,2026-07-11 11:21:08.604380+00:00,2026-07-11 10:55:05.422543+00:00,33.3,temperatura,ambiente,raspberry_pi_4,camera
2003,_result,1,2026-07-11 08:21:08.604380+00:00,2026-07-11 11:21:08.604380+00:00,2026-07-11 10:55:10.682538+00:00,33.3,temperatura,ambiente,raspberry_pi_4,camera
2004,_result,1,2026-07-11 08:21:08.604380+00:00,2026-07-11 11:21:08.604380+00:00,2026-07-11 10:55:15.952424+00:00,33.3,temperatura,ambiente,raspberry_pi_4,camera
2005,_result,1,2026-07-11 08:21:08.604380+00:00,2026-07-11 11:21:08.604380+00:00,2026-07-11 10:55:21.212486+00:00,33.3,temperatura,ambiente,raspberry_pi_4,camera
2006,_result,1,2026-07-11 08:21:08.604380+00:00,2026-07-11 11:21:08.604380+00:00,2026-07-11 10:55:26.481844+00:00,33.3,temperatura,ambiente,raspberry_pi_4,camera
2007,_result,1,2026-07-11 08:21:08.604380+00:00,2026-07-11 11:21:08.604380+00:00,2026-07-11 10:55:31.743762+00:00,33.3,temperatura,ambiente,raspberry_pi_4,camera
2008,_result,1,2026-07-11 08:21:08.604380+00:00,2026-07-11 11:21:08.604380+00:00,2026-07-11 10:55:37.012999+00:00,33.3,temperatura,ambiente,raspberry_pi_4,camera
2009,_result,1,2026-07-11 08:21:08.604380+00:00,2026-07-11 11:21:08.604380+00:00,2026-07-11 10:55:42.273992+00:00,33.3,temperatura,ambiente,raspberry_pi_4,camera
2010,_result,1,2026-07-11 08:21:08.604380+00:00,2026-07-11 11:21:08.604380+00:00,2026-07-11 10:55:47.542954+00:00,33.3,temperatura,ambiente,raspberry_pi_4,camera
2011,_result,1,2026-07-11 08:21:08.604380+00:00,2026-07-11 11:21:08.604380+00:00,2026-07-11 10:55:52.802908+00:00,33.3,temperatura,ambiente,raspberry_pi_4,camera
2012,_result,1,2026-07-11 08:21:08.604380+00:00,2026-07-11 11:21:08.604380+00:00,2026-07-11 10:55:58.072256+00:00,33.3,temperatura,ambiente,raspberry_pi_4,camera
2013,_result,1,2026-07-11 08:21:08.604380+00:00,2026-07-11 11:21:08.604380+00:00,2026-07-11 10:56:03.333874+00:00,33.3,temperatura,ambiente,raspberry_pi_4,camera
2014,_result,1,2026-07-11 08:21:08.604380+00:00,2026-07-11 11:21:08.604380+00:00,2026-07-11 10:56:08.603552+00:00,33.3,temperatura,ambiente,raspberry_pi_4,camera
2015,_result,1,2026-07-11 08:21:08.604380+00:00,2026-07-11 11:21:08.604380+00:00,2026-07-11 10:56:13.863464+00:00,33.3,temperatura,ambiente,raspberry_pi_4,camera
2016,_result,1,2026-07-11 08:21:08.604380+00:00,2026-07-11 11:21:08.604380+00:00,2026-07-11 10:56:19.132617+00:00,33.3,temperatura,ambiente,raspberry_pi_4,camera
2017,_result,1,2026-07-11 08:21:08.604380+00:00,2026-07-11 11:21:08.604380+00:00,2026-07-11 10:56:24.392816+00:00,33.3,temperatura,ambiente,raspberry_pi_4,camera
2018,_result,1,2026-07-11 08:21:08.604380+00:00,2026-07-11 11:21:08.604380+00:00,2026-07-11 10:56:29.663519+00:00,33.3,temperatura,ambiente,raspberry_pi_4,camera
2019,_result,1,2026-07-11 08:21:08.604380+00:00,2026-07-11 11:21:08.604380+00:00,2026-07-11 10:56:34.923434+00:00,33.3,temperatura,ambiente,raspberry_pi_4,camera
2020,_result,1,2026-07-11 08:21:08.604380+00:00,2026-07-11 11:21:08.604380+00:00,2026-07-11 10:56:45.447157+00:00,33.3,temperatura,ambiente,raspberry_pi_4,camera
2021,_result,1,2026-07-11 08:21:08.604380+00:00,2026-07-11 11:21:08.604380+00:00,2026-07-11 10:56:50.716598+00:00,33.3,temperatura,ambiente,raspberry_pi_4,camera
2022,_result,1,2026-07-11 08:21:08.604380+00:00,2026-07-11 11:21:08.604380+00:00,2026-07-11 10:56:55.976959+00:00,33.3,temperatura,ambiente,raspberry_pi_4,camera
2023,_result,1,2026-07-11 08:21:08.604380+00:00,2026-07-11 11:21:08.604380+00:00,2026-07-11 10:57:01.248033+00:00,33.3,temperatura,ambiente,raspberry_pi_4,camera
2024,_result,1,2026-07-11 08:21:08.604380+00:00,2026-07-11 11:21:08.604380+00:00,2026-07-11 10:57:06.508013+00:00,33.3,temperatura,ambiente,raspberry_pi_4,camera
2025,_result,1,2026-07-11 08:21:08.604380+00:00,2026-07-11 11:21:08.604380+00:00,2026-07-11 10:57:11.777083+00:00,33.3,temperatura,ambiente,raspberry_pi_4,camera
2026,_result,1,2026-07-11 08:21:08.604380+00:00,2026-07-11 11:21:08.604380+00:00,2026-07-11 10:57:17.037295+00:00,33.3,temperatura,ambiente,raspberry_pi_4,camera
2027,_result,1,2026-07-11 08:21:08.604380+00:00,2026-07-11 11:21:08.604380+00:00,2026-07-11 10:57:22.306609+00:00,33.3,temperatura,ambiente,raspberry_pi_4,camera
2028,_result,1,2026-07-11 08:21:08.604380+00:00,2026-07-11 11:21:08.604380+00:00,2026-07-11 10:57:27.566638+00:00,33.4,temperatura,ambiente,raspberry_pi_4,camera
2029,_result,1,2026-07-11 08:21:08.604380+00:00,2026-07-11 11:21:08.604380+00:00,2026-07-11 10:57:32.838927+00:00,33.3,temperatura,ambiente,raspberry_pi_4,camera
2030,_result,1,2026-07-11 08:21:08.604380+00:00,2026-07-11 11:21:08.604380+00:00,2026-07-11 10:57:38.098969+00:00,33.5,temperatura,ambiente,raspberry_pi_4,camera
2031,_result,1,2026-07-11 08:21:08.604380+00:00,2026-07-11 11:21:08.604380+00:00,2026-07-11 10:57:43.368688+00:00,33.5,temperatura,ambiente,raspberry_pi_4,camera
2032,_result,1,2026-07-11 08:21:08.604380+00:00,2026-07-11 11:21:08.604380+00:00,2026-07-11 10:57:48.629009+00:00,33.6,temperatura,ambiente,raspberry_pi_4,camera
2033,_result,1,2026-07-11 08:21:08.604380+00:00,2026-07-11 11:21:08.604380+00:00,2026-07-11 10:57:53.898503+00:00,33.6,temperatura,ambiente,raspberry_pi_4,camera
2034,_result,1,2026-07-11 08:21:08.604380+00:00,2026-07-11 11:21:08.604380+00:00,2026-07-11 10:57:59.158889+00:00,33.6,temperatura,ambiente,raspberry_pi_4,camera
2035,_result,1,2026-07-11 08:21:08.604380+00:00,2026-07-11 11:21:08.604380+00:00,2026-07-11 10:58:04.430208+00:00,33.8,temperatura,ambiente,raspberry_pi_4,camera
2036,_result,1,2026-07-11 08:21:08.604380+00:00,2026-07-11 11:21:08.604380+00:00,2026-07-11 10:58:09.690328+00:00,33.7,temperatura,ambiente,raspberry_pi_4,camera
2037,_result,1,2026-07-11 08:21:08.604380+00:00,2026-07-11 11:21:08.604380+00:00,2026-07-11 10:58:14.959708+00:00,33.8,temperatura,ambiente,raspberry_pi_4,camera
2038,_result,1,2026-07-11 08:21:08.604380+00:00,2026-07-11 11:21:08.604380+00:00,2026-07-11 10:58:20.220194+00:00,33.8,temperatura,ambiente,raspberry_pi_4,camera
2039,_result,1,2026-07-11 08:21:08.604380+00:00,2026-07-11 11:21:08.604380+00:00,2026-07-11 10:58:25.489568+00:00,33.8,temperatura,ambiente,raspberry_pi_4,camera
2040,_result,1,2026-07-11 08:21:08.604380+00:00,2026-07-11 11:21:08.604380+00:00,2026-07-11 10:58:30.751967+00:00,33.8,temperatura,ambiente,raspberry_pi_4,camera
2041,_result,1,2026-07-11 08:21:08.604380+00:00,2026-07-11 11:21:08.604380+00:00,2026-07-11 10:58:36.021483+00:00,33.8,temperatura,ambiente,raspberry_pi_4,camera
2042,_result,1,2026-07-11 08:21:08.604380+00:00,2026-07-11 11:21:08.604380+00:00,2026-07-11 10:58:41.281867+00:00,33.8,temperatura,ambiente,raspberry_pi_4,camera
2043,_result,1,2026-07-11 08:21:08.604380+00:00,2026-07-11 11:21:08.604380+00:00,2026-07-11 10:58:46.552086+00:00,33.8,temperatura,ambiente,raspberry_pi_4,camera
2044,_result,1,2026-07-11 08:21:08.604380+00:00,2026-07-11 11:21:08.604380+00:00,2026-07-11 10:58:51.812742+00:00,33.8,temperatura,ambiente,raspberry_pi_4,camera
2045,_result,1,2026-07-11 08:21:08.604380+00:00,2026-07-11 11:21:08.604380+00:00,2026-07-11 10:58:57.083134+00:00,33.8,temperatura,ambiente,raspberry_pi_4,camera
2046,_result,1,2026-07-11 08:21:08.604380+00:00,2026-07-11 11:21:08.604380+00:00,2026-07-11 10:59:02.344756+00:00,33.8,temperatura,ambiente,raspberry_pi_4,camera
2047,_result,1,2026-07-11 08:21:08.604380+00:00,2026-07-11 11:21:08.604380+00:00,2026-07-11 10:59:07.614297+00:00,33.8,temperatura,ambiente,raspberry_pi_4,camera
2048,_result,1,2026-07-11 08:21:08.604380+00:00,2026-07-11 11:21:08.604380+00:00,2026-07-11 10:59:12.874710+00:00,33.8,temperatura,ambiente,raspberry_pi_4,camera
2049,_result,1,2026-07-11 08:21:08.604380+00:00,2026-07-11 11:21:08.604380+00:00,2026-07-11 10:59:18.144123+00:00,33.8,temperatura,ambiente,raspberry_pi_4,camera
2050,_result,1,2026-07-11 08:21:08.604380+00:00,2026-07-11 11:21:08.604380+00:00,2026-07-11 10:59:23.405024+00:00,33.8,temperatura,ambiente,raspberry_pi_4,camera
2051,_result,1,2026-07-11 08:21:08.604380+00:00,2026-07-11 11:21:08.604380+00:00,2026-07-11 10:59:28.676006+00:00,33.8,temperatura,ambiente,raspberry_pi_4,camera
2052,_result,1,2026-07-11 08:21:08.604380+00:00,2026-07-11 11:21:08.604380+00:00,2026-07-11 10:59:33.936169+00:00,33.8,temperatura,ambiente,raspberry_pi_4,camera
2053,_result,1,2026-07-11 08:21:08.604380+00:00,2026-07-11 11:21:08.604380+00:00,2026-07-11 10:59:39.206152+00:00,33.8,temperatura,ambiente,raspberry_pi_4,camera
2054,_result,1,2026-07-11 08:21:08.604380+00:00,2026-07-11 11:21:08.604380+00:00,2026-07-11 10:59:44.466075+00:00,33.8,temperatura,ambiente,raspberry_pi_4,camera
2055,_result,1,2026-07-11 08:21:08.604380+00:00,2026-07-11 11:21:08.604380+00:00,2026-07-11 10:59:49.735825+00:00,33.8,temperatura,ambiente,raspberry_pi_4,camera
2056,_result,1,2026-07-11 08:21:08.604380+00:00,2026-07-11 11:21:08.604380+00:00,2026-07-11 10:59:54.995788+00:00,33.8,temperatura,ambiente,raspberry_pi_4,camera
2057,_result,1,2026-07-11 08:21:08.604380+00:00,2026-07-11 11:21:08.604380+00:00,2026-07-11 11:00:00.266971+00:00,33.8,temperatura,ambiente,raspberry_pi_4,camera
2058,_result,1,2026-07-11 08:21:08.604380+00:00,2026-07-11 11:21:08.604380+00:00,2026-07-11 11:00:05.526905+00:00,33.8,temperatura,ambiente,raspberry_pi_4,camera
2059,_result,1,2026-07-11 08:21:08.604380+00:00,2026-07-11 11:21:08.604380+00:00,2026-07-11 11:00:10.796231+00:00,33.8,temperatura,ambiente,raspberry_pi_4,camera
2060,_result,1,2026-07-11 08:21:08.604380+00:00,2026-07-11 11:21:08.604380+00:00,2026-07-11 11:00:16.056490+00:00,33.8,temperatura,ambiente,raspberry_pi_4,camera
2061,_result,1,2026-07-11 08:21:08.604380+00:00,2026-07-11 11:21:08.604380+00:00,2026-07-11 11:00:21.326366+00:00,33.8,temperatura,ambiente,raspberry_pi_4,camera
2062,_result,1,2026-07-11 08:21:08.604380+00:00,2026-07-11 11:21:08.604380+00:00,2026-07-11 11:00:26.586576+00:00,33.8,temperatura,ambiente,raspberry_pi_4,camera
2063,_result,1,2026-07-11 08:21:08.604380+00:00,2026-07-11 11:21:08.604380+00:00,2026-07-11 11:00:31.857920+00:00,33.8,temperatura,ambiente,raspberry_pi_4,camera
2064,_result,1,2026-07-11 08:21:08.604380+00:00,2026-07-11 11:21:08.604380+00:00,2026-07-11 11:00:37.117890+00:00,33.7,temperatura,ambiente,raspberry_pi_4,camera
2065,_result,1,2026-07-11 08:21:08.604380+00:00,2026-07-11 11:21:08.604380+00:00,2026-07-11 11:00:42.387531+00:00,33.6,temperatura,ambiente,raspberry_pi_4,camera
2066,_result,1,2026-07-11 08:21:08.604380+00:00,2026-07-11 11:21:08.604380+00:00,2026-07-11 11:00:47.647645+00:00,33.6,temperatura,ambiente,raspberry_pi_4,camera
2067,_result,1,2026-07-11 08:21:08.604380+00:00,2026-07-11 11:21:08.604380+00:00,2026-07-11 11:00:52.917801+00:00,33.6,temperatura,ambiente,raspberry_pi_4,camera
2068,_result,1,2026-07-11 08:21:08.604380+00:00,2026-07-11 11:21:08.604380+00:00,2026-07-11 11:00:58.178016+00:00,33.5,temperatura,ambiente,raspberry_pi_4,camera
2069,_result,1,2026-07-11 08:21:08.604380+00:00,2026-07-11 11:21:08.604380+00:00,2026-07-11 11:01:03.449192+00:00,33.5,temperatura,ambiente,raspberry_pi_4,camera
2070,_result,1,2026-07-11 08:21:08.604380+00:00,2026-07-11 11:21:08.604380+00:00,2026-07-11 11:01:08.709164+00:00,33.5,temperatura,ambiente,raspberry_pi_4,camera
2071,_result,1,2026-07-11 08:21:08.604380+00:00,2026-07-11 11:21:08.604380+00:00,2026-07-11 11:01:13.979626+00:00,33.5,temperatura,ambiente,raspberry_pi_4,camera
2072,_result,1,2026-07-11 08:21:08.604380+00:00,2026-07-11 11:21:08.604380+00:00,2026-07-11 11:01:19.239630+00:00,33.5,temperatura,ambiente,raspberry_pi_4,camera
2073,_result,1,2026-07-11 08:21:08.604380+00:00,2026-07-11 11:21:08.604380+00:00,2026-07-11 11:01:24.509394+00:00,33.6,temperatura,ambiente,raspberry_pi_4,camera
2074,_result,1,2026-07-11 08:21:08.604380+00:00,2026-07-11 11:21:08.604380+00:00,2026-07-11 11:01:29.770880+00:00,33.5,temperatura,ambiente,raspberry_pi_4,camera
2075,_result,1,2026-07-11 08:21:08.604380+00:00,2026-07-11 11:21:08.604380+00:00,2026-07-11 11:01:35.040532+00:00,33.6,temperatura,ambiente,raspberry_pi_4,camera
2076,_result,1,2026-07-11 08:21:08.604380+00:00,2026-07-11 11:21:08.604380+00:00,2026-07-11 11:01:40.300575+00:00,33.7,temperatura,ambiente,raspberry_pi_4,camera
2077,_result,1,2026-07-11 08:21:08.604380+00:00,2026-07-11 11:21:08.604380+00:00,2026-07-11 11:01:45.569898+00:00,33.6,temperatura,ambiente,raspberry_pi_4,camera
2078,_result,1,2026-07-11 08:21:08.604380+00:00,2026-07-11 11:21:08.604380+00:00,2026-07-11 11:01:50.830068+00:00,33.7,temperatura,ambiente,raspberry_pi_4,camera
2079,_result,1,2026-07-11 08:21:08.604380+00:00,2026-07-11 11:21:08.604380+00:00,2026-07-11 11:01:56.099526+00:00,33.7,temperatura,ambiente,raspberry_pi_4,camera
2080,_result,1,2026-07-11 08:21:08.604380+00:00,2026-07-11 11:21:08.604380+00:00,2026-07-11 11:02:01.360979+00:00,33.7,temperatura,ambiente,raspberry_pi_4,camera
2081,_result,1,2026-07-11 08:21:08.604380+00:00,2026-07-11 11:21:08.604380+00:00,2026-07-11 11:02:06.630396+00:00,33.8,temperatura,ambiente,raspberry_pi_4,camera
2082,_result,1,2026-07-11 08:21:08.604380+00:00,2026-07-11 11:21:08.604380+00:00,2026-07-11 11:02:11.890682+00:00,33.8,temperatura,ambiente,raspberry_pi_4,camera
2083,_result,1,2026-07-11 08:21:08.604380+00:00,2026-07-11 11:21:08.604380+00:00,2026-07-11 11:02:17.160020+00:00,33.8,temperatura,ambiente,raspberry_pi_4,camera
2084,_result,1,2026-07-11 08:21:08.604380+00:00,2026-07-11 11:21:08.604380+00:00,2026-07-11 11:02:22.420125+00:00,33.8,temperatura,ambiente,raspberry_pi_4,camera
2085,_result,1,2026-07-11 08:21:08.604380+00:00,2026-07-11 11:21:08.604380+00:00,2026-07-11 11:02:27.689665+00:00,33.8,temperatura,ambiente,raspberry_pi_4,camera
2086,_result,1,2026-07-11 08:21:08.604380+00:00,2026-07-11 11:21:08.604380+00:00,2026-07-11 11:02:32.951373+00:00,33.8,temperatura,ambiente,raspberry_pi_4,camera
2087,_result,1,2026-07-11 08:21:08.604380+00:00,2026-07-11 11:21:08.604380+00:00,2026-07-11 11:02:38.220574+00:00,33.8,temperatura,ambiente,raspberry_pi_4,camera
2088,_result,1,2026-07-11 08:21:08.604380+00:00,2026-07-11 11:21:08.604380+00:00,2026-07-11 11:02:43.480643+00:00,33.8,temperatura,ambiente,raspberry_pi_4,camera
2089,_result,1,2026-07-11 08:21:08.604380+00:00,2026-07-11 11:21:08.604380+00:00,2026-07-11 11:02:48.750399+00:00,33.8,temperatura,ambiente,raspberry_pi_4,camera
2090,_result,1,2026-07-11 08:21:08.604380+00:00,2026-07-11 11:21:08.604380+00:00,2026-07-11 11:02:54.010586+00:00,33.8,temperatura,ambiente,raspberry_pi_4,camera
2091,_result,1,2026-07-11 08:21:08.604380+00:00,2026-07-11 11:21:08.604380+00:00,2026-07-11 11:02:59.281519+00:00,33.8,temperatura,ambiente,raspberry_pi_4,camera
2092,_result,1,2026-07-11 08:21:08.604380+00:00,2026-07-11 11:21:08.604380+00:00,2026-07-11 11:03:04.543290+00:00,33.8,temperatura,ambiente,raspberry_pi_4,camera
2093,_result,1,2026-07-11 08:21:08.604380+00:00,2026-07-11 11:21:08.604380+00:00,2026-07-11 11:03:09.813041+00:00,33.8,temperatura,ambiente,raspberry_pi_4,camera
2094,_result,1,2026-07-11 08:21:08.604380+00:00,2026-07-11 11:21:08.604380+00:00,2026-07-11 11:03:15.072937+00:00,33.8,temperatura,ambiente,raspberry_pi_4,camera
2095,_result,1,2026-07-11 08:21:08.604380+00:00,2026-07-11 11:21:08.604380+00:00,2026-07-11 11:03:20.342155+00:00,33.8,temperatura,ambiente,raspberry_pi_4,camera
2096,_result,1,2026-07-11 08:21:08.604380+00:00,2026-07-11 11:21:08.604380+00:00,2026-07-11 11:03:25.602496+00:00,33.8,temperatura,ambiente,raspberry_pi_4,camera
2097,_result,1,2026-07-11 08:21:08.604380+00:00,2026-07-11 11:21:08.604380+00:00,2026-07-11 11:03:30.873095+00:00,33.8,temperatura,ambiente,raspberry_pi_4,camera
2098,_result,1,2026-07-11 08:21:08.604380+00:00,2026-07-11 11:21:08.604380+00:00,2026-07-11 11:03:36.133274+00:00,33.8,temperatura,ambiente,raspberry_pi_4,camera
2099,_result,1,2026-07-11 08:21:08.604380+00:00,2026-07-11 11:21:08.604380+00:00,2026-07-11 11:03:41.402532+00:00,33.8,temperatura,ambiente,raspberry_pi_4,camera
2100,_result,1,2026-07-11 08:21:08.604380+00:00,2026-07-11 11:21:08.604380+00:00,2026-07-11 11:03:46.662694+00:00,33.8,temperatura,ambiente,raspberry_pi_4,camera
2101,_result,1,2026-07-11 08:21:08.604380+00:00,2026-07-11 11:21:08.604380+00:00,2026-07-11 11:03:51.932269+00:00,33.8,temperatura,ambiente,raspberry_pi_4,camera
2102,_result,1,2026-07-11 08:21:08.604380+00:00,2026-07-11 11:21:08.604380+00:00,2026-07-11 11:03:57.192250+00:00,33.7,temperatura,ambiente,raspberry_pi_4,camera
2103,_result,1,2026-07-11 08:21:08.604380+00:00,2026-07-11 11:21:08.604380+00:00,2026-07-11 11:04:02.463347+00:00,33.6,temperatura,ambiente,raspberry_pi_4,camera
2104,_result,1,2026-07-11 08:21:08.604380+00:00,2026-07-11 11:21:08.604380+00:00,2026-07-11 11:04:07.723272+00:00,33.6,temperatura,ambiente,raspberry_pi_4,camera
2105,_result,1,2026-07-11 08:21:08.604380+00:00,2026-07-11 11:21:08.604380+00:00,2026-07-11 11:04:12.992414+00:00,33.7,temperatura,ambiente,raspberry_pi_4,camera
2106,_result,1,2026-07-11 08:21:08.604380+00:00,2026-07-11 11:21:08.604380+00:00,2026-07-11 11:04:18.258969+00:00,33.6,temperatura,ambiente,raspberry_pi_4,camera
2107,_result,1,2026-07-11 08:21:08.604380+00:00,2026-07-11 11:21:08.604380+00:00,2026-07-11 11:04:28.782429+00:00,33.8,temperatura,ambiente,raspberry_pi_4,camera
2108,_result,1,2026-07-11 08:21:08.604380+00:00,2026-07-11 11:21:08.604380+00:00,2026-07-11 11:04:34.053234+00:00,33.8,temperatura,ambiente,raspberry_pi_4,camera
2109,_result,1,2026-07-11 08:21:08.604380+00:00,2026-07-11 11:21:08.604380+00:00,2026-07-11 11:04:39.313424+00:00,33.8,temperatura,ambiente,raspberry_pi_4,camera
2110,_result,1,2026-07-11 08:21:08.604380+00:00,2026-07-11 11:21:08.604380+00:00,2026-07-11 11:04:44.582595+00:00,33.8,temperatura,ambiente,raspberry_pi_4,camera
2111,_result,1,2026-07-11 08:21:08.604380+00:00,2026-07-11 11:21:08.604380+00:00,2026-07-11 11:04:49.842911+00:00,33.8,temperatura,ambiente,raspberry_pi_4,camera
2112,_result,1,2026-07-11 08:21:08.604380+00:00,2026-07-11 11:21:08.604380+00:00,2026-07-11 11:04:55.113680+00:00,33.8,temperatura,ambiente,raspberry_pi_4,camera
2113,_result,1,2026-07-11 08:21:08.604380+00:00,2026-07-11 11:21:08.604380+00:00,2026-07-11 11:05:00.375316+00:00,33.8,temperatura,ambiente,raspberry_pi_4,camera
2114,_result,1,2026-07-11 08:21:08.604380+00:00,2026-07-11 11:21:08.604380+00:00,2026-07-11 11:05:05.644898+00:00,33.8,temperatura,ambiente,raspberry_pi_4,camera
2115,_result,1,2026-07-11 08:21:08.604380+00:00,2026-07-11 11:21:08.604380+00:00,2026-07-11 11:05:16.168912+00:00,33.8,temperatura,ambiente,raspberry_pi_4,camera
2116,_result,1,2026-07-11 08:21:08.604380+00:00,2026-07-11 11:21:08.604380+00:00,2026-07-11 11:05:21.428837+00:00,33.8,temperatura,ambiente,raspberry_pi_4,camera
2117,_result,1,2026-07-11 08:21:08.604380+00:00,2026-07-11 11:21:08.604380+00:00,2026-07-11 11:05:26.698868+00:00,33.8,temperatura,ambiente,raspberry_pi_4,camera
2118,_result,1,2026-07-11 08:21:08.604380+00:00,2026-07-11 11:21:08.604380+00:00,2026-07-11 11:05:37.224932+00:00,33.8,temperatura,ambiente,raspberry_pi_4,camera
2119,_result,1,2026-07-11 08:21:08.604380+00:00,2026-07-11 11:21:08.604380+00:00,2026-07-11 11:05:42.484902+00:00,33.8,temperatura,ambiente,raspberry_pi_4,camera
2120,_result,1,2026-07-11 08:21:08.604380+00:00,2026-07-11 11:21:08.604380+00:00,2026-07-11 11:05:47.754599+00:00,33.8,temperatura,ambiente,raspberry_pi_4,camera
2121,_result,1,2026-07-11 08:21:08.604380+00:00,2026-07-11 11:21:08.604380+00:00,2026-07-11 11:05:53.014940+00:00,33.8,temperatura,ambiente,raspberry_pi_4,camera
2122,_result,1,2026-07-11 08:21:08.604380+00:00,2026-07-11 11:21:08.604380+00:00,2026-07-11 11:05:58.284448+00:00,33.8,temperatura,ambiente,raspberry_pi_4,camera
2123,_result,1,2026-07-11 08:21:08.604380+00:00,2026-07-11 11:21:08.604380+00:00,2026-07-11 11:06:03.546319+00:00,33.8,temperatura,ambiente,raspberry_pi_4,camera
2124,_result,1,2026-07-11 08:21:08.604380+00:00,2026-07-11 11:21:08.604380+00:00,2026-07-11 11:06:08.816146+00:00,33.8,temperatura,ambiente,raspberry_pi_4,camera
2125,_result,1,2026-07-11 08:21:08.604380+00:00,2026-07-11 11:21:08.604380+00:00,2026-07-11 11:06:14.076223+00:00,33.8,temperatura,ambiente,raspberry_pi_4,camera
2126,_result,1,2026-07-11 08:21:08.604380+00:00,2026-07-11 11:21:08.604380+00:00,2026-07-11 11:06:19.346087+00:00,33.8,temperatura,ambiente,raspberry_pi_4,camera
2127,_result,1,2026-07-11 08:21:08.604380+00:00,2026-07-11 11:21:08.604380+00:00,2026-07-11 11:06:24.606148+00:00,33.8,temperatura,ambiente,raspberry_pi_4,camera
2128,_result,1,2026-07-11 08:21:08.604380+00:00,2026-07-11 11:21:08.604380+00:00,2026-07-11 11:06:29.877443+00:00,33.8,temperatura,ambiente,raspberry_pi_4,camera
2129,_result,1,2026-07-11 08:21:08.604380+00:00,2026-07-11 11:21:08.604380+00:00,2026-07-11 11:06:35.137439+00:00,33.8,temperatura,ambiente,raspberry_pi_4,camera
2130,_result,1,2026-07-11 08:21:08.604380+00:00,2026-07-11 11:21:08.604380+00:00,2026-07-11 11:06:40.407456+00:00,33.8,temperatura,ambiente,raspberry_pi_4,camera
2131,_result,1,2026-07-11 08:21:08.604380+00:00,2026-07-11 11:21:08.604380+00:00,2026-07-11 11:06:45.667415+00:00,33.8,temperatura,ambiente,raspberry_pi_4,camera
2132,_result,1,2026-07-11 08:21:08.604380+00:00,2026-07-11 11:21:08.604380+00:00,2026-07-11 11:06:50.937147+00:00,33.8,temperatura,ambiente,raspberry_pi_4,camera
2133,_result,1,2026-07-11 08:21:08.604380+00:00,2026-07-11 11:21:08.604380+00:00,2026-07-11 11:06:56.198140+00:00,33.8,temperatura,ambiente,raspberry_pi_4,camera
2134,_result,1,2026-07-11 08:21:08.604380+00:00,2026-07-11 11:21:08.604380+00:00,2026-07-11 11:07:06.723314+00:00,33.8,temperatura,ambiente,raspberry_pi_4,camera
2135,_result,1,2026-07-11 08:21:08.604380+00:00,2026-07-11 11:21:08.604380+00:00,2026-07-11 11:07:11.992878+00:00,33.8,temperatura,ambiente,raspberry_pi_4,camera
2136,_result,1,2026-07-11 08:21:08.604380+00:00,2026-07-11 11:21:08.604380+00:00,2026-07-11 11:07:17.254595+00:00,33.8,temperatura,ambiente,raspberry_pi_4,camera
2137,_result,1,2026-07-11 08:21:08.604380+00:00,2026-07-11 11:21:08.604380+00:00,2026-07-11 11:07:22.524243+00:00,33.8,temperatura,ambiente,raspberry_pi_4,camera
2138,_result,1,2026-07-11 08:21:08.604380+00:00,2026-07-11 11:21:08.604380+00:00,2026-07-11 11:07:27.802416+00:00,33.8,temperatura,ambiente,raspberry_pi_4,camera
2139,_result,1,2026-07-11 08:21:08.604380+00:00,2026-07-11 11:21:08.604380+00:00,2026-07-11 11:07:33.081890+00:00,33.8,temperatura,ambiente,raspberry_pi_4,camera
2140,_result,1,2026-07-11 08:21:08.604380+00:00,2026-07-11 11:21:08.604380+00:00,2026-07-11 11:07:38.342541+00:00,33.8,temperatura,ambiente,raspberry_pi_4,camera
2141,_result,1,2026-07-11 08:21:08.604380+00:00,2026-07-11 11:21:08.604380+00:00,2026-07-11 11:07:43.612551+00:00,33.8,temperatura,ambiente,raspberry_pi_4,camera
2142,_result,1,2026-07-11 08:21:08.604380+00:00,2026-07-11 11:21:08.604380+00:00,2026-07-11 11:07:48.874037+00:00,33.8,temperatura,ambiente,raspberry_pi_4,camera
2143,_result,1,2026-07-11 08:21:08.604380+00:00,2026-07-11 11:21:08.604380+00:00,2026-07-11 11:07:54.144023+00:00,33.8,temperatura,ambiente,raspberry_pi_4,camera
2144,_result,1,2026-07-11 08:21:08.604380+00:00,2026-07-11 11:21:08.604380+00:00,2026-07-11 11:07:59.404222+00:00,33.8,temperatura,ambiente,raspberry_pi_4,camera
2145,_result,1,2026-07-11 08:21:08.604380+00:00,2026-07-11 11:21:08.604380+00:00,2026-07-11 11:08:04.676705+00:00,33.8,temperatura,ambiente,raspberry_pi_4,camera
2146,_result,1,2026-07-11 08:21:08.604380+00:00,2026-07-11 11:21:08.604380+00:00,2026-07-11 11:08:09.937236+00:00,33.8,temperatura,ambiente,raspberry_pi_4,camera
2147,_result,1,2026-07-11 08:21:08.604380+00:00,2026-07-11 11:21:08.604380+00:00,2026-07-11 11:08:15.207171+00:00,33.8,temperatura,ambiente,raspberry_pi_4,camera
2148,_result,1,2026-07-11 08:21:08.604380+00:00,2026-07-11 11:21:08.604380+00:00,2026-07-11 11:08:20.467398+00:00,33.8,temperatura,ambiente,raspberry_pi_4,camera
2149,_result,1,2026-07-11 08:21:08.604380+00:00,2026-07-11 11:21:08.604380+00:00,2026-07-11 11:08:25.737024+00:00,33.8,temperatura,ambiente,raspberry_pi_4,camera
2150,_result,1,2026-07-11 08:21:08.604380+00:00,2026-07-11 11:21:08.604380+00:00,2026-07-11 11:08:30.998864+00:00,33.8,temperatura,ambiente,raspberry_pi_4,camera
2151,_result,1,2026-07-11 08:21:08.604380+00:00,2026-07-11 11:21:08.604380+00:00,2026-07-11 11:08:36.268799+00:00,33.8,temperatura,ambiente,raspberry_pi_4,camera
2152,_result,1,2026-07-11 08:21:08.604380+00:00,2026-07-11 11:21:08.604380+00:00,2026-07-11 11:08:41.528799+00:00,33.8,temperatura,ambiente,raspberry_pi_4,camera
2153,_result,1,2026-07-11 08:21:08.604380+00:00,2026-07-11 11:21:08.604380+00:00,2026-07-11 11:08:46.799236+00:00,33.8,temperatura,ambiente,raspberry_pi_4,camera
2154,_result,1,2026-07-11 08:21:08.604380+00:00,2026-07-11 11:21:08.604380+00:00,2026-07-11 11:08:52.059450+00:00,33.7,temperatura,ambiente,raspberry_pi_4,camera
2155,_result,1,2026-07-11 08:21:08.604380+00:00,2026-07-11 11:21:08.604380+00:00,2026-07-11 11:08:57.329143+00:00,33.8,temperatura,ambiente,raspberry_pi_4,camera
2156,_result,1,2026-07-11 08:21:08.604380+00:00,2026-07-11 11:21:08.604380+00:00,2026-07-11 11:09:02.590891+00:00,33.8,temperatura,ambiente,raspberry_pi_4,camera
2157,_result,1,2026-07-11 08:21:08.604380+00:00,2026-07-11 11:21:08.604380+00:00,2026-07-11 11:09:13.114369+00:00,33.7,temperatura,ambiente,raspberry_pi_4,camera
2158,_result,1,2026-07-11 08:21:08.604380+00:00,2026-07-11 11:21:08.604380+00:00,2026-07-11 11:09:18.392942+00:00,33.8,temperatura,ambiente,raspberry_pi_4,camera
2159,_result,1,2026-07-11 08:21:08.604380+00:00,2026-07-11 11:21:08.604380+00:00,2026-07-11 11:20:32.499020+00:00,33.4,temperatura,ambiente,raspberry_pi_4,camera
2160,_result,1,2026-07-11 08:21:08.604380+00:00,2026-07-11 11:21:08.604380+00:00,2026-07-11 11:20:37.814111+00:00,33.6,temperatura,ambiente,raspberry_pi_4,camera
2161,_result,1,2026-07-11 08:21:08.604380+00:00,2026-07-11 11:21:08.604380+00:00,2026-07-11 11:20:53.662899+00:00,33.8,temperatura,ambiente,raspberry_pi_4,camera
2162,_result,1,2026-07-11 08:21:08.604380+00:00,2026-07-11 11:21:08.604380+00:00,2026-07-11 11:20:58.956123+00:00,33.8,temperatura,ambiente,raspberry_pi_4,camera
2163,_result,1,2026-07-11 08:21:08.604380+00:00,2026-07-11 11:21:08.604380+00:00,2026-07-11 11:21:04.357177+00:00,33.8,temperatura,ambiente,raspberry_pi_4,camera
2164,_result,2,2026-07-11 08:21:08.604380+00:00,2026-07-11 11:21:08.604380+00:00,2026-07-11 09:30:39.657029+00:00,39.0,umidita,ambiente,raspberry_pi_4,camera
2165,_result,2,2026-07-11 08:21:08.604380+00:00,2026-07-11 11:21:08.604380+00:00,2026-07-11 09:30:50.235020+00:00,39.0,umidita,ambiente,raspberry_pi_4,camera
2166,_result,2,2026-07-11 08:21:08.604380+00:00,2026-07-11 11:21:08.604380+00:00,2026-07-11 09:30:55.508314+00:00,39.0,umidita,ambiente,raspberry_pi_4,camera
2167,_result,2,2026-07-11 08:21:08.604380+00:00,2026-07-11 11:21:08.604380+00:00,2026-07-11 09:31:00.782786+00:00,39.0,umidita,ambiente,raspberry_pi_4,camera
2168,_result,2,2026-07-11 08:21:08.604380+00:00,2026-07-11 11:21:08.604380+00:00,2026-07-11 09:31:06.044304+00:00,40.0,umidita,ambiente,raspberry_pi_4,camera
2169,_result,2,2026-07-11 08:21:08.604380+00:00,2026-07-11 11:21:08.604380+00:00,2026-07-11 09:31:11.315236+00:00,40.0,umidita,ambiente,raspberry_pi_4,camera
2170,_result,2,2026-07-11 08:21:08.604380+00:00,2026-07-11 11:21:08.604380+00:00,2026-07-11 09:31:16.575635+00:00,40.0,umidita,ambiente,raspberry_pi_4,camera
2171,_result,2,2026-07-11 08:21:08.604380+00:00,2026-07-11 11:21:08.604380+00:00,2026-07-11 09:31:21.846898+00:00,40.0,umidita,ambiente,raspberry_pi_4,camera
2172,_result,2,2026-07-11 08:21:08.604380+00:00,2026-07-11 11:21:08.604380+00:00,2026-07-11 09:31:27.110251+00:00,40.0,umidita,ambiente,raspberry_pi_4,camera
2173,_result,2,2026-07-11 08:21:08.604380+00:00,2026-07-11 11:21:08.604380+00:00,2026-07-11 09:31:32.381444+00:00,40.0,umidita,ambiente,raspberry_pi_4,camera
2174,_result,2,2026-07-11 08:21:08.604380+00:00,2026-07-11 11:21:08.604380+00:00,2026-07-11 09:31:37.641698+00:00,40.0,umidita,ambiente,raspberry_pi_4,camera
2175,_result,2,2026-07-11 08:21:08.604380+00:00,2026-07-11 11:21:08.604380+00:00,2026-07-11 09:31:42.911472+00:00,39.0,umidita,ambiente,raspberry_pi_4,camera
2176,_result,2,2026-07-11 08:21:08.604380+00:00,2026-07-11 11:21:08.604380+00:00,2026-07-11 09:31:48.171764+00:00,39.0,umidita,ambiente,raspberry_pi_4,camera
2177,_result,2,2026-07-11 08:21:08.604380+00:00,2026-07-11 11:21:08.604380+00:00,2026-07-11 09:31:53.722368+00:00,39.0,umidita,ambiente,raspberry_pi_4,camera
2178,_result,2,2026-07-11 08:21:08.604380+00:00,2026-07-11 11:21:08.604380+00:00,2026-07-11 09:31:58.982486+00:00,39.0,umidita,ambiente,raspberry_pi_4,camera
2179,_result,2,2026-07-11 08:21:08.604380+00:00,2026-07-11 11:21:08.604380+00:00,2026-07-11 09:32:04.253914+00:00,40.0,umidita,ambiente,raspberry_pi_4,camera
2180,_result,2,2026-07-11 08:21:08.604380+00:00,2026-07-11 11:21:08.604380+00:00,2026-07-11 09:32:09.514426+00:00,40.0,umidita,ambiente,raspberry_pi_4,camera
2181,_result,2,2026-07-11 08:21:08.604380+00:00,2026-07-11 11:21:08.604380+00:00,2026-07-11 09:32:14.784644+00:00,39.0,umidita,ambiente,raspberry_pi_4,camera
2182,_result,2,2026-07-11 08:21:08.604380+00:00,2026-07-11 11:21:08.604380+00:00,2026-07-11 09:32:20.045184+00:00,39.0,umidita,ambiente,raspberry_pi_4,camera
2183,_result,2,2026-07-11 08:21:08.604380+00:00,2026-07-11 11:21:08.604380+00:00,2026-07-11 09:32:25.315318+00:00,40.0,umidita,ambiente,raspberry_pi_4,camera
2184,_result,2,2026-07-11 08:21:08.604380+00:00,2026-07-11 11:21:08.604380+00:00,2026-07-11 09:32:41.095368+00:00,40.0,umidita,ambiente,raspberry_pi_4,camera
2185,_result,2,2026-07-11 08:21:08.604380+00:00,2026-07-11 11:21:08.604380+00:00,2026-07-11 09:32:46.366087+00:00,40.0,umidita,ambiente,raspberry_pi_4,camera
2186,_result,2,2026-07-11 08:21:08.604380+00:00,2026-07-11 11:21:08.604380+00:00,2026-07-11 09:32:51.626083+00:00,40.0,umidita,ambiente,raspberry_pi_4,camera
2187,_result,2,2026-07-11 08:21:08.604380+00:00,2026-07-11 11:21:08.604380+00:00,2026-07-11 09:32:56.895828+00:00,40.0,umidita,ambiente,raspberry_pi_4,camera
2188,_result,2,2026-07-11 08:21:08.604380+00:00,2026-07-11 11:21:08.604380+00:00,2026-07-11 09:33:02.158691+00:00,40.0,umidita,ambiente,raspberry_pi_4,camera
2189,_result,2,2026-07-11 08:21:08.604380+00:00,2026-07-11 11:21:08.604380+00:00,2026-07-11 09:33:07.428937+00:00,40.0,umidita,ambiente,raspberry_pi_4,camera
2190,_result,2,2026-07-11 08:21:08.604380+00:00,2026-07-11 11:21:08.604380+00:00,2026-07-11 09:33:12.688832+00:00,40.0,umidita,ambiente,raspberry_pi_4,camera
2191,_result,2,2026-07-11 08:21:08.604380+00:00,2026-07-11 11:21:08.604380+00:00,2026-07-11 09:33:17.958764+00:00,40.0,umidita,ambiente,raspberry_pi_4,camera
2192,_result,2,2026-07-11 08:21:08.604380+00:00,2026-07-11 11:21:08.604380+00:00,2026-07-11 09:33:23.218907+00:00,39.0,umidita,ambiente,raspberry_pi_4,camera
2193,_result,2,2026-07-11 08:21:08.604380+00:00,2026-07-11 11:21:08.604380+00:00,2026-07-11 09:33:28.488747+00:00,39.0,umidita,ambiente,raspberry_pi_4,camera
2194,_result,2,2026-07-11 08:21:08.604380+00:00,2026-07-11 11:21:08.604380+00:00,2026-07-11 09:33:33.750338+00:00,39.0,umidita,ambiente,raspberry_pi_4,camera
2195,_result,2,2026-07-11 08:21:08.604380+00:00,2026-07-11 11:21:08.604380+00:00,2026-07-11 09:33:39.020022+00:00,39.0,umidita,ambiente,raspberry_pi_4,camera
2196,_result,2,2026-07-11 08:21:08.604380+00:00,2026-07-11 11:21:08.604380+00:00,2026-07-11 09:33:44.280010+00:00,39.0,umidita,ambiente,raspberry_pi_4,camera
2197,_result,2,2026-07-11 08:21:08.604380+00:00,2026-07-11 11:21:08.604380+00:00,2026-07-11 09:33:49.549694+00:00,39.0,umidita,ambiente,raspberry_pi_4,camera
2198,_result,2,2026-07-11 08:21:08.604380+00:00,2026-07-11 11:21:08.604380+00:00,2026-07-11 09:34:00.075169+00:00,39.0,umidita,ambiente,raspberry_pi_4,camera
2199,_result,2,2026-07-11 08:21:08.604380+00:00,2026-07-11 11:21:08.604380+00:00,2026-07-11 09:34:10.598583+00:00,39.0,umidita,ambiente,raspberry_pi_4,camera
2200,_result,2,2026-07-11 08:21:08.604380+00:00,2026-07-11 11:21:08.604380+00:00,2026-07-11 09:34:15.858740+00:00,39.0,umidita,ambiente,raspberry_pi_4,camera
2201,_result,2,2026-07-11 08:21:08.604380+00:00,2026-07-11 11:21:08.604380+00:00,2026-07-11 09:34:21.128543+00:00,39.0,umidita,ambiente,raspberry_pi_4,camera
2202,_result,2,2026-07-11 08:21:08.604380+00:00,2026-07-11 11:21:08.604380+00:00,2026-07-11 09:34:26.388546+00:00,39.0,umidita,ambiente,raspberry_pi_4,camera
2203,_result,2,2026-07-11 08:21:08.604380+00:00,2026-07-11 11:21:08.604380+00:00,2026-07-11 09:34:31.659388+00:00,39.0,umidita,ambiente,raspberry_pi_4,camera
2204,_result,2,2026-07-11 08:21:08.604380+00:00,2026-07-11 11:21:08.604380+00:00,2026-07-11 09:34:36.919343+00:00,39.0,umidita,ambiente,raspberry_pi_4,camera
2205,_result,2,2026-07-11 08:21:08.604380+00:00,2026-07-11 11:21:08.604380+00:00,2026-07-11 09:34:42.190552+00:00,39.0,umidita,ambiente,raspberry_pi_4,camera
2206,_result,2,2026-07-11 08:21:08.604380+00:00,2026-07-11 11:21:08.604380+00:00,2026-07-11 09:34:47.450656+00:00,39.0,umidita,ambiente,raspberry_pi_4,camera
2207,_result,2,2026-07-11 08:21:08.604380+00:00,2026-07-11 11:21:08.604380+00:00,2026-07-11 09:34:52.720724+00:00,39.0,umidita,ambiente,raspberry_pi_4,camera
2208,_result,2,2026-07-11 08:21:08.604380+00:00,2026-07-11 11:21:08.604380+00:00,2026-07-11 09:34:57.980733+00:00,39.0,umidita,ambiente,raspberry_pi_4,camera
2209,_result,2,2026-07-11 08:21:08.604380+00:00,2026-07-11 11:21:08.604380+00:00,2026-07-11 09:35:03.252070+00:00,39.0,umidita,ambiente,raspberry_pi_4,camera
2210,_result,2,2026-07-11 08:21:08.604380+00:00,2026-07-11 11:21:08.604380+00:00,2026-07-11 09:35:08.512240+00:00,39.0,umidita,ambiente,raspberry_pi_4,camera
2211,_result,2,2026-07-11 08:21:08.604380+00:00,2026-07-11 11:21:08.604380+00:00,2026-07-11 09:35:13.782362+00:00,39.0,umidita,ambiente,raspberry_pi_4,camera
2212,_result,2,2026-07-11 08:21:08.604380+00:00,2026-07-11 11:21:08.604380+00:00,2026-07-11 09:35:19.042412+00:00,39.0,umidita,ambiente,raspberry_pi_4,camera
2213,_result,2,2026-07-11 08:21:08.604380+00:00,2026-07-11 11:21:08.604380+00:00,2026-07-11 09:35:24.312167+00:00,39.0,umidita,ambiente,raspberry_pi_4,camera
2214,_result,2,2026-07-11 08:21:08.604380+00:00,2026-07-11 11:21:08.604380+00:00,2026-07-11 09:35:29.573783+00:00,39.0,umidita,ambiente,raspberry_pi_4,camera
2215,_result,2,2026-07-11 08:21:08.604380+00:00,2026-07-11 11:21:08.604380+00:00,2026-07-11 09:35:34.843539+00:00,39.0,umidita,ambiente,raspberry_pi_4,camera
2216,_result,2,2026-07-11 08:21:08.604380+00:00,2026-07-11 11:21:08.604380+00:00,2026-07-11 09:35:40.104369+00:00,39.0,umidita,ambiente,raspberry_pi_4,camera
2217,_result,2,2026-07-11 08:21:08.604380+00:00,2026-07-11 11:21:08.604380+00:00,2026-07-11 09:35:45.373898+00:00,39.0,umidita,ambiente,raspberry_pi_4,camera
2218,_result,2,2026-07-11 08:21:08.604380+00:00,2026-07-11 11:21:08.604380+00:00,2026-07-11 09:35:50.633983+00:00,39.0,umidita,ambiente,raspberry_pi_4,camera
2219,_result,2,2026-07-11 08:21:08.604380+00:00,2026-07-11 11:21:08.604380+00:00,2026-07-11 09:35:55.903529+00:00,39.0,umidita,ambiente,raspberry_pi_4,camera
2220,_result,2,2026-07-11 08:21:08.604380+00:00,2026-07-11 11:21:08.604380+00:00,2026-07-11 09:36:01.165223+00:00,39.0,umidita,ambiente,raspberry_pi_4,camera
2221,_result,2,2026-07-11 08:21:08.604380+00:00,2026-07-11 11:21:08.604380+00:00,2026-07-11 09:36:06.434932+00:00,39.0,umidita,ambiente,raspberry_pi_4,camera
2222,_result,2,2026-07-11 08:21:08.604380+00:00,2026-07-11 11:21:08.604380+00:00,2026-07-11 09:36:11.694986+00:00,39.0,umidita,ambiente,raspberry_pi_4,camera
2223,_result,2,2026-07-11 08:21:08.604380+00:00,2026-07-11 11:21:08.604380+00:00,2026-07-11 09:36:16.964345+00:00,39.0,umidita,ambiente,raspberry_pi_4,camera
2224,_result,2,2026-07-11 08:21:08.604380+00:00,2026-07-11 11:21:08.604380+00:00,2026-07-11 09:36:22.224731+00:00,40.0,umidita,ambiente,raspberry_pi_4,camera
2225,_result,2,2026-07-11 08:21:08.604380+00:00,2026-07-11 11:21:08.604380+00:00,2026-07-11 09:36:27.495471+00:00,40.0,umidita,ambiente,raspberry_pi_4,camera
2226,_result,2,2026-07-11 08:21:08.604380+00:00,2026-07-11 11:21:08.604380+00:00,2026-07-11 09:36:32.757122+00:00,39.0,umidita,ambiente,raspberry_pi_4,camera
2227,_result,2,2026-07-11 08:21:08.604380+00:00,2026-07-11 11:21:08.604380+00:00,2026-07-11 09:36:38.027588+00:00,39.0,umidita,ambiente,raspberry_pi_4,camera
2228,_result,2,2026-07-11 08:21:08.604380+00:00,2026-07-11 11:21:08.604380+00:00,2026-07-11 09:36:43.287808+00:00,40.0,umidita,ambiente,raspberry_pi_4,camera
2229,_result,2,2026-07-11 08:21:08.604380+00:00,2026-07-11 11:21:08.604380+00:00,2026-07-11 09:36:48.557426+00:00,39.0,umidita,ambiente,raspberry_pi_4,camera
2230,_result,2,2026-07-11 08:21:08.604380+00:00,2026-07-11 11:21:08.604380+00:00,2026-07-11 09:36:53.817210+00:00,40.0,umidita,ambiente,raspberry_pi_4,camera
2231,_result,2,2026-07-11 08:21:08.604380+00:00,2026-07-11 11:21:08.604380+00:00,2026-07-11 09:36:59.088471+00:00,40.0,umidita,ambiente,raspberry_pi_4,camera
2232,_result,2,2026-07-11 08:21:08.604380+00:00,2026-07-11 11:21:08.604380+00:00,2026-07-11 09:37:04.348692+00:00,39.0,umidita,ambiente,raspberry_pi_4,camera
2233,_result,2,2026-07-11 08:21:08.604380+00:00,2026-07-11 11:21:08.604380+00:00,2026-07-11 09:37:09.617925+00:00,39.0,umidita,ambiente,raspberry_pi_4,camera
2234,_result,2,2026-07-11 08:21:08.604380+00:00,2026-07-11 11:21:08.604380+00:00,2026-07-11 09:37:14.878258+00:00,40.0,umidita,ambiente,raspberry_pi_4,camera
2235,_result,2,2026-07-11 08:21:08.604380+00:00,2026-07-11 11:21:08.604380+00:00,2026-07-11 09:37:20.152153+00:00,40.0,umidita,ambiente,raspberry_pi_4,camera
2236,_result,2,2026-07-11 08:21:08.604380+00:00,2026-07-11 11:21:08.604380+00:00,2026-07-11 09:37:25.416525+00:00,40.0,umidita,ambiente,raspberry_pi_4,camera
2237,_result,2,2026-07-11 08:21:08.604380+00:00,2026-07-11 11:21:08.604380+00:00,2026-07-11 09:37:30.687394+00:00,39.0,umidita,ambiente,raspberry_pi_4,camera
2238,_result,2,2026-07-11 08:21:08.604380+00:00,2026-07-11 11:21:08.604380+00:00,2026-07-11 09:37:35.947494+00:00,39.0,umidita,ambiente,raspberry_pi_4,camera
2239,_result,2,2026-07-11 08:21:08.604380+00:00,2026-07-11 11:21:08.604380+00:00,2026-07-11 09:37:41.217226+00:00,39.0,umidita,ambiente,raspberry_pi_4,camera
2240,_result,2,2026-07-11 08:21:08.604380+00:00,2026-07-11 11:21:08.604380+00:00,2026-07-11 09:37:46.477983+00:00,39.0,umidita,ambiente,raspberry_pi_4,camera
2241,_result,2,2026-07-11 08:21:08.604380+00:00,2026-07-11 11:21:08.604380+00:00,2026-07-11 09:37:51.747796+00:00,39.0,umidita,ambiente,raspberry_pi_4,camera
2242,_result,2,2026-07-11 08:21:08.604380+00:00,2026-07-11 11:21:08.604380+00:00,2026-07-11 09:37:57.007799+00:00,39.0,umidita,ambiente,raspberry_pi_4,camera
2243,_result,2,2026-07-11 08:21:08.604380+00:00,2026-07-11 11:21:08.604380+00:00,2026-07-11 09:38:02.279182+00:00,39.0,umidita,ambiente,raspberry_pi_4,camera
2244,_result,2,2026-07-11 08:21:08.604380+00:00,2026-07-11 11:21:08.604380+00:00,2026-07-11 09:38:07.539509+00:00,39.0,umidita,ambiente,raspberry_pi_4,camera
2245,_result,2,2026-07-11 08:21:08.604380+00:00,2026-07-11 11:21:08.604380+00:00,2026-07-11 09:38:12.808848+00:00,39.0,umidita,ambiente,raspberry_pi_4,camera
2246,_result,2,2026-07-11 08:21:08.604380+00:00,2026-07-11 11:21:08.604380+00:00,2026-07-11 09:38:18.068747+00:00,39.0,umidita,ambiente,raspberry_pi_4,camera
2247,_result,2,2026-07-11 08:21:08.604380+00:00,2026-07-11 11:21:08.604380+00:00,2026-07-11 09:38:23.339136+00:00,39.0,umidita,ambiente,raspberry_pi_4,camera
2248,_result,2,2026-07-11 08:21:08.604380+00:00,2026-07-11 11:21:08.604380+00:00,2026-07-11 09:38:28.599283+00:00,39.0,umidita,ambiente,raspberry_pi_4,camera
2249,_result,2,2026-07-11 08:21:08.604380+00:00,2026-07-11 11:21:08.604380+00:00,2026-07-11 09:38:33.870292+00:00,39.0,umidita,ambiente,raspberry_pi_4,camera
2250,_result,2,2026-07-11 08:21:08.604380+00:00,2026-07-11 11:21:08.604380+00:00,2026-07-11 09:38:39.130543+00:00,39.0,umidita,ambiente,raspberry_pi_4,camera
2251,_result,2,2026-07-11 08:21:08.604380+00:00,2026-07-11 11:21:08.604380+00:00,2026-07-11 09:38:44.399741+00:00,39.0,umidita,ambiente,raspberry_pi_4,camera
2252,_result,2,2026-07-11 08:21:08.604380+00:00,2026-07-11 11:21:08.604380+00:00,2026-07-11 09:38:49.659858+00:00,39.0,umidita,ambiente,raspberry_pi_4,camera
2253,_result,2,2026-07-11 08:21:08.604380+00:00,2026-07-11 11:21:08.604380+00:00,2026-07-11 09:38:54.929452+00:00,39.0,umidita,ambiente,raspberry_pi_4,camera
2254,_result,2,2026-07-11 08:21:08.604380+00:00,2026-07-11 11:21:08.604380+00:00,2026-07-11 09:39:00.191294+00:00,39.0,umidita,ambiente,raspberry_pi_4,camera
2255,_result,2,2026-07-11 08:21:08.604380+00:00,2026-07-11 11:21:08.604380+00:00,2026-07-11 09:39:05.460566+00:00,39.0,umidita,ambiente,raspberry_pi_4,camera
2256,_result,2,2026-07-11 08:21:08.604380+00:00,2026-07-11 11:21:08.604380+00:00,2026-07-11 09:39:10.720487+00:00,39.0,umidita,ambiente,raspberry_pi_4,camera
2257,_result,2,2026-07-11 08:21:08.604380+00:00,2026-07-11 11:21:08.604380+00:00,2026-07-11 09:39:15.989946+00:00,39.0,umidita,ambiente,raspberry_pi_4,camera
2258,_result,2,2026-07-11 08:21:08.604380+00:00,2026-07-11 11:21:08.604380+00:00,2026-07-11 09:39:21.249989+00:00,39.0,umidita,ambiente,raspberry_pi_4,camera
2259,_result,2,2026-07-11 08:21:08.604380+00:00,2026-07-11 11:21:08.604380+00:00,2026-07-11 09:39:26.519550+00:00,39.0,umidita,ambiente,raspberry_pi_4,camera
2260,_result,2,2026-07-11 08:21:08.604380+00:00,2026-07-11 11:21:08.604380+00:00,2026-07-11 09:39:31.781559+00:00,39.0,umidita,ambiente,raspberry_pi_4,camera
2261,_result,2,2026-07-11 08:21:08.604380+00:00,2026-07-11 11:21:08.604380+00:00,2026-07-11 09:39:37.050612+00:00,39.0,umidita,ambiente,raspberry_pi_4,camera
2262,_result,2,2026-07-11 08:21:08.604380+00:00,2026-07-11 11:21:08.604380+00:00,2026-07-11 09:39:42.310723+00:00,39.0,umidita,ambiente,raspberry_pi_4,camera
2263,_result,2,2026-07-11 08:21:08.604380+00:00,2026-07-11 11:21:08.604380+00:00,2026-07-11 09:39:47.580219+00:00,39.0,umidita,ambiente,raspberry_pi_4,camera
2264,_result,2,2026-07-11 08:21:08.604380+00:00,2026-07-11 11:21:08.604380+00:00,2026-07-11 09:39:52.840181+00:00,39.0,umidita,ambiente,raspberry_pi_4,camera
2265,_result,2,2026-07-11 08:21:08.604380+00:00,2026-07-11 11:21:08.604380+00:00,2026-07-11 09:39:58.109975+00:00,39.0,umidita,ambiente,raspberry_pi_4,camera
2266,_result,2,2026-07-11 08:21:08.604380+00:00,2026-07-11 11:21:08.604380+00:00,2026-07-11 09:40:03.371635+00:00,39.0,umidita,ambiente,raspberry_pi_4,camera
2267,_result,2,2026-07-11 08:21:08.604380+00:00,2026-07-11 11:21:08.604380+00:00,2026-07-11 09:40:08.640921+00:00,39.0,umidita,ambiente,raspberry_pi_4,camera
2268,_result,2,2026-07-11 08:21:08.604380+00:00,2026-07-11 11:21:08.604380+00:00,2026-07-11 09:40:13.901315+00:00,39.0,umidita,ambiente,raspberry_pi_4,camera
2269,_result,2,2026-07-11 08:21:08.604380+00:00,2026-07-11 11:21:08.604380+00:00,2026-07-11 09:40:19.171214+00:00,39.0,umidita,ambiente,raspberry_pi_4,camera
2270,_result,2,2026-07-11 08:21:08.604380+00:00,2026-07-11 11:21:08.604380+00:00,2026-07-11 09:40:24.431377+00:00,39.0,umidita,ambiente,raspberry_pi_4,camera
2271,_result,2,2026-07-11 08:21:08.604380+00:00,2026-07-11 11:21:08.604380+00:00,2026-07-11 09:40:29.702374+00:00,39.0,umidita,ambiente,raspberry_pi_4,camera
2272,_result,2,2026-07-11 08:21:08.604380+00:00,2026-07-11 11:21:08.604380+00:00,2026-07-11 09:40:35.003234+00:00,39.0,umidita,ambiente,raspberry_pi_4,camera
2273,_result,2,2026-07-11 08:21:08.604380+00:00,2026-07-11 11:21:08.604380+00:00,2026-07-11 09:40:40.288589+00:00,39.0,umidita,ambiente,raspberry_pi_4,camera
2274,_result,2,2026-07-11 08:21:08.604380+00:00,2026-07-11 11:21:08.604380+00:00,2026-07-11 09:40:45.548273+00:00,39.0,umidita,ambiente,raspberry_pi_4,camera
2275,_result,2,2026-07-11 08:21:08.604380+00:00,2026-07-11 11:21:08.604380+00:00,2026-07-11 09:40:50.818975+00:00,39.0,umidita,ambiente,raspberry_pi_4,camera
2276,_result,2,2026-07-11 08:21:08.604380+00:00,2026-07-11 11:21:08.604380+00:00,2026-07-11 09:40:56.078857+00:00,38.0,umidita,ambiente,raspberry_pi_4,camera
2277,_result,2,2026-07-11 08:21:08.604380+00:00,2026-07-11 11:21:08.604380+00:00,2026-07-11 09:41:01.349519+00:00,38.0,umidita,ambiente,raspberry_pi_4,camera
2278,_result,2,2026-07-11 08:21:08.604380+00:00,2026-07-11 11:21:08.604380+00:00,2026-07-11 09:41:06.609553+00:00,38.0,umidita,ambiente,raspberry_pi_4,camera
2279,_result,2,2026-07-11 08:21:08.604380+00:00,2026-07-11 11:21:08.604380+00:00,2026-07-11 09:41:11.897209+00:00,38.0,umidita,ambiente,raspberry_pi_4,camera
2280,_result,2,2026-07-11 08:21:08.604380+00:00,2026-07-11 11:21:08.604380+00:00,2026-07-11 09:41:17.157688+00:00,38.0,umidita,ambiente,raspberry_pi_4,camera
2281,_result,2,2026-07-11 08:21:08.604380+00:00,2026-07-11 11:21:08.604380+00:00,2026-07-11 09:41:22.429196+00:00,38.0,umidita,ambiente,raspberry_pi_4,camera
2282,_result,2,2026-07-11 08:21:08.604380+00:00,2026-07-11 11:21:08.604380+00:00,2026-07-11 09:41:27.689382+00:00,39.0,umidita,ambiente,raspberry_pi_4,camera
2283,_result,2,2026-07-11 08:21:08.604380+00:00,2026-07-11 11:21:08.604380+00:00,2026-07-11 09:41:32.961963+00:00,39.0,umidita,ambiente,raspberry_pi_4,camera
2284,_result,2,2026-07-11 08:21:08.604380+00:00,2026-07-11 11:21:08.604380+00:00,2026-07-11 09:41:38.222538+00:00,39.0,umidita,ambiente,raspberry_pi_4,camera
2285,_result,2,2026-07-11 08:21:08.604380+00:00,2026-07-11 11:21:08.604380+00:00,2026-07-11 09:41:43.491830+00:00,39.0,umidita,ambiente,raspberry_pi_4,camera
2286,_result,2,2026-07-11 08:21:08.604380+00:00,2026-07-11 11:21:08.604380+00:00,2026-07-11 09:41:48.751767+00:00,38.0,umidita,ambiente,raspberry_pi_4,camera
2287,_result,2,2026-07-11 08:21:08.604380+00:00,2026-07-11 11:21:08.604380+00:00,2026-07-11 09:41:54.021137+00:00,38.0,umidita,ambiente,raspberry_pi_4,camera
2288,_result,2,2026-07-11 08:21:08.604380+00:00,2026-07-11 11:21:08.604380+00:00,2026-07-11 09:41:59.280948+00:00,39.0,umidita,ambiente,raspberry_pi_4,camera
2289,_result,2,2026-07-11 08:21:08.604380+00:00,2026-07-11 11:21:08.604380+00:00,2026-07-11 09:42:04.554377+00:00,39.0,umidita,ambiente,raspberry_pi_4,camera
2290,_result,2,2026-07-11 08:21:08.604380+00:00,2026-07-11 11:21:08.604380+00:00,2026-07-11 09:42:09.814840+00:00,39.0,umidita,ambiente,raspberry_pi_4,camera
2291,_result,2,2026-07-11 08:21:08.604380+00:00,2026-07-11 11:21:08.604380+00:00,2026-07-11 09:42:20.338365+00:00,39.0,umidita,ambiente,raspberry_pi_4,camera
2292,_result,2,2026-07-11 08:21:08.604380+00:00,2026-07-11 11:21:08.604380+00:00,2026-07-11 09:42:25.608019+00:00,39.0,umidita,ambiente,raspberry_pi_4,camera
2293,_result,2,2026-07-11 08:21:08.604380+00:00,2026-07-11 11:21:08.604380+00:00,2026-07-11 09:42:30.870020+00:00,39.0,umidita,ambiente,raspberry_pi_4,camera
2294,_result,2,2026-07-11 08:21:08.604380+00:00,2026-07-11 11:21:08.604380+00:00,2026-07-11 09:42:36.139368+00:00,39.0,umidita,ambiente,raspberry_pi_4,camera
2295,_result,2,2026-07-11 08:21:08.604380+00:00,2026-07-11 11:21:08.604380+00:00,2026-07-11 09:42:41.399572+00:00,38.0,umidita,ambiente,raspberry_pi_4,camera
2296,_result,2,2026-07-11 08:21:08.604380+00:00,2026-07-11 11:21:08.604380+00:00,2026-07-11 09:42:46.669148+00:00,38.0,umidita,ambiente,raspberry_pi_4,camera
2297,_result,2,2026-07-11 08:21:08.604380+00:00,2026-07-11 11:21:08.604380+00:00,2026-07-11 09:42:57.192667+00:00,38.0,umidita,ambiente,raspberry_pi_4,camera
2298,_result,2,2026-07-11 08:21:08.604380+00:00,2026-07-11 11:21:08.604380+00:00,2026-07-11 09:43:02.454247+00:00,38.0,umidita,ambiente,raspberry_pi_4,camera
2299,_result,2,2026-07-11 08:21:08.604380+00:00,2026-07-11 11:21:08.604380+00:00,2026-07-11 09:43:07.723681+00:00,38.0,umidita,ambiente,raspberry_pi_4,camera
2300,_result,2,2026-07-11 08:21:08.604380+00:00,2026-07-11 11:21:08.604380+00:00,2026-07-11 09:43:12.984120+00:00,38.0,umidita,ambiente,raspberry_pi_4,camera
2301,_result,2,2026-07-11 08:21:08.604380+00:00,2026-07-11 11:21:08.604380+00:00,2026-07-11 09:43:18.254369+00:00,38.0,umidita,ambiente,raspberry_pi_4,camera
2302,_result,2,2026-07-11 08:21:08.604380+00:00,2026-07-11 11:21:08.604380+00:00,2026-07-11 09:43:23.514910+00:00,38.0,umidita,ambiente,raspberry_pi_4,camera
2303,_result,2,2026-07-11 08:21:08.604380+00:00,2026-07-11 11:21:08.604380+00:00,2026-07-11 09:43:28.786075+00:00,38.0,umidita,ambiente,raspberry_pi_4,camera
2304,_result,2,2026-07-11 08:21:08.604380+00:00,2026-07-11 11:21:08.604380+00:00,2026-07-11 09:43:34.046589+00:00,38.0,umidita,ambiente,raspberry_pi_4,camera
2305,_result,2,2026-07-11 08:21:08.604380+00:00,2026-07-11 11:21:08.604380+00:00,2026-07-11 09:43:39.316028+00:00,38.0,umidita,ambiente,raspberry_pi_4,camera
2306,_result,2,2026-07-11 08:21:08.604380+00:00,2026-07-11 11:21:08.604380+00:00,2026-07-11 09:43:44.578183+00:00,38.0,umidita,ambiente,raspberry_pi_4,camera
2307,_result,2,2026-07-11 08:21:08.604380+00:00,2026-07-11 11:21:08.604380+00:00,2026-07-11 09:43:49.847753+00:00,38.0,umidita,ambiente,raspberry_pi_4,camera
2308,_result,2,2026-07-11 08:21:08.604380+00:00,2026-07-11 11:21:08.604380+00:00,2026-07-11 09:43:55.108095+00:00,38.0,umidita,ambiente,raspberry_pi_4,camera
2309,_result,2,2026-07-11 08:21:08.604380+00:00,2026-07-11 11:21:08.604380+00:00,2026-07-11 09:44:00.380287+00:00,38.0,umidita,ambiente,raspberry_pi_4,camera
2310,_result,2,2026-07-11 08:21:08.604380+00:00,2026-07-11 11:21:08.604380+00:00,2026-07-11 09:44:05.640206+00:00,38.0,umidita,ambiente,raspberry_pi_4,camera
2311,_result,2,2026-07-11 08:21:08.604380+00:00,2026-07-11 11:21:08.604380+00:00,2026-07-11 09:44:10.909942+00:00,38.0,umidita,ambiente,raspberry_pi_4,camera
2312,_result,2,2026-07-11 08:21:08.604380+00:00,2026-07-11 11:21:08.604380+00:00,2026-07-11 09:44:16.170079+00:00,38.0,umidita,ambiente,raspberry_pi_4,camera
2313,_result,2,2026-07-11 08:21:08.604380+00:00,2026-07-11 11:21:08.604380+00:00,2026-07-11 09:44:21.456423+00:00,38.0,umidita,ambiente,raspberry_pi_4,camera
2314,_result,2,2026-07-11 08:21:08.604380+00:00,2026-07-11 11:21:08.604380+00:00,2026-07-11 09:44:26.717298+00:00,39.0,umidita,ambiente,raspberry_pi_4,camera
2315,_result,2,2026-07-11 08:21:08.604380+00:00,2026-07-11 11:21:08.604380+00:00,2026-07-11 09:44:31.988692+00:00,39.0,umidita,ambiente,raspberry_pi_4,camera
2316,_result,2,2026-07-11 08:21:08.604380+00:00,2026-07-11 11:21:08.604380+00:00,2026-07-11 09:44:37.248836+00:00,39.0,umidita,ambiente,raspberry_pi_4,camera
2317,_result,2,2026-07-11 08:21:08.604380+00:00,2026-07-11 11:21:08.604380+00:00,2026-07-11 09:44:42.522632+00:00,39.0,umidita,ambiente,raspberry_pi_4,camera
2318,_result,2,2026-07-11 08:21:08.604380+00:00,2026-07-11 11:21:08.604380+00:00,2026-07-11 09:44:47.783016+00:00,39.0,umidita,ambiente,raspberry_pi_4,camera
2319,_result,2,2026-07-11 08:21:08.604380+00:00,2026-07-11 11:21:08.604380+00:00,2026-07-11 09:44:53.052692+00:00,39.0,umidita,ambiente,raspberry_pi_4,camera
2320,_result,2,2026-07-11 08:21:08.604380+00:00,2026-07-11 11:21:08.604380+00:00,2026-07-11 09:44:58.312720+00:00,39.0,umidita,ambiente,raspberry_pi_4,camera
2321,_result,2,2026-07-11 08:21:08.604380+00:00,2026-07-11 11:21:08.604380+00:00,2026-07-11 09:45:03.583829+00:00,39.0,umidita,ambiente,raspberry_pi_4,camera
2322,_result,2,2026-07-11 08:21:08.604380+00:00,2026-07-11 11:21:08.604380+00:00,2026-07-11 09:45:08.844128+00:00,39.0,umidita,ambiente,raspberry_pi_4,camera
2323,_result,2,2026-07-11 08:21:08.604380+00:00,2026-07-11 11:21:08.604380+00:00,2026-07-11 09:45:14.113339+00:00,39.0,umidita,ambiente,raspberry_pi_4,camera
2324,_result,2,2026-07-11 08:21:08.604380+00:00,2026-07-11 11:21:08.604380+00:00,2026-07-11 09:45:19.373302+00:00,39.0,umidita,ambiente,raspberry_pi_4,camera
2325,_result,2,2026-07-11 08:21:08.604380+00:00,2026-07-11 11:21:08.604380+00:00,2026-07-11 09:45:24.643023+00:00,39.0,umidita,ambiente,raspberry_pi_4,camera
2326,_result,2,2026-07-11 08:21:08.604380+00:00,2026-07-11 11:21:08.604380+00:00,2026-07-11 09:45:29.904841+00:00,39.0,umidita,ambiente,raspberry_pi_4,camera
2327,_result,2,2026-07-11 08:21:08.604380+00:00,2026-07-11 11:21:08.604380+00:00,2026-07-11 09:45:35.175737+00:00,39.0,umidita,ambiente,raspberry_pi_4,camera
2328,_result,2,2026-07-11 08:21:08.604380+00:00,2026-07-11 11:21:08.604380+00:00,2026-07-11 09:45:40.435954+00:00,39.0,umidita,ambiente,raspberry_pi_4,camera
2329,_result,2,2026-07-11 08:21:08.604380+00:00,2026-07-11 11:21:08.604380+00:00,2026-07-11 09:45:45.705638+00:00,39.0,umidita,ambiente,raspberry_pi_4,camera
2330,_result,2,2026-07-11 08:21:08.604380+00:00,2026-07-11 11:21:08.604380+00:00,2026-07-11 09:45:50.966869+00:00,39.0,umidita,ambiente,raspberry_pi_4,camera
2331,_result,2,2026-07-11 08:21:08.604380+00:00,2026-07-11 11:21:08.604380+00:00,2026-07-11 09:45:56.236567+00:00,39.0,umidita,ambiente,raspberry_pi_4,camera
2332,_result,2,2026-07-11 08:21:08.604380+00:00,2026-07-11 11:21:08.604380+00:00,2026-07-11 09:46:01.498345+00:00,39.0,umidita,ambiente,raspberry_pi_4,camera
2333,_result,2,2026-07-11 08:21:08.604380+00:00,2026-07-11 11:21:08.604380+00:00,2026-07-11 09:46:06.784629+00:00,38.0,umidita,ambiente,raspberry_pi_4,camera
2334,_result,2,2026-07-11 08:21:08.604380+00:00,2026-07-11 11:21:08.604380+00:00,2026-07-11 09:46:12.044694+00:00,38.0,umidita,ambiente,raspberry_pi_4,camera
2335,_result,2,2026-07-11 08:21:08.604380+00:00,2026-07-11 11:21:08.604380+00:00,2026-07-11 09:46:17.315683+00:00,38.0,umidita,ambiente,raspberry_pi_4,camera
2336,_result,2,2026-07-11 08:21:08.604380+00:00,2026-07-11 11:21:08.604380+00:00,2026-07-11 09:46:22.577096+00:00,38.0,umidita,ambiente,raspberry_pi_4,camera
2337,_result,2,2026-07-11 08:21:08.604380+00:00,2026-07-11 11:21:08.604380+00:00,2026-07-11 09:46:27.846830+00:00,38.0,umidita,ambiente,raspberry_pi_4,camera
2338,_result,2,2026-07-11 08:21:08.604380+00:00,2026-07-11 11:21:08.604380+00:00,2026-07-11 09:46:33.108398+00:00,38.0,umidita,ambiente,raspberry_pi_4,camera
2339,_result,2,2026-07-11 08:21:08.604380+00:00,2026-07-11 11:21:08.604380+00:00,2026-07-11 09:46:38.377916+00:00,38.0,umidita,ambiente,raspberry_pi_4,camera
2340,_result,2,2026-07-11 08:21:08.604380+00:00,2026-07-11 11:21:08.604380+00:00,2026-07-11 09:46:43.638112+00:00,38.0,umidita,ambiente,raspberry_pi_4,camera
2341,_result,2,2026-07-11 08:21:08.604380+00:00,2026-07-11 11:21:08.604380+00:00,2026-07-11 09:46:48.907836+00:00,38.0,umidita,ambiente,raspberry_pi_4,camera
2342,_result,2,2026-07-11 08:21:08.604380+00:00,2026-07-11 11:21:08.604380+00:00,2026-07-11 09:46:54.167953+00:00,38.0,umidita,ambiente,raspberry_pi_4,camera
2343,_result,2,2026-07-11 08:21:08.604380+00:00,2026-07-11 11:21:08.604380+00:00,2026-07-11 09:46:59.439111+00:00,38.0,umidita,ambiente,raspberry_pi_4,camera
2344,_result,2,2026-07-11 08:21:08.604380+00:00,2026-07-11 11:21:08.604380+00:00,2026-07-11 09:47:04.699345+00:00,38.0,umidita,ambiente,raspberry_pi_4,camera
2345,_result,2,2026-07-11 08:21:08.604380+00:00,2026-07-11 11:21:08.604380+00:00,2026-07-11 09:47:15.223003+00:00,38.0,umidita,ambiente,raspberry_pi_4,camera
2346,_result,2,2026-07-11 08:21:08.604380+00:00,2026-07-11 11:21:08.604380+00:00,2026-07-11 09:47:20.492609+00:00,38.0,umidita,ambiente,raspberry_pi_4,camera
2347,_result,2,2026-07-11 08:21:08.604380+00:00,2026-07-11 11:21:08.604380+00:00,2026-07-11 09:47:25.752678+00:00,38.0,umidita,ambiente,raspberry_pi_4,camera
2348,_result,2,2026-07-11 08:21:08.604380+00:00,2026-07-11 11:21:08.604380+00:00,2026-07-11 09:47:31.024053+00:00,38.0,umidita,ambiente,raspberry_pi_4,camera
2349,_result,2,2026-07-11 08:21:08.604380+00:00,2026-07-11 11:21:08.604380+00:00,2026-07-11 09:47:36.283916+00:00,38.0,umidita,ambiente,raspberry_pi_4,camera
2350,_result,2,2026-07-11 08:21:08.604380+00:00,2026-07-11 11:21:08.604380+00:00,2026-07-11 09:47:41.557023+00:00,38.0,umidita,ambiente,raspberry_pi_4,camera
2351,_result,2,2026-07-11 08:21:08.604380+00:00,2026-07-11 11:21:08.604380+00:00,2026-07-11 09:47:46.817851+00:00,38.0,umidita,ambiente,raspberry_pi_4,camera
2352,_result,2,2026-07-11 08:21:08.604380+00:00,2026-07-11 11:21:08.604380+00:00,2026-07-11 09:47:52.088010+00:00,38.0,umidita,ambiente,raspberry_pi_4,camera
2353,_result,2,2026-07-11 08:21:08.604380+00:00,2026-07-11 11:21:08.604380+00:00,2026-07-11 09:47:57.348532+00:00,38.0,umidita,ambiente,raspberry_pi_4,camera
2354,_result,2,2026-07-11 08:21:08.604380+00:00,2026-07-11 11:21:08.604380+00:00,2026-07-11 09:48:02.621237+00:00,38.0,umidita,ambiente,raspberry_pi_4,camera
2355,_result,2,2026-07-11 08:21:08.604380+00:00,2026-07-11 11:21:08.604380+00:00,2026-07-11 09:48:07.881328+00:00,38.0,umidita,ambiente,raspberry_pi_4,camera
2356,_result,2,2026-07-11 08:21:08.604380+00:00,2026-07-11 11:21:08.604380+00:00,2026-07-11 09:48:18.404789+00:00,38.0,umidita,ambiente,raspberry_pi_4,camera
2357,_result,2,2026-07-11 08:21:08.604380+00:00,2026-07-11 11:21:08.604380+00:00,2026-07-11 09:48:23.677434+00:00,38.0,umidita,ambiente,raspberry_pi_4,camera
2358,_result,2,2026-07-11 08:21:08.604380+00:00,2026-07-11 11:21:08.604380+00:00,2026-07-11 09:48:28.937466+00:00,38.0,umidita,ambiente,raspberry_pi_4,camera
2359,_result,2,2026-07-11 08:21:08.604380+00:00,2026-07-11 11:21:08.604380+00:00,2026-07-11 09:48:34.208285+00:00,38.0,umidita,ambiente,raspberry_pi_4,camera
2360,_result,2,2026-07-11 08:21:08.604380+00:00,2026-07-11 11:21:08.604380+00:00,2026-07-11 09:48:39.468361+00:00,38.0,umidita,ambiente,raspberry_pi_4,camera
2361,_result,2,2026-07-11 08:21:08.604380+00:00,2026-07-11 11:21:08.604380+00:00,2026-07-11 09:48:44.738074+00:00,38.0,umidita,ambiente,raspberry_pi_4,camera
2362,_result,2,2026-07-11 08:21:08.604380+00:00,2026-07-11 11:21:08.604380+00:00,2026-07-11 09:48:49.998175+00:00,38.0,umidita,ambiente,raspberry_pi_4,camera
2363,_result,2,2026-07-11 08:21:08.604380+00:00,2026-07-11 11:21:08.604380+00:00,2026-07-11 09:48:55.268133+00:00,38.0,umidita,ambiente,raspberry_pi_4,camera
2364,_result,2,2026-07-11 08:21:08.604380+00:00,2026-07-11 11:21:08.604380+00:00,2026-07-11 09:49:05.793822+00:00,38.0,umidita,ambiente,raspberry_pi_4,camera
2365,_result,2,2026-07-11 08:21:08.604380+00:00,2026-07-11 11:21:08.604380+00:00,2026-07-11 09:49:11.053992+00:00,38.0,umidita,ambiente,raspberry_pi_4,camera
2366,_result,2,2026-07-11 08:21:08.604380+00:00,2026-07-11 11:21:08.604380+00:00,2026-07-11 09:49:16.323377+00:00,38.0,umidita,ambiente,raspberry_pi_4,camera
2367,_result,2,2026-07-11 08:21:08.604380+00:00,2026-07-11 11:21:08.604380+00:00,2026-07-11 09:49:21.583590+00:00,38.0,umidita,ambiente,raspberry_pi_4,camera
2368,_result,2,2026-07-11 08:21:08.604380+00:00,2026-07-11 11:21:08.604380+00:00,2026-07-11 09:49:26.852594+00:00,38.0,umidita,ambiente,raspberry_pi_4,camera
2369,_result,2,2026-07-11 08:21:08.604380+00:00,2026-07-11 11:21:08.604380+00:00,2026-07-11 09:49:32.114020+00:00,38.0,umidita,ambiente,raspberry_pi_4,camera
2370,_result,2,2026-07-11 08:21:08.604380+00:00,2026-07-11 11:21:08.604380+00:00,2026-07-11 09:49:37.383201+00:00,38.0,umidita,ambiente,raspberry_pi_4,camera
2371,_result,2,2026-07-11 08:21:08.604380+00:00,2026-07-11 11:21:08.604380+00:00,2026-07-11 09:49:42.644539+00:00,38.0,umidita,ambiente,raspberry_pi_4,camera
2372,_result,2,2026-07-11 08:21:08.604380+00:00,2026-07-11 11:21:08.604380+00:00,2026-07-11 09:49:47.914117+00:00,38.0,umidita,ambiente,raspberry_pi_4,camera
2373,_result,2,2026-07-11 08:21:08.604380+00:00,2026-07-11 11:21:08.604380+00:00,2026-07-11 09:49:53.174139+00:00,38.0,umidita,ambiente,raspberry_pi_4,camera
2374,_result,2,2026-07-11 08:21:08.604380+00:00,2026-07-11 11:21:08.604380+00:00,2026-07-11 09:49:58.443691+00:00,39.0,umidita,ambiente,raspberry_pi_4,camera
2375,_result,2,2026-07-11 08:21:08.604380+00:00,2026-07-11 11:21:08.604380+00:00,2026-07-11 09:50:03.705149+00:00,38.0,umidita,ambiente,raspberry_pi_4,camera
2376,_result,2,2026-07-11 08:21:08.604380+00:00,2026-07-11 11:21:08.604380+00:00,2026-07-11 09:50:08.975060+00:00,38.0,umidita,ambiente,raspberry_pi_4,camera
2377,_result,2,2026-07-11 08:21:08.604380+00:00,2026-07-11 11:21:08.604380+00:00,2026-07-11 09:50:14.235207+00:00,39.0,umidita,ambiente,raspberry_pi_4,camera
2378,_result,2,2026-07-11 08:21:08.604380+00:00,2026-07-11 11:21:08.604380+00:00,2026-07-11 09:50:19.504912+00:00,38.0,umidita,ambiente,raspberry_pi_4,camera
2379,_result,2,2026-07-11 08:21:08.604380+00:00,2026-07-11 11:21:08.604380+00:00,2026-07-11 09:50:24.765249+00:00,38.0,umidita,ambiente,raspberry_pi_4,camera
2380,_result,2,2026-07-11 08:21:08.604380+00:00,2026-07-11 11:21:08.604380+00:00,2026-07-11 09:50:30.036567+00:00,38.0,umidita,ambiente,raspberry_pi_4,camera
2381,_result,2,2026-07-11 08:21:08.604380+00:00,2026-07-11 11:21:08.604380+00:00,2026-07-11 09:50:35.297812+00:00,38.0,umidita,ambiente,raspberry_pi_4,camera
2382,_result,2,2026-07-11 08:21:08.604380+00:00,2026-07-11 11:21:08.604380+00:00,2026-07-11 09:50:40.567712+00:00,38.0,umidita,ambiente,raspberry_pi_4,camera
2383,_result,2,2026-07-11 08:21:08.604380+00:00,2026-07-11 11:21:08.604380+00:00,2026-07-11 09:50:45.827707+00:00,38.0,umidita,ambiente,raspberry_pi_4,camera
2384,_result,2,2026-07-11 08:21:08.604380+00:00,2026-07-11 11:21:08.604380+00:00,2026-07-11 09:50:51.097497+00:00,38.0,umidita,ambiente,raspberry_pi_4,camera
2385,_result,2,2026-07-11 08:21:08.604380+00:00,2026-07-11 11:21:08.604380+00:00,2026-07-11 09:50:56.357529+00:00,38.0,umidita,ambiente,raspberry_pi_4,camera
2386,_result,2,2026-07-11 08:21:08.604380+00:00,2026-07-11 11:21:08.604380+00:00,2026-07-11 09:51:01.628229+00:00,38.0,umidita,ambiente,raspberry_pi_4,camera
2387,_result,2,2026-07-11 08:21:08.604380+00:00,2026-07-11 11:21:08.604380+00:00,2026-07-11 09:51:06.888329+00:00,38.0,umidita,ambiente,raspberry_pi_4,camera
2388,_result,2,2026-07-11 08:21:08.604380+00:00,2026-07-11 11:21:08.604380+00:00,2026-07-11 09:51:12.158234+00:00,38.0,umidita,ambiente,raspberry_pi_4,camera
2389,_result,2,2026-07-11 08:21:08.604380+00:00,2026-07-11 11:21:08.604380+00:00,2026-07-11 09:51:17.418306+00:00,38.0,umidita,ambiente,raspberry_pi_4,camera
2390,_result,2,2026-07-11 08:21:08.604380+00:00,2026-07-11 11:21:08.604380+00:00,2026-07-11 09:51:22.688382+00:00,38.0,umidita,ambiente,raspberry_pi_4,camera
2391,_result,2,2026-07-11 08:21:08.604380+00:00,2026-07-11 11:21:08.604380+00:00,2026-07-11 09:51:27.948637+00:00,38.0,umidita,ambiente,raspberry_pi_4,camera
2392,_result,2,2026-07-11 08:21:08.604380+00:00,2026-07-11 11:21:08.604380+00:00,2026-07-11 09:51:33.220672+00:00,38.0,umidita,ambiente,raspberry_pi_4,camera
2393,_result,2,2026-07-11 08:21:08.604380+00:00,2026-07-11 11:21:08.604380+00:00,2026-07-11 09:51:38.480490+00:00,38.0,umidita,ambiente,raspberry_pi_4,camera
2394,_result,2,2026-07-11 08:21:08.604380+00:00,2026-07-11 11:21:08.604380+00:00,2026-07-11 09:51:43.750073+00:00,38.0,umidita,ambiente,raspberry_pi_4,camera
2395,_result,2,2026-07-11 08:21:08.604380+00:00,2026-07-11 11:21:08.604380+00:00,2026-07-11 09:51:49.009962+00:00,38.0,umidita,ambiente,raspberry_pi_4,camera
2396,_result,2,2026-07-11 08:21:08.604380+00:00,2026-07-11 11:21:08.604380+00:00,2026-07-11 09:51:54.279495+00:00,38.0,umidita,ambiente,raspberry_pi_4,camera
2397,_result,2,2026-07-11 08:21:08.604380+00:00,2026-07-11 11:21:08.604380+00:00,2026-07-11 09:51:59.540791+00:00,39.0,umidita,ambiente,raspberry_pi_4,camera
2398,_result,2,2026-07-11 08:21:08.604380+00:00,2026-07-11 11:21:08.604380+00:00,2026-07-11 09:52:04.810557+00:00,38.0,umidita,ambiente,raspberry_pi_4,camera
2399,_result,2,2026-07-11 08:21:08.604380+00:00,2026-07-11 11:21:08.604380+00:00,2026-07-11 09:52:10.070586+00:00,38.0,umidita,ambiente,raspberry_pi_4,camera
2400,_result,2,2026-07-11 08:21:08.604380+00:00,2026-07-11 11:21:08.604380+00:00,2026-07-11 09:52:15.339967+00:00,38.0,umidita,ambiente,raspberry_pi_4,camera
2401,_result,2,2026-07-11 08:21:08.604380+00:00,2026-07-11 11:21:08.604380+00:00,2026-07-11 09:52:20.600160+00:00,39.0,umidita,ambiente,raspberry_pi_4,camera
2402,_result,2,2026-07-11 08:21:08.604380+00:00,2026-07-11 11:21:08.604380+00:00,2026-07-11 09:52:25.869458+00:00,39.0,umidita,ambiente,raspberry_pi_4,camera
2403,_result,2,2026-07-11 08:21:08.604380+00:00,2026-07-11 11:21:08.604380+00:00,2026-07-11 09:52:31.131207+00:00,39.0,umidita,ambiente,raspberry_pi_4,camera
2404,_result,2,2026-07-11 08:21:08.604380+00:00,2026-07-11 11:21:08.604380+00:00,2026-07-11 09:52:36.400386+00:00,39.0,umidita,ambiente,raspberry_pi_4,camera
2405,_result,2,2026-07-11 08:21:08.604380+00:00,2026-07-11 11:21:08.604380+00:00,2026-07-11 09:52:41.660394+00:00,38.0,umidita,ambiente,raspberry_pi_4,camera
2406,_result,2,2026-07-11 08:21:08.604380+00:00,2026-07-11 11:21:08.604380+00:00,2026-07-11 09:52:46.930240+00:00,38.0,umidita,ambiente,raspberry_pi_4,camera
2407,_result,2,2026-07-11 08:21:08.604380+00:00,2026-07-11 11:21:08.604380+00:00,2026-07-11 09:52:52.190034+00:00,38.0,umidita,ambiente,raspberry_pi_4,camera
2408,_result,2,2026-07-11 08:21:08.604380+00:00,2026-07-11 11:21:08.604380+00:00,2026-07-11 09:52:57.459659+00:00,38.0,umidita,ambiente,raspberry_pi_4,camera
2409,_result,2,2026-07-11 08:21:08.604380+00:00,2026-07-11 11:21:08.604380+00:00,2026-07-11 09:53:02.721160+00:00,38.0,umidita,ambiente,raspberry_pi_4,camera
2410,_result,2,2026-07-11 08:21:08.604380+00:00,2026-07-11 11:21:08.604380+00:00,2026-07-11 09:53:07.990584+00:00,38.0,umidita,ambiente,raspberry_pi_4,camera
2411,_result,2,2026-07-11 08:21:08.604380+00:00,2026-07-11 11:21:08.604380+00:00,2026-07-11 09:53:13.250835+00:00,38.0,umidita,ambiente,raspberry_pi_4,camera
2412,_result,2,2026-07-11 08:21:08.604380+00:00,2026-07-11 11:21:08.604380+00:00,2026-07-11 09:53:18.520934+00:00,38.0,umidita,ambiente,raspberry_pi_4,camera
2413,_result,2,2026-07-11 08:21:08.604380+00:00,2026-07-11 11:21:08.604380+00:00,2026-07-11 09:53:23.781148+00:00,39.0,umidita,ambiente,raspberry_pi_4,camera
2414,_result,2,2026-07-11 08:21:08.604380+00:00,2026-07-11 11:21:08.604380+00:00,2026-07-11 09:53:29.052083+00:00,39.0,umidita,ambiente,raspberry_pi_4,camera
2415,_result,2,2026-07-11 08:21:08.604380+00:00,2026-07-11 11:21:08.604380+00:00,2026-07-11 09:53:34.311960+00:00,39.0,umidita,ambiente,raspberry_pi_4,camera
2416,_result,2,2026-07-11 08:21:08.604380+00:00,2026-07-11 11:21:08.604380+00:00,2026-07-11 09:53:39.582496+00:00,38.0,umidita,ambiente,raspberry_pi_4,camera
2417,_result,2,2026-07-11 08:21:08.604380+00:00,2026-07-11 11:21:08.604380+00:00,2026-07-11 09:53:44.842875+00:00,38.0,umidita,ambiente,raspberry_pi_4,camera
2418,_result,2,2026-07-11 08:21:08.604380+00:00,2026-07-11 11:21:08.604380+00:00,2026-07-11 09:53:50.112340+00:00,38.0,umidita,ambiente,raspberry_pi_4,camera
2419,_result,2,2026-07-11 08:21:08.604380+00:00,2026-07-11 11:21:08.604380+00:00,2026-07-11 09:53:55.372345+00:00,38.0,umidita,ambiente,raspberry_pi_4,camera
2420,_result,2,2026-07-11 08:21:08.604380+00:00,2026-07-11 11:21:08.604380+00:00,2026-07-11 09:54:00.643061+00:00,38.0,umidita,ambiente,raspberry_pi_4,camera
2421,_result,2,2026-07-11 08:21:08.604380+00:00,2026-07-11 11:21:08.604380+00:00,2026-07-11 09:54:05.903245+00:00,38.0,umidita,ambiente,raspberry_pi_4,camera
2422,_result,2,2026-07-11 08:21:08.604380+00:00,2026-07-11 11:21:08.604380+00:00,2026-07-11 09:54:11.172521+00:00,38.0,umidita,ambiente,raspberry_pi_4,camera
2423,_result,2,2026-07-11 08:21:08.604380+00:00,2026-07-11 11:21:08.604380+00:00,2026-07-11 09:54:16.432491+00:00,38.0,umidita,ambiente,raspberry_pi_4,camera
2424,_result,2,2026-07-11 08:21:08.604380+00:00,2026-07-11 11:21:08.604380+00:00,2026-07-11 09:54:21.701979+00:00,38.0,umidita,ambiente,raspberry_pi_4,camera
2425,_result,2,2026-07-11 08:21:08.604380+00:00,2026-07-11 11:21:08.604380+00:00,2026-07-11 09:54:26.961937+00:00,38.0,umidita,ambiente,raspberry_pi_4,camera
2426,_result,2,2026-07-11 08:21:08.604380+00:00,2026-07-11 11:21:08.604380+00:00,2026-07-11 09:54:32.233331+00:00,38.0,umidita,ambiente,raspberry_pi_4,camera
2427,_result,2,2026-07-11 08:21:08.604380+00:00,2026-07-11 11:21:08.604380+00:00,2026-07-11 09:54:37.493184+00:00,38.0,umidita,ambiente,raspberry_pi_4,camera
2428,_result,2,2026-07-11 08:21:08.604380+00:00,2026-07-11 11:21:08.604380+00:00,2026-07-11 09:54:42.762504+00:00,38.0,umidita,ambiente,raspberry_pi_4,camera
2429,_result,2,2026-07-11 08:21:08.604380+00:00,2026-07-11 11:21:08.604380+00:00,2026-07-11 09:54:48.022778+00:00,38.0,umidita,ambiente,raspberry_pi_4,camera
2430,_result,2,2026-07-11 08:21:08.604380+00:00,2026-07-11 11:21:08.604380+00:00,2026-07-11 09:54:53.292537+00:00,38.0,umidita,ambiente,raspberry_pi_4,camera
2431,_result,2,2026-07-11 08:21:08.604380+00:00,2026-07-11 11:21:08.604380+00:00,2026-07-11 09:54:58.552598+00:00,38.0,umidita,ambiente,raspberry_pi_4,camera
2432,_result,2,2026-07-11 08:21:08.604380+00:00,2026-07-11 11:21:08.604380+00:00,2026-07-11 09:55:03.823865+00:00,38.0,umidita,ambiente,raspberry_pi_4,camera
2433,_result,2,2026-07-11 08:21:08.604380+00:00,2026-07-11 11:21:08.604380+00:00,2026-07-11 09:55:14.347781+00:00,38.0,umidita,ambiente,raspberry_pi_4,camera
2434,_result,2,2026-07-11 08:21:08.604380+00:00,2026-07-11 11:21:08.604380+00:00,2026-07-11 09:55:19.607588+00:00,38.0,umidita,ambiente,raspberry_pi_4,camera
2435,_result,2,2026-07-11 08:21:08.604380+00:00,2026-07-11 11:21:08.604380+00:00,2026-07-11 09:55:24.877143+00:00,39.0,umidita,ambiente,raspberry_pi_4,camera
2436,_result,2,2026-07-11 08:21:08.604380+00:00,2026-07-11 11:21:08.604380+00:00,2026-07-11 09:55:30.138986+00:00,39.0,umidita,ambiente,raspberry_pi_4,camera
2437,_result,2,2026-07-11 08:21:08.604380+00:00,2026-07-11 11:21:08.604380+00:00,2026-07-11 09:55:35.408021+00:00,39.0,umidita,ambiente,raspberry_pi_4,camera
2438,_result,2,2026-07-11 08:21:08.604380+00:00,2026-07-11 11:21:08.604380+00:00,2026-07-11 09:55:40.667923+00:00,39.0,umidita,ambiente,raspberry_pi_4,camera
2439,_result,2,2026-07-11 08:21:08.604380+00:00,2026-07-11 11:21:08.604380+00:00,2026-07-11 09:55:45.937264+00:00,39.0,umidita,ambiente,raspberry_pi_4,camera
2440,_result,2,2026-07-11 08:21:08.604380+00:00,2026-07-11 11:21:08.604380+00:00,2026-07-11 09:55:56.463456+00:00,39.0,umidita,ambiente,raspberry_pi_4,camera
2441,_result,2,2026-07-11 08:21:08.604380+00:00,2026-07-11 11:21:08.604380+00:00,2026-07-11 09:56:01.729342+00:00,39.0,umidita,ambiente,raspberry_pi_4,camera
2442,_result,2,2026-07-11 08:21:08.604380+00:00,2026-07-11 11:21:08.604380+00:00,2026-07-11 09:56:07.001646+00:00,39.0,umidita,ambiente,raspberry_pi_4,camera
2443,_result,2,2026-07-11 08:21:08.604380+00:00,2026-07-11 11:21:08.604380+00:00,2026-07-11 09:56:12.262043+00:00,39.0,umidita,ambiente,raspberry_pi_4,camera
2444,_result,2,2026-07-11 08:21:08.604380+00:00,2026-07-11 11:21:08.604380+00:00,2026-07-11 09:56:17.531616+00:00,39.0,umidita,ambiente,raspberry_pi_4,camera
2445,_result,2,2026-07-11 08:21:08.604380+00:00,2026-07-11 11:21:08.604380+00:00,2026-07-11 09:56:22.791522+00:00,39.0,umidita,ambiente,raspberry_pi_4,camera
2446,_result,2,2026-07-11 08:21:08.604380+00:00,2026-07-11 11:21:08.604380+00:00,2026-07-11 09:56:28.061423+00:00,39.0,umidita,ambiente,raspberry_pi_4,camera
2447,_result,2,2026-07-11 08:21:08.604380+00:00,2026-07-11 11:21:08.604380+00:00,2026-07-11 09:56:33.323131+00:00,39.0,umidita,ambiente,raspberry_pi_4,camera
2448,_result,2,2026-07-11 08:21:08.604380+00:00,2026-07-11 11:21:08.604380+00:00,2026-07-11 09:56:38.592567+00:00,39.0,umidita,ambiente,raspberry_pi_4,camera
2449,_result,2,2026-07-11 08:21:08.604380+00:00,2026-07-11 11:21:08.604380+00:00,2026-07-11 09:56:43.852483+00:00,39.0,umidita,ambiente,raspberry_pi_4,camera
2450,_result,2,2026-07-11 08:21:08.604380+00:00,2026-07-11 11:21:08.604380+00:00,2026-07-11 09:56:49.122272+00:00,39.0,umidita,ambiente,raspberry_pi_4,camera
2451,_result,2,2026-07-11 08:21:08.604380+00:00,2026-07-11 11:21:08.604380+00:00,2026-07-11 09:56:54.382237+00:00,39.0,umidita,ambiente,raspberry_pi_4,camera
2452,_result,2,2026-07-11 08:21:08.604380+00:00,2026-07-11 11:21:08.604380+00:00,2026-07-11 09:56:59.653083+00:00,39.0,umidita,ambiente,raspberry_pi_4,camera
2453,_result,2,2026-07-11 08:21:08.604380+00:00,2026-07-11 11:21:08.604380+00:00,2026-07-11 09:57:04.914513+00:00,39.0,umidita,ambiente,raspberry_pi_4,camera
2454,_result,2,2026-07-11 08:21:08.604380+00:00,2026-07-11 11:21:08.604380+00:00,2026-07-11 09:57:10.184511+00:00,39.0,umidita,ambiente,raspberry_pi_4,camera
2455,_result,2,2026-07-11 08:21:08.604380+00:00,2026-07-11 11:21:08.604380+00:00,2026-07-11 09:57:15.444703+00:00,39.0,umidita,ambiente,raspberry_pi_4,camera
2456,_result,2,2026-07-11 08:21:08.604380+00:00,2026-07-11 11:21:08.604380+00:00,2026-07-11 09:57:20.714686+00:00,39.0,umidita,ambiente,raspberry_pi_4,camera
2457,_result,2,2026-07-11 08:21:08.604380+00:00,2026-07-11 11:21:08.604380+00:00,2026-07-11 09:57:25.974824+00:00,39.0,umidita,ambiente,raspberry_pi_4,camera
2458,_result,2,2026-07-11 08:21:08.604380+00:00,2026-07-11 11:21:08.604380+00:00,2026-07-11 09:57:31.246234+00:00,39.0,umidita,ambiente,raspberry_pi_4,camera
2459,_result,2,2026-07-11 08:21:08.604380+00:00,2026-07-11 11:21:08.604380+00:00,2026-07-11 09:57:36.506381+00:00,39.0,umidita,ambiente,raspberry_pi_4,camera
2460,_result,2,2026-07-11 08:21:08.604380+00:00,2026-07-11 11:21:08.604380+00:00,2026-07-11 09:57:41.775601+00:00,39.0,umidita,ambiente,raspberry_pi_4,camera
2461,_result,2,2026-07-11 08:21:08.604380+00:00,2026-07-11 11:21:08.604380+00:00,2026-07-11 09:57:47.035934+00:00,39.0,umidita,ambiente,raspberry_pi_4,camera
2462,_result,2,2026-07-11 08:21:08.604380+00:00,2026-07-11 11:21:08.604380+00:00,2026-07-11 09:57:52.305320+00:00,39.0,umidita,ambiente,raspberry_pi_4,camera
2463,_result,2,2026-07-11 08:21:08.604380+00:00,2026-07-11 11:21:08.604380+00:00,2026-07-11 09:57:57.565505+00:00,39.0,umidita,ambiente,raspberry_pi_4,camera
2464,_result,2,2026-07-11 08:21:08.604380+00:00,2026-07-11 11:21:08.604380+00:00,2026-07-11 09:58:02.836611+00:00,39.0,umidita,ambiente,raspberry_pi_4,camera
2465,_result,2,2026-07-11 08:21:08.604380+00:00,2026-07-11 11:21:08.604380+00:00,2026-07-11 09:58:08.096558+00:00,39.0,umidita,ambiente,raspberry_pi_4,camera
2466,_result,2,2026-07-11 08:21:08.604380+00:00,2026-07-11 11:21:08.604380+00:00,2026-07-11 09:58:13.366512+00:00,39.0,umidita,ambiente,raspberry_pi_4,camera
2467,_result,2,2026-07-11 08:21:08.604380+00:00,2026-07-11 11:21:08.604380+00:00,2026-07-11 09:58:18.626560+00:00,39.0,umidita,ambiente,raspberry_pi_4,camera
2468,_result,2,2026-07-11 08:21:08.604380+00:00,2026-07-11 11:21:08.604380+00:00,2026-07-11 09:58:23.896212+00:00,39.0,umidita,ambiente,raspberry_pi_4,camera
2469,_result,2,2026-07-11 08:21:08.604380+00:00,2026-07-11 11:21:08.604380+00:00,2026-07-11 09:58:29.156528+00:00,39.0,umidita,ambiente,raspberry_pi_4,camera
2470,_result,2,2026-07-11 08:21:08.604380+00:00,2026-07-11 11:21:08.604380+00:00,2026-07-11 09:58:34.427791+00:00,39.0,umidita,ambiente,raspberry_pi_4,camera
2471,_result,2,2026-07-11 08:21:08.604380+00:00,2026-07-11 11:21:08.604380+00:00,2026-07-11 09:58:39.687955+00:00,39.0,umidita,ambiente,raspberry_pi_4,camera
2472,_result,2,2026-07-11 08:21:08.604380+00:00,2026-07-11 11:21:08.604380+00:00,2026-07-11 09:58:50.211539+00:00,39.0,umidita,ambiente,raspberry_pi_4,camera
2473,_result,2,2026-07-11 08:21:08.604380+00:00,2026-07-11 11:21:08.604380+00:00,2026-07-11 09:58:55.481665+00:00,39.0,umidita,ambiente,raspberry_pi_4,camera
2474,_result,2,2026-07-11 08:21:08.604380+00:00,2026-07-11 11:21:08.604380+00:00,2026-07-11 09:59:00.744053+00:00,39.0,umidita,ambiente,raspberry_pi_4,camera
2475,_result,2,2026-07-11 08:21:08.604380+00:00,2026-07-11 11:21:08.604380+00:00,2026-07-11 09:59:06.013284+00:00,39.0,umidita,ambiente,raspberry_pi_4,camera
2476,_result,2,2026-07-11 08:21:08.604380+00:00,2026-07-11 11:21:08.604380+00:00,2026-07-11 09:59:11.273610+00:00,39.0,umidita,ambiente,raspberry_pi_4,camera
2477,_result,2,2026-07-11 08:21:08.604380+00:00,2026-07-11 11:21:08.604380+00:00,2026-07-11 09:59:21.799285+00:00,39.0,umidita,ambiente,raspberry_pi_4,camera
2478,_result,2,2026-07-11 08:21:08.604380+00:00,2026-07-11 11:21:08.604380+00:00,2026-07-11 09:59:27.071580+00:00,39.0,umidita,ambiente,raspberry_pi_4,camera
2479,_result,2,2026-07-11 08:21:08.604380+00:00,2026-07-11 11:21:08.604380+00:00,2026-07-11 09:59:32.333884+00:00,39.0,umidita,ambiente,raspberry_pi_4,camera
2480,_result,2,2026-07-11 08:21:08.604380+00:00,2026-07-11 11:21:08.604380+00:00,2026-07-11 09:59:42.858541+00:00,39.0,umidita,ambiente,raspberry_pi_4,camera
2481,_result,2,2026-07-11 08:21:08.604380+00:00,2026-07-11 11:21:08.604380+00:00,2026-07-11 09:59:48.130406+00:00,39.0,umidita,ambiente,raspberry_pi_4,camera
2482,_result,2,2026-07-11 08:21:08.604380+00:00,2026-07-11 11:21:08.604380+00:00,2026-07-11 09:59:53.390488+00:00,39.0,umidita,ambiente,raspberry_pi_4,camera
2483,_result,2,2026-07-11 08:21:08.604380+00:00,2026-07-11 11:21:08.604380+00:00,2026-07-11 09:59:58.661931+00:00,39.0,umidita,ambiente,raspberry_pi_4,camera
2484,_result,2,2026-07-11 08:21:08.604380+00:00,2026-07-11 11:21:08.604380+00:00,2026-07-11 10:00:03.921978+00:00,39.0,umidita,ambiente,raspberry_pi_4,camera
2485,_result,2,2026-07-11 08:21:08.604380+00:00,2026-07-11 11:21:08.604380+00:00,2026-07-11 10:00:09.191718+00:00,39.0,umidita,ambiente,raspberry_pi_4,camera
2486,_result,2,2026-07-11 08:21:08.604380+00:00,2026-07-11 11:21:08.604380+00:00,2026-07-11 10:00:14.451948+00:00,39.0,umidita,ambiente,raspberry_pi_4,camera
2487,_result,2,2026-07-11 08:21:08.604380+00:00,2026-07-11 11:21:08.604380+00:00,2026-07-11 10:00:19.721768+00:00,39.0,umidita,ambiente,raspberry_pi_4,camera
2488,_result,2,2026-07-11 08:21:08.604380+00:00,2026-07-11 11:21:08.604380+00:00,2026-07-11 10:00:24.982044+00:00,39.0,umidita,ambiente,raspberry_pi_4,camera
2489,_result,2,2026-07-11 08:21:08.604380+00:00,2026-07-11 11:21:08.604380+00:00,2026-07-11 10:00:30.253274+00:00,39.0,umidita,ambiente,raspberry_pi_4,camera
2490,_result,2,2026-07-11 08:21:08.604380+00:00,2026-07-11 11:21:08.604380+00:00,2026-07-11 10:00:35.513291+00:00,39.0,umidita,ambiente,raspberry_pi_4,camera
2491,_result,2,2026-07-11 08:21:08.604380+00:00,2026-07-11 11:21:08.604380+00:00,2026-07-11 10:00:40.782663+00:00,39.0,umidita,ambiente,raspberry_pi_4,camera
2492,_result,2,2026-07-11 08:21:08.604380+00:00,2026-07-11 11:21:08.604380+00:00,2026-07-11 10:00:46.042882+00:00,39.0,umidita,ambiente,raspberry_pi_4,camera
2493,_result,2,2026-07-11 08:21:08.604380+00:00,2026-07-11 11:21:08.604380+00:00,2026-07-11 10:00:51.312552+00:00,39.0,umidita,ambiente,raspberry_pi_4,camera
2494,_result,2,2026-07-11 08:21:08.604380+00:00,2026-07-11 11:21:08.604380+00:00,2026-07-11 10:00:56.573562+00:00,39.0,umidita,ambiente,raspberry_pi_4,camera
2495,_result,2,2026-07-11 08:21:08.604380+00:00,2026-07-11 11:21:08.604380+00:00,2026-07-11 10:01:01.844808+00:00,39.0,umidita,ambiente,raspberry_pi_4,camera
2496,_result,2,2026-07-11 08:21:08.604380+00:00,2026-07-11 11:21:08.604380+00:00,2026-07-11 10:01:07.104865+00:00,39.0,umidita,ambiente,raspberry_pi_4,camera
2497,_result,2,2026-07-11 08:21:08.604380+00:00,2026-07-11 11:21:08.604380+00:00,2026-07-11 10:01:12.374378+00:00,40.0,umidita,ambiente,raspberry_pi_4,camera
2498,_result,2,2026-07-11 08:21:08.604380+00:00,2026-07-11 11:21:08.604380+00:00,2026-07-11 10:01:17.634764+00:00,40.0,umidita,ambiente,raspberry_pi_4,camera
2499,_result,2,2026-07-11 08:21:08.604380+00:00,2026-07-11 11:21:08.604380+00:00,2026-07-11 10:01:22.904078+00:00,40.0,umidita,ambiente,raspberry_pi_4,camera
2500,_result,2,2026-07-11 08:21:08.604380+00:00,2026-07-11 11:21:08.604380+00:00,2026-07-11 10:01:28.164073+00:00,40.0,umidita,ambiente,raspberry_pi_4,camera
2501,_result,2,2026-07-11 08:21:08.604380+00:00,2026-07-11 11:21:08.604380+00:00,2026-07-11 10:01:33.435446+00:00,40.0,umidita,ambiente,raspberry_pi_4,camera
2502,_result,2,2026-07-11 08:21:08.604380+00:00,2026-07-11 11:21:08.604380+00:00,2026-07-11 10:01:38.695393+00:00,40.0,umidita,ambiente,raspberry_pi_4,camera
2503,_result,2,2026-07-11 08:21:08.604380+00:00,2026-07-11 11:21:08.604380+00:00,2026-07-11 10:01:43.964789+00:00,39.0,umidita,ambiente,raspberry_pi_4,camera
2504,_result,2,2026-07-11 08:21:08.604380+00:00,2026-07-11 11:21:08.604380+00:00,2026-07-11 10:01:49.225094+00:00,39.0,umidita,ambiente,raspberry_pi_4,camera
2505,_result,2,2026-07-11 08:21:08.604380+00:00,2026-07-11 11:21:08.604380+00:00,2026-07-11 10:01:54.494479+00:00,39.0,umidita,ambiente,raspberry_pi_4,camera
2506,_result,2,2026-07-11 08:21:08.604380+00:00,2026-07-11 11:21:08.604380+00:00,2026-07-11 10:01:59.755974+00:00,39.0,umidita,ambiente,raspberry_pi_4,camera
2507,_result,2,2026-07-11 08:21:08.604380+00:00,2026-07-11 11:21:08.604380+00:00,2026-07-11 10:02:05.025307+00:00,39.0,umidita,ambiente,raspberry_pi_4,camera
2508,_result,2,2026-07-11 08:21:08.604380+00:00,2026-07-11 11:21:08.604380+00:00,2026-07-11 10:02:10.285843+00:00,39.0,umidita,ambiente,raspberry_pi_4,camera
2509,_result,2,2026-07-11 08:21:08.604380+00:00,2026-07-11 11:21:08.604380+00:00,2026-07-11 10:02:15.555060+00:00,39.0,umidita,ambiente,raspberry_pi_4,camera
2510,_result,2,2026-07-11 08:21:08.604380+00:00,2026-07-11 11:21:08.604380+00:00,2026-07-11 10:02:20.815095+00:00,39.0,umidita,ambiente,raspberry_pi_4,camera
2511,_result,2,2026-07-11 08:21:08.604380+00:00,2026-07-11 11:21:08.604380+00:00,2026-07-11 10:02:26.084886+00:00,39.0,umidita,ambiente,raspberry_pi_4,camera
2512,_result,2,2026-07-11 08:21:08.604380+00:00,2026-07-11 11:21:08.604380+00:00,2026-07-11 10:02:31.346778+00:00,39.0,umidita,ambiente,raspberry_pi_4,camera
2513,_result,2,2026-07-11 08:21:08.604380+00:00,2026-07-11 11:21:08.604380+00:00,2026-07-11 10:02:36.618048+00:00,39.0,umidita,ambiente,raspberry_pi_4,camera
2514,_result,2,2026-07-11 08:21:08.604380+00:00,2026-07-11 11:21:08.604380+00:00,2026-07-11 10:02:41.878252+00:00,39.0,umidita,ambiente,raspberry_pi_4,camera
2515,_result,2,2026-07-11 08:21:08.604380+00:00,2026-07-11 11:21:08.604380+00:00,2026-07-11 10:02:47.148416+00:00,39.0,umidita,ambiente,raspberry_pi_4,camera
2516,_result,2,2026-07-11 08:21:08.604380+00:00,2026-07-11 11:21:08.604380+00:00,2026-07-11 10:02:52.408296+00:00,39.0,umidita,ambiente,raspberry_pi_4,camera
2517,_result,2,2026-07-11 08:21:08.604380+00:00,2026-07-11 11:21:08.604380+00:00,2026-07-11 10:02:57.678056+00:00,39.0,umidita,ambiente,raspberry_pi_4,camera
2518,_result,2,2026-07-11 08:21:08.604380+00:00,2026-07-11 11:21:08.604380+00:00,2026-07-11 10:03:02.940583+00:00,39.0,umidita,ambiente,raspberry_pi_4,camera
2519,_result,2,2026-07-11 08:21:08.604380+00:00,2026-07-11 11:21:08.604380+00:00,2026-07-11 10:03:08.210804+00:00,39.0,umidita,ambiente,raspberry_pi_4,camera
2520,_result,2,2026-07-11 08:21:08.604380+00:00,2026-07-11 11:21:08.604380+00:00,2026-07-11 10:03:13.470696+00:00,39.0,umidita,ambiente,raspberry_pi_4,camera
2521,_result,2,2026-07-11 08:21:08.604380+00:00,2026-07-11 11:21:08.604380+00:00,2026-07-11 10:03:18.740248+00:00,39.0,umidita,ambiente,raspberry_pi_4,camera
2522,_result,2,2026-07-11 08:21:08.604380+00:00,2026-07-11 11:21:08.604380+00:00,2026-07-11 10:03:24.000286+00:00,39.0,umidita,ambiente,raspberry_pi_4,camera
2523,_result,2,2026-07-11 08:21:08.604380+00:00,2026-07-11 11:21:08.604380+00:00,2026-07-11 10:03:29.271016+00:00,39.0,umidita,ambiente,raspberry_pi_4,camera
2524,_result,2,2026-07-11 08:21:08.604380+00:00,2026-07-11 11:21:08.604380+00:00,2026-07-11 10:03:34.530863+00:00,39.0,umidita,ambiente,raspberry_pi_4,camera
2525,_result,2,2026-07-11 08:21:08.604380+00:00,2026-07-11 11:21:08.604380+00:00,2026-07-11 10:03:39.800337+00:00,39.0,umidita,ambiente,raspberry_pi_4,camera
2526,_result,2,2026-07-11 08:21:08.604380+00:00,2026-07-11 11:21:08.604380+00:00,2026-07-11 10:03:45.060526+00:00,39.0,umidita,ambiente,raspberry_pi_4,camera
2527,_result,2,2026-07-11 08:21:08.604380+00:00,2026-07-11 11:21:08.604380+00:00,2026-07-11 10:03:50.329718+00:00,39.0,umidita,ambiente,raspberry_pi_4,camera
2528,_result,2,2026-07-11 08:21:08.604380+00:00,2026-07-11 11:21:08.604380+00:00,2026-07-11 10:03:55.589617+00:00,39.0,umidita,ambiente,raspberry_pi_4,camera
2529,_result,2,2026-07-11 08:21:08.604380+00:00,2026-07-11 11:21:08.604380+00:00,2026-07-11 10:04:00.860553+00:00,39.0,umidita,ambiente,raspberry_pi_4,camera
2530,_result,2,2026-07-11 08:21:08.604380+00:00,2026-07-11 11:21:08.604380+00:00,2026-07-11 10:04:06.120420+00:00,39.0,umidita,ambiente,raspberry_pi_4,camera
2531,_result,2,2026-07-11 08:21:08.604380+00:00,2026-07-11 11:21:08.604380+00:00,2026-07-11 10:04:11.389349+00:00,39.0,umidita,ambiente,raspberry_pi_4,camera
2532,_result,2,2026-07-11 08:21:08.604380+00:00,2026-07-11 11:21:08.604380+00:00,2026-07-11 10:04:16.649520+00:00,39.0,umidita,ambiente,raspberry_pi_4,camera
2533,_result,2,2026-07-11 08:21:08.604380+00:00,2026-07-11 11:21:08.604380+00:00,2026-07-11 10:04:21.918456+00:00,39.0,umidita,ambiente,raspberry_pi_4,camera
2534,_result,2,2026-07-11 08:21:08.604380+00:00,2026-07-11 11:21:08.604380+00:00,2026-07-11 10:04:27.178373+00:00,39.0,umidita,ambiente,raspberry_pi_4,camera
2535,_result,2,2026-07-11 08:21:08.604380+00:00,2026-07-11 11:21:08.604380+00:00,2026-07-11 10:04:32.450653+00:00,39.0,umidita,ambiente,raspberry_pi_4,camera
2536,_result,2,2026-07-11 08:21:08.604380+00:00,2026-07-11 11:21:08.604380+00:00,2026-07-11 10:04:37.710774+00:00,39.0,umidita,ambiente,raspberry_pi_4,camera
2537,_result,2,2026-07-11 08:21:08.604380+00:00,2026-07-11 11:21:08.604380+00:00,2026-07-11 10:04:42.980498+00:00,39.0,umidita,ambiente,raspberry_pi_4,camera
2538,_result,2,2026-07-11 08:21:08.604380+00:00,2026-07-11 11:21:08.604380+00:00,2026-07-11 10:04:48.240594+00:00,39.0,umidita,ambiente,raspberry_pi_4,camera
2539,_result,2,2026-07-11 08:21:08.604380+00:00,2026-07-11 11:21:08.604380+00:00,2026-07-11 10:04:53.510302+00:00,39.0,umidita,ambiente,raspberry_pi_4,camera
2540,_result,2,2026-07-11 08:21:08.604380+00:00,2026-07-11 11:21:08.604380+00:00,2026-07-11 10:04:58.770412+00:00,39.0,umidita,ambiente,raspberry_pi_4,camera
2541,_result,2,2026-07-11 08:21:08.604380+00:00,2026-07-11 11:21:08.604380+00:00,2026-07-11 10:05:04.041414+00:00,39.0,umidita,ambiente,raspberry_pi_4,camera
2542,_result,2,2026-07-11 08:21:08.604380+00:00,2026-07-11 11:21:08.604380+00:00,2026-07-11 10:05:09.301410+00:00,39.0,umidita,ambiente,raspberry_pi_4,camera
2543,_result,2,2026-07-11 08:21:08.604380+00:00,2026-07-11 11:21:08.604380+00:00,2026-07-11 10:05:14.571372+00:00,39.0,umidita,ambiente,raspberry_pi_4,camera
2544,_result,2,2026-07-11 08:21:08.604380+00:00,2026-07-11 11:21:08.604380+00:00,2026-07-11 10:05:19.831383+00:00,39.0,umidita,ambiente,raspberry_pi_4,camera
2545,_result,2,2026-07-11 08:21:08.604380+00:00,2026-07-11 11:21:08.604380+00:00,2026-07-11 10:05:25.101012+00:00,39.0,umidita,ambiente,raspberry_pi_4,camera
2546,_result,2,2026-07-11 08:21:08.604380+00:00,2026-07-11 11:21:08.604380+00:00,2026-07-11 10:05:30.362749+00:00,39.0,umidita,ambiente,raspberry_pi_4,camera
2547,_result,2,2026-07-11 08:21:08.604380+00:00,2026-07-11 11:21:08.604380+00:00,2026-07-11 10:05:35.632465+00:00,39.0,umidita,ambiente,raspberry_pi_4,camera
2548,_result,2,2026-07-11 08:21:08.604380+00:00,2026-07-11 11:21:08.604380+00:00,2026-07-11 10:05:40.892532+00:00,39.0,umidita,ambiente,raspberry_pi_4,camera
2549,_result,2,2026-07-11 08:21:08.604380+00:00,2026-07-11 11:21:08.604380+00:00,2026-07-11 10:05:46.162921+00:00,39.0,umidita,ambiente,raspberry_pi_4,camera
2550,_result,2,2026-07-11 08:21:08.604380+00:00,2026-07-11 11:21:08.604380+00:00,2026-07-11 10:05:51.423034+00:00,39.0,umidita,ambiente,raspberry_pi_4,camera
2551,_result,2,2026-07-11 08:21:08.604380+00:00,2026-07-11 11:21:08.604380+00:00,2026-07-11 10:05:56.692645+00:00,39.0,umidita,ambiente,raspberry_pi_4,camera
2552,_result,2,2026-07-11 08:21:08.604380+00:00,2026-07-11 11:21:08.604380+00:00,2026-07-11 10:06:01.954848+00:00,39.0,umidita,ambiente,raspberry_pi_4,camera
2553,_result,2,2026-07-11 08:21:08.604380+00:00,2026-07-11 11:21:08.604380+00:00,2026-07-11 10:06:07.224419+00:00,39.0,umidita,ambiente,raspberry_pi_4,camera
2554,_result,2,2026-07-11 08:21:08.604380+00:00,2026-07-11 11:21:08.604380+00:00,2026-07-11 10:06:17.748292+00:00,39.0,umidita,ambiente,raspberry_pi_4,camera
2555,_result,2,2026-07-11 08:21:08.604380+00:00,2026-07-11 11:21:08.604380+00:00,2026-07-11 10:06:23.008322+00:00,39.0,umidita,ambiente,raspberry_pi_4,camera
2556,_result,2,2026-07-11 08:21:08.604380+00:00,2026-07-11 11:21:08.604380+00:00,2026-07-11 10:06:28.278798+00:00,39.0,umidita,ambiente,raspberry_pi_4,camera
2557,_result,2,2026-07-11 08:21:08.604380+00:00,2026-07-11 11:21:08.604380+00:00,2026-07-11 10:06:33.540401+00:00,39.0,umidita,ambiente,raspberry_pi_4,camera
2558,_result,2,2026-07-11 08:21:08.604380+00:00,2026-07-11 11:21:08.604380+00:00,2026-07-11 10:06:38.809576+00:00,39.0,umidita,ambiente,raspberry_pi_4,camera
2559,_result,2,2026-07-11 08:21:08.604380+00:00,2026-07-11 11:21:08.604380+00:00,2026-07-11 10:06:44.069915+00:00,39.0,umidita,ambiente,raspberry_pi_4,camera
2560,_result,2,2026-07-11 08:21:08.604380+00:00,2026-07-11 11:21:08.604380+00:00,2026-07-11 10:06:49.339190+00:00,39.0,umidita,ambiente,raspberry_pi_4,camera
2561,_result,2,2026-07-11 08:21:08.604380+00:00,2026-07-11 11:21:08.604380+00:00,2026-07-11 10:06:54.600040+00:00,39.0,umidita,ambiente,raspberry_pi_4,camera
2562,_result,2,2026-07-11 08:21:08.604380+00:00,2026-07-11 11:21:08.604380+00:00,2026-07-11 10:06:59.871964+00:00,39.0,umidita,ambiente,raspberry_pi_4,camera
2563,_result,2,2026-07-11 08:21:08.604380+00:00,2026-07-11 11:21:08.604380+00:00,2026-07-11 10:07:05.132006+00:00,39.0,umidita,ambiente,raspberry_pi_4,camera
2564,_result,2,2026-07-11 08:21:08.604380+00:00,2026-07-11 11:21:08.604380+00:00,2026-07-11 10:07:10.401786+00:00,39.0,umidita,ambiente,raspberry_pi_4,camera
2565,_result,2,2026-07-11 08:21:08.604380+00:00,2026-07-11 11:21:08.604380+00:00,2026-07-11 10:07:15.661834+00:00,40.0,umidita,ambiente,raspberry_pi_4,camera
2566,_result,2,2026-07-11 08:21:08.604380+00:00,2026-07-11 11:21:08.604380+00:00,2026-07-11 10:07:20.931255+00:00,40.0,umidita,ambiente,raspberry_pi_4,camera
2567,_result,2,2026-07-11 08:21:08.604380+00:00,2026-07-11 11:21:08.604380+00:00,2026-07-11 10:07:26.191560+00:00,40.0,umidita,ambiente,raspberry_pi_4,camera
2568,_result,2,2026-07-11 08:21:08.604380+00:00,2026-07-11 11:21:08.604380+00:00,2026-07-11 10:07:31.462893+00:00,39.0,umidita,ambiente,raspberry_pi_4,camera
2569,_result,2,2026-07-11 08:21:08.604380+00:00,2026-07-11 11:21:08.604380+00:00,2026-07-11 10:07:36.722685+00:00,39.0,umidita,ambiente,raspberry_pi_4,camera
2570,_result,2,2026-07-11 08:21:08.604380+00:00,2026-07-11 11:21:08.604380+00:00,2026-07-11 10:07:41.992716+00:00,39.0,umidita,ambiente,raspberry_pi_4,camera
2571,_result,2,2026-07-11 08:21:08.604380+00:00,2026-07-11 11:21:08.604380+00:00,2026-07-11 10:07:47.252715+00:00,39.0,umidita,ambiente,raspberry_pi_4,camera
2572,_result,2,2026-07-11 08:21:08.604380+00:00,2026-07-11 11:21:08.604380+00:00,2026-07-11 10:07:52.522246+00:00,39.0,umidita,ambiente,raspberry_pi_4,camera
2573,_result,2,2026-07-11 08:21:08.604380+00:00,2026-07-11 11:21:08.604380+00:00,2026-07-11 10:07:57.782465+00:00,39.0,umidita,ambiente,raspberry_pi_4,camera
2574,_result,2,2026-07-11 08:21:08.604380+00:00,2026-07-11 11:21:08.604380+00:00,2026-07-11 10:08:03.053385+00:00,39.0,umidita,ambiente,raspberry_pi_4,camera
2575,_result,2,2026-07-11 08:21:08.604380+00:00,2026-07-11 11:21:08.604380+00:00,2026-07-11 10:08:08.313364+00:00,39.0,umidita,ambiente,raspberry_pi_4,camera
2576,_result,2,2026-07-11 08:21:08.604380+00:00,2026-07-11 11:21:08.604380+00:00,2026-07-11 10:08:13.583179+00:00,39.0,umidita,ambiente,raspberry_pi_4,camera
2577,_result,2,2026-07-11 08:21:08.604380+00:00,2026-07-11 11:21:08.604380+00:00,2026-07-11 10:08:18.844098+00:00,39.0,umidita,ambiente,raspberry_pi_4,camera
2578,_result,2,2026-07-11 08:21:08.604380+00:00,2026-07-11 11:21:08.604380+00:00,2026-07-11 10:08:24.113730+00:00,39.0,umidita,ambiente,raspberry_pi_4,camera
2579,_result,2,2026-07-11 08:21:08.604380+00:00,2026-07-11 11:21:08.604380+00:00,2026-07-11 10:08:29.373660+00:00,39.0,umidita,ambiente,raspberry_pi_4,camera
2580,_result,2,2026-07-11 08:21:08.604380+00:00,2026-07-11 11:21:08.604380+00:00,2026-07-11 10:08:34.645441+00:00,40.0,umidita,ambiente,raspberry_pi_4,camera
2581,_result,2,2026-07-11 08:21:08.604380+00:00,2026-07-11 11:21:08.604380+00:00,2026-07-11 10:08:39.905776+00:00,39.0,umidita,ambiente,raspberry_pi_4,camera
2582,_result,2,2026-07-11 08:21:08.604380+00:00,2026-07-11 11:21:08.604380+00:00,2026-07-11 10:08:45.175104+00:00,39.0,umidita,ambiente,raspberry_pi_4,camera
2583,_result,2,2026-07-11 08:21:08.604380+00:00,2026-07-11 11:21:08.604380+00:00,2026-07-11 10:08:50.435084+00:00,39.0,umidita,ambiente,raspberry_pi_4,camera
2584,_result,2,2026-07-11 08:21:08.604380+00:00,2026-07-11 11:21:08.604380+00:00,2026-07-11 10:08:55.711885+00:00,39.0,umidita,ambiente,raspberry_pi_4,camera
2585,_result,2,2026-07-11 08:21:08.604380+00:00,2026-07-11 11:21:08.604380+00:00,2026-07-11 10:09:00.973355+00:00,39.0,umidita,ambiente,raspberry_pi_4,camera
2586,_result,2,2026-07-11 08:21:08.604380+00:00,2026-07-11 11:21:08.604380+00:00,2026-07-11 10:09:06.242852+00:00,40.0,umidita,ambiente,raspberry_pi_4,camera
2587,_result,2,2026-07-11 08:21:08.604380+00:00,2026-07-11 11:21:08.604380+00:00,2026-07-11 10:09:11.503122+00:00,40.0,umidita,ambiente,raspberry_pi_4,camera
2588,_result,2,2026-07-11 08:21:08.604380+00:00,2026-07-11 11:21:08.604380+00:00,2026-07-11 10:09:16.772418+00:00,40.0,umidita,ambiente,raspberry_pi_4,camera
2589,_result,2,2026-07-11 08:21:08.604380+00:00,2026-07-11 11:21:08.604380+00:00,2026-07-11 10:09:22.032462+00:00,40.0,umidita,ambiente,raspberry_pi_4,camera
2590,_result,2,2026-07-11 08:21:08.604380+00:00,2026-07-11 11:21:08.604380+00:00,2026-07-11 10:09:27.302087+00:00,40.0,umidita,ambiente,raspberry_pi_4,camera
2591,_result,2,2026-07-11 08:21:08.604380+00:00,2026-07-11 11:21:08.604380+00:00,2026-07-11 10:09:32.563567+00:00,40.0,umidita,ambiente,raspberry_pi_4,camera
2592,_result,2,2026-07-11 08:21:08.604380+00:00,2026-07-11 11:21:08.604380+00:00,2026-07-11 10:09:37.835199+00:00,40.0,umidita,ambiente,raspberry_pi_4,camera
2593,_result,2,2026-07-11 08:21:08.604380+00:00,2026-07-11 11:21:08.604380+00:00,2026-07-11 10:09:43.095471+00:00,40.0,umidita,ambiente,raspberry_pi_4,camera
2594,_result,2,2026-07-11 08:21:08.604380+00:00,2026-07-11 11:21:08.604380+00:00,2026-07-11 10:09:48.365129+00:00,40.0,umidita,ambiente,raspberry_pi_4,camera
2595,_result,2,2026-07-11 08:21:08.604380+00:00,2026-07-11 11:21:08.604380+00:00,2026-07-11 10:09:53.624998+00:00,40.0,umidita,ambiente,raspberry_pi_4,camera
2596,_result,2,2026-07-11 08:21:08.604380+00:00,2026-07-11 11:21:08.604380+00:00,2026-07-11 10:09:58.895927+00:00,40.0,umidita,ambiente,raspberry_pi_4,camera
2597,_result,2,2026-07-11 08:21:08.604380+00:00,2026-07-11 11:21:08.604380+00:00,2026-07-11 10:10:04.155779+00:00,39.0,umidita,ambiente,raspberry_pi_4,camera
2598,_result,2,2026-07-11 08:21:08.604380+00:00,2026-07-11 11:21:08.604380+00:00,2026-07-11 10:10:09.427139+00:00,39.0,umidita,ambiente,raspberry_pi_4,camera
2599,_result,2,2026-07-11 08:21:08.604380+00:00,2026-07-11 11:21:08.604380+00:00,2026-07-11 10:10:14.687080+00:00,39.0,umidita,ambiente,raspberry_pi_4,camera
2600,_result,2,2026-07-11 08:21:08.604380+00:00,2026-07-11 11:21:08.604380+00:00,2026-07-11 10:10:19.956394+00:00,40.0,umidita,ambiente,raspberry_pi_4,camera
2601,_result,2,2026-07-11 08:21:08.604380+00:00,2026-07-11 11:21:08.604380+00:00,2026-07-11 10:10:25.218531+00:00,40.0,umidita,ambiente,raspberry_pi_4,camera
2602,_result,2,2026-07-11 08:21:08.604380+00:00,2026-07-11 11:21:08.604380+00:00,2026-07-11 10:10:30.494216+00:00,39.0,umidita,ambiente,raspberry_pi_4,camera
2603,_result,2,2026-07-11 08:21:08.604380+00:00,2026-07-11 11:21:08.604380+00:00,2026-07-11 10:10:35.755343+00:00,40.0,umidita,ambiente,raspberry_pi_4,camera
2604,_result,2,2026-07-11 08:21:08.604380+00:00,2026-07-11 11:21:08.604380+00:00,2026-07-11 10:10:41.025542+00:00,40.0,umidita,ambiente,raspberry_pi_4,camera
2605,_result,2,2026-07-11 08:21:08.604380+00:00,2026-07-11 11:21:08.604380+00:00,2026-07-11 10:10:46.285845+00:00,40.0,umidita,ambiente,raspberry_pi_4,camera
2606,_result,2,2026-07-11 08:21:08.604380+00:00,2026-07-11 11:21:08.604380+00:00,2026-07-11 10:10:51.556615+00:00,40.0,umidita,ambiente,raspberry_pi_4,camera
2607,_result,2,2026-07-11 08:21:08.604380+00:00,2026-07-11 11:21:08.604380+00:00,2026-07-11 10:10:56.817294+00:00,39.0,umidita,ambiente,raspberry_pi_4,camera
2608,_result,2,2026-07-11 08:21:08.604380+00:00,2026-07-11 11:21:08.604380+00:00,2026-07-11 10:11:02.088945+00:00,39.0,umidita,ambiente,raspberry_pi_4,camera
2609,_result,2,2026-07-11 08:21:08.604380+00:00,2026-07-11 11:21:08.604380+00:00,2026-07-11 10:11:07.348829+00:00,39.0,umidita,ambiente,raspberry_pi_4,camera
2610,_result,2,2026-07-11 08:21:08.604380+00:00,2026-07-11 11:21:08.604380+00:00,2026-07-11 10:11:12.618004+00:00,39.0,umidita,ambiente,raspberry_pi_4,camera
2611,_result,2,2026-07-11 08:21:08.604380+00:00,2026-07-11 11:21:08.604380+00:00,2026-07-11 10:11:17.878536+00:00,39.0,umidita,ambiente,raspberry_pi_4,camera
2612,_result,2,2026-07-11 08:21:08.604380+00:00,2026-07-11 11:21:08.604380+00:00,2026-07-11 10:11:23.147917+00:00,39.0,umidita,ambiente,raspberry_pi_4,camera
2613,_result,2,2026-07-11 08:21:08.604380+00:00,2026-07-11 11:21:08.604380+00:00,2026-07-11 10:11:28.407986+00:00,39.0,umidita,ambiente,raspberry_pi_4,camera
2614,_result,2,2026-07-11 08:21:08.604380+00:00,2026-07-11 11:21:08.604380+00:00,2026-07-11 10:11:33.679023+00:00,39.0,umidita,ambiente,raspberry_pi_4,camera
2615,_result,2,2026-07-11 08:21:08.604380+00:00,2026-07-11 11:21:08.604380+00:00,2026-07-11 10:11:38.939137+00:00,39.0,umidita,ambiente,raspberry_pi_4,camera
2616,_result,2,2026-07-11 08:21:08.604380+00:00,2026-07-11 11:21:08.604380+00:00,2026-07-11 10:11:44.209001+00:00,39.0,umidita,ambiente,raspberry_pi_4,camera
2617,_result,2,2026-07-11 08:21:08.604380+00:00,2026-07-11 11:21:08.604380+00:00,2026-07-11 10:11:49.476195+00:00,39.0,umidita,ambiente,raspberry_pi_4,camera
2618,_result,2,2026-07-11 08:21:08.604380+00:00,2026-07-11 11:21:08.604380+00:00,2026-07-11 10:11:54.747180+00:00,39.0,umidita,ambiente,raspberry_pi_4,camera
2619,_result,2,2026-07-11 08:21:08.604380+00:00,2026-07-11 11:21:08.604380+00:00,2026-07-11 10:12:00.008974+00:00,39.0,umidita,ambiente,raspberry_pi_4,camera
2620,_result,2,2026-07-11 08:21:08.604380+00:00,2026-07-11 11:21:08.604380+00:00,2026-07-11 10:12:05.279786+00:00,39.0,umidita,ambiente,raspberry_pi_4,camera
2621,_result,2,2026-07-11 08:21:08.604380+00:00,2026-07-11 11:21:08.604380+00:00,2026-07-11 10:12:10.540131+00:00,39.0,umidita,ambiente,raspberry_pi_4,camera
2622,_result,2,2026-07-11 08:21:08.604380+00:00,2026-07-11 11:21:08.604380+00:00,2026-07-11 10:12:15.861580+00:00,39.0,umidita,ambiente,raspberry_pi_4,camera
2623,_result,2,2026-07-11 08:21:08.604380+00:00,2026-07-11 11:21:08.604380+00:00,2026-07-11 10:12:21.121636+00:00,39.0,umidita,ambiente,raspberry_pi_4,camera
2624,_result,2,2026-07-11 08:21:08.604380+00:00,2026-07-11 11:21:08.604380+00:00,2026-07-11 10:12:26.391451+00:00,39.0,umidita,ambiente,raspberry_pi_4,camera
2625,_result,2,2026-07-11 08:21:08.604380+00:00,2026-07-11 11:21:08.604380+00:00,2026-07-11 10:12:36.918051+00:00,39.0,umidita,ambiente,raspberry_pi_4,camera
2626,_result,2,2026-07-11 08:21:08.604380+00:00,2026-07-11 11:21:08.604380+00:00,2026-07-11 10:12:42.178008+00:00,39.0,umidita,ambiente,raspberry_pi_4,camera
2627,_result,2,2026-07-11 08:21:08.604380+00:00,2026-07-11 11:21:08.604380+00:00,2026-07-11 10:12:47.448184+00:00,39.0,umidita,ambiente,raspberry_pi_4,camera
2628,_result,2,2026-07-11 08:21:08.604380+00:00,2026-07-11 11:21:08.604380+00:00,2026-07-11 10:12:52.708223+00:00,39.0,umidita,ambiente,raspberry_pi_4,camera
2629,_result,2,2026-07-11 08:21:08.604380+00:00,2026-07-11 11:21:08.604380+00:00,2026-07-11 10:12:57.977948+00:00,39.0,umidita,ambiente,raspberry_pi_4,camera
2630,_result,2,2026-07-11 08:21:08.604380+00:00,2026-07-11 11:21:08.604380+00:00,2026-07-11 10:13:03.239597+00:00,40.0,umidita,ambiente,raspberry_pi_4,camera
2631,_result,2,2026-07-11 08:21:08.604380+00:00,2026-07-11 11:21:08.604380+00:00,2026-07-11 10:13:08.508926+00:00,40.0,umidita,ambiente,raspberry_pi_4,camera
2632,_result,2,2026-07-11 08:21:08.604380+00:00,2026-07-11 11:21:08.604380+00:00,2026-07-11 10:13:13.769230+00:00,40.0,umidita,ambiente,raspberry_pi_4,camera
2633,_result,2,2026-07-11 08:21:08.604380+00:00,2026-07-11 11:21:08.604380+00:00,2026-07-11 10:13:19.038727+00:00,40.0,umidita,ambiente,raspberry_pi_4,camera
2634,_result,2,2026-07-11 08:21:08.604380+00:00,2026-07-11 11:21:08.604380+00:00,2026-07-11 10:13:24.298934+00:00,40.0,umidita,ambiente,raspberry_pi_4,camera
2635,_result,2,2026-07-11 08:21:08.604380+00:00,2026-07-11 11:21:08.604380+00:00,2026-07-11 10:13:29.570485+00:00,40.0,umidita,ambiente,raspberry_pi_4,camera
2636,_result,2,2026-07-11 08:21:08.604380+00:00,2026-07-11 11:21:08.604380+00:00,2026-07-11 10:13:34.830572+00:00,40.0,umidita,ambiente,raspberry_pi_4,camera
2637,_result,2,2026-07-11 08:21:08.604380+00:00,2026-07-11 11:21:08.604380+00:00,2026-07-11 10:13:40.100739+00:00,40.0,umidita,ambiente,raspberry_pi_4,camera
2638,_result,2,2026-07-11 08:21:08.604380+00:00,2026-07-11 11:21:08.604380+00:00,2026-07-11 10:13:45.360919+00:00,40.0,umidita,ambiente,raspberry_pi_4,camera
2639,_result,2,2026-07-11 08:21:08.604380+00:00,2026-07-11 11:21:08.604380+00:00,2026-07-11 10:13:50.631428+00:00,41.0,umidita,ambiente,raspberry_pi_4,camera
2640,_result,2,2026-07-11 08:21:08.604380+00:00,2026-07-11 11:21:08.604380+00:00,2026-07-11 10:13:55.891520+00:00,41.0,umidita,ambiente,raspberry_pi_4,camera
2641,_result,2,2026-07-11 08:21:08.604380+00:00,2026-07-11 11:21:08.604380+00:00,2026-07-11 10:14:01.162608+00:00,41.0,umidita,ambiente,raspberry_pi_4,camera
2642,_result,2,2026-07-11 08:21:08.604380+00:00,2026-07-11 11:21:08.604380+00:00,2026-07-11 10:14:06.422814+00:00,40.0,umidita,ambiente,raspberry_pi_4,camera
2643,_result,2,2026-07-11 08:21:08.604380+00:00,2026-07-11 11:21:08.604380+00:00,2026-07-11 10:14:11.692235+00:00,40.0,umidita,ambiente,raspberry_pi_4,camera
2644,_result,2,2026-07-11 08:21:08.604380+00:00,2026-07-11 11:21:08.604380+00:00,2026-07-11 10:14:16.952533+00:00,40.0,umidita,ambiente,raspberry_pi_4,camera
2645,_result,2,2026-07-11 08:21:08.604380+00:00,2026-07-11 11:21:08.604380+00:00,2026-07-11 10:14:22.221603+00:00,40.0,umidita,ambiente,raspberry_pi_4,camera
2646,_result,2,2026-07-11 08:21:08.604380+00:00,2026-07-11 11:21:08.604380+00:00,2026-07-11 10:14:32.746448+00:00,40.0,umidita,ambiente,raspberry_pi_4,camera
2647,_result,2,2026-07-11 08:21:08.604380+00:00,2026-07-11 11:21:08.604380+00:00,2026-07-11 10:14:38.006510+00:00,40.0,umidita,ambiente,raspberry_pi_4,camera
2648,_result,2,2026-07-11 08:21:08.604380+00:00,2026-07-11 11:21:08.604380+00:00,2026-07-11 10:14:43.276249+00:00,40.0,umidita,ambiente,raspberry_pi_4,camera
2649,_result,2,2026-07-11 08:21:08.604380+00:00,2026-07-11 11:21:08.604380+00:00,2026-07-11 10:14:48.536025+00:00,40.0,umidita,ambiente,raspberry_pi_4,camera
2650,_result,2,2026-07-11 08:21:08.604380+00:00,2026-07-11 11:21:08.604380+00:00,2026-07-11 10:14:53.805348+00:00,40.0,umidita,ambiente,raspberry_pi_4,camera
2651,_result,2,2026-07-11 08:21:08.604380+00:00,2026-07-11 11:21:08.604380+00:00,2026-07-11 10:14:59.065524+00:00,40.0,umidita,ambiente,raspberry_pi_4,camera
2652,_result,2,2026-07-11 08:21:08.604380+00:00,2026-07-11 11:21:08.604380+00:00,2026-07-11 10:15:04.336472+00:00,40.0,umidita,ambiente,raspberry_pi_4,camera
2653,_result,2,2026-07-11 08:21:08.604380+00:00,2026-07-11 11:21:08.604380+00:00,2026-07-11 10:15:09.596605+00:00,40.0,umidita,ambiente,raspberry_pi_4,camera
2654,_result,2,2026-07-11 08:21:08.604380+00:00,2026-07-11 11:21:08.604380+00:00,2026-07-11 10:15:14.866114+00:00,40.0,umidita,ambiente,raspberry_pi_4,camera
2655,_result,2,2026-07-11 08:21:08.604380+00:00,2026-07-11 11:21:08.604380+00:00,2026-07-11 10:15:20.126269+00:00,40.0,umidita,ambiente,raspberry_pi_4,camera
2656,_result,2,2026-07-11 08:21:08.604380+00:00,2026-07-11 11:21:08.604380+00:00,2026-07-11 10:15:25.395990+00:00,40.0,umidita,ambiente,raspberry_pi_4,camera
2657,_result,2,2026-07-11 08:21:08.604380+00:00,2026-07-11 11:21:08.604380+00:00,2026-07-11 10:15:30.657252+00:00,40.0,umidita,ambiente,raspberry_pi_4,camera
2658,_result,2,2026-07-11 08:21:08.604380+00:00,2026-07-11 11:21:08.604380+00:00,2026-07-11 10:15:35.927028+00:00,40.0,umidita,ambiente,raspberry_pi_4,camera
2659,_result,2,2026-07-11 08:21:08.604380+00:00,2026-07-11 11:21:08.604380+00:00,2026-07-11 10:15:46.451744+00:00,40.0,umidita,ambiente,raspberry_pi_4,camera
2660,_result,2,2026-07-11 08:21:08.604380+00:00,2026-07-11 11:21:08.604380+00:00,2026-07-11 10:15:51.712221+00:00,40.0,umidita,ambiente,raspberry_pi_4,camera
2661,_result,2,2026-07-11 08:21:08.604380+00:00,2026-07-11 11:21:08.604380+00:00,2026-07-11 10:15:56.981463+00:00,40.0,umidita,ambiente,raspberry_pi_4,camera
2662,_result,2,2026-07-11 08:21:08.604380+00:00,2026-07-11 11:21:08.604380+00:00,2026-07-11 10:16:02.243311+00:00,40.0,umidita,ambiente,raspberry_pi_4,camera
2663,_result,2,2026-07-11 08:21:08.604380+00:00,2026-07-11 11:21:08.604380+00:00,2026-07-11 10:16:07.512902+00:00,40.0,umidita,ambiente,raspberry_pi_4,camera
2664,_result,2,2026-07-11 08:21:08.604380+00:00,2026-07-11 11:21:08.604380+00:00,2026-07-11 10:16:12.772829+00:00,40.0,umidita,ambiente,raspberry_pi_4,camera
2665,_result,2,2026-07-11 08:21:08.604380+00:00,2026-07-11 11:21:08.604380+00:00,2026-07-11 10:16:18.043633+00:00,40.0,umidita,ambiente,raspberry_pi_4,camera
2666,_result,2,2026-07-11 08:21:08.604380+00:00,2026-07-11 11:21:08.604380+00:00,2026-07-11 10:16:23.304451+00:00,40.0,umidita,ambiente,raspberry_pi_4,camera
2667,_result,2,2026-07-11 08:21:08.604380+00:00,2026-07-11 11:21:08.604380+00:00,2026-07-11 10:16:28.575959+00:00,40.0,umidita,ambiente,raspberry_pi_4,camera
2668,_result,2,2026-07-11 08:21:08.604380+00:00,2026-07-11 11:21:08.604380+00:00,2026-07-11 10:16:33.836424+00:00,40.0,umidita,ambiente,raspberry_pi_4,camera
2669,_result,2,2026-07-11 08:21:08.604380+00:00,2026-07-11 11:21:08.604380+00:00,2026-07-11 10:16:39.106510+00:00,40.0,umidita,ambiente,raspberry_pi_4,camera
2670,_result,2,2026-07-11 08:21:08.604380+00:00,2026-07-11 11:21:08.604380+00:00,2026-07-11 10:16:44.366709+00:00,40.0,umidita,ambiente,raspberry_pi_4,camera
2671,_result,2,2026-07-11 08:21:08.604380+00:00,2026-07-11 11:21:08.604380+00:00,2026-07-11 10:16:49.636303+00:00,40.0,umidita,ambiente,raspberry_pi_4,camera
2672,_result,2,2026-07-11 08:21:08.604380+00:00,2026-07-11 11:21:08.604380+00:00,2026-07-11 10:17:00.161832+00:00,40.0,umidita,ambiente,raspberry_pi_4,camera
2673,_result,2,2026-07-11 08:21:08.604380+00:00,2026-07-11 11:21:08.604380+00:00,2026-07-11 10:17:05.422230+00:00,40.0,umidita,ambiente,raspberry_pi_4,camera
2674,_result,2,2026-07-11 08:21:08.604380+00:00,2026-07-11 11:21:08.604380+00:00,2026-07-11 10:17:10.691675+00:00,40.0,umidita,ambiente,raspberry_pi_4,camera
2675,_result,2,2026-07-11 08:21:08.604380+00:00,2026-07-11 11:21:08.604380+00:00,2026-07-11 10:17:15.951669+00:00,40.0,umidita,ambiente,raspberry_pi_4,camera
2676,_result,2,2026-07-11 08:21:08.604380+00:00,2026-07-11 11:21:08.604380+00:00,2026-07-11 10:17:21.221219+00:00,40.0,umidita,ambiente,raspberry_pi_4,camera
2677,_result,2,2026-07-11 08:21:08.604380+00:00,2026-07-11 11:21:08.604380+00:00,2026-07-11 10:17:26.481196+00:00,40.0,umidita,ambiente,raspberry_pi_4,camera
2678,_result,2,2026-07-11 08:21:08.604380+00:00,2026-07-11 11:21:08.604380+00:00,2026-07-11 10:17:31.752716+00:00,40.0,umidita,ambiente,raspberry_pi_4,camera
2679,_result,2,2026-07-11 08:21:08.604380+00:00,2026-07-11 11:21:08.604380+00:00,2026-07-11 10:17:37.012699+00:00,40.0,umidita,ambiente,raspberry_pi_4,camera
2680,_result,2,2026-07-11 08:21:08.604380+00:00,2026-07-11 11:21:08.604380+00:00,2026-07-11 10:17:42.283058+00:00,40.0,umidita,ambiente,raspberry_pi_4,camera
2681,_result,2,2026-07-11 08:21:08.604380+00:00,2026-07-11 11:21:08.604380+00:00,2026-07-11 10:17:47.543037+00:00,40.0,umidita,ambiente,raspberry_pi_4,camera
2682,_result,2,2026-07-11 08:21:08.604380+00:00,2026-07-11 11:21:08.604380+00:00,2026-07-11 10:17:52.819284+00:00,40.0,umidita,ambiente,raspberry_pi_4,camera
2683,_result,2,2026-07-11 08:21:08.604380+00:00,2026-07-11 11:21:08.604380+00:00,2026-07-11 10:17:58.079635+00:00,40.0,umidita,ambiente,raspberry_pi_4,camera
2684,_result,2,2026-07-11 08:21:08.604380+00:00,2026-07-11 11:21:08.604380+00:00,2026-07-11 10:18:03.350523+00:00,40.0,umidita,ambiente,raspberry_pi_4,camera
2685,_result,2,2026-07-11 08:21:08.604380+00:00,2026-07-11 11:21:08.604380+00:00,2026-07-11 10:18:08.610949+00:00,40.0,umidita,ambiente,raspberry_pi_4,camera
2686,_result,2,2026-07-11 08:21:08.604380+00:00,2026-07-11 11:21:08.604380+00:00,2026-07-11 10:18:13.880262+00:00,40.0,umidita,ambiente,raspberry_pi_4,camera
2687,_result,2,2026-07-11 08:21:08.604380+00:00,2026-07-11 11:21:08.604380+00:00,2026-07-11 10:18:19.140232+00:00,40.0,umidita,ambiente,raspberry_pi_4,camera
2688,_result,2,2026-07-11 08:21:08.604380+00:00,2026-07-11 11:21:08.604380+00:00,2026-07-11 10:18:29.664068+00:00,40.0,umidita,ambiente,raspberry_pi_4,camera
2689,_result,2,2026-07-11 08:21:08.604380+00:00,2026-07-11 11:21:08.604380+00:00,2026-07-11 10:18:40.192230+00:00,40.0,umidita,ambiente,raspberry_pi_4,camera
2690,_result,2,2026-07-11 08:21:08.604380+00:00,2026-07-11 11:21:08.604380+00:00,2026-07-11 10:18:45.461709+00:00,40.0,umidita,ambiente,raspberry_pi_4,camera
2691,_result,2,2026-07-11 08:21:08.604380+00:00,2026-07-11 11:21:08.604380+00:00,2026-07-11 10:18:50.721645+00:00,40.0,umidita,ambiente,raspberry_pi_4,camera
2692,_result,2,2026-07-11 08:21:08.604380+00:00,2026-07-11 11:21:08.604380+00:00,2026-07-11 10:18:55.991248+00:00,40.0,umidita,ambiente,raspberry_pi_4,camera
2693,_result,2,2026-07-11 08:21:08.604380+00:00,2026-07-11 11:21:08.604380+00:00,2026-07-11 10:19:06.516304+00:00,40.0,umidita,ambiente,raspberry_pi_4,camera
2694,_result,2,2026-07-11 08:21:08.604380+00:00,2026-07-11 11:21:08.604380+00:00,2026-07-11 10:19:11.776232+00:00,40.0,umidita,ambiente,raspberry_pi_4,camera
2695,_result,2,2026-07-11 08:21:08.604380+00:00,2026-07-11 11:21:08.604380+00:00,2026-07-11 10:19:17.045810+00:00,40.0,umidita,ambiente,raspberry_pi_4,camera
2696,_result,2,2026-07-11 08:21:08.604380+00:00,2026-07-11 11:21:08.604380+00:00,2026-07-11 10:19:22.305873+00:00,40.0,umidita,ambiente,raspberry_pi_4,camera
2697,_result,2,2026-07-11 08:21:08.604380+00:00,2026-07-11 11:21:08.604380+00:00,2026-07-11 10:19:27.575183+00:00,40.0,umidita,ambiente,raspberry_pi_4,camera
2698,_result,2,2026-07-11 08:21:08.604380+00:00,2026-07-11 11:21:08.604380+00:00,2026-07-11 10:19:32.836482+00:00,40.0,umidita,ambiente,raspberry_pi_4,camera
2699,_result,2,2026-07-11 08:21:08.604380+00:00,2026-07-11 11:21:08.604380+00:00,2026-07-11 10:19:38.105910+00:00,40.0,umidita,ambiente,raspberry_pi_4,camera
2700,_result,2,2026-07-11 08:21:08.604380+00:00,2026-07-11 11:21:08.604380+00:00,2026-07-11 10:19:43.367177+00:00,40.0,umidita,ambiente,raspberry_pi_4,camera
2701,_result,2,2026-07-11 08:21:08.604380+00:00,2026-07-11 11:21:08.604380+00:00,2026-07-11 10:19:48.636756+00:00,40.0,umidita,ambiente,raspberry_pi_4,camera
2702,_result,2,2026-07-11 08:21:08.604380+00:00,2026-07-11 11:21:08.604380+00:00,2026-07-11 10:19:53.897088+00:00,40.0,umidita,ambiente,raspberry_pi_4,camera
2703,_result,2,2026-07-11 08:21:08.604380+00:00,2026-07-11 11:21:08.604380+00:00,2026-07-11 10:19:59.168333+00:00,40.0,umidita,ambiente,raspberry_pi_4,camera
2704,_result,2,2026-07-11 08:21:08.604380+00:00,2026-07-11 11:21:08.604380+00:00,2026-07-11 10:20:04.428452+00:00,40.0,umidita,ambiente,raspberry_pi_4,camera
2705,_result,2,2026-07-11 08:21:08.604380+00:00,2026-07-11 11:21:08.604380+00:00,2026-07-11 10:20:09.700419+00:00,40.0,umidita,ambiente,raspberry_pi_4,camera
2706,_result,2,2026-07-11 08:21:08.604380+00:00,2026-07-11 11:21:08.604380+00:00,2026-07-11 10:20:14.960714+00:00,40.0,umidita,ambiente,raspberry_pi_4,camera
2707,_result,2,2026-07-11 08:21:08.604380+00:00,2026-07-11 11:21:08.604380+00:00,2026-07-11 10:20:20.230519+00:00,40.0,umidita,ambiente,raspberry_pi_4,camera
2708,_result,2,2026-07-11 08:21:08.604380+00:00,2026-07-11 11:21:08.604380+00:00,2026-07-11 10:20:25.490888+00:00,40.0,umidita,ambiente,raspberry_pi_4,camera
2709,_result,2,2026-07-11 08:21:08.604380+00:00,2026-07-11 11:21:08.604380+00:00,2026-07-11 10:20:30.762062+00:00,40.0,umidita,ambiente,raspberry_pi_4,camera
2710,_result,2,2026-07-11 08:21:08.604380+00:00,2026-07-11 11:21:08.604380+00:00,2026-07-11 10:20:36.022182+00:00,40.0,umidita,ambiente,raspberry_pi_4,camera
2711,_result,2,2026-07-11 08:21:08.604380+00:00,2026-07-11 11:21:08.604380+00:00,2026-07-11 10:20:41.292066+00:00,40.0,umidita,ambiente,raspberry_pi_4,camera
2712,_result,2,2026-07-11 08:21:08.604380+00:00,2026-07-11 11:21:08.604380+00:00,2026-07-11 10:20:46.552252+00:00,40.0,umidita,ambiente,raspberry_pi_4,camera
2713,_result,2,2026-07-11 08:21:08.604380+00:00,2026-07-11 11:21:08.604380+00:00,2026-07-11 10:20:51.822217+00:00,40.0,umidita,ambiente,raspberry_pi_4,camera
2714,_result,2,2026-07-11 08:21:08.604380+00:00,2026-07-11 11:21:08.604380+00:00,2026-07-11 10:20:57.082390+00:00,40.0,umidita,ambiente,raspberry_pi_4,camera
2715,_result,2,2026-07-11 08:21:08.604380+00:00,2026-07-11 11:21:08.604380+00:00,2026-07-11 10:21:02.353302+00:00,40.0,umidita,ambiente,raspberry_pi_4,camera
2716,_result,2,2026-07-11 08:21:08.604380+00:00,2026-07-11 11:21:08.604380+00:00,2026-07-11 10:21:07.613445+00:00,40.0,umidita,ambiente,raspberry_pi_4,camera
2717,_result,2,2026-07-11 08:21:08.604380+00:00,2026-07-11 11:21:08.604380+00:00,2026-07-11 10:21:12.883367+00:00,40.0,umidita,ambiente,raspberry_pi_4,camera
2718,_result,2,2026-07-11 08:21:08.604380+00:00,2026-07-11 11:21:08.604380+00:00,2026-07-11 10:21:18.143456+00:00,40.0,umidita,ambiente,raspberry_pi_4,camera
2719,_result,2,2026-07-11 08:21:08.604380+00:00,2026-07-11 11:21:08.604380+00:00,2026-07-11 10:21:23.413500+00:00,41.0,umidita,ambiente,raspberry_pi_4,camera
2720,_result,2,2026-07-11 08:21:08.604380+00:00,2026-07-11 11:21:08.604380+00:00,2026-07-11 10:21:28.673649+00:00,41.0,umidita,ambiente,raspberry_pi_4,camera
2721,_result,2,2026-07-11 08:21:08.604380+00:00,2026-07-11 11:21:08.604380+00:00,2026-07-11 10:21:33.945786+00:00,40.0,umidita,ambiente,raspberry_pi_4,camera
2722,_result,2,2026-07-11 08:21:08.604380+00:00,2026-07-11 11:21:08.604380+00:00,2026-07-11 10:21:39.205858+00:00,40.0,umidita,ambiente,raspberry_pi_4,camera
2723,_result,2,2026-07-11 08:21:08.604380+00:00,2026-07-11 11:21:08.604380+00:00,2026-07-11 10:21:44.475703+00:00,40.0,umidita,ambiente,raspberry_pi_4,camera
2724,_result,2,2026-07-11 08:21:08.604380+00:00,2026-07-11 11:21:08.604380+00:00,2026-07-11 10:21:49.735970+00:00,41.0,umidita,ambiente,raspberry_pi_4,camera
2725,_result,2,2026-07-11 08:21:08.604380+00:00,2026-07-11 11:21:08.604380+00:00,2026-07-11 10:21:55.005322+00:00,41.0,umidita,ambiente,raspberry_pi_4,camera
2726,_result,2,2026-07-11 08:21:08.604380+00:00,2026-07-11 11:21:08.604380+00:00,2026-07-11 10:22:00.266881+00:00,41.0,umidita,ambiente,raspberry_pi_4,camera
2727,_result,2,2026-07-11 08:21:08.604380+00:00,2026-07-11 11:21:08.604380+00:00,2026-07-11 10:22:05.536571+00:00,41.0,umidita,ambiente,raspberry_pi_4,camera
2728,_result,2,2026-07-11 08:21:08.604380+00:00,2026-07-11 11:21:08.604380+00:00,2026-07-11 10:22:10.796482+00:00,41.0,umidita,ambiente,raspberry_pi_4,camera
2729,_result,2,2026-07-11 08:21:08.604380+00:00,2026-07-11 11:21:08.604380+00:00,2026-07-11 10:22:16.066201+00:00,41.0,umidita,ambiente,raspberry_pi_4,camera
2730,_result,2,2026-07-11 08:21:08.604380+00:00,2026-07-11 11:21:08.604380+00:00,2026-07-11 10:22:21.326656+00:00,40.0,umidita,ambiente,raspberry_pi_4,camera
2731,_result,2,2026-07-11 08:21:08.604380+00:00,2026-07-11 11:21:08.604380+00:00,2026-07-11 10:22:26.596026+00:00,40.0,umidita,ambiente,raspberry_pi_4,camera
2732,_result,2,2026-07-11 08:21:08.604380+00:00,2026-07-11 11:21:08.604380+00:00,2026-07-11 10:22:31.857990+00:00,40.0,umidita,ambiente,raspberry_pi_4,camera
2733,_result,2,2026-07-11 08:21:08.604380+00:00,2026-07-11 11:21:08.604380+00:00,2026-07-11 10:22:37.127860+00:00,40.0,umidita,ambiente,raspberry_pi_4,camera
2734,_result,2,2026-07-11 08:21:08.604380+00:00,2026-07-11 11:21:08.604380+00:00,2026-07-11 10:22:42.387802+00:00,40.0,umidita,ambiente,raspberry_pi_4,camera
2735,_result,2,2026-07-11 08:21:08.604380+00:00,2026-07-11 11:21:08.604380+00:00,2026-07-11 10:22:47.657456+00:00,40.0,umidita,ambiente,raspberry_pi_4,camera
2736,_result,2,2026-07-11 08:21:08.604380+00:00,2026-07-11 11:21:08.604380+00:00,2026-07-11 10:22:52.917839+00:00,40.0,umidita,ambiente,raspberry_pi_4,camera
2737,_result,2,2026-07-11 08:21:08.604380+00:00,2026-07-11 11:21:08.604380+00:00,2026-07-11 10:22:58.187600+00:00,40.0,umidita,ambiente,raspberry_pi_4,camera
2738,_result,2,2026-07-11 08:21:08.604380+00:00,2026-07-11 11:21:08.604380+00:00,2026-07-11 10:23:03.449212+00:00,40.0,umidita,ambiente,raspberry_pi_4,camera
2739,_result,2,2026-07-11 08:21:08.604380+00:00,2026-07-11 11:21:08.604380+00:00,2026-07-11 10:23:08.718502+00:00,40.0,umidita,ambiente,raspberry_pi_4,camera
2740,_result,2,2026-07-11 08:21:08.604380+00:00,2026-07-11 11:21:08.604380+00:00,2026-07-11 10:23:13.978675+00:00,40.0,umidita,ambiente,raspberry_pi_4,camera
2741,_result,2,2026-07-11 08:21:08.604380+00:00,2026-07-11 11:21:08.604380+00:00,2026-07-11 10:23:19.248961+00:00,40.0,umidita,ambiente,raspberry_pi_4,camera
2742,_result,2,2026-07-11 08:21:08.604380+00:00,2026-07-11 11:21:08.604380+00:00,2026-07-11 10:23:24.509890+00:00,40.0,umidita,ambiente,raspberry_pi_4,camera
2743,_result,2,2026-07-11 08:21:08.604380+00:00,2026-07-11 11:21:08.604380+00:00,2026-07-11 10:23:29.781194+00:00,40.0,umidita,ambiente,raspberry_pi_4,camera
2744,_result,2,2026-07-11 08:21:08.604380+00:00,2026-07-11 11:21:08.604380+00:00,2026-07-11 10:23:35.041021+00:00,40.0,umidita,ambiente,raspberry_pi_4,camera
2745,_result,2,2026-07-11 08:21:08.604380+00:00,2026-07-11 11:21:08.604380+00:00,2026-07-11 10:23:40.310516+00:00,40.0,umidita,ambiente,raspberry_pi_4,camera
2746,_result,2,2026-07-11 08:21:08.604380+00:00,2026-07-11 11:21:08.604380+00:00,2026-07-11 10:23:45.570915+00:00,40.0,umidita,ambiente,raspberry_pi_4,camera
2747,_result,2,2026-07-11 08:21:08.604380+00:00,2026-07-11 11:21:08.604380+00:00,2026-07-11 10:23:50.840176+00:00,40.0,umidita,ambiente,raspberry_pi_4,camera
2748,_result,2,2026-07-11 08:21:08.604380+00:00,2026-07-11 11:21:08.604380+00:00,2026-07-11 10:23:56.101836+00:00,40.0,umidita,ambiente,raspberry_pi_4,camera
2749,_result,2,2026-07-11 08:21:08.604380+00:00,2026-07-11 11:21:08.604380+00:00,2026-07-11 10:24:01.373285+00:00,40.0,umidita,ambiente,raspberry_pi_4,camera
2750,_result,2,2026-07-11 08:21:08.604380+00:00,2026-07-11 11:21:08.604380+00:00,2026-07-11 10:24:06.633421+00:00,40.0,umidita,ambiente,raspberry_pi_4,camera
2751,_result,2,2026-07-11 08:21:08.604380+00:00,2026-07-11 11:21:08.604380+00:00,2026-07-11 10:24:11.903349+00:00,40.0,umidita,ambiente,raspberry_pi_4,camera
2752,_result,2,2026-07-11 08:21:08.604380+00:00,2026-07-11 11:21:08.604380+00:00,2026-07-11 10:24:17.163496+00:00,40.0,umidita,ambiente,raspberry_pi_4,camera
2753,_result,2,2026-07-11 08:21:08.604380+00:00,2026-07-11 11:21:08.604380+00:00,2026-07-11 10:24:22.433190+00:00,40.0,umidita,ambiente,raspberry_pi_4,camera
2754,_result,2,2026-07-11 08:21:08.604380+00:00,2026-07-11 11:21:08.604380+00:00,2026-07-11 10:24:27.693279+00:00,40.0,umidita,ambiente,raspberry_pi_4,camera
2755,_result,2,2026-07-11 08:21:08.604380+00:00,2026-07-11 11:21:08.604380+00:00,2026-07-11 10:24:32.964300+00:00,40.0,umidita,ambiente,raspberry_pi_4,camera
2756,_result,2,2026-07-11 08:21:08.604380+00:00,2026-07-11 11:21:08.604380+00:00,2026-07-11 10:24:38.225740+00:00,40.0,umidita,ambiente,raspberry_pi_4,camera
2757,_result,2,2026-07-11 08:21:08.604380+00:00,2026-07-11 11:21:08.604380+00:00,2026-07-11 10:24:43.495220+00:00,40.0,umidita,ambiente,raspberry_pi_4,camera
2758,_result,2,2026-07-11 08:21:08.604380+00:00,2026-07-11 11:21:08.604380+00:00,2026-07-11 10:24:48.755606+00:00,40.0,umidita,ambiente,raspberry_pi_4,camera
2759,_result,2,2026-07-11 08:21:08.604380+00:00,2026-07-11 11:21:08.604380+00:00,2026-07-11 10:24:54.024834+00:00,40.0,umidita,ambiente,raspberry_pi_4,camera
2760,_result,2,2026-07-11 08:21:08.604380+00:00,2026-07-11 11:21:08.604380+00:00,2026-07-11 10:24:59.284864+00:00,40.0,umidita,ambiente,raspberry_pi_4,camera
2761,_result,2,2026-07-11 08:21:08.604380+00:00,2026-07-11 11:21:08.604380+00:00,2026-07-11 10:25:04.557218+00:00,40.0,umidita,ambiente,raspberry_pi_4,camera
2762,_result,2,2026-07-11 08:21:08.604380+00:00,2026-07-11 11:21:08.604380+00:00,2026-07-11 10:25:09.817347+00:00,40.0,umidita,ambiente,raspberry_pi_4,camera
2763,_result,2,2026-07-11 08:21:08.604380+00:00,2026-07-11 11:21:08.604380+00:00,2026-07-11 10:25:15.087500+00:00,40.0,umidita,ambiente,raspberry_pi_4,camera
2764,_result,2,2026-07-11 08:21:08.604380+00:00,2026-07-11 11:21:08.604380+00:00,2026-07-11 10:25:20.347520+00:00,40.0,umidita,ambiente,raspberry_pi_4,camera
2765,_result,2,2026-07-11 08:21:08.604380+00:00,2026-07-11 11:21:08.604380+00:00,2026-07-11 10:25:25.616888+00:00,40.0,umidita,ambiente,raspberry_pi_4,camera
2766,_result,2,2026-07-11 08:21:08.604380+00:00,2026-07-11 11:21:08.604380+00:00,2026-07-11 10:25:30.880635+00:00,40.0,umidita,ambiente,raspberry_pi_4,camera
2767,_result,2,2026-07-11 08:21:08.604380+00:00,2026-07-11 11:21:08.604380+00:00,2026-07-11 10:25:36.150407+00:00,40.0,umidita,ambiente,raspberry_pi_4,camera
2768,_result,2,2026-07-11 08:21:08.604380+00:00,2026-07-11 11:21:08.604380+00:00,2026-07-11 10:25:41.410368+00:00,40.0,umidita,ambiente,raspberry_pi_4,camera
2769,_result,2,2026-07-11 08:21:08.604380+00:00,2026-07-11 11:21:08.604380+00:00,2026-07-11 10:25:46.683520+00:00,40.0,umidita,ambiente,raspberry_pi_4,camera
2770,_result,2,2026-07-11 08:21:08.604380+00:00,2026-07-11 11:21:08.604380+00:00,2026-07-11 10:25:51.946018+00:00,40.0,umidita,ambiente,raspberry_pi_4,camera
2771,_result,2,2026-07-11 08:21:08.604380+00:00,2026-07-11 11:21:08.604380+00:00,2026-07-11 10:25:57.215101+00:00,40.0,umidita,ambiente,raspberry_pi_4,camera
2772,_result,2,2026-07-11 08:21:08.604380+00:00,2026-07-11 11:21:08.604380+00:00,2026-07-11 10:26:02.476862+00:00,40.0,umidita,ambiente,raspberry_pi_4,camera
2773,_result,2,2026-07-11 08:21:08.604380+00:00,2026-07-11 11:21:08.604380+00:00,2026-07-11 10:26:07.745961+00:00,40.0,umidita,ambiente,raspberry_pi_4,camera
2774,_result,2,2026-07-11 08:21:08.604380+00:00,2026-07-11 11:21:08.604380+00:00,2026-07-11 10:26:13.006004+00:00,40.0,umidita,ambiente,raspberry_pi_4,camera
2775,_result,2,2026-07-11 08:21:08.604380+00:00,2026-07-11 11:21:08.604380+00:00,2026-07-11 10:26:18.275897+00:00,40.0,umidita,ambiente,raspberry_pi_4,camera
2776,_result,2,2026-07-11 08:21:08.604380+00:00,2026-07-11 11:21:08.604380+00:00,2026-07-11 10:26:23.535846+00:00,40.0,umidita,ambiente,raspberry_pi_4,camera
2777,_result,2,2026-07-11 08:21:08.604380+00:00,2026-07-11 11:21:08.604380+00:00,2026-07-11 10:26:28.806714+00:00,40.0,umidita,ambiente,raspberry_pi_4,camera
2778,_result,2,2026-07-11 08:21:08.604380+00:00,2026-07-11 11:21:08.604380+00:00,2026-07-11 10:26:34.066861+00:00,40.0,umidita,ambiente,raspberry_pi_4,camera
2779,_result,2,2026-07-11 08:21:08.604380+00:00,2026-07-11 11:21:08.604380+00:00,2026-07-11 10:26:39.336050+00:00,40.0,umidita,ambiente,raspberry_pi_4,camera
2780,_result,2,2026-07-11 08:21:08.604380+00:00,2026-07-11 11:21:08.604380+00:00,2026-07-11 10:26:44.596066+00:00,40.0,umidita,ambiente,raspberry_pi_4,camera
2781,_result,2,2026-07-11 08:21:08.604380+00:00,2026-07-11 11:21:08.604380+00:00,2026-07-11 10:26:49.865888+00:00,40.0,umidita,ambiente,raspberry_pi_4,camera
2782,_result,2,2026-07-11 08:21:08.604380+00:00,2026-07-11 11:21:08.604380+00:00,2026-07-11 10:26:55.125827+00:00,40.0,umidita,ambiente,raspberry_pi_4,camera
2783,_result,2,2026-07-11 08:21:08.604380+00:00,2026-07-11 11:21:08.604380+00:00,2026-07-11 10:27:00.398541+00:00,40.0,umidita,ambiente,raspberry_pi_4,camera
2784,_result,2,2026-07-11 08:21:08.604380+00:00,2026-07-11 11:21:08.604380+00:00,2026-07-11 10:27:05.658701+00:00,40.0,umidita,ambiente,raspberry_pi_4,camera
2785,_result,2,2026-07-11 08:21:08.604380+00:00,2026-07-11 11:21:08.604380+00:00,2026-07-11 10:27:10.935569+00:00,40.0,umidita,ambiente,raspberry_pi_4,camera
2786,_result,2,2026-07-11 08:21:08.604380+00:00,2026-07-11 11:21:08.604380+00:00,2026-07-11 10:27:16.195952+00:00,40.0,umidita,ambiente,raspberry_pi_4,camera
2787,_result,2,2026-07-11 08:21:08.604380+00:00,2026-07-11 11:21:08.604380+00:00,2026-07-11 10:27:21.465219+00:00,40.0,umidita,ambiente,raspberry_pi_4,camera
2788,_result,2,2026-07-11 08:21:08.604380+00:00,2026-07-11 11:21:08.604380+00:00,2026-07-11 10:27:26.725503+00:00,40.0,umidita,ambiente,raspberry_pi_4,camera
2789,_result,2,2026-07-11 08:21:08.604380+00:00,2026-07-11 11:21:08.604380+00:00,2026-07-11 10:27:31.996361+00:00,40.0,umidita,ambiente,raspberry_pi_4,camera
2790,_result,2,2026-07-11 08:21:08.604380+00:00,2026-07-11 11:21:08.604380+00:00,2026-07-11 10:27:37.256544+00:00,40.0,umidita,ambiente,raspberry_pi_4,camera
2791,_result,2,2026-07-11 08:21:08.604380+00:00,2026-07-11 11:21:08.604380+00:00,2026-07-11 10:27:42.526273+00:00,40.0,umidita,ambiente,raspberry_pi_4,camera
2792,_result,2,2026-07-11 08:21:08.604380+00:00,2026-07-11 11:21:08.604380+00:00,2026-07-11 10:27:47.786542+00:00,40.0,umidita,ambiente,raspberry_pi_4,camera
2793,_result,2,2026-07-11 08:21:08.604380+00:00,2026-07-11 11:21:08.604380+00:00,2026-07-11 10:27:53.056640+00:00,40.0,umidita,ambiente,raspberry_pi_4,camera
2794,_result,2,2026-07-11 08:21:08.604380+00:00,2026-07-11 11:21:08.604380+00:00,2026-07-11 10:27:58.316675+00:00,40.0,umidita,ambiente,raspberry_pi_4,camera
2795,_result,2,2026-07-11 08:21:08.604380+00:00,2026-07-11 11:21:08.604380+00:00,2026-07-11 10:28:03.587908+00:00,40.0,umidita,ambiente,raspberry_pi_4,camera
2796,_result,2,2026-07-11 08:21:08.604380+00:00,2026-07-11 11:21:08.604380+00:00,2026-07-11 10:28:08.848101+00:00,40.0,umidita,ambiente,raspberry_pi_4,camera
2797,_result,2,2026-07-11 08:21:08.604380+00:00,2026-07-11 11:21:08.604380+00:00,2026-07-11 10:28:14.118069+00:00,40.0,umidita,ambiente,raspberry_pi_4,camera
2798,_result,2,2026-07-11 08:21:08.604380+00:00,2026-07-11 11:21:08.604380+00:00,2026-07-11 10:28:19.378242+00:00,40.0,umidita,ambiente,raspberry_pi_4,camera
2799,_result,2,2026-07-11 08:21:08.604380+00:00,2026-07-11 11:21:08.604380+00:00,2026-07-11 10:28:24.647729+00:00,40.0,umidita,ambiente,raspberry_pi_4,camera
2800,_result,2,2026-07-11 08:21:08.604380+00:00,2026-07-11 11:21:08.604380+00:00,2026-07-11 10:28:29.909609+00:00,40.0,umidita,ambiente,raspberry_pi_4,camera
2801,_result,2,2026-07-11 08:21:08.604380+00:00,2026-07-11 11:21:08.604380+00:00,2026-07-11 10:28:35.179343+00:00,40.0,umidita,ambiente,raspberry_pi_4,camera
2802,_result,2,2026-07-11 08:21:08.604380+00:00,2026-07-11 11:21:08.604380+00:00,2026-07-11 10:28:40.439479+00:00,40.0,umidita,ambiente,raspberry_pi_4,camera
2803,_result,2,2026-07-11 08:21:08.604380+00:00,2026-07-11 11:21:08.604380+00:00,2026-07-11 10:28:45.709330+00:00,41.0,umidita,ambiente,raspberry_pi_4,camera
2804,_result,2,2026-07-11 08:21:08.604380+00:00,2026-07-11 11:21:08.604380+00:00,2026-07-11 10:28:50.969521+00:00,40.0,umidita,ambiente,raspberry_pi_4,camera
2805,_result,2,2026-07-11 08:21:08.604380+00:00,2026-07-11 11:21:08.604380+00:00,2026-07-11 10:28:56.240123+00:00,40.0,umidita,ambiente,raspberry_pi_4,camera
2806,_result,2,2026-07-11 08:21:08.604380+00:00,2026-07-11 11:21:08.604380+00:00,2026-07-11 10:29:01.501878+00:00,41.0,umidita,ambiente,raspberry_pi_4,camera
2807,_result,2,2026-07-11 08:21:08.604380+00:00,2026-07-11 11:21:08.604380+00:00,2026-07-11 10:29:06.771676+00:00,41.0,umidita,ambiente,raspberry_pi_4,camera
2808,_result,2,2026-07-11 08:21:08.604380+00:00,2026-07-11 11:21:08.604380+00:00,2026-07-11 10:29:12.031757+00:00,41.0,umidita,ambiente,raspberry_pi_4,camera
2809,_result,2,2026-07-11 08:21:08.604380+00:00,2026-07-11 11:21:08.604380+00:00,2026-07-11 10:29:17.301800+00:00,41.0,umidita,ambiente,raspberry_pi_4,camera
2810,_result,2,2026-07-11 08:21:08.604380+00:00,2026-07-11 11:21:08.604380+00:00,2026-07-11 10:29:22.561790+00:00,41.0,umidita,ambiente,raspberry_pi_4,camera
2811,_result,2,2026-07-11 08:21:08.604380+00:00,2026-07-11 11:21:08.604380+00:00,2026-07-11 10:29:27.831616+00:00,41.0,umidita,ambiente,raspberry_pi_4,camera
2812,_result,2,2026-07-11 08:21:08.604380+00:00,2026-07-11 11:21:08.604380+00:00,2026-07-11 10:29:33.093900+00:00,41.0,umidita,ambiente,raspberry_pi_4,camera
2813,_result,2,2026-07-11 08:21:08.604380+00:00,2026-07-11 11:21:08.604380+00:00,2026-07-11 10:29:38.363758+00:00,41.0,umidita,ambiente,raspberry_pi_4,camera
2814,_result,2,2026-07-11 08:21:08.604380+00:00,2026-07-11 11:21:08.604380+00:00,2026-07-11 10:29:43.623755+00:00,41.0,umidita,ambiente,raspberry_pi_4,camera
2815,_result,2,2026-07-11 08:21:08.604380+00:00,2026-07-11 11:21:08.604380+00:00,2026-07-11 10:29:48.901257+00:00,42.0,umidita,ambiente,raspberry_pi_4,camera
2816,_result,2,2026-07-11 08:21:08.604380+00:00,2026-07-11 11:21:08.604380+00:00,2026-07-11 10:29:54.161580+00:00,41.0,umidita,ambiente,raspberry_pi_4,camera
2817,_result,2,2026-07-11 08:21:08.604380+00:00,2026-07-11 11:21:08.604380+00:00,2026-07-11 10:29:59.432567+00:00,41.0,umidita,ambiente,raspberry_pi_4,camera
2818,_result,2,2026-07-11 08:21:08.604380+00:00,2026-07-11 11:21:08.604380+00:00,2026-07-11 10:30:04.692784+00:00,42.0,umidita,ambiente,raspberry_pi_4,camera
2819,_result,2,2026-07-11 08:21:08.604380+00:00,2026-07-11 11:21:08.604380+00:00,2026-07-11 10:30:09.963599+00:00,41.0,umidita,ambiente,raspberry_pi_4,camera
2820,_result,2,2026-07-11 08:21:08.604380+00:00,2026-07-11 11:21:08.604380+00:00,2026-07-11 10:30:15.225853+00:00,41.0,umidita,ambiente,raspberry_pi_4,camera
2821,_result,2,2026-07-11 08:21:08.604380+00:00,2026-07-11 11:21:08.604380+00:00,2026-07-11 10:30:20.495573+00:00,41.0,umidita,ambiente,raspberry_pi_4,camera
2822,_result,2,2026-07-11 08:21:08.604380+00:00,2026-07-11 11:21:08.604380+00:00,2026-07-11 10:30:25.755506+00:00,41.0,umidita,ambiente,raspberry_pi_4,camera
2823,_result,2,2026-07-11 08:21:08.604380+00:00,2026-07-11 11:21:08.604380+00:00,2026-07-11 10:30:31.026320+00:00,41.0,umidita,ambiente,raspberry_pi_4,camera
2824,_result,2,2026-07-11 08:21:08.604380+00:00,2026-07-11 11:21:08.604380+00:00,2026-07-11 10:30:36.286568+00:00,41.0,umidita,ambiente,raspberry_pi_4,camera
2825,_result,2,2026-07-11 08:21:08.604380+00:00,2026-07-11 11:21:08.604380+00:00,2026-07-11 10:30:41.557169+00:00,41.0,umidita,ambiente,raspberry_pi_4,camera
2826,_result,2,2026-07-11 08:21:08.604380+00:00,2026-07-11 11:21:08.604380+00:00,2026-07-11 10:30:46.817043+00:00,41.0,umidita,ambiente,raspberry_pi_4,camera
2827,_result,2,2026-07-11 08:21:08.604380+00:00,2026-07-11 11:21:08.604380+00:00,2026-07-11 10:30:52.086904+00:00,41.0,umidita,ambiente,raspberry_pi_4,camera
2828,_result,2,2026-07-11 08:21:08.604380+00:00,2026-07-11 11:21:08.604380+00:00,2026-07-11 10:30:57.347069+00:00,41.0,umidita,ambiente,raspberry_pi_4,camera
2829,_result,2,2026-07-11 08:21:08.604380+00:00,2026-07-11 11:21:08.604380+00:00,2026-07-11 10:31:02.618202+00:00,41.0,umidita,ambiente,raspberry_pi_4,camera
2830,_result,2,2026-07-11 08:21:08.604380+00:00,2026-07-11 11:21:08.604380+00:00,2026-07-11 10:31:07.878303+00:00,41.0,umidita,ambiente,raspberry_pi_4,camera
2831,_result,2,2026-07-11 08:21:08.604380+00:00,2026-07-11 11:21:08.604380+00:00,2026-07-11 10:31:13.147633+00:00,41.0,umidita,ambiente,raspberry_pi_4,camera
2832,_result,2,2026-07-11 08:21:08.604380+00:00,2026-07-11 11:21:08.604380+00:00,2026-07-11 10:31:18.407865+00:00,41.0,umidita,ambiente,raspberry_pi_4,camera
2833,_result,2,2026-07-11 08:21:08.604380+00:00,2026-07-11 11:21:08.604380+00:00,2026-07-11 10:31:23.678730+00:00,41.0,umidita,ambiente,raspberry_pi_4,camera
2834,_result,2,2026-07-11 08:21:08.604380+00:00,2026-07-11 11:21:08.604380+00:00,2026-07-11 10:31:28.938755+00:00,41.0,umidita,ambiente,raspberry_pi_4,camera
2835,_result,2,2026-07-11 08:21:08.604380+00:00,2026-07-11 11:21:08.604380+00:00,2026-07-11 10:31:34.209853+00:00,41.0,umidita,ambiente,raspberry_pi_4,camera
2836,_result,2,2026-07-11 08:21:08.604380+00:00,2026-07-11 11:21:08.604380+00:00,2026-07-11 10:31:39.470045+00:00,41.0,umidita,ambiente,raspberry_pi_4,camera
2837,_result,2,2026-07-11 08:21:08.604380+00:00,2026-07-11 11:21:08.604380+00:00,2026-07-11 10:31:44.739296+00:00,41.0,umidita,ambiente,raspberry_pi_4,camera
2838,_result,2,2026-07-11 08:21:08.604380+00:00,2026-07-11 11:21:08.604380+00:00,2026-07-11 10:31:49.999333+00:00,41.0,umidita,ambiente,raspberry_pi_4,camera
2839,_result,2,2026-07-11 08:21:08.604380+00:00,2026-07-11 11:21:08.604380+00:00,2026-07-11 10:31:55.269133+00:00,41.0,umidita,ambiente,raspberry_pi_4,camera
2840,_result,2,2026-07-11 08:21:08.604380+00:00,2026-07-11 11:21:08.604380+00:00,2026-07-11 10:32:00.530789+00:00,41.0,umidita,ambiente,raspberry_pi_4,camera
2841,_result,2,2026-07-11 08:21:08.604380+00:00,2026-07-11 11:21:08.604380+00:00,2026-07-11 10:32:05.800806+00:00,41.0,umidita,ambiente,raspberry_pi_4,camera
2842,_result,2,2026-07-11 08:21:08.604380+00:00,2026-07-11 11:21:08.604380+00:00,2026-07-11 10:32:11.061125+00:00,41.0,umidita,ambiente,raspberry_pi_4,camera
2843,_result,2,2026-07-11 08:21:08.604380+00:00,2026-07-11 11:21:08.604380+00:00,2026-07-11 10:32:16.331091+00:00,41.0,umidita,ambiente,raspberry_pi_4,camera
2844,_result,2,2026-07-11 08:21:08.604380+00:00,2026-07-11 11:21:08.604380+00:00,2026-07-11 10:32:21.591161+00:00,41.0,umidita,ambiente,raspberry_pi_4,camera
2845,_result,2,2026-07-11 08:21:08.604380+00:00,2026-07-11 11:21:08.604380+00:00,2026-07-11 10:32:26.860827+00:00,41.0,umidita,ambiente,raspberry_pi_4,camera
2846,_result,2,2026-07-11 08:21:08.604380+00:00,2026-07-11 11:21:08.604380+00:00,2026-07-11 10:32:32.123943+00:00,41.0,umidita,ambiente,raspberry_pi_4,camera
2847,_result,2,2026-07-11 08:21:08.604380+00:00,2026-07-11 11:21:08.604380+00:00,2026-07-11 10:32:37.393790+00:00,41.0,umidita,ambiente,raspberry_pi_4,camera
2848,_result,2,2026-07-11 08:21:08.604380+00:00,2026-07-11 11:21:08.604380+00:00,2026-07-11 10:32:42.653886+00:00,41.0,umidita,ambiente,raspberry_pi_4,camera
2849,_result,2,2026-07-11 08:21:08.604380+00:00,2026-07-11 11:21:08.604380+00:00,2026-07-11 10:32:47.923550+00:00,41.0,umidita,ambiente,raspberry_pi_4,camera
2850,_result,2,2026-07-11 08:21:08.604380+00:00,2026-07-11 11:21:08.604380+00:00,2026-07-11 10:32:53.183337+00:00,41.0,umidita,ambiente,raspberry_pi_4,camera
2851,_result,2,2026-07-11 08:21:08.604380+00:00,2026-07-11 11:21:08.604380+00:00,2026-07-11 10:32:58.452793+00:00,41.0,umidita,ambiente,raspberry_pi_4,camera
2852,_result,2,2026-07-11 08:21:08.604380+00:00,2026-07-11 11:21:08.604380+00:00,2026-07-11 10:33:03.714347+00:00,41.0,umidita,ambiente,raspberry_pi_4,camera
2853,_result,2,2026-07-11 08:21:08.604380+00:00,2026-07-11 11:21:08.604380+00:00,2026-07-11 10:33:08.983668+00:00,41.0,umidita,ambiente,raspberry_pi_4,camera
2854,_result,2,2026-07-11 08:21:08.604380+00:00,2026-07-11 11:21:08.604380+00:00,2026-07-11 10:33:14.243901+00:00,41.0,umidita,ambiente,raspberry_pi_4,camera
2855,_result,2,2026-07-11 08:21:08.604380+00:00,2026-07-11 11:21:08.604380+00:00,2026-07-11 10:33:19.512935+00:00,41.0,umidita,ambiente,raspberry_pi_4,camera
2856,_result,2,2026-07-11 08:21:08.604380+00:00,2026-07-11 11:21:08.604380+00:00,2026-07-11 10:33:24.772917+00:00,41.0,umidita,ambiente,raspberry_pi_4,camera
2857,_result,2,2026-07-11 08:21:08.604380+00:00,2026-07-11 11:21:08.604380+00:00,2026-07-11 10:33:30.043506+00:00,41.0,umidita,ambiente,raspberry_pi_4,camera
2858,_result,2,2026-07-11 08:21:08.604380+00:00,2026-07-11 11:21:08.604380+00:00,2026-07-11 10:33:35.303722+00:00,41.0,umidita,ambiente,raspberry_pi_4,camera
2859,_result,2,2026-07-11 08:21:08.604380+00:00,2026-07-11 11:21:08.604380+00:00,2026-07-11 10:33:45.827094+00:00,41.0,umidita,ambiente,raspberry_pi_4,camera
2860,_result,2,2026-07-11 08:21:08.604380+00:00,2026-07-11 11:21:08.604380+00:00,2026-07-11 10:33:51.096780+00:00,41.0,umidita,ambiente,raspberry_pi_4,camera
2861,_result,2,2026-07-11 08:21:08.604380+00:00,2026-07-11 11:21:08.604380+00:00,2026-07-11 10:33:56.358251+00:00,41.0,umidita,ambiente,raspberry_pi_4,camera
2862,_result,2,2026-07-11 08:21:08.604380+00:00,2026-07-11 11:21:08.604380+00:00,2026-07-11 10:34:06.884008+00:00,41.0,umidita,ambiente,raspberry_pi_4,camera
2863,_result,2,2026-07-11 08:21:08.604380+00:00,2026-07-11 11:21:08.604380+00:00,2026-07-11 10:34:12.153622+00:00,41.0,umidita,ambiente,raspberry_pi_4,camera
2864,_result,2,2026-07-11 08:21:08.604380+00:00,2026-07-11 11:21:08.604380+00:00,2026-07-11 10:34:17.413969+00:00,41.0,umidita,ambiente,raspberry_pi_4,camera
2865,_result,2,2026-07-11 08:21:08.604380+00:00,2026-07-11 11:21:08.604380+00:00,2026-07-11 10:34:22.683025+00:00,41.0,umidita,ambiente,raspberry_pi_4,camera
2866,_result,2,2026-07-11 08:21:08.604380+00:00,2026-07-11 11:21:08.604380+00:00,2026-07-11 10:34:27.943161+00:00,41.0,umidita,ambiente,raspberry_pi_4,camera
2867,_result,2,2026-07-11 08:21:08.604380+00:00,2026-07-11 11:21:08.604380+00:00,2026-07-11 10:34:33.218645+00:00,41.0,umidita,ambiente,raspberry_pi_4,camera
2868,_result,2,2026-07-11 08:21:08.604380+00:00,2026-07-11 11:21:08.604380+00:00,2026-07-11 10:34:43.742034+00:00,41.0,umidita,ambiente,raspberry_pi_4,camera
2869,_result,2,2026-07-11 08:21:08.604380+00:00,2026-07-11 11:21:08.604380+00:00,2026-07-11 10:34:49.002046+00:00,41.0,umidita,ambiente,raspberry_pi_4,camera
2870,_result,2,2026-07-11 08:21:08.604380+00:00,2026-07-11 11:21:08.604380+00:00,2026-07-11 10:34:54.272694+00:00,41.0,umidita,ambiente,raspberry_pi_4,camera
2871,_result,2,2026-07-11 08:21:08.604380+00:00,2026-07-11 11:21:08.604380+00:00,2026-07-11 10:34:59.534531+00:00,41.0,umidita,ambiente,raspberry_pi_4,camera
2872,_result,2,2026-07-11 08:21:08.604380+00:00,2026-07-11 11:21:08.604380+00:00,2026-07-11 10:35:04.803879+00:00,41.0,umidita,ambiente,raspberry_pi_4,camera
2873,_result,2,2026-07-11 08:21:08.604380+00:00,2026-07-11 11:21:08.604380+00:00,2026-07-11 10:35:10.064111+00:00,41.0,umidita,ambiente,raspberry_pi_4,camera
2874,_result,2,2026-07-11 08:21:08.604380+00:00,2026-07-11 11:21:08.604380+00:00,2026-07-11 10:35:15.334109+00:00,42.0,umidita,ambiente,raspberry_pi_4,camera
2875,_result,2,2026-07-11 08:21:08.604380+00:00,2026-07-11 11:21:08.604380+00:00,2026-07-11 10:35:20.594244+00:00,42.0,umidita,ambiente,raspberry_pi_4,camera
2876,_result,2,2026-07-11 08:21:08.604380+00:00,2026-07-11 11:21:08.604380+00:00,2026-07-11 10:35:25.863940+00:00,42.0,umidita,ambiente,raspberry_pi_4,camera
2877,_result,2,2026-07-11 08:21:08.604380+00:00,2026-07-11 11:21:08.604380+00:00,2026-07-11 10:35:31.125444+00:00,42.0,umidita,ambiente,raspberry_pi_4,camera
2878,_result,2,2026-07-11 08:21:08.604380+00:00,2026-07-11 11:21:08.604380+00:00,2026-07-11 10:35:36.398309+00:00,42.0,umidita,ambiente,raspberry_pi_4,camera
2879,_result,2,2026-07-11 08:21:08.604380+00:00,2026-07-11 11:21:08.604380+00:00,2026-07-11 10:35:41.658735+00:00,42.0,umidita,ambiente,raspberry_pi_4,camera
2880,_result,2,2026-07-11 08:21:08.604380+00:00,2026-07-11 11:21:08.604380+00:00,2026-07-11 10:35:46.928187+00:00,42.0,umidita,ambiente,raspberry_pi_4,camera
2881,_result,2,2026-07-11 08:21:08.604380+00:00,2026-07-11 11:21:08.604380+00:00,2026-07-11 10:35:52.188347+00:00,42.0,umidita,ambiente,raspberry_pi_4,camera
2882,_result,2,2026-07-11 08:21:08.604380+00:00,2026-07-11 11:21:08.604380+00:00,2026-07-11 10:35:57.483590+00:00,42.0,umidita,ambiente,raspberry_pi_4,camera
2883,_result,2,2026-07-11 08:21:08.604380+00:00,2026-07-11 11:21:08.604380+00:00,2026-07-11 10:36:02.745234+00:00,42.0,umidita,ambiente,raspberry_pi_4,camera
2884,_result,2,2026-07-11 08:21:08.604380+00:00,2026-07-11 11:21:08.604380+00:00,2026-07-11 10:36:08.015501+00:00,42.0,umidita,ambiente,raspberry_pi_4,camera
2885,_result,2,2026-07-11 08:21:08.604380+00:00,2026-07-11 11:21:08.604380+00:00,2026-07-11 10:36:13.278202+00:00,42.0,umidita,ambiente,raspberry_pi_4,camera
2886,_result,2,2026-07-11 08:21:08.604380+00:00,2026-07-11 11:21:08.604380+00:00,2026-07-11 10:36:18.547628+00:00,42.0,umidita,ambiente,raspberry_pi_4,camera
2887,_result,2,2026-07-11 08:21:08.604380+00:00,2026-07-11 11:21:08.604380+00:00,2026-07-11 10:36:23.808399+00:00,42.0,umidita,ambiente,raspberry_pi_4,camera
2888,_result,2,2026-07-11 08:21:08.604380+00:00,2026-07-11 11:21:08.604380+00:00,2026-07-11 10:36:29.079186+00:00,42.0,umidita,ambiente,raspberry_pi_4,camera
2889,_result,2,2026-07-11 08:21:08.604380+00:00,2026-07-11 11:21:08.604380+00:00,2026-07-11 10:36:34.339243+00:00,42.0,umidita,ambiente,raspberry_pi_4,camera
2890,_result,2,2026-07-11 08:21:08.604380+00:00,2026-07-11 11:21:08.604380+00:00,2026-07-11 10:36:39.609187+00:00,42.0,umidita,ambiente,raspberry_pi_4,camera
2891,_result,2,2026-07-11 08:21:08.604380+00:00,2026-07-11 11:21:08.604380+00:00,2026-07-11 10:36:44.869092+00:00,42.0,umidita,ambiente,raspberry_pi_4,camera
2892,_result,2,2026-07-11 08:21:08.604380+00:00,2026-07-11 11:21:08.604380+00:00,2026-07-11 10:36:50.138417+00:00,42.0,umidita,ambiente,raspberry_pi_4,camera
2893,_result,2,2026-07-11 08:21:08.604380+00:00,2026-07-11 11:21:08.604380+00:00,2026-07-11 10:36:55.399058+00:00,42.0,umidita,ambiente,raspberry_pi_4,camera
2894,_result,2,2026-07-11 08:21:08.604380+00:00,2026-07-11 11:21:08.604380+00:00,2026-07-11 10:37:00.670231+00:00,42.0,umidita,ambiente,raspberry_pi_4,camera
2895,_result,2,2026-07-11 08:21:08.604380+00:00,2026-07-11 11:21:08.604380+00:00,2026-07-11 10:37:05.930233+00:00,42.0,umidita,ambiente,raspberry_pi_4,camera
2896,_result,2,2026-07-11 08:21:08.604380+00:00,2026-07-11 11:21:08.604380+00:00,2026-07-11 10:37:11.199945+00:00,42.0,umidita,ambiente,raspberry_pi_4,camera
2897,_result,2,2026-07-11 08:21:08.604380+00:00,2026-07-11 11:21:08.604380+00:00,2026-07-11 10:37:16.460452+00:00,42.0,umidita,ambiente,raspberry_pi_4,camera
2898,_result,2,2026-07-11 08:21:08.604380+00:00,2026-07-11 11:21:08.604380+00:00,2026-07-11 10:37:21.729806+00:00,42.0,umidita,ambiente,raspberry_pi_4,camera
2899,_result,2,2026-07-11 08:21:08.604380+00:00,2026-07-11 11:21:08.604380+00:00,2026-07-11 10:37:26.989884+00:00,42.0,umidita,ambiente,raspberry_pi_4,camera
2900,_result,2,2026-07-11 08:21:08.604380+00:00,2026-07-11 11:21:08.604380+00:00,2026-07-11 10:37:32.278163+00:00,42.0,umidita,ambiente,raspberry_pi_4,camera
2901,_result,2,2026-07-11 08:21:08.604380+00:00,2026-07-11 11:21:08.604380+00:00,2026-07-11 10:37:37.538545+00:00,42.0,umidita,ambiente,raspberry_pi_4,camera
2902,_result,2,2026-07-11 08:21:08.604380+00:00,2026-07-11 11:21:08.604380+00:00,2026-07-11 10:37:42.807955+00:00,42.0,umidita,ambiente,raspberry_pi_4,camera
2903,_result,2,2026-07-11 08:21:08.604380+00:00,2026-07-11 11:21:08.604380+00:00,2026-07-11 10:37:48.068027+00:00,42.0,umidita,ambiente,raspberry_pi_4,camera
2904,_result,2,2026-07-11 08:21:08.604380+00:00,2026-07-11 11:21:08.604380+00:00,2026-07-11 10:38:03.858743+00:00,42.0,umidita,ambiente,raspberry_pi_4,camera
2905,_result,2,2026-07-11 08:21:08.604380+00:00,2026-07-11 11:21:08.604380+00:00,2026-07-11 10:38:14.382744+00:00,42.0,umidita,ambiente,raspberry_pi_4,camera
2906,_result,2,2026-07-11 08:21:08.604380+00:00,2026-07-11 11:21:08.604380+00:00,2026-07-11 10:38:19.642661+00:00,42.0,umidita,ambiente,raspberry_pi_4,camera
2907,_result,2,2026-07-11 08:21:08.604380+00:00,2026-07-11 11:21:08.604380+00:00,2026-07-11 10:38:24.912994+00:00,41.0,umidita,ambiente,raspberry_pi_4,camera
2908,_result,2,2026-07-11 08:21:08.604380+00:00,2026-07-11 11:21:08.604380+00:00,2026-07-11 10:38:30.174781+00:00,41.0,umidita,ambiente,raspberry_pi_4,camera
2909,_result,2,2026-07-11 08:21:08.604380+00:00,2026-07-11 11:21:08.604380+00:00,2026-07-11 10:38:35.444489+00:00,41.0,umidita,ambiente,raspberry_pi_4,camera
2910,_result,2,2026-07-11 08:21:08.604380+00:00,2026-07-11 11:21:08.604380+00:00,2026-07-11 10:38:40.704420+00:00,41.0,umidita,ambiente,raspberry_pi_4,camera
2911,_result,2,2026-07-11 08:21:08.604380+00:00,2026-07-11 11:21:08.604380+00:00,2026-07-11 10:38:45.974228+00:00,41.0,umidita,ambiente,raspberry_pi_4,camera
2912,_result,2,2026-07-11 08:21:08.604380+00:00,2026-07-11 11:21:08.604380+00:00,2026-07-11 10:38:51.234421+00:00,41.0,umidita,ambiente,raspberry_pi_4,camera
2913,_result,2,2026-07-11 08:21:08.604380+00:00,2026-07-11 11:21:08.604380+00:00,2026-07-11 10:38:56.503703+00:00,41.0,umidita,ambiente,raspberry_pi_4,camera
2914,_result,2,2026-07-11 08:21:08.604380+00:00,2026-07-11 11:21:08.604380+00:00,2026-07-11 10:39:01.765123+00:00,41.0,umidita,ambiente,raspberry_pi_4,camera
2915,_result,2,2026-07-11 08:21:08.604380+00:00,2026-07-11 11:21:08.604380+00:00,2026-07-11 10:39:07.034592+00:00,41.0,umidita,ambiente,raspberry_pi_4,camera
2916,_result,2,2026-07-11 08:21:08.604380+00:00,2026-07-11 11:21:08.604380+00:00,2026-07-11 10:39:12.294969+00:00,41.0,umidita,ambiente,raspberry_pi_4,camera
2917,_result,2,2026-07-11 08:21:08.604380+00:00,2026-07-11 11:21:08.604380+00:00,2026-07-11 10:39:17.564113+00:00,41.0,umidita,ambiente,raspberry_pi_4,camera
2918,_result,2,2026-07-11 08:21:08.604380+00:00,2026-07-11 11:21:08.604380+00:00,2026-07-11 10:39:22.824076+00:00,41.0,umidita,ambiente,raspberry_pi_4,camera
2919,_result,2,2026-07-11 08:21:08.604380+00:00,2026-07-11 11:21:08.604380+00:00,2026-07-11 10:39:28.116912+00:00,41.0,umidita,ambiente,raspberry_pi_4,camera
2920,_result,2,2026-07-11 08:21:08.604380+00:00,2026-07-11 11:21:08.604380+00:00,2026-07-11 10:39:33.378437+00:00,41.0,umidita,ambiente,raspberry_pi_4,camera
2921,_result,2,2026-07-11 08:21:08.604380+00:00,2026-07-11 11:21:08.604380+00:00,2026-07-11 10:39:38.649561+00:00,41.0,umidita,ambiente,raspberry_pi_4,camera
2922,_result,2,2026-07-11 08:21:08.604380+00:00,2026-07-11 11:21:08.604380+00:00,2026-07-11 10:39:43.909641+00:00,41.0,umidita,ambiente,raspberry_pi_4,camera
2923,_result,2,2026-07-11 08:21:08.604380+00:00,2026-07-11 11:21:08.604380+00:00,2026-07-11 10:39:49.179425+00:00,41.0,umidita,ambiente,raspberry_pi_4,camera
2924,_result,2,2026-07-11 08:21:08.604380+00:00,2026-07-11 11:21:08.604380+00:00,2026-07-11 10:39:54.439407+00:00,41.0,umidita,ambiente,raspberry_pi_4,camera
2925,_result,2,2026-07-11 08:21:08.604380+00:00,2026-07-11 11:21:08.604380+00:00,2026-07-11 10:39:59.710843+00:00,41.0,umidita,ambiente,raspberry_pi_4,camera
2926,_result,2,2026-07-11 08:21:08.604380+00:00,2026-07-11 11:21:08.604380+00:00,2026-07-11 10:40:04.971014+00:00,41.0,umidita,ambiente,raspberry_pi_4,camera
2927,_result,2,2026-07-11 08:21:08.604380+00:00,2026-07-11 11:21:08.604380+00:00,2026-07-11 10:40:10.240429+00:00,41.0,umidita,ambiente,raspberry_pi_4,camera
2928,_result,2,2026-07-11 08:21:08.604380+00:00,2026-07-11 11:21:08.604380+00:00,2026-07-11 10:40:15.501057+00:00,41.0,umidita,ambiente,raspberry_pi_4,camera
2929,_result,2,2026-07-11 08:21:08.604380+00:00,2026-07-11 11:21:08.604380+00:00,2026-07-11 10:40:20.773865+00:00,41.0,umidita,ambiente,raspberry_pi_4,camera
2930,_result,2,2026-07-11 08:21:08.604380+00:00,2026-07-11 11:21:08.604380+00:00,2026-07-11 10:40:26.033991+00:00,41.0,umidita,ambiente,raspberry_pi_4,camera
2931,_result,2,2026-07-11 08:21:08.604380+00:00,2026-07-11 11:21:08.604380+00:00,2026-07-11 10:40:31.312095+00:00,41.0,umidita,ambiente,raspberry_pi_4,camera
2932,_result,2,2026-07-11 08:21:08.604380+00:00,2026-07-11 11:21:08.604380+00:00,2026-07-11 10:40:36.572173+00:00,41.0,umidita,ambiente,raspberry_pi_4,camera
2933,_result,2,2026-07-11 08:21:08.604380+00:00,2026-07-11 11:21:08.604380+00:00,2026-07-11 10:40:41.842301+00:00,41.0,umidita,ambiente,raspberry_pi_4,camera
2934,_result,2,2026-07-11 08:21:08.604380+00:00,2026-07-11 11:21:08.604380+00:00,2026-07-11 10:40:47.102414+00:00,41.0,umidita,ambiente,raspberry_pi_4,camera
2935,_result,2,2026-07-11 08:21:08.604380+00:00,2026-07-11 11:21:08.604380+00:00,2026-07-11 10:40:52.371517+00:00,41.0,umidita,ambiente,raspberry_pi_4,camera
2936,_result,2,2026-07-11 08:21:08.604380+00:00,2026-07-11 11:21:08.604380+00:00,2026-07-11 10:40:57.631856+00:00,41.0,umidita,ambiente,raspberry_pi_4,camera
2937,_result,2,2026-07-11 08:21:08.604380+00:00,2026-07-11 11:21:08.604380+00:00,2026-07-11 10:41:02.902689+00:00,41.0,umidita,ambiente,raspberry_pi_4,camera
2938,_result,2,2026-07-11 08:21:08.604380+00:00,2026-07-11 11:21:08.604380+00:00,2026-07-11 10:41:08.162701+00:00,41.0,umidita,ambiente,raspberry_pi_4,camera
2939,_result,2,2026-07-11 08:21:08.604380+00:00,2026-07-11 11:21:08.604380+00:00,2026-07-11 10:41:13.432107+00:00,41.0,umidita,ambiente,raspberry_pi_4,camera
2940,_result,2,2026-07-11 08:21:08.604380+00:00,2026-07-11 11:21:08.604380+00:00,2026-07-11 10:41:18.692017+00:00,41.0,umidita,ambiente,raspberry_pi_4,camera
2941,_result,2,2026-07-11 08:21:08.604380+00:00,2026-07-11 11:21:08.604380+00:00,2026-07-11 10:41:23.961921+00:00,41.0,umidita,ambiente,raspberry_pi_4,camera
2942,_result,2,2026-07-11 08:21:08.604380+00:00,2026-07-11 11:21:08.604380+00:00,2026-07-11 10:41:34.485422+00:00,41.0,umidita,ambiente,raspberry_pi_4,camera
2943,_result,2,2026-07-11 08:21:08.604380+00:00,2026-07-11 11:21:08.604380+00:00,2026-07-11 10:41:39.745469+00:00,41.0,umidita,ambiente,raspberry_pi_4,camera
2944,_result,2,2026-07-11 08:21:08.604380+00:00,2026-07-11 11:21:08.604380+00:00,2026-07-11 10:41:45.014997+00:00,41.0,umidita,ambiente,raspberry_pi_4,camera
2945,_result,2,2026-07-11 08:21:08.604380+00:00,2026-07-11 11:21:08.604380+00:00,2026-07-11 10:41:50.275398+00:00,41.0,umidita,ambiente,raspberry_pi_4,camera
2946,_result,2,2026-07-11 08:21:08.604380+00:00,2026-07-11 11:21:08.604380+00:00,2026-07-11 10:41:55.549434+00:00,41.0,umidita,ambiente,raspberry_pi_4,camera
2947,_result,2,2026-07-11 08:21:08.604380+00:00,2026-07-11 11:21:08.604380+00:00,2026-07-11 10:42:06.081991+00:00,40.0,umidita,ambiente,raspberry_pi_4,camera
2948,_result,2,2026-07-11 08:21:08.604380+00:00,2026-07-11 11:21:08.604380+00:00,2026-07-11 10:42:11.343209+00:00,40.0,umidita,ambiente,raspberry_pi_4,camera
2949,_result,2,2026-07-11 08:21:08.604380+00:00,2026-07-11 11:21:08.604380+00:00,2026-07-11 10:42:16.612889+00:00,40.0,umidita,ambiente,raspberry_pi_4,camera
2950,_result,2,2026-07-11 08:21:08.604380+00:00,2026-07-11 11:21:08.604380+00:00,2026-07-11 10:42:21.874096+00:00,40.0,umidita,ambiente,raspberry_pi_4,camera
2951,_result,2,2026-07-11 08:21:08.604380+00:00,2026-07-11 11:21:08.604380+00:00,2026-07-11 10:42:27.144423+00:00,40.0,umidita,ambiente,raspberry_pi_4,camera
2952,_result,2,2026-07-11 08:21:08.604380+00:00,2026-07-11 11:21:08.604380+00:00,2026-07-11 10:42:32.406367+00:00,40.0,umidita,ambiente,raspberry_pi_4,camera
2953,_result,2,2026-07-11 08:21:08.604380+00:00,2026-07-11 11:21:08.604380+00:00,2026-07-11 10:42:37.676173+00:00,40.0,umidita,ambiente,raspberry_pi_4,camera
2954,_result,2,2026-07-11 08:21:08.604380+00:00,2026-07-11 11:21:08.604380+00:00,2026-07-11 10:42:42.938110+00:00,40.0,umidita,ambiente,raspberry_pi_4,camera
2955,_result,2,2026-07-11 08:21:08.604380+00:00,2026-07-11 11:21:08.604380+00:00,2026-07-11 10:42:48.208188+00:00,40.0,umidita,ambiente,raspberry_pi_4,camera
2956,_result,2,2026-07-11 08:21:08.604380+00:00,2026-07-11 11:21:08.604380+00:00,2026-07-11 10:42:53.468168+00:00,40.0,umidita,ambiente,raspberry_pi_4,camera
2957,_result,2,2026-07-11 08:21:08.604380+00:00,2026-07-11 11:21:08.604380+00:00,2026-07-11 10:42:58.739496+00:00,40.0,umidita,ambiente,raspberry_pi_4,camera
2958,_result,2,2026-07-11 08:21:08.604380+00:00,2026-07-11 11:21:08.604380+00:00,2026-07-11 10:43:03.999765+00:00,40.0,umidita,ambiente,raspberry_pi_4,camera
2959,_result,2,2026-07-11 08:21:08.604380+00:00,2026-07-11 11:21:08.604380+00:00,2026-07-11 10:43:09.269542+00:00,40.0,umidita,ambiente,raspberry_pi_4,camera
2960,_result,2,2026-07-11 08:21:08.604380+00:00,2026-07-11 11:21:08.604380+00:00,2026-07-11 10:43:25.062703+00:00,41.0,umidita,ambiente,raspberry_pi_4,camera
2961,_result,2,2026-07-11 08:21:08.604380+00:00,2026-07-11 11:21:08.604380+00:00,2026-07-11 10:43:30.333717+00:00,41.0,umidita,ambiente,raspberry_pi_4,camera
2962,_result,2,2026-07-11 08:21:08.604380+00:00,2026-07-11 11:21:08.604380+00:00,2026-07-11 10:43:35.594099+00:00,41.0,umidita,ambiente,raspberry_pi_4,camera
2963,_result,2,2026-07-11 08:21:08.604380+00:00,2026-07-11 11:21:08.604380+00:00,2026-07-11 10:43:40.866409+00:00,41.0,umidita,ambiente,raspberry_pi_4,camera
2964,_result,2,2026-07-11 08:21:08.604380+00:00,2026-07-11 11:21:08.604380+00:00,2026-07-11 10:43:46.130049+00:00,41.0,umidita,ambiente,raspberry_pi_4,camera
2965,_result,2,2026-07-11 08:21:08.604380+00:00,2026-07-11 11:21:08.604380+00:00,2026-07-11 10:43:51.399953+00:00,41.0,umidita,ambiente,raspberry_pi_4,camera
2966,_result,2,2026-07-11 08:21:08.604380+00:00,2026-07-11 11:21:08.604380+00:00,2026-07-11 10:43:56.661588+00:00,41.0,umidita,ambiente,raspberry_pi_4,camera
2967,_result,2,2026-07-11 08:21:08.604380+00:00,2026-07-11 11:21:08.604380+00:00,2026-07-11 10:44:01.932893+00:00,41.0,umidita,ambiente,raspberry_pi_4,camera
2968,_result,2,2026-07-11 08:21:08.604380+00:00,2026-07-11 11:21:08.604380+00:00,2026-07-11 10:44:12.458766+00:00,41.0,umidita,ambiente,raspberry_pi_4,camera
2969,_result,2,2026-07-11 08:21:08.604380+00:00,2026-07-11 11:21:08.604380+00:00,2026-07-11 10:44:17.718758+00:00,41.0,umidita,ambiente,raspberry_pi_4,camera
2970,_result,2,2026-07-11 08:21:08.604380+00:00,2026-07-11 11:21:08.604380+00:00,2026-07-11 10:44:22.988216+00:00,41.0,umidita,ambiente,raspberry_pi_4,camera
2971,_result,2,2026-07-11 08:21:08.604380+00:00,2026-07-11 11:21:08.604380+00:00,2026-07-11 10:44:28.248558+00:00,41.0,umidita,ambiente,raspberry_pi_4,camera
2972,_result,2,2026-07-11 08:21:08.604380+00:00,2026-07-11 11:21:08.604380+00:00,2026-07-11 10:44:33.519650+00:00,41.0,umidita,ambiente,raspberry_pi_4,camera
2973,_result,2,2026-07-11 08:21:08.604380+00:00,2026-07-11 11:21:08.604380+00:00,2026-07-11 10:44:38.779776+00:00,41.0,umidita,ambiente,raspberry_pi_4,camera
2974,_result,2,2026-07-11 08:21:08.604380+00:00,2026-07-11 11:21:08.604380+00:00,2026-07-11 10:44:44.049559+00:00,41.0,umidita,ambiente,raspberry_pi_4,camera
2975,_result,2,2026-07-11 08:21:08.604380+00:00,2026-07-11 11:21:08.604380+00:00,2026-07-11 10:44:49.309867+00:00,41.0,umidita,ambiente,raspberry_pi_4,camera
2976,_result,2,2026-07-11 08:21:08.604380+00:00,2026-07-11 11:21:08.604380+00:00,2026-07-11 10:44:54.579405+00:00,41.0,umidita,ambiente,raspberry_pi_4,camera
2977,_result,2,2026-07-11 08:21:08.604380+00:00,2026-07-11 11:21:08.604380+00:00,2026-07-11 10:44:59.841326+00:00,41.0,umidita,ambiente,raspberry_pi_4,camera
2978,_result,2,2026-07-11 08:21:08.604380+00:00,2026-07-11 11:21:08.604380+00:00,2026-07-11 10:45:05.111031+00:00,41.0,umidita,ambiente,raspberry_pi_4,camera
2979,_result,2,2026-07-11 08:21:08.604380+00:00,2026-07-11 11:21:08.604380+00:00,2026-07-11 10:45:10.371263+00:00,41.0,umidita,ambiente,raspberry_pi_4,camera
2980,_result,2,2026-07-11 08:21:08.604380+00:00,2026-07-11 11:21:08.604380+00:00,2026-07-11 10:45:15.650218+00:00,41.0,umidita,ambiente,raspberry_pi_4,camera
2981,_result,2,2026-07-11 08:21:08.604380+00:00,2026-07-11 11:21:08.604380+00:00,2026-07-11 10:45:20.913595+00:00,41.0,umidita,ambiente,raspberry_pi_4,camera
2982,_result,2,2026-07-11 08:21:08.604380+00:00,2026-07-11 11:21:08.604380+00:00,2026-07-11 10:45:26.183463+00:00,41.0,umidita,ambiente,raspberry_pi_4,camera
2983,_result,2,2026-07-11 08:21:08.604380+00:00,2026-07-11 11:21:08.604380+00:00,2026-07-11 10:45:36.708808+00:00,41.0,umidita,ambiente,raspberry_pi_4,camera
2984,_result,2,2026-07-11 08:21:08.604380+00:00,2026-07-11 11:21:08.604380+00:00,2026-07-11 10:45:41.968822+00:00,41.0,umidita,ambiente,raspberry_pi_4,camera
2985,_result,2,2026-07-11 08:21:08.604380+00:00,2026-07-11 11:21:08.604380+00:00,2026-07-11 10:45:47.238567+00:00,41.0,umidita,ambiente,raspberry_pi_4,camera
2986,_result,2,2026-07-11 08:21:08.604380+00:00,2026-07-11 11:21:08.604380+00:00,2026-07-11 10:45:52.498957+00:00,41.0,umidita,ambiente,raspberry_pi_4,camera
2987,_result,2,2026-07-11 08:21:08.604380+00:00,2026-07-11 11:21:08.604380+00:00,2026-07-11 10:45:57.768189+00:00,41.0,umidita,ambiente,raspberry_pi_4,camera
2988,_result,2,2026-07-11 08:21:08.604380+00:00,2026-07-11 11:21:08.604380+00:00,2026-07-11 10:46:08.294292+00:00,41.0,umidita,ambiente,raspberry_pi_4,camera
2989,_result,2,2026-07-11 08:21:08.604380+00:00,2026-07-11 11:21:08.604380+00:00,2026-07-11 10:46:13.554723+00:00,41.0,umidita,ambiente,raspberry_pi_4,camera
2990,_result,2,2026-07-11 08:21:08.604380+00:00,2026-07-11 11:21:08.604380+00:00,2026-07-11 10:46:18.823926+00:00,41.0,umidita,ambiente,raspberry_pi_4,camera
2991,_result,2,2026-07-11 08:21:08.604380+00:00,2026-07-11 11:21:08.604380+00:00,2026-07-11 10:46:24.084206+00:00,41.0,umidita,ambiente,raspberry_pi_4,camera
2992,_result,2,2026-07-11 08:21:08.604380+00:00,2026-07-11 11:21:08.604380+00:00,2026-07-11 10:46:29.355538+00:00,41.0,umidita,ambiente,raspberry_pi_4,camera
2993,_result,2,2026-07-11 08:21:08.604380+00:00,2026-07-11 11:21:08.604380+00:00,2026-07-11 10:46:34.615749+00:00,41.0,umidita,ambiente,raspberry_pi_4,camera
2994,_result,2,2026-07-11 08:21:08.604380+00:00,2026-07-11 11:21:08.604380+00:00,2026-07-11 10:46:39.896451+00:00,41.0,umidita,ambiente,raspberry_pi_4,camera
2995,_result,2,2026-07-11 08:21:08.604380+00:00,2026-07-11 11:21:08.604380+00:00,2026-07-11 10:46:45.156359+00:00,41.0,umidita,ambiente,raspberry_pi_4,camera
2996,_result,2,2026-07-11 08:21:08.604380+00:00,2026-07-11 11:21:08.604380+00:00,2026-07-11 10:46:50.426307+00:00,41.0,umidita,ambiente,raspberry_pi_4,camera
2997,_result,2,2026-07-11 08:21:08.604380+00:00,2026-07-11 11:21:08.604380+00:00,2026-07-11 10:46:55.689364+00:00,41.0,umidita,ambiente,raspberry_pi_4,camera
2998,_result,2,2026-07-11 08:21:08.604380+00:00,2026-07-11 11:21:08.604380+00:00,2026-07-11 10:47:00.966168+00:00,41.0,umidita,ambiente,raspberry_pi_4,camera
2999,_result,2,2026-07-11 08:21:08.604380+00:00,2026-07-11 11:21:08.604380+00:00,2026-07-11 10:47:06.226456+00:00,41.0,umidita,ambiente,raspberry_pi_4,camera
3000,_result,2,2026-07-11 08:21:08.604380+00:00,2026-07-11 11:21:08.604380+00:00,2026-07-11 10:47:11.496138+00:00,41.0,umidita,ambiente,raspberry_pi_4,camera
3001,_result,2,2026-07-11 08:21:08.604380+00:00,2026-07-11 11:21:08.604380+00:00,2026-07-11 10:47:16.756350+00:00,41.0,umidita,ambiente,raspberry_pi_4,camera
3002,_result,2,2026-07-11 08:21:08.604380+00:00,2026-07-11 11:21:08.604380+00:00,2026-07-11 10:47:22.026889+00:00,41.0,umidita,ambiente,raspberry_pi_4,camera
3003,_result,2,2026-07-11 08:21:08.604380+00:00,2026-07-11 11:21:08.604380+00:00,2026-07-11 10:47:27.287977+00:00,41.0,umidita,ambiente,raspberry_pi_4,camera
3004,_result,2,2026-07-11 08:21:08.604380+00:00,2026-07-11 11:21:08.604380+00:00,2026-07-11 10:47:32.558930+00:00,41.0,umidita,ambiente,raspberry_pi_4,camera
3005,_result,2,2026-07-11 08:21:08.604380+00:00,2026-07-11 11:21:08.604380+00:00,2026-07-11 10:47:37.819170+00:00,41.0,umidita,ambiente,raspberry_pi_4,camera
3006,_result,2,2026-07-11 08:21:08.604380+00:00,2026-07-11 11:21:08.604380+00:00,2026-07-11 10:47:43.088506+00:00,41.0,umidita,ambiente,raspberry_pi_4,camera
3007,_result,2,2026-07-11 08:21:08.604380+00:00,2026-07-11 11:21:08.604380+00:00,2026-07-11 10:47:48.348878+00:00,41.0,umidita,ambiente,raspberry_pi_4,camera
3008,_result,2,2026-07-11 08:21:08.604380+00:00,2026-07-11 11:21:08.604380+00:00,2026-07-11 10:47:53.618195+00:00,41.0,umidita,ambiente,raspberry_pi_4,camera
3009,_result,2,2026-07-11 08:21:08.604380+00:00,2026-07-11 11:21:08.604380+00:00,2026-07-11 10:47:58.879864+00:00,41.0,umidita,ambiente,raspberry_pi_4,camera
3010,_result,2,2026-07-11 08:21:08.604380+00:00,2026-07-11 11:21:08.604380+00:00,2026-07-11 10:48:04.150787+00:00,41.0,umidita,ambiente,raspberry_pi_4,camera
3011,_result,2,2026-07-11 08:21:08.604380+00:00,2026-07-11 11:21:08.604380+00:00,2026-07-11 10:48:09.411159+00:00,41.0,umidita,ambiente,raspberry_pi_4,camera
3012,_result,2,2026-07-11 08:21:08.604380+00:00,2026-07-11 11:21:08.604380+00:00,2026-07-11 10:48:14.680240+00:00,41.0,umidita,ambiente,raspberry_pi_4,camera
3013,_result,2,2026-07-11 08:21:08.604380+00:00,2026-07-11 11:21:08.604380+00:00,2026-07-11 10:48:19.940295+00:00,41.0,umidita,ambiente,raspberry_pi_4,camera
3014,_result,2,2026-07-11 08:21:08.604380+00:00,2026-07-11 11:21:08.604380+00:00,2026-07-11 10:48:25.210154+00:00,41.0,umidita,ambiente,raspberry_pi_4,camera
3015,_result,2,2026-07-11 08:21:08.604380+00:00,2026-07-11 11:21:08.604380+00:00,2026-07-11 10:48:30.490194+00:00,41.0,umidita,ambiente,raspberry_pi_4,camera
3016,_result,2,2026-07-11 08:21:08.604380+00:00,2026-07-11 11:21:08.604380+00:00,2026-07-11 10:48:41.021739+00:00,41.0,umidita,ambiente,raspberry_pi_4,camera
3017,_result,2,2026-07-11 08:21:08.604380+00:00,2026-07-11 11:21:08.604380+00:00,2026-07-11 10:48:46.291338+00:00,41.0,umidita,ambiente,raspberry_pi_4,camera
3018,_result,2,2026-07-11 08:21:08.604380+00:00,2026-07-11 11:21:08.604380+00:00,2026-07-11 10:48:51.551320+00:00,41.0,umidita,ambiente,raspberry_pi_4,camera
3019,_result,2,2026-07-11 08:21:08.604380+00:00,2026-07-11 11:21:08.604380+00:00,2026-07-11 10:48:56.821005+00:00,41.0,umidita,ambiente,raspberry_pi_4,camera
3020,_result,2,2026-07-11 08:21:08.604380+00:00,2026-07-11 11:21:08.604380+00:00,2026-07-11 10:49:02.082679+00:00,41.0,umidita,ambiente,raspberry_pi_4,camera
3021,_result,2,2026-07-11 08:21:08.604380+00:00,2026-07-11 11:21:08.604380+00:00,2026-07-11 10:49:07.352261+00:00,41.0,umidita,ambiente,raspberry_pi_4,camera
3022,_result,2,2026-07-11 08:21:08.604380+00:00,2026-07-11 11:21:08.604380+00:00,2026-07-11 10:49:12.614221+00:00,41.0,umidita,ambiente,raspberry_pi_4,camera
3023,_result,2,2026-07-11 08:21:08.604380+00:00,2026-07-11 11:21:08.604380+00:00,2026-07-11 10:49:17.883850+00:00,41.0,umidita,ambiente,raspberry_pi_4,camera
3024,_result,2,2026-07-11 08:21:08.604380+00:00,2026-07-11 11:21:08.604380+00:00,2026-07-11 10:49:23.146245+00:00,41.0,umidita,ambiente,raspberry_pi_4,camera
3025,_result,2,2026-07-11 08:21:08.604380+00:00,2026-07-11 11:21:08.604380+00:00,2026-07-11 10:49:28.415642+00:00,41.0,umidita,ambiente,raspberry_pi_4,camera
3026,_result,2,2026-07-11 08:21:08.604380+00:00,2026-07-11 11:21:08.604380+00:00,2026-07-11 10:49:38.940975+00:00,41.0,umidita,ambiente,raspberry_pi_4,camera
3027,_result,2,2026-07-11 08:21:08.604380+00:00,2026-07-11 11:21:08.604380+00:00,2026-07-11 10:49:44.201132+00:00,41.0,umidita,ambiente,raspberry_pi_4,camera
3028,_result,2,2026-07-11 08:21:08.604380+00:00,2026-07-11 11:21:08.604380+00:00,2026-07-11 10:49:49.470832+00:00,41.0,umidita,ambiente,raspberry_pi_4,camera
3029,_result,2,2026-07-11 08:21:08.604380+00:00,2026-07-11 11:21:08.604380+00:00,2026-07-11 10:49:59.997431+00:00,41.0,umidita,ambiente,raspberry_pi_4,camera
3030,_result,2,2026-07-11 08:21:08.604380+00:00,2026-07-11 11:21:08.604380+00:00,2026-07-11 10:50:05.257687+00:00,41.0,umidita,ambiente,raspberry_pi_4,camera
3031,_result,2,2026-07-11 08:21:08.604380+00:00,2026-07-11 11:21:08.604380+00:00,2026-07-11 10:50:10.527598+00:00,41.0,umidita,ambiente,raspberry_pi_4,camera
3032,_result,2,2026-07-11 08:21:08.604380+00:00,2026-07-11 11:21:08.604380+00:00,2026-07-11 10:50:15.789917+00:00,41.0,umidita,ambiente,raspberry_pi_4,camera
3033,_result,2,2026-07-11 08:21:08.604380+00:00,2026-07-11 11:21:08.604380+00:00,2026-07-11 10:50:21.059353+00:00,41.0,umidita,ambiente,raspberry_pi_4,camera
3034,_result,2,2026-07-11 08:21:08.604380+00:00,2026-07-11 11:21:08.604380+00:00,2026-07-11 10:50:26.319710+00:00,41.0,umidita,ambiente,raspberry_pi_4,camera
3035,_result,2,2026-07-11 08:21:08.604380+00:00,2026-07-11 11:21:08.604380+00:00,2026-07-11 10:50:31.591124+00:00,41.0,umidita,ambiente,raspberry_pi_4,camera
3036,_result,2,2026-07-11 08:21:08.604380+00:00,2026-07-11 11:21:08.604380+00:00,2026-07-11 10:50:36.861989+00:00,41.0,umidita,ambiente,raspberry_pi_4,camera
3037,_result,2,2026-07-11 08:21:08.604380+00:00,2026-07-11 11:21:08.604380+00:00,2026-07-11 10:50:42.131808+00:00,41.0,umidita,ambiente,raspberry_pi_4,camera
3038,_result,2,2026-07-11 08:21:08.604380+00:00,2026-07-11 11:21:08.604380+00:00,2026-07-11 10:50:47.392098+00:00,41.0,umidita,ambiente,raspberry_pi_4,camera
3039,_result,2,2026-07-11 08:21:08.604380+00:00,2026-07-11 11:21:08.604380+00:00,2026-07-11 10:50:52.661480+00:00,41.0,umidita,ambiente,raspberry_pi_4,camera
3040,_result,2,2026-07-11 08:21:08.604380+00:00,2026-07-11 11:21:08.604380+00:00,2026-07-11 10:50:57.921776+00:00,41.0,umidita,ambiente,raspberry_pi_4,camera
3041,_result,2,2026-07-11 08:21:08.604380+00:00,2026-07-11 11:21:08.604380+00:00,2026-07-11 10:51:03.193857+00:00,41.0,umidita,ambiente,raspberry_pi_4,camera
3042,_result,2,2026-07-11 08:21:08.604380+00:00,2026-07-11 11:21:08.604380+00:00,2026-07-11 10:51:08.453908+00:00,41.0,umidita,ambiente,raspberry_pi_4,camera
3043,_result,2,2026-07-11 08:21:08.604380+00:00,2026-07-11 11:21:08.604380+00:00,2026-07-11 10:51:13.723729+00:00,41.0,umidita,ambiente,raspberry_pi_4,camera
3044,_result,2,2026-07-11 08:21:08.604380+00:00,2026-07-11 11:21:08.604380+00:00,2026-07-11 10:51:18.983927+00:00,41.0,umidita,ambiente,raspberry_pi_4,camera
3045,_result,2,2026-07-11 08:21:08.604380+00:00,2026-07-11 11:21:08.604380+00:00,2026-07-11 10:51:24.253741+00:00,41.0,umidita,ambiente,raspberry_pi_4,camera
3046,_result,2,2026-07-11 08:21:08.604380+00:00,2026-07-11 11:21:08.604380+00:00,2026-07-11 10:51:29.515702+00:00,41.0,umidita,ambiente,raspberry_pi_4,camera
3047,_result,2,2026-07-11 08:21:08.604380+00:00,2026-07-11 11:21:08.604380+00:00,2026-07-11 10:51:34.802956+00:00,41.0,umidita,ambiente,raspberry_pi_4,camera
3048,_result,2,2026-07-11 08:21:08.604380+00:00,2026-07-11 11:21:08.604380+00:00,2026-07-11 10:51:40.063044+00:00,41.0,umidita,ambiente,raspberry_pi_4,camera
3049,_result,2,2026-07-11 08:21:08.604380+00:00,2026-07-11 11:21:08.604380+00:00,2026-07-11 10:51:45.332754+00:00,41.0,umidita,ambiente,raspberry_pi_4,camera
3050,_result,2,2026-07-11 08:21:08.604380+00:00,2026-07-11 11:21:08.604380+00:00,2026-07-11 10:51:50.606234+00:00,41.0,umidita,ambiente,raspberry_pi_4,camera
3051,_result,2,2026-07-11 08:21:08.604380+00:00,2026-07-11 11:21:08.604380+00:00,2026-07-11 10:52:06.409220+00:00,41.0,umidita,ambiente,raspberry_pi_4,camera
3052,_result,2,2026-07-11 08:21:08.604380+00:00,2026-07-11 11:21:08.604380+00:00,2026-07-11 10:52:11.670101+00:00,41.0,umidita,ambiente,raspberry_pi_4,camera
3053,_result,2,2026-07-11 08:21:08.604380+00:00,2026-07-11 11:21:08.604380+00:00,2026-07-11 10:52:16.939401+00:00,41.0,umidita,ambiente,raspberry_pi_4,camera
3054,_result,2,2026-07-11 08:21:08.604380+00:00,2026-07-11 11:21:08.604380+00:00,2026-07-11 10:52:22.199914+00:00,41.0,umidita,ambiente,raspberry_pi_4,camera
3055,_result,2,2026-07-11 08:21:08.604380+00:00,2026-07-11 11:21:08.604380+00:00,2026-07-11 10:52:27.470056+00:00,41.0,umidita,ambiente,raspberry_pi_4,camera
3056,_result,2,2026-07-11 08:21:08.604380+00:00,2026-07-11 11:21:08.604380+00:00,2026-07-11 10:52:32.731792+00:00,41.0,umidita,ambiente,raspberry_pi_4,camera
3057,_result,2,2026-07-11 08:21:08.604380+00:00,2026-07-11 11:21:08.604380+00:00,2026-07-11 10:52:38.001294+00:00,41.0,umidita,ambiente,raspberry_pi_4,camera
3058,_result,2,2026-07-11 08:21:08.604380+00:00,2026-07-11 11:21:08.604380+00:00,2026-07-11 10:52:43.261335+00:00,41.0,umidita,ambiente,raspberry_pi_4,camera
3059,_result,2,2026-07-11 08:21:08.604380+00:00,2026-07-11 11:21:08.604380+00:00,2026-07-11 10:52:48.531084+00:00,41.0,umidita,ambiente,raspberry_pi_4,camera
3060,_result,2,2026-07-11 08:21:08.604380+00:00,2026-07-11 11:21:08.604380+00:00,2026-07-11 10:52:53.791106+00:00,41.0,umidita,ambiente,raspberry_pi_4,camera
3061,_result,2,2026-07-11 08:21:08.604380+00:00,2026-07-11 11:21:08.604380+00:00,2026-07-11 10:53:04.317863+00:00,41.0,umidita,ambiente,raspberry_pi_4,camera
3062,_result,2,2026-07-11 08:21:08.604380+00:00,2026-07-11 11:21:08.604380+00:00,2026-07-11 10:53:09.587386+00:00,41.0,umidita,ambiente,raspberry_pi_4,camera
3063,_result,2,2026-07-11 08:21:08.604380+00:00,2026-07-11 11:21:08.604380+00:00,2026-07-11 10:53:14.848922+00:00,41.0,umidita,ambiente,raspberry_pi_4,camera
3064,_result,2,2026-07-11 08:21:08.604380+00:00,2026-07-11 11:21:08.604380+00:00,2026-07-11 10:53:20.118216+00:00,41.0,umidita,ambiente,raspberry_pi_4,camera
3065,_result,2,2026-07-11 08:21:08.604380+00:00,2026-07-11 11:21:08.604380+00:00,2026-07-11 10:53:25.378237+00:00,41.0,umidita,ambiente,raspberry_pi_4,camera
3066,_result,2,2026-07-11 08:21:08.604380+00:00,2026-07-11 11:21:08.604380+00:00,2026-07-11 10:53:30.649042+00:00,41.0,umidita,ambiente,raspberry_pi_4,camera
3067,_result,2,2026-07-11 08:21:08.604380+00:00,2026-07-11 11:21:08.604380+00:00,2026-07-11 10:53:35.909198+00:00,41.0,umidita,ambiente,raspberry_pi_4,camera
3068,_result,2,2026-07-11 08:21:08.604380+00:00,2026-07-11 11:21:08.604380+00:00,2026-07-11 10:53:41.178618+00:00,41.0,umidita,ambiente,raspberry_pi_4,camera
3069,_result,2,2026-07-11 08:21:08.604380+00:00,2026-07-11 11:21:08.604380+00:00,2026-07-11 10:53:46.438852+00:00,41.0,umidita,ambiente,raspberry_pi_4,camera
3070,_result,2,2026-07-11 08:21:08.604380+00:00,2026-07-11 11:21:08.604380+00:00,2026-07-11 10:53:51.708729+00:00,41.0,umidita,ambiente,raspberry_pi_4,camera
3071,_result,2,2026-07-11 08:21:08.604380+00:00,2026-07-11 11:21:08.604380+00:00,2026-07-11 10:53:56.968796+00:00,41.0,umidita,ambiente,raspberry_pi_4,camera
3072,_result,2,2026-07-11 08:21:08.604380+00:00,2026-07-11 11:21:08.604380+00:00,2026-07-11 10:54:02.239764+00:00,41.0,umidita,ambiente,raspberry_pi_4,camera
3073,_result,2,2026-07-11 08:21:08.604380+00:00,2026-07-11 11:21:08.604380+00:00,2026-07-11 10:54:07.499961+00:00,41.0,umidita,ambiente,raspberry_pi_4,camera
3074,_result,2,2026-07-11 08:21:08.604380+00:00,2026-07-11 11:21:08.604380+00:00,2026-07-11 10:54:12.768986+00:00,41.0,umidita,ambiente,raspberry_pi_4,camera
3075,_result,2,2026-07-11 08:21:08.604380+00:00,2026-07-11 11:21:08.604380+00:00,2026-07-11 10:54:18.029213+00:00,41.0,umidita,ambiente,raspberry_pi_4,camera
3076,_result,2,2026-07-11 08:21:08.604380+00:00,2026-07-11 11:21:08.604380+00:00,2026-07-11 10:54:23.299139+00:00,41.0,umidita,ambiente,raspberry_pi_4,camera
3077,_result,2,2026-07-11 08:21:08.604380+00:00,2026-07-11 11:21:08.604380+00:00,2026-07-11 10:54:28.559125+00:00,41.0,umidita,ambiente,raspberry_pi_4,camera
3078,_result,2,2026-07-11 08:21:08.604380+00:00,2026-07-11 11:21:08.604380+00:00,2026-07-11 10:54:33.830840+00:00,41.0,umidita,ambiente,raspberry_pi_4,camera
3079,_result,2,2026-07-11 08:21:08.604380+00:00,2026-07-11 11:21:08.604380+00:00,2026-07-11 10:54:39.090913+00:00,41.0,umidita,ambiente,raspberry_pi_4,camera
3080,_result,2,2026-07-11 08:21:08.604380+00:00,2026-07-11 11:21:08.604380+00:00,2026-07-11 10:54:44.360257+00:00,41.0,umidita,ambiente,raspberry_pi_4,camera
3081,_result,2,2026-07-11 08:21:08.604380+00:00,2026-07-11 11:21:08.604380+00:00,2026-07-11 10:54:49.620553+00:00,41.0,umidita,ambiente,raspberry_pi_4,camera
3082,_result,2,2026-07-11 08:21:08.604380+00:00,2026-07-11 11:21:08.604380+00:00,2026-07-11 10:54:54.890877+00:00,41.0,umidita,ambiente,raspberry_pi_4,camera
3083,_result,2,2026-07-11 08:21:08.604380+00:00,2026-07-11 11:21:08.604380+00:00,2026-07-11 10:55:00.152658+00:00,41.0,umidita,ambiente,raspberry_pi_4,camera
3084,_result,2,2026-07-11 08:21:08.604380+00:00,2026-07-11 11:21:08.604380+00:00,2026-07-11 10:55:05.422543+00:00,41.0,umidita,ambiente,raspberry_pi_4,camera
3085,_result,2,2026-07-11 08:21:08.604380+00:00,2026-07-11 11:21:08.604380+00:00,2026-07-11 10:55:10.682538+00:00,41.0,umidita,ambiente,raspberry_pi_4,camera
3086,_result,2,2026-07-11 08:21:08.604380+00:00,2026-07-11 11:21:08.604380+00:00,2026-07-11 10:55:15.952424+00:00,41.0,umidita,ambiente,raspberry_pi_4,camera
3087,_result,2,2026-07-11 08:21:08.604380+00:00,2026-07-11 11:21:08.604380+00:00,2026-07-11 10:55:21.212486+00:00,41.0,umidita,ambiente,raspberry_pi_4,camera
3088,_result,2,2026-07-11 08:21:08.604380+00:00,2026-07-11 11:21:08.604380+00:00,2026-07-11 10:55:26.481844+00:00,41.0,umidita,ambiente,raspberry_pi_4,camera
3089,_result,2,2026-07-11 08:21:08.604380+00:00,2026-07-11 11:21:08.604380+00:00,2026-07-11 10:55:31.743762+00:00,41.0,umidita,ambiente,raspberry_pi_4,camera
3090,_result,2,2026-07-11 08:21:08.604380+00:00,2026-07-11 11:21:08.604380+00:00,2026-07-11 10:55:37.012999+00:00,41.0,umidita,ambiente,raspberry_pi_4,camera
3091,_result,2,2026-07-11 08:21:08.604380+00:00,2026-07-11 11:21:08.604380+00:00,2026-07-11 10:55:42.273992+00:00,41.0,umidita,ambiente,raspberry_pi_4,camera
3092,_result,2,2026-07-11 08:21:08.604380+00:00,2026-07-11 11:21:08.604380+00:00,2026-07-11 10:55:47.542954+00:00,41.0,umidita,ambiente,raspberry_pi_4,camera
3093,_result,2,2026-07-11 08:21:08.604380+00:00,2026-07-11 11:21:08.604380+00:00,2026-07-11 10:55:52.802908+00:00,41.0,umidita,ambiente,raspberry_pi_4,camera
3094,_result,2,2026-07-11 08:21:08.604380+00:00,2026-07-11 11:21:08.604380+00:00,2026-07-11 10:55:58.072256+00:00,41.0,umidita,ambiente,raspberry_pi_4,camera
3095,_result,2,2026-07-11 08:21:08.604380+00:00,2026-07-11 11:21:08.604380+00:00,2026-07-11 10:56:03.333874+00:00,41.0,umidita,ambiente,raspberry_pi_4,camera
3096,_result,2,2026-07-11 08:21:08.604380+00:00,2026-07-11 11:21:08.604380+00:00,2026-07-11 10:56:08.603552+00:00,41.0,umidita,ambiente,raspberry_pi_4,camera
3097,_result,2,2026-07-11 08:21:08.604380+00:00,2026-07-11 11:21:08.604380+00:00,2026-07-11 10:56:13.863464+00:00,41.0,umidita,ambiente,raspberry_pi_4,camera
3098,_result,2,2026-07-11 08:21:08.604380+00:00,2026-07-11 11:21:08.604380+00:00,2026-07-11 10:56:19.132617+00:00,41.0,umidita,ambiente,raspberry_pi_4,camera
3099,_result,2,2026-07-11 08:21:08.604380+00:00,2026-07-11 11:21:08.604380+00:00,2026-07-11 10:56:24.392816+00:00,41.0,umidita,ambiente,raspberry_pi_4,camera
3100,_result,2,2026-07-11 08:21:08.604380+00:00,2026-07-11 11:21:08.604380+00:00,2026-07-11 10:56:29.663519+00:00,41.0,umidita,ambiente,raspberry_pi_4,camera
3101,_result,2,2026-07-11 08:21:08.604380+00:00,2026-07-11 11:21:08.604380+00:00,2026-07-11 10:56:34.923434+00:00,41.0,umidita,ambiente,raspberry_pi_4,camera
3102,_result,2,2026-07-11 08:21:08.604380+00:00,2026-07-11 11:21:08.604380+00:00,2026-07-11 10:56:45.447157+00:00,41.0,umidita,ambiente,raspberry_pi_4,camera
3103,_result,2,2026-07-11 08:21:08.604380+00:00,2026-07-11 11:21:08.604380+00:00,2026-07-11 10:56:50.716598+00:00,41.0,umidita,ambiente,raspberry_pi_4,camera
3104,_result,2,2026-07-11 08:21:08.604380+00:00,2026-07-11 11:21:08.604380+00:00,2026-07-11 10:56:55.976959+00:00,41.0,umidita,ambiente,raspberry_pi_4,camera
3105,_result,2,2026-07-11 08:21:08.604380+00:00,2026-07-11 11:21:08.604380+00:00,2026-07-11 10:57:01.248033+00:00,41.0,umidita,ambiente,raspberry_pi_4,camera
3106,_result,2,2026-07-11 08:21:08.604380+00:00,2026-07-11 11:21:08.604380+00:00,2026-07-11 10:57:06.508013+00:00,41.0,umidita,ambiente,raspberry_pi_4,camera
3107,_result,2,2026-07-11 08:21:08.604380+00:00,2026-07-11 11:21:08.604380+00:00,2026-07-11 10:57:11.777083+00:00,41.0,umidita,ambiente,raspberry_pi_4,camera
3108,_result,2,2026-07-11 08:21:08.604380+00:00,2026-07-11 11:21:08.604380+00:00,2026-07-11 10:57:17.037295+00:00,41.0,umidita,ambiente,raspberry_pi_4,camera
3109,_result,2,2026-07-11 08:21:08.604380+00:00,2026-07-11 11:21:08.604380+00:00,2026-07-11 10:57:22.306609+00:00,41.0,umidita,ambiente,raspberry_pi_4,camera
3110,_result,2,2026-07-11 08:21:08.604380+00:00,2026-07-11 11:21:08.604380+00:00,2026-07-11 10:57:27.566638+00:00,41.0,umidita,ambiente,raspberry_pi_4,camera
3111,_result,2,2026-07-11 08:21:08.604380+00:00,2026-07-11 11:21:08.604380+00:00,2026-07-11 10:57:32.838927+00:00,41.0,umidita,ambiente,raspberry_pi_4,camera
3112,_result,2,2026-07-11 08:21:08.604380+00:00,2026-07-11 11:21:08.604380+00:00,2026-07-11 10:57:38.098969+00:00,41.0,umidita,ambiente,raspberry_pi_4,camera
3113,_result,2,2026-07-11 08:21:08.604380+00:00,2026-07-11 11:21:08.604380+00:00,2026-07-11 10:57:43.368688+00:00,41.0,umidita,ambiente,raspberry_pi_4,camera
3114,_result,2,2026-07-11 08:21:08.604380+00:00,2026-07-11 11:21:08.604380+00:00,2026-07-11 10:57:48.629009+00:00,41.0,umidita,ambiente,raspberry_pi_4,camera
3115,_result,2,2026-07-11 08:21:08.604380+00:00,2026-07-11 11:21:08.604380+00:00,2026-07-11 10:57:53.898503+00:00,41.0,umidita,ambiente,raspberry_pi_4,camera
3116,_result,2,2026-07-11 08:21:08.604380+00:00,2026-07-11 11:21:08.604380+00:00,2026-07-11 10:57:59.158889+00:00,41.0,umidita,ambiente,raspberry_pi_4,camera
3117,_result,2,2026-07-11 08:21:08.604380+00:00,2026-07-11 11:21:08.604380+00:00,2026-07-11 10:58:04.430208+00:00,41.0,umidita,ambiente,raspberry_pi_4,camera
3118,_result,2,2026-07-11 08:21:08.604380+00:00,2026-07-11 11:21:08.604380+00:00,2026-07-11 10:58:09.690328+00:00,41.0,umidita,ambiente,raspberry_pi_4,camera
3119,_result,2,2026-07-11 08:21:08.604380+00:00,2026-07-11 11:21:08.604380+00:00,2026-07-11 10:58:14.959708+00:00,40.0,umidita,ambiente,raspberry_pi_4,camera
3120,_result,2,2026-07-11 08:21:08.604380+00:00,2026-07-11 11:21:08.604380+00:00,2026-07-11 10:58:20.220194+00:00,40.0,umidita,ambiente,raspberry_pi_4,camera
3121,_result,2,2026-07-11 08:21:08.604380+00:00,2026-07-11 11:21:08.604380+00:00,2026-07-11 10:58:25.489568+00:00,41.0,umidita,ambiente,raspberry_pi_4,camera
3122,_result,2,2026-07-11 08:21:08.604380+00:00,2026-07-11 11:21:08.604380+00:00,2026-07-11 10:58:30.751967+00:00,41.0,umidita,ambiente,raspberry_pi_4,camera
3123,_result,2,2026-07-11 08:21:08.604380+00:00,2026-07-11 11:21:08.604380+00:00,2026-07-11 10:58:36.021483+00:00,41.0,umidita,ambiente,raspberry_pi_4,camera
3124,_result,2,2026-07-11 08:21:08.604380+00:00,2026-07-11 11:21:08.604380+00:00,2026-07-11 10:58:41.281867+00:00,41.0,umidita,ambiente,raspberry_pi_4,camera
3125,_result,2,2026-07-11 08:21:08.604380+00:00,2026-07-11 11:21:08.604380+00:00,2026-07-11 10:58:46.552086+00:00,40.0,umidita,ambiente,raspberry_pi_4,camera
3126,_result,2,2026-07-11 08:21:08.604380+00:00,2026-07-11 11:21:08.604380+00:00,2026-07-11 10:58:51.812742+00:00,40.0,umidita,ambiente,raspberry_pi_4,camera
3127,_result,2,2026-07-11 08:21:08.604380+00:00,2026-07-11 11:21:08.604380+00:00,2026-07-11 10:58:57.083134+00:00,40.0,umidita,ambiente,raspberry_pi_4,camera
3128,_result,2,2026-07-11 08:21:08.604380+00:00,2026-07-11 11:21:08.604380+00:00,2026-07-11 10:59:02.344756+00:00,40.0,umidita,ambiente,raspberry_pi_4,camera
3129,_result,2,2026-07-11 08:21:08.604380+00:00,2026-07-11 11:21:08.604380+00:00,2026-07-11 10:59:07.614297+00:00,40.0,umidita,ambiente,raspberry_pi_4,camera
3130,_result,2,2026-07-11 08:21:08.604380+00:00,2026-07-11 11:21:08.604380+00:00,2026-07-11 10:59:12.874710+00:00,40.0,umidita,ambiente,raspberry_pi_4,camera
3131,_result,2,2026-07-11 08:21:08.604380+00:00,2026-07-11 11:21:08.604380+00:00,2026-07-11 10:59:18.144123+00:00,40.0,umidita,ambiente,raspberry_pi_4,camera
3132,_result,2,2026-07-11 08:21:08.604380+00:00,2026-07-11 11:21:08.604380+00:00,2026-07-11 10:59:23.405024+00:00,40.0,umidita,ambiente,raspberry_pi_4,camera
3133,_result,2,2026-07-11 08:21:08.604380+00:00,2026-07-11 11:21:08.604380+00:00,2026-07-11 10:59:28.676006+00:00,40.0,umidita,ambiente,raspberry_pi_4,camera
3134,_result,2,2026-07-11 08:21:08.604380+00:00,2026-07-11 11:21:08.604380+00:00,2026-07-11 10:59:33.936169+00:00,40.0,umidita,ambiente,raspberry_pi_4,camera
3135,_result,2,2026-07-11 08:21:08.604380+00:00,2026-07-11 11:21:08.604380+00:00,2026-07-11 10:59:39.206152+00:00,40.0,umidita,ambiente,raspberry_pi_4,camera
3136,_result,2,2026-07-11 08:21:08.604380+00:00,2026-07-11 11:21:08.604380+00:00,2026-07-11 10:59:44.466075+00:00,40.0,umidita,ambiente,raspberry_pi_4,camera
3137,_result,2,2026-07-11 08:21:08.604380+00:00,2026-07-11 11:21:08.604380+00:00,2026-07-11 10:59:49.735825+00:00,40.0,umidita,ambiente,raspberry_pi_4,camera
3138,_result,2,2026-07-11 08:21:08.604380+00:00,2026-07-11 11:21:08.604380+00:00,2026-07-11 10:59:54.995788+00:00,40.0,umidita,ambiente,raspberry_pi_4,camera
3139,_result,2,2026-07-11 08:21:08.604380+00:00,2026-07-11 11:21:08.604380+00:00,2026-07-11 11:00:00.266971+00:00,40.0,umidita,ambiente,raspberry_pi_4,camera
3140,_result,2,2026-07-11 08:21:08.604380+00:00,2026-07-11 11:21:08.604380+00:00,2026-07-11 11:00:05.526905+00:00,40.0,umidita,ambiente,raspberry_pi_4,camera
3141,_result,2,2026-07-11 08:21:08.604380+00:00,2026-07-11 11:21:08.604380+00:00,2026-07-11 11:00:10.796231+00:00,40.0,umidita,ambiente,raspberry_pi_4,camera
3142,_result,2,2026-07-11 08:21:08.604380+00:00,2026-07-11 11:21:08.604380+00:00,2026-07-11 11:00:16.056490+00:00,40.0,umidita,ambiente,raspberry_pi_4,camera
3143,_result,2,2026-07-11 08:21:08.604380+00:00,2026-07-11 11:21:08.604380+00:00,2026-07-11 11:00:21.326366+00:00,40.0,umidita,ambiente,raspberry_pi_4,camera
3144,_result,2,2026-07-11 08:21:08.604380+00:00,2026-07-11 11:21:08.604380+00:00,2026-07-11 11:00:26.586576+00:00,40.0,umidita,ambiente,raspberry_pi_4,camera
3145,_result,2,2026-07-11 08:21:08.604380+00:00,2026-07-11 11:21:08.604380+00:00,2026-07-11 11:00:31.857920+00:00,40.0,umidita,ambiente,raspberry_pi_4,camera
3146,_result,2,2026-07-11 08:21:08.604380+00:00,2026-07-11 11:21:08.604380+00:00,2026-07-11 11:00:37.117890+00:00,40.0,umidita,ambiente,raspberry_pi_4,camera
3147,_result,2,2026-07-11 08:21:08.604380+00:00,2026-07-11 11:21:08.604380+00:00,2026-07-11 11:00:42.387531+00:00,40.0,umidita,ambiente,raspberry_pi_4,camera
3148,_result,2,2026-07-11 08:21:08.604380+00:00,2026-07-11 11:21:08.604380+00:00,2026-07-11 11:00:47.647645+00:00,41.0,umidita,ambiente,raspberry_pi_4,camera
3149,_result,2,2026-07-11 08:21:08.604380+00:00,2026-07-11 11:21:08.604380+00:00,2026-07-11 11:00:52.917801+00:00,41.0,umidita,ambiente,raspberry_pi_4,camera
3150,_result,2,2026-07-11 08:21:08.604380+00:00,2026-07-11 11:21:08.604380+00:00,2026-07-11 11:00:58.178016+00:00,41.0,umidita,ambiente,raspberry_pi_4,camera
3151,_result,2,2026-07-11 08:21:08.604380+00:00,2026-07-11 11:21:08.604380+00:00,2026-07-11 11:01:03.449192+00:00,41.0,umidita,ambiente,raspberry_pi_4,camera
3152,_result,2,2026-07-11 08:21:08.604380+00:00,2026-07-11 11:21:08.604380+00:00,2026-07-11 11:01:08.709164+00:00,41.0,umidita,ambiente,raspberry_pi_4,camera
3153,_result,2,2026-07-11 08:21:08.604380+00:00,2026-07-11 11:21:08.604380+00:00,2026-07-11 11:01:13.979626+00:00,41.0,umidita,ambiente,raspberry_pi_4,camera
3154,_result,2,2026-07-11 08:21:08.604380+00:00,2026-07-11 11:21:08.604380+00:00,2026-07-11 11:01:19.239630+00:00,41.0,umidita,ambiente,raspberry_pi_4,camera
3155,_result,2,2026-07-11 08:21:08.604380+00:00,2026-07-11 11:21:08.604380+00:00,2026-07-11 11:01:24.509394+00:00,41.0,umidita,ambiente,raspberry_pi_4,camera
3156,_result,2,2026-07-11 08:21:08.604380+00:00,2026-07-11 11:21:08.604380+00:00,2026-07-11 11:01:29.770880+00:00,41.0,umidita,ambiente,raspberry_pi_4,camera
3157,_result,2,2026-07-11 08:21:08.604380+00:00,2026-07-11 11:21:08.604380+00:00,2026-07-11 11:01:35.040532+00:00,41.0,umidita,ambiente,raspberry_pi_4,camera
3158,_result,2,2026-07-11 08:21:08.604380+00:00,2026-07-11 11:21:08.604380+00:00,2026-07-11 11:01:40.300575+00:00,40.0,umidita,ambiente,raspberry_pi_4,camera
3159,_result,2,2026-07-11 08:21:08.604380+00:00,2026-07-11 11:21:08.604380+00:00,2026-07-11 11:01:45.569898+00:00,40.0,umidita,ambiente,raspberry_pi_4,camera
3160,_result,2,2026-07-11 08:21:08.604380+00:00,2026-07-11 11:21:08.604380+00:00,2026-07-11 11:01:50.830068+00:00,41.0,umidita,ambiente,raspberry_pi_4,camera
3161,_result,2,2026-07-11 08:21:08.604380+00:00,2026-07-11 11:21:08.604380+00:00,2026-07-11 11:01:56.099526+00:00,41.0,umidita,ambiente,raspberry_pi_4,camera
3162,_result,2,2026-07-11 08:21:08.604380+00:00,2026-07-11 11:21:08.604380+00:00,2026-07-11 11:02:01.360979+00:00,41.0,umidita,ambiente,raspberry_pi_4,camera
3163,_result,2,2026-07-11 08:21:08.604380+00:00,2026-07-11 11:21:08.604380+00:00,2026-07-11 11:02:06.630396+00:00,41.0,umidita,ambiente,raspberry_pi_4,camera
3164,_result,2,2026-07-11 08:21:08.604380+00:00,2026-07-11 11:21:08.604380+00:00,2026-07-11 11:02:11.890682+00:00,41.0,umidita,ambiente,raspberry_pi_4,camera
3165,_result,2,2026-07-11 08:21:08.604380+00:00,2026-07-11 11:21:08.604380+00:00,2026-07-11 11:02:17.160020+00:00,41.0,umidita,ambiente,raspberry_pi_4,camera
3166,_result,2,2026-07-11 08:21:08.604380+00:00,2026-07-11 11:21:08.604380+00:00,2026-07-11 11:02:22.420125+00:00,40.0,umidita,ambiente,raspberry_pi_4,camera
3167,_result,2,2026-07-11 08:21:08.604380+00:00,2026-07-11 11:21:08.604380+00:00,2026-07-11 11:02:27.689665+00:00,40.0,umidita,ambiente,raspberry_pi_4,camera
3168,_result,2,2026-07-11 08:21:08.604380+00:00,2026-07-11 11:21:08.604380+00:00,2026-07-11 11:02:32.951373+00:00,40.0,umidita,ambiente,raspberry_pi_4,camera
3169,_result,2,2026-07-11 08:21:08.604380+00:00,2026-07-11 11:21:08.604380+00:00,2026-07-11 11:02:38.220574+00:00,40.0,umidita,ambiente,raspberry_pi_4,camera
3170,_result,2,2026-07-11 08:21:08.604380+00:00,2026-07-11 11:21:08.604380+00:00,2026-07-11 11:02:43.480643+00:00,40.0,umidita,ambiente,raspberry_pi_4,camera
3171,_result,2,2026-07-11 08:21:08.604380+00:00,2026-07-11 11:21:08.604380+00:00,2026-07-11 11:02:48.750399+00:00,40.0,umidita,ambiente,raspberry_pi_4,camera
3172,_result,2,2026-07-11 08:21:08.604380+00:00,2026-07-11 11:21:08.604380+00:00,2026-07-11 11:02:54.010586+00:00,40.0,umidita,ambiente,raspberry_pi_4,camera
3173,_result,2,2026-07-11 08:21:08.604380+00:00,2026-07-11 11:21:08.604380+00:00,2026-07-11 11:02:59.281519+00:00,40.0,umidita,ambiente,raspberry_pi_4,camera
3174,_result,2,2026-07-11 08:21:08.604380+00:00,2026-07-11 11:21:08.604380+00:00,2026-07-11 11:03:04.543290+00:00,40.0,umidita,ambiente,raspberry_pi_4,camera
3175,_result,2,2026-07-11 08:21:08.604380+00:00,2026-07-11 11:21:08.604380+00:00,2026-07-11 11:03:09.813041+00:00,40.0,umidita,ambiente,raspberry_pi_4,camera
3176,_result,2,2026-07-11 08:21:08.604380+00:00,2026-07-11 11:21:08.604380+00:00,2026-07-11 11:03:15.072937+00:00,40.0,umidita,ambiente,raspberry_pi_4,camera
3177,_result,2,2026-07-11 08:21:08.604380+00:00,2026-07-11 11:21:08.604380+00:00,2026-07-11 11:03:20.342155+00:00,40.0,umidita,ambiente,raspberry_pi_4,camera
3178,_result,2,2026-07-11 08:21:08.604380+00:00,2026-07-11 11:21:08.604380+00:00,2026-07-11 11:03:25.602496+00:00,40.0,umidita,ambiente,raspberry_pi_4,camera
3179,_result,2,2026-07-11 08:21:08.604380+00:00,2026-07-11 11:21:08.604380+00:00,2026-07-11 11:03:30.873095+00:00,40.0,umidita,ambiente,raspberry_pi_4,camera
3180,_result,2,2026-07-11 08:21:08.604380+00:00,2026-07-11 11:21:08.604380+00:00,2026-07-11 11:03:36.133274+00:00,40.0,umidita,ambiente,raspberry_pi_4,camera
3181,_result,2,2026-07-11 08:21:08.604380+00:00,2026-07-11 11:21:08.604380+00:00,2026-07-11 11:03:41.402532+00:00,40.0,umidita,ambiente,raspberry_pi_4,camera
3182,_result,2,2026-07-11 08:21:08.604380+00:00,2026-07-11 11:21:08.604380+00:00,2026-07-11 11:03:46.662694+00:00,40.0,umidita,ambiente,raspberry_pi_4,camera
3183,_result,2,2026-07-11 08:21:08.604380+00:00,2026-07-11 11:21:08.604380+00:00,2026-07-11 11:03:51.932269+00:00,40.0,umidita,ambiente,raspberry_pi_4,camera
3184,_result,2,2026-07-11 08:21:08.604380+00:00,2026-07-11 11:21:08.604380+00:00,2026-07-11 11:03:57.192250+00:00,40.0,umidita,ambiente,raspberry_pi_4,camera
3185,_result,2,2026-07-11 08:21:08.604380+00:00,2026-07-11 11:21:08.604380+00:00,2026-07-11 11:04:02.463347+00:00,40.0,umidita,ambiente,raspberry_pi_4,camera
3186,_result,2,2026-07-11 08:21:08.604380+00:00,2026-07-11 11:21:08.604380+00:00,2026-07-11 11:04:07.723272+00:00,40.0,umidita,ambiente,raspberry_pi_4,camera
3187,_result,2,2026-07-11 08:21:08.604380+00:00,2026-07-11 11:21:08.604380+00:00,2026-07-11 11:04:12.992414+00:00,40.0,umidita,ambiente,raspberry_pi_4,camera
3188,_result,2,2026-07-11 08:21:08.604380+00:00,2026-07-11 11:21:08.604380+00:00,2026-07-11 11:04:18.258969+00:00,40.0,umidita,ambiente,raspberry_pi_4,camera
3189,_result,2,2026-07-11 08:21:08.604380+00:00,2026-07-11 11:21:08.604380+00:00,2026-07-11 11:04:28.782429+00:00,40.0,umidita,ambiente,raspberry_pi_4,camera
3190,_result,2,2026-07-11 08:21:08.604380+00:00,2026-07-11 11:21:08.604380+00:00,2026-07-11 11:04:34.053234+00:00,41.0,umidita,ambiente,raspberry_pi_4,camera
3191,_result,2,2026-07-11 08:21:08.604380+00:00,2026-07-11 11:21:08.604380+00:00,2026-07-11 11:04:39.313424+00:00,40.0,umidita,ambiente,raspberry_pi_4,camera
3192,_result,2,2026-07-11 08:21:08.604380+00:00,2026-07-11 11:21:08.604380+00:00,2026-07-11 11:04:44.582595+00:00,40.0,umidita,ambiente,raspberry_pi_4,camera
3193,_result,2,2026-07-11 08:21:08.604380+00:00,2026-07-11 11:21:08.604380+00:00,2026-07-11 11:04:49.842911+00:00,40.0,umidita,ambiente,raspberry_pi_4,camera
3194,_result,2,2026-07-11 08:21:08.604380+00:00,2026-07-11 11:21:08.604380+00:00,2026-07-11 11:04:55.113680+00:00,40.0,umidita,ambiente,raspberry_pi_4,camera
3195,_result,2,2026-07-11 08:21:08.604380+00:00,2026-07-11 11:21:08.604380+00:00,2026-07-11 11:05:00.375316+00:00,40.0,umidita,ambiente,raspberry_pi_4,camera
3196,_result,2,2026-07-11 08:21:08.604380+00:00,2026-07-11 11:21:08.604380+00:00,2026-07-11 11:05:05.644898+00:00,40.0,umidita,ambiente,raspberry_pi_4,camera
3197,_result,2,2026-07-11 08:21:08.604380+00:00,2026-07-11 11:21:08.604380+00:00,2026-07-11 11:05:16.168912+00:00,40.0,umidita,ambiente,raspberry_pi_4,camera
3198,_result,2,2026-07-11 08:21:08.604380+00:00,2026-07-11 11:21:08.604380+00:00,2026-07-11 11:05:21.428837+00:00,40.0,umidita,ambiente,raspberry_pi_4,camera
3199,_result,2,2026-07-11 08:21:08.604380+00:00,2026-07-11 11:21:08.604380+00:00,2026-07-11 11:05:26.698868+00:00,40.0,umidita,ambiente,raspberry_pi_4,camera
3200,_result,2,2026-07-11 08:21:08.604380+00:00,2026-07-11 11:21:08.604380+00:00,2026-07-11 11:05:37.224932+00:00,40.0,umidita,ambiente,raspberry_pi_4,camera
3201,_result,2,2026-07-11 08:21:08.604380+00:00,2026-07-11 11:21:08.604380+00:00,2026-07-11 11:05:42.484902+00:00,40.0,umidita,ambiente,raspberry_pi_4,camera
3202,_result,2,2026-07-11 08:21:08.604380+00:00,2026-07-11 11:21:08.604380+00:00,2026-07-11 11:05:47.754599+00:00,40.0,umidita,ambiente,raspberry_pi_4,camera
3203,_result,2,2026-07-11 08:21:08.604380+00:00,2026-07-11 11:21:08.604380+00:00,2026-07-11 11:05:53.014940+00:00,40.0,umidita,ambiente,raspberry_pi_4,camera
3204,_result,2,2026-07-11 08:21:08.604380+00:00,2026-07-11 11:21:08.604380+00:00,2026-07-11 11:05:58.284448+00:00,41.0,umidita,ambiente,raspberry_pi_4,camera
3205,_result,2,2026-07-11 08:21:08.604380+00:00,2026-07-11 11:21:08.604380+00:00,2026-07-11 11:06:03.546319+00:00,40.0,umidita,ambiente,raspberry_pi_4,camera
3206,_result,2,2026-07-11 08:21:08.604380+00:00,2026-07-11 11:21:08.604380+00:00,2026-07-11 11:06:08.816146+00:00,40.0,umidita,ambiente,raspberry_pi_4,camera
3207,_result,2,2026-07-11 08:21:08.604380+00:00,2026-07-11 11:21:08.604380+00:00,2026-07-11 11:06:14.076223+00:00,40.0,umidita,ambiente,raspberry_pi_4,camera
3208,_result,2,2026-07-11 08:21:08.604380+00:00,2026-07-11 11:21:08.604380+00:00,2026-07-11 11:06:19.346087+00:00,40.0,umidita,ambiente,raspberry_pi_4,camera
3209,_result,2,2026-07-11 08:21:08.604380+00:00,2026-07-11 11:21:08.604380+00:00,2026-07-11 11:06:24.606148+00:00,40.0,umidita,ambiente,raspberry_pi_4,camera
3210,_result,2,2026-07-11 08:21:08.604380+00:00,2026-07-11 11:21:08.604380+00:00,2026-07-11 11:06:29.877443+00:00,40.0,umidita,ambiente,raspberry_pi_4,camera
3211,_result,2,2026-07-11 08:21:08.604380+00:00,2026-07-11 11:21:08.604380+00:00,2026-07-11 11:06:35.137439+00:00,40.0,umidita,ambiente,raspberry_pi_4,camera
3212,_result,2,2026-07-11 08:21:08.604380+00:00,2026-07-11 11:21:08.604380+00:00,2026-07-11 11:06:40.407456+00:00,40.0,umidita,ambiente,raspberry_pi_4,camera
3213,_result,2,2026-07-11 08:21:08.604380+00:00,2026-07-11 11:21:08.604380+00:00,2026-07-11 11:06:45.667415+00:00,40.0,umidita,ambiente,raspberry_pi_4,camera
3214,_result,2,2026-07-11 08:21:08.604380+00:00,2026-07-11 11:21:08.604380+00:00,2026-07-11 11:06:50.937147+00:00,40.0,umidita,ambiente,raspberry_pi_4,camera
3215,_result,2,2026-07-11 08:21:08.604380+00:00,2026-07-11 11:21:08.604380+00:00,2026-07-11 11:06:56.198140+00:00,40.0,umidita,ambiente,raspberry_pi_4,camera
3216,_result,2,2026-07-11 08:21:08.604380+00:00,2026-07-11 11:21:08.604380+00:00,2026-07-11 11:07:06.723314+00:00,40.0,umidita,ambiente,raspberry_pi_4,camera
3217,_result,2,2026-07-11 08:21:08.604380+00:00,2026-07-11 11:21:08.604380+00:00,2026-07-11 11:07:11.992878+00:00,40.0,umidita,ambiente,raspberry_pi_4,camera
3218,_result,2,2026-07-11 08:21:08.604380+00:00,2026-07-11 11:21:08.604380+00:00,2026-07-11 11:07:17.254595+00:00,40.0,umidita,ambiente,raspberry_pi_4,camera
3219,_result,2,2026-07-11 08:21:08.604380+00:00,2026-07-11 11:21:08.604380+00:00,2026-07-11 11:07:22.524243+00:00,40.0,umidita,ambiente,raspberry_pi_4,camera
3220,_result,2,2026-07-11 08:21:08.604380+00:00,2026-07-11 11:21:08.604380+00:00,2026-07-11 11:07:27.802416+00:00,40.0,umidita,ambiente,raspberry_pi_4,camera
3221,_result,2,2026-07-11 08:21:08.604380+00:00,2026-07-11 11:21:08.604380+00:00,2026-07-11 11:07:33.081890+00:00,40.0,umidita,ambiente,raspberry_pi_4,camera
3222,_result,2,2026-07-11 08:21:08.604380+00:00,2026-07-11 11:21:08.604380+00:00,2026-07-11 11:07:38.342541+00:00,40.0,umidita,ambiente,raspberry_pi_4,camera
3223,_result,2,2026-07-11 08:21:08.604380+00:00,2026-07-11 11:21:08.604380+00:00,2026-07-11 11:07:43.612551+00:00,40.0,umidita,ambiente,raspberry_pi_4,camera
3224,_result,2,2026-07-11 08:21:08.604380+00:00,2026-07-11 11:21:08.604380+00:00,2026-07-11 11:07:48.874037+00:00,40.0,umidita,ambiente,raspberry_pi_4,camera
3225,_result,2,2026-07-11 08:21:08.604380+00:00,2026-07-11 11:21:08.604380+00:00,2026-07-11 11:07:54.144023+00:00,40.0,umidita,ambiente,raspberry_pi_4,camera
3226,_result,2,2026-07-11 08:21:08.604380+00:00,2026-07-11 11:21:08.604380+00:00,2026-07-11 11:07:59.404222+00:00,40.0,umidita,ambiente,raspberry_pi_4,camera
3227,_result,2,2026-07-11 08:21:08.604380+00:00,2026-07-11 11:21:08.604380+00:00,2026-07-11 11:08:04.676705+00:00,40.0,umidita,ambiente,raspberry_pi_4,camera
3228,_result,2,2026-07-11 08:21:08.604380+00:00,2026-07-11 11:21:08.604380+00:00,2026-07-11 11:08:09.937236+00:00,40.0,umidita,ambiente,raspberry_pi_4,camera
3229,_result,2,2026-07-11 08:21:08.604380+00:00,2026-07-11 11:21:08.604380+00:00,2026-07-11 11:08:15.207171+00:00,40.0,umidita,ambiente,raspberry_pi_4,camera
3230,_result,2,2026-07-11 08:21:08.604380+00:00,2026-07-11 11:21:08.604380+00:00,2026-07-11 11:08:20.467398+00:00,40.0,umidita,ambiente,raspberry_pi_4,camera
3231,_result,2,2026-07-11 08:21:08.604380+00:00,2026-07-11 11:21:08.604380+00:00,2026-07-11 11:08:25.737024+00:00,40.0,umidita,ambiente,raspberry_pi_4,camera
3232,_result,2,2026-07-11 08:21:08.604380+00:00,2026-07-11 11:21:08.604380+00:00,2026-07-11 11:08:30.998864+00:00,40.0,umidita,ambiente,raspberry_pi_4,camera
3233,_result,2,2026-07-11 08:21:08.604380+00:00,2026-07-11 11:21:08.604380+00:00,2026-07-11 11:08:36.268799+00:00,40.0,umidita,ambiente,raspberry_pi_4,camera
3234,_result,2,2026-07-11 08:21:08.604380+00:00,2026-07-11 11:21:08.604380+00:00,2026-07-11 11:08:41.528799+00:00,40.0,umidita,ambiente,raspberry_pi_4,camera
3235,_result,2,2026-07-11 08:21:08.604380+00:00,2026-07-11 11:21:08.604380+00:00,2026-07-11 11:08:46.799236+00:00,40.0,umidita,ambiente,raspberry_pi_4,camera
3236,_result,2,2026-07-11 08:21:08.604380+00:00,2026-07-11 11:21:08.604380+00:00,2026-07-11 11:08:52.059450+00:00,40.0,umidita,ambiente,raspberry_pi_4,camera
3237,_result,2,2026-07-11 08:21:08.604380+00:00,2026-07-11 11:21:08.604380+00:00,2026-07-11 11:08:57.329143+00:00,40.0,umidita,ambiente,raspberry_pi_4,camera
3238,_result,2,2026-07-11 08:21:08.604380+00:00,2026-07-11 11:21:08.604380+00:00,2026-07-11 11:09:02.590891+00:00,40.0,umidita,ambiente,raspberry_pi_4,camera
3239,_result,2,2026-07-11 08:21:08.604380+00:00,2026-07-11 11:21:08.604380+00:00,2026-07-11 11:09:13.114369+00:00,40.0,umidita,ambiente,raspberry_pi_4,camera
3240,_result,2,2026-07-11 08:21:08.604380+00:00,2026-07-11 11:21:08.604380+00:00,2026-07-11 11:09:18.392942+00:00,40.0,umidita,ambiente,raspberry_pi_4,camera
3241,_result,2,2026-07-11 08:21:08.604380+00:00,2026-07-11 11:21:08.604380+00:00,2026-07-11 11:20:32.499020+00:00,40.0,umidita,ambiente,raspberry_pi_4,camera
3242,_result,2,2026-07-11 08:21:08.604380+00:00,2026-07-11 11:21:08.604380+00:00,2026-07-11 11:20:37.814111+00:00,40.0,umidita,ambiente,raspberry_pi_4,camera
3243,_result,2,2026-07-11 08:21:08.604380+00:00,2026-07-11 11:21:08.604380+00:00,2026-07-11 11:20:53.662899+00:00,40.0,umidita,ambiente,raspberry_pi_4,camera
3244,_result,2,2026-07-11 08:21:08.604380+00:00,2026-07-11 11:21:08.604380+00:00,2026-07-11 11:20:58.956123+00:00,40.0,umidita,ambiente,raspberry_pi_4,camera
3245,_result,2,2026-07-11 08:21:08.604380+00:00,2026-07-11 11:21:08.604380+00:00,2026-07-11 11:21:04.357177+00:00,40.0,umidita,ambiente,raspberry_pi_4,camera
