,result,table,_start,_stop,_time,_value,_field,_measurement,host,stanza
0,_result,0,2026-07-18 06:09:33.442244+00:00,2026-07-18 09:09:33.442244+00:00,2026-07-18 08:19:14.559159+00:00,34.8,percepita,ambiente,raspberry_pi_4,camera
1,_result,0,2026-07-18 06:09:33.442244+00:00,2026-07-18 09:09:33.442244+00:00,2026-07-18 08:19:19.864254+00:00,34.8,percepita,ambiente,raspberry_pi_4,camera
2,_result,0,2026-07-18 06:09:33.442244+00:00,2026-07-18 09:09:33.442244+00:00,2026-07-18 08:19:25.154050+00:00,34.8,percepita,ambiente,raspberry_pi_4,camera
3,_result,0,2026-07-18 06:09:33.442244+00:00,2026-07-18 09:09:33.442244+00:00,2026-07-18 08:19:35.711332+00:00,34.6,percepita,ambiente,raspberry_pi_4,camera
4,_result,0,2026-07-18 06:09:33.442244+00:00,2026-07-18 09:09:33.442244+00:00,2026-07-18 08:19:40.980813+00:00,34.6,percepita,ambiente,raspberry_pi_4,camera
5,_result,0,2026-07-18 06:09:33.442244+00:00,2026-07-18 09:09:33.442244+00:00,2026-07-18 08:19:46.252227+00:00,34.6,percepita,ambiente,raspberry_pi_4,camera
6,_result,0,2026-07-18 06:09:33.442244+00:00,2026-07-18 09:09:33.442244+00:00,2026-07-18 08:19:51.515667+00:00,34.6,percepita,ambiente,raspberry_pi_4,camera
7,_result,0,2026-07-18 06:09:33.442244+00:00,2026-07-18 09:09:33.442244+00:00,2026-07-18 08:19:56.787080+00:00,34.6,percepita,ambiente,raspberry_pi_4,camera
8,_result,0,2026-07-18 06:09:33.442244+00:00,2026-07-18 09:09:33.442244+00:00,2026-07-18 08:20:03.798800+00:00,34.6,percepita,ambiente,raspberry_pi_4,camera
9,_result,0,2026-07-18 06:09:33.442244+00:00,2026-07-18 09:09:33.442244+00:00,2026-07-18 08:20:09.058949+00:00,34.6,percepita,ambiente,raspberry_pi_4,camera
10,_result,0,2026-07-18 06:09:33.442244+00:00,2026-07-18 09:09:33.442244+00:00,2026-07-18 08:20:14.937455+00:00,34.6,percepita,ambiente,raspberry_pi_4,camera
11,_result,0,2026-07-18 06:09:33.442244+00:00,2026-07-18 09:09:33.442244+00:00,2026-07-18 08:20:20.198328+00:00,34.6,percepita,ambiente,raspberry_pi_4,camera
12,_result,0,2026-07-18 06:09:33.442244+00:00,2026-07-18 09:09:33.442244+00:00,2026-07-18 08:20:25.468816+00:00,34.6,percepita,ambiente,raspberry_pi_4,camera
13,_result,0,2026-07-18 06:09:33.442244+00:00,2026-07-18 09:09:33.442244+00:00,2026-07-18 08:20:30.729055+00:00,34.7,percepita,ambiente,raspberry_pi_4,camera
14,_result,0,2026-07-18 06:09:33.442244+00:00,2026-07-18 09:09:33.442244+00:00,2026-07-18 08:20:36.000479+00:00,34.6,percepita,ambiente,raspberry_pi_4,camera
15,_result,0,2026-07-18 06:09:33.442244+00:00,2026-07-18 09:09:33.442244+00:00,2026-07-18 08:20:41.260832+00:00,34.8,percepita,ambiente,raspberry_pi_4,camera
16,_result,0,2026-07-18 06:09:33.442244+00:00,2026-07-18 09:09:33.442244+00:00,2026-07-18 08:20:46.531043+00:00,35.0,percepita,ambiente,raspberry_pi_4,camera
17,_result,0,2026-07-18 06:09:33.442244+00:00,2026-07-18 09:09:33.442244+00:00,2026-07-18 08:20:51.792027+00:00,35.0,percepita,ambiente,raspberry_pi_4,camera
18,_result,0,2026-07-18 06:09:33.442244+00:00,2026-07-18 09:09:33.442244+00:00,2026-07-18 08:20:57.062230+00:00,35.0,percepita,ambiente,raspberry_pi_4,camera
19,_result,0,2026-07-18 06:09:33.442244+00:00,2026-07-18 09:09:33.442244+00:00,2026-07-18 08:21:07.587227+00:00,35.0,percepita,ambiente,raspberry_pi_4,camera
20,_result,0,2026-07-18 06:09:33.442244+00:00,2026-07-18 09:09:33.442244+00:00,2026-07-18 08:21:12.847290+00:00,35.0,percepita,ambiente,raspberry_pi_4,camera
21,_result,0,2026-07-18 06:09:33.442244+00:00,2026-07-18 09:09:33.442244+00:00,2026-07-18 08:21:18.117417+00:00,35.0,percepita,ambiente,raspberry_pi_4,camera
22,_result,0,2026-07-18 06:09:33.442244+00:00,2026-07-18 09:09:33.442244+00:00,2026-07-18 08:21:23.377528+00:00,35.0,percepita,ambiente,raspberry_pi_4,camera
23,_result,0,2026-07-18 06:09:33.442244+00:00,2026-07-18 09:09:33.442244+00:00,2026-07-18 08:21:28.647193+00:00,35.0,percepita,ambiente,raspberry_pi_4,camera
24,_result,0,2026-07-18 06:09:33.442244+00:00,2026-07-18 09:09:33.442244+00:00,2026-07-18 08:21:33.907788+00:00,35.0,percepita,ambiente,raspberry_pi_4,camera
25,_result,0,2026-07-18 06:09:33.442244+00:00,2026-07-18 09:09:33.442244+00:00,2026-07-18 08:21:39.178920+00:00,35.0,percepita,ambiente,raspberry_pi_4,camera
26,_result,0,2026-07-18 06:09:33.442244+00:00,2026-07-18 09:09:33.442244+00:00,2026-07-18 08:21:44.439350+00:00,35.0,percepita,ambiente,raspberry_pi_4,camera
27,_result,0,2026-07-18 06:09:33.442244+00:00,2026-07-18 09:09:33.442244+00:00,2026-07-18 08:21:49.709099+00:00,35.0,percepita,ambiente,raspberry_pi_4,camera
28,_result,0,2026-07-18 06:09:33.442244+00:00,2026-07-18 09:09:33.442244+00:00,2026-07-18 08:21:54.969272+00:00,35.0,percepita,ambiente,raspberry_pi_4,camera
29,_result,0,2026-07-18 06:09:33.442244+00:00,2026-07-18 09:09:33.442244+00:00,2026-07-18 08:22:00.239231+00:00,35.0,percepita,ambiente,raspberry_pi_4,camera
30,_result,0,2026-07-18 06:09:33.442244+00:00,2026-07-18 09:09:33.442244+00:00,2026-07-18 08:22:05.501773+00:00,35.0,percepita,ambiente,raspberry_pi_4,camera
31,_result,0,2026-07-18 06:09:33.442244+00:00,2026-07-18 09:09:33.442244+00:00,2026-07-18 08:22:10.771218+00:00,35.0,percepita,ambiente,raspberry_pi_4,camera
32,_result,0,2026-07-18 06:09:33.442244+00:00,2026-07-18 09:09:33.442244+00:00,2026-07-18 08:22:16.031739+00:00,35.0,percepita,ambiente,raspberry_pi_4,camera
33,_result,0,2026-07-18 06:09:33.442244+00:00,2026-07-18 09:09:33.442244+00:00,2026-07-18 08:22:21.301611+00:00,35.0,percepita,ambiente,raspberry_pi_4,camera
34,_result,0,2026-07-18 06:09:33.442244+00:00,2026-07-18 09:09:33.442244+00:00,2026-07-18 08:22:26.561739+00:00,35.0,percepita,ambiente,raspberry_pi_4,camera
35,_result,0,2026-07-18 06:09:33.442244+00:00,2026-07-18 09:09:33.442244+00:00,2026-07-18 08:22:31.832977+00:00,35.0,percepita,ambiente,raspberry_pi_4,camera
36,_result,0,2026-07-18 06:09:33.442244+00:00,2026-07-18 09:09:33.442244+00:00,2026-07-18 08:22:37.093378+00:00,35.0,percepita,ambiente,raspberry_pi_4,camera
37,_result,0,2026-07-18 06:09:33.442244+00:00,2026-07-18 09:09:33.442244+00:00,2026-07-18 08:22:42.363316+00:00,35.0,percepita,ambiente,raspberry_pi_4,camera
38,_result,0,2026-07-18 06:09:33.442244+00:00,2026-07-18 09:09:33.442244+00:00,2026-07-18 08:22:47.623405+00:00,35.0,percepita,ambiente,raspberry_pi_4,camera
39,_result,0,2026-07-18 06:09:33.442244+00:00,2026-07-18 09:09:33.442244+00:00,2026-07-18 08:22:52.892986+00:00,35.0,percepita,ambiente,raspberry_pi_4,camera
40,_result,0,2026-07-18 06:09:33.442244+00:00,2026-07-18 09:09:33.442244+00:00,2026-07-18 08:23:03.419628+00:00,35.0,percepita,ambiente,raspberry_pi_4,camera
41,_result,0,2026-07-18 06:09:33.442244+00:00,2026-07-18 09:09:33.442244+00:00,2026-07-18 08:23:08.679760+00:00,35.0,percepita,ambiente,raspberry_pi_4,camera
42,_result,0,2026-07-18 06:09:33.442244+00:00,2026-07-18 09:09:33.442244+00:00,2026-07-18 08:23:13.949270+00:00,35.0,percepita,ambiente,raspberry_pi_4,camera
43,_result,0,2026-07-18 06:09:33.442244+00:00,2026-07-18 09:09:33.442244+00:00,2026-07-18 08:23:19.209735+00:00,35.0,percepita,ambiente,raspberry_pi_4,camera
44,_result,0,2026-07-18 06:09:33.442244+00:00,2026-07-18 09:09:33.442244+00:00,2026-07-18 08:23:24.479308+00:00,35.0,percepita,ambiente,raspberry_pi_4,camera
45,_result,0,2026-07-18 06:09:33.442244+00:00,2026-07-18 09:09:33.442244+00:00,2026-07-18 08:23:29.739385+00:00,35.0,percepita,ambiente,raspberry_pi_4,camera
46,_result,0,2026-07-18 06:09:33.442244+00:00,2026-07-18 09:09:33.442244+00:00,2026-07-18 08:23:35.010259+00:00,35.0,percepita,ambiente,raspberry_pi_4,camera
47,_result,0,2026-07-18 06:09:33.442244+00:00,2026-07-18 09:09:33.442244+00:00,2026-07-18 08:23:40.270545+00:00,35.0,percepita,ambiente,raspberry_pi_4,camera
48,_result,0,2026-07-18 06:09:33.442244+00:00,2026-07-18 09:09:33.442244+00:00,2026-07-18 08:23:45.540408+00:00,35.0,percepita,ambiente,raspberry_pi_4,camera
49,_result,0,2026-07-18 06:09:33.442244+00:00,2026-07-18 09:09:33.442244+00:00,2026-07-18 08:23:50.800831+00:00,35.0,percepita,ambiente,raspberry_pi_4,camera
50,_result,0,2026-07-18 06:09:33.442244+00:00,2026-07-18 09:09:33.442244+00:00,2026-07-18 08:23:56.070989+00:00,35.0,percepita,ambiente,raspberry_pi_4,camera
51,_result,0,2026-07-18 06:09:33.442244+00:00,2026-07-18 09:09:33.442244+00:00,2026-07-18 08:24:01.331113+00:00,35.0,percepita,ambiente,raspberry_pi_4,camera
52,_result,0,2026-07-18 06:09:33.442244+00:00,2026-07-18 09:09:33.442244+00:00,2026-07-18 08:24:06.602311+00:00,35.0,percepita,ambiente,raspberry_pi_4,camera
53,_result,0,2026-07-18 06:09:33.442244+00:00,2026-07-18 09:09:33.442244+00:00,2026-07-18 08:24:11.862341+00:00,35.0,percepita,ambiente,raspberry_pi_4,camera
54,_result,0,2026-07-18 06:09:33.442244+00:00,2026-07-18 09:09:33.442244+00:00,2026-07-18 08:24:17.131903+00:00,35.0,percepita,ambiente,raspberry_pi_4,camera
55,_result,0,2026-07-18 06:09:33.442244+00:00,2026-07-18 09:09:33.442244+00:00,2026-07-18 08:24:22.392311+00:00,35.0,percepita,ambiente,raspberry_pi_4,camera
56,_result,0,2026-07-18 06:09:33.442244+00:00,2026-07-18 09:09:33.442244+00:00,2026-07-18 08:24:32.915888+00:00,35.0,percepita,ambiente,raspberry_pi_4,camera
57,_result,0,2026-07-18 06:09:33.442244+00:00,2026-07-18 09:09:33.442244+00:00,2026-07-18 08:24:38.187013+00:00,35.2,percepita,ambiente,raspberry_pi_4,camera
58,_result,0,2026-07-18 06:09:33.442244+00:00,2026-07-18 09:09:33.442244+00:00,2026-07-18 08:24:43.447313+00:00,35.2,percepita,ambiente,raspberry_pi_4,camera
59,_result,0,2026-07-18 06:09:33.442244+00:00,2026-07-18 09:09:33.442244+00:00,2026-07-18 08:24:48.716744+00:00,35.2,percepita,ambiente,raspberry_pi_4,camera
60,_result,0,2026-07-18 06:09:33.442244+00:00,2026-07-18 09:09:33.442244+00:00,2026-07-18 08:24:53.976862+00:00,35.0,percepita,ambiente,raspberry_pi_4,camera
61,_result,0,2026-07-18 06:09:33.442244+00:00,2026-07-18 09:09:33.442244+00:00,2026-07-18 08:24:59.247884+00:00,35.0,percepita,ambiente,raspberry_pi_4,camera
62,_result,0,2026-07-18 06:09:33.442244+00:00,2026-07-18 09:09:33.442244+00:00,2026-07-18 08:25:04.508328+00:00,35.2,percepita,ambiente,raspberry_pi_4,camera
63,_result,0,2026-07-18 06:09:33.442244+00:00,2026-07-18 09:09:33.442244+00:00,2026-07-18 08:25:09.781487+00:00,35.2,percepita,ambiente,raspberry_pi_4,camera
64,_result,0,2026-07-18 06:09:33.442244+00:00,2026-07-18 09:09:33.442244+00:00,2026-07-18 08:25:15.041548+00:00,35.2,percepita,ambiente,raspberry_pi_4,camera
65,_result,0,2026-07-18 06:09:33.442244+00:00,2026-07-18 09:09:33.442244+00:00,2026-07-18 08:25:20.311618+00:00,35.2,percepita,ambiente,raspberry_pi_4,camera
66,_result,0,2026-07-18 06:09:33.442244+00:00,2026-07-18 09:09:33.442244+00:00,2026-07-18 08:25:25.571769+00:00,35.2,percepita,ambiente,raspberry_pi_4,camera
67,_result,0,2026-07-18 06:09:33.442244+00:00,2026-07-18 09:09:33.442244+00:00,2026-07-18 08:25:30.841671+00:00,35.2,percepita,ambiente,raspberry_pi_4,camera
68,_result,0,2026-07-18 06:09:33.442244+00:00,2026-07-18 09:09:33.442244+00:00,2026-07-18 08:25:36.103654+00:00,35.2,percepita,ambiente,raspberry_pi_4,camera
69,_result,0,2026-07-18 06:09:33.442244+00:00,2026-07-18 09:09:33.442244+00:00,2026-07-18 08:25:41.373531+00:00,35.5,percepita,ambiente,raspberry_pi_4,camera
70,_result,0,2026-07-18 06:09:33.442244+00:00,2026-07-18 09:09:33.442244+00:00,2026-07-18 08:25:46.633547+00:00,35.5,percepita,ambiente,raspberry_pi_4,camera
71,_result,0,2026-07-18 06:09:33.442244+00:00,2026-07-18 09:09:33.442244+00:00,2026-07-18 08:25:51.905248+00:00,35.2,percepita,ambiente,raspberry_pi_4,camera
72,_result,0,2026-07-18 06:09:33.442244+00:00,2026-07-18 09:09:33.442244+00:00,2026-07-18 08:25:57.165413+00:00,35.2,percepita,ambiente,raspberry_pi_4,camera
73,_result,0,2026-07-18 06:09:33.442244+00:00,2026-07-18 09:09:33.442244+00:00,2026-07-18 08:26:02.436785+00:00,35.2,percepita,ambiente,raspberry_pi_4,camera
74,_result,0,2026-07-18 06:09:33.442244+00:00,2026-07-18 09:09:33.442244+00:00,2026-07-18 08:26:07.697108+00:00,35.0,percepita,ambiente,raspberry_pi_4,camera
75,_result,0,2026-07-18 06:09:33.442244+00:00,2026-07-18 09:09:33.442244+00:00,2026-07-18 08:26:12.967228+00:00,35.0,percepita,ambiente,raspberry_pi_4,camera
76,_result,0,2026-07-18 06:09:33.442244+00:00,2026-07-18 09:09:33.442244+00:00,2026-07-18 08:26:18.227384+00:00,35.2,percepita,ambiente,raspberry_pi_4,camera
77,_result,0,2026-07-18 06:09:33.442244+00:00,2026-07-18 09:09:33.442244+00:00,2026-07-18 08:26:23.497512+00:00,35.2,percepita,ambiente,raspberry_pi_4,camera
78,_result,0,2026-07-18 06:09:33.442244+00:00,2026-07-18 09:09:33.442244+00:00,2026-07-18 08:26:34.022838+00:00,35.2,percepita,ambiente,raspberry_pi_4,camera
79,_result,0,2026-07-18 06:09:33.442244+00:00,2026-07-18 09:09:33.442244+00:00,2026-07-18 08:26:39.283228+00:00,35.0,percepita,ambiente,raspberry_pi_4,camera
80,_result,0,2026-07-18 06:09:33.442244+00:00,2026-07-18 09:09:33.442244+00:00,2026-07-18 08:26:44.552960+00:00,35.0,percepita,ambiente,raspberry_pi_4,camera
81,_result,0,2026-07-18 06:09:33.442244+00:00,2026-07-18 09:09:33.442244+00:00,2026-07-18 08:26:55.077886+00:00,35.0,percepita,ambiente,raspberry_pi_4,camera
82,_result,0,2026-07-18 06:09:33.442244+00:00,2026-07-18 09:09:33.442244+00:00,2026-07-18 08:27:00.338017+00:00,35.0,percepita,ambiente,raspberry_pi_4,camera
83,_result,0,2026-07-18 06:09:33.442244+00:00,2026-07-18 09:09:33.442244+00:00,2026-07-18 08:27:05.609419+00:00,35.0,percepita,ambiente,raspberry_pi_4,camera
84,_result,0,2026-07-18 06:09:33.442244+00:00,2026-07-18 09:09:33.442244+00:00,2026-07-18 08:27:10.869531+00:00,35.0,percepita,ambiente,raspberry_pi_4,camera
85,_result,0,2026-07-18 06:09:33.442244+00:00,2026-07-18 09:09:33.442244+00:00,2026-07-18 08:27:16.139029+00:00,35.0,percepita,ambiente,raspberry_pi_4,camera
86,_result,0,2026-07-18 06:09:33.442244+00:00,2026-07-18 09:09:33.442244+00:00,2026-07-18 08:27:21.399251+00:00,35.0,percepita,ambiente,raspberry_pi_4,camera
87,_result,0,2026-07-18 06:09:33.442244+00:00,2026-07-18 09:09:33.442244+00:00,2026-07-18 08:27:26.669001+00:00,35.0,percepita,ambiente,raspberry_pi_4,camera
88,_result,0,2026-07-18 06:09:33.442244+00:00,2026-07-18 09:09:33.442244+00:00,2026-07-18 08:27:31.929049+00:00,35.0,percepita,ambiente,raspberry_pi_4,camera
89,_result,0,2026-07-18 06:09:33.442244+00:00,2026-07-18 09:09:33.442244+00:00,2026-07-18 08:27:37.200131+00:00,35.0,percepita,ambiente,raspberry_pi_4,camera
90,_result,0,2026-07-18 06:09:33.442244+00:00,2026-07-18 09:09:33.442244+00:00,2026-07-18 08:27:42.460154+00:00,35.0,percepita,ambiente,raspberry_pi_4,camera
91,_result,0,2026-07-18 06:09:33.442244+00:00,2026-07-18 09:09:33.442244+00:00,2026-07-18 08:27:47.730764+00:00,35.0,percepita,ambiente,raspberry_pi_4,camera
92,_result,0,2026-07-18 06:09:33.442244+00:00,2026-07-18 09:09:33.442244+00:00,2026-07-18 08:27:52.990762+00:00,35.0,percepita,ambiente,raspberry_pi_4,camera
93,_result,0,2026-07-18 06:09:33.442244+00:00,2026-07-18 09:09:33.442244+00:00,2026-07-18 08:27:58.260444+00:00,35.0,percepita,ambiente,raspberry_pi_4,camera
94,_result,0,2026-07-18 06:09:33.442244+00:00,2026-07-18 09:09:33.442244+00:00,2026-07-18 08:28:03.520724+00:00,35.0,percepita,ambiente,raspberry_pi_4,camera
95,_result,0,2026-07-18 06:09:33.442244+00:00,2026-07-18 09:09:33.442244+00:00,2026-07-18 08:28:08.791827+00:00,34.7,percepita,ambiente,raspberry_pi_4,camera
96,_result,0,2026-07-18 06:09:33.442244+00:00,2026-07-18 09:09:33.442244+00:00,2026-07-18 08:28:14.051969+00:00,34.7,percepita,ambiente,raspberry_pi_4,camera
97,_result,0,2026-07-18 06:09:33.442244+00:00,2026-07-18 09:09:33.442244+00:00,2026-07-18 08:28:19.321770+00:00,35.0,percepita,ambiente,raspberry_pi_4,camera
98,_result,0,2026-07-18 06:09:33.442244+00:00,2026-07-18 09:09:33.442244+00:00,2026-07-18 08:28:24.581767+00:00,35.0,percepita,ambiente,raspberry_pi_4,camera
99,_result,0,2026-07-18 06:09:33.442244+00:00,2026-07-18 09:09:33.442244+00:00,2026-07-18 08:28:29.851694+00:00,35.0,percepita,ambiente,raspberry_pi_4,camera
100,_result,0,2026-07-18 06:09:33.442244+00:00,2026-07-18 09:09:33.442244+00:00,2026-07-18 08:28:35.113403+00:00,35.0,percepita,ambiente,raspberry_pi_4,camera
101,_result,0,2026-07-18 06:09:33.442244+00:00,2026-07-18 09:09:33.442244+00:00,2026-07-18 08:28:40.383689+00:00,35.0,percepita,ambiente,raspberry_pi_4,camera
102,_result,0,2026-07-18 06:09:33.442244+00:00,2026-07-18 09:09:33.442244+00:00,2026-07-18 08:28:45.643489+00:00,35.0,percepita,ambiente,raspberry_pi_4,camera
103,_result,0,2026-07-18 06:09:33.442244+00:00,2026-07-18 09:09:33.442244+00:00,2026-07-18 08:28:50.913193+00:00,35.0,percepita,ambiente,raspberry_pi_4,camera
104,_result,0,2026-07-18 06:09:33.442244+00:00,2026-07-18 09:09:33.442244+00:00,2026-07-18 08:28:56.173204+00:00,35.0,percepita,ambiente,raspberry_pi_4,camera
105,_result,0,2026-07-18 06:09:33.442244+00:00,2026-07-18 09:09:33.442244+00:00,2026-07-18 08:29:01.446431+00:00,35.0,percepita,ambiente,raspberry_pi_4,camera
106,_result,0,2026-07-18 06:09:33.442244+00:00,2026-07-18 09:09:33.442244+00:00,2026-07-18 08:29:06.708140+00:00,35.0,percepita,ambiente,raspberry_pi_4,camera
107,_result,0,2026-07-18 06:09:33.442244+00:00,2026-07-18 09:09:33.442244+00:00,2026-07-18 08:29:11.977867+00:00,35.0,percepita,ambiente,raspberry_pi_4,camera
108,_result,0,2026-07-18 06:09:33.442244+00:00,2026-07-18 09:09:33.442244+00:00,2026-07-18 08:29:22.503042+00:00,35.0,percepita,ambiente,raspberry_pi_4,camera
109,_result,0,2026-07-18 06:09:33.442244+00:00,2026-07-18 09:09:33.442244+00:00,2026-07-18 08:29:27.763111+00:00,35.0,percepita,ambiente,raspberry_pi_4,camera
110,_result,0,2026-07-18 06:09:33.442244+00:00,2026-07-18 09:09:33.442244+00:00,2026-07-18 08:29:33.033899+00:00,35.0,percepita,ambiente,raspberry_pi_4,camera
111,_result,0,2026-07-18 06:09:33.442244+00:00,2026-07-18 09:09:33.442244+00:00,2026-07-18 08:29:38.294052+00:00,34.7,percepita,ambiente,raspberry_pi_4,camera
112,_result,0,2026-07-18 06:09:33.442244+00:00,2026-07-18 09:09:33.442244+00:00,2026-07-18 08:29:43.563950+00:00,34.7,percepita,ambiente,raspberry_pi_4,camera
113,_result,0,2026-07-18 06:09:33.442244+00:00,2026-07-18 09:09:33.442244+00:00,2026-07-18 08:29:48.824085+00:00,34.7,percepita,ambiente,raspberry_pi_4,camera
114,_result,0,2026-07-18 06:09:33.442244+00:00,2026-07-18 09:09:33.442244+00:00,2026-07-18 08:29:54.093884+00:00,34.7,percepita,ambiente,raspberry_pi_4,camera
115,_result,0,2026-07-18 06:09:33.442244+00:00,2026-07-18 09:09:33.442244+00:00,2026-07-18 08:29:59.354225+00:00,35.0,percepita,ambiente,raspberry_pi_4,camera
116,_result,0,2026-07-18 06:09:33.442244+00:00,2026-07-18 09:09:33.442244+00:00,2026-07-18 08:30:04.625439+00:00,35.0,percepita,ambiente,raspberry_pi_4,camera
117,_result,0,2026-07-18 06:09:33.442244+00:00,2026-07-18 09:09:33.442244+00:00,2026-07-18 08:30:15.149106+00:00,35.0,percepita,ambiente,raspberry_pi_4,camera
118,_result,0,2026-07-18 06:09:33.442244+00:00,2026-07-18 09:09:33.442244+00:00,2026-07-18 08:30:20.409140+00:00,35.0,percepita,ambiente,raspberry_pi_4,camera
119,_result,0,2026-07-18 06:09:33.442244+00:00,2026-07-18 09:09:33.442244+00:00,2026-07-18 08:30:25.678919+00:00,35.0,percepita,ambiente,raspberry_pi_4,camera
120,_result,0,2026-07-18 06:09:33.442244+00:00,2026-07-18 09:09:33.442244+00:00,2026-07-18 08:30:30.938931+00:00,35.0,percepita,ambiente,raspberry_pi_4,camera
121,_result,0,2026-07-18 06:09:33.442244+00:00,2026-07-18 09:09:33.442244+00:00,2026-07-18 08:30:36.210306+00:00,35.0,percepita,ambiente,raspberry_pi_4,camera
122,_result,0,2026-07-18 06:09:33.442244+00:00,2026-07-18 09:09:33.442244+00:00,2026-07-18 08:30:41.471227+00:00,35.0,percepita,ambiente,raspberry_pi_4,camera
123,_result,0,2026-07-18 06:09:33.442244+00:00,2026-07-18 09:09:33.442244+00:00,2026-07-18 08:30:46.741191+00:00,35.0,percepita,ambiente,raspberry_pi_4,camera
124,_result,0,2026-07-18 06:09:33.442244+00:00,2026-07-18 09:09:33.442244+00:00,2026-07-18 08:30:52.001166+00:00,35.0,percepita,ambiente,raspberry_pi_4,camera
125,_result,0,2026-07-18 06:09:33.442244+00:00,2026-07-18 09:09:33.442244+00:00,2026-07-18 08:30:57.270868+00:00,35.0,percepita,ambiente,raspberry_pi_4,camera
126,_result,0,2026-07-18 06:09:33.442244+00:00,2026-07-18 09:09:33.442244+00:00,2026-07-18 08:31:02.530774+00:00,35.0,percepita,ambiente,raspberry_pi_4,camera
127,_result,0,2026-07-18 06:09:33.442244+00:00,2026-07-18 09:09:33.442244+00:00,2026-07-18 08:31:07.801850+00:00,35.0,percepita,ambiente,raspberry_pi_4,camera
128,_result,0,2026-07-18 06:09:33.442244+00:00,2026-07-18 09:09:33.442244+00:00,2026-07-18 08:31:13.061917+00:00,35.0,percepita,ambiente,raspberry_pi_4,camera
129,_result,0,2026-07-18 06:09:33.442244+00:00,2026-07-18 09:09:33.442244+00:00,2026-07-18 08:31:18.331518+00:00,35.0,percepita,ambiente,raspberry_pi_4,camera
130,_result,0,2026-07-18 06:09:33.442244+00:00,2026-07-18 09:09:33.442244+00:00,2026-07-18 08:31:23.591868+00:00,35.0,percepita,ambiente,raspberry_pi_4,camera
131,_result,0,2026-07-18 06:09:33.442244+00:00,2026-07-18 09:09:33.442244+00:00,2026-07-18 08:31:28.861851+00:00,35.0,percepita,ambiente,raspberry_pi_4,camera
132,_result,0,2026-07-18 06:09:33.442244+00:00,2026-07-18 09:09:33.442244+00:00,2026-07-18 08:31:34.121892+00:00,35.0,percepita,ambiente,raspberry_pi_4,camera
133,_result,0,2026-07-18 06:09:33.442244+00:00,2026-07-18 09:09:33.442244+00:00,2026-07-18 08:31:39.392870+00:00,35.0,percepita,ambiente,raspberry_pi_4,camera
134,_result,0,2026-07-18 06:09:33.442244+00:00,2026-07-18 09:09:33.442244+00:00,2026-07-18 08:31:44.652840+00:00,35.0,percepita,ambiente,raspberry_pi_4,camera
135,_result,0,2026-07-18 06:09:33.442244+00:00,2026-07-18 09:09:33.442244+00:00,2026-07-18 08:31:49.922482+00:00,35.0,percepita,ambiente,raspberry_pi_4,camera
136,_result,0,2026-07-18 06:09:33.442244+00:00,2026-07-18 09:09:33.442244+00:00,2026-07-18 08:31:55.182688+00:00,35.0,percepita,ambiente,raspberry_pi_4,camera
137,_result,0,2026-07-18 06:09:33.442244+00:00,2026-07-18 09:09:33.442244+00:00,2026-07-18 08:32:00.452812+00:00,35.0,percepita,ambiente,raspberry_pi_4,camera
138,_result,0,2026-07-18 06:09:33.442244+00:00,2026-07-18 09:09:33.442244+00:00,2026-07-18 08:32:05.714321+00:00,35.0,percepita,ambiente,raspberry_pi_4,camera
139,_result,0,2026-07-18 06:09:33.442244+00:00,2026-07-18 09:09:33.442244+00:00,2026-07-18 08:32:10.985539+00:00,35.0,percepita,ambiente,raspberry_pi_4,camera
140,_result,0,2026-07-18 06:09:33.442244+00:00,2026-07-18 09:09:33.442244+00:00,2026-07-18 08:32:16.245442+00:00,35.0,percepita,ambiente,raspberry_pi_4,camera
141,_result,0,2026-07-18 06:09:33.442244+00:00,2026-07-18 09:09:33.442244+00:00,2026-07-18 08:32:21.514870+00:00,35.0,percepita,ambiente,raspberry_pi_4,camera
142,_result,0,2026-07-18 06:09:33.442244+00:00,2026-07-18 09:09:33.442244+00:00,2026-07-18 08:32:26.775117+00:00,35.0,percepita,ambiente,raspberry_pi_4,camera
143,_result,0,2026-07-18 06:09:33.442244+00:00,2026-07-18 09:09:33.442244+00:00,2026-07-18 08:32:32.047633+00:00,35.0,percepita,ambiente,raspberry_pi_4,camera
144,_result,0,2026-07-18 06:09:33.442244+00:00,2026-07-18 09:09:33.442244+00:00,2026-07-18 08:32:37.307964+00:00,35.0,percepita,ambiente,raspberry_pi_4,camera
145,_result,0,2026-07-18 06:09:33.442244+00:00,2026-07-18 09:09:33.442244+00:00,2026-07-18 08:32:42.580696+00:00,35.0,percepita,ambiente,raspberry_pi_4,camera
146,_result,0,2026-07-18 06:09:33.442244+00:00,2026-07-18 09:09:33.442244+00:00,2026-07-18 08:32:47.840926+00:00,35.0,percepita,ambiente,raspberry_pi_4,camera
147,_result,0,2026-07-18 06:09:33.442244+00:00,2026-07-18 09:09:33.442244+00:00,2026-07-18 08:32:53.111134+00:00,35.0,percepita,ambiente,raspberry_pi_4,camera
148,_result,0,2026-07-18 06:09:33.442244+00:00,2026-07-18 09:09:33.442244+00:00,2026-07-18 08:32:58.371291+00:00,35.0,percepita,ambiente,raspberry_pi_4,camera
149,_result,0,2026-07-18 06:09:33.442244+00:00,2026-07-18 09:09:33.442244+00:00,2026-07-18 08:33:03.642401+00:00,35.0,percepita,ambiente,raspberry_pi_4,camera
150,_result,0,2026-07-18 06:09:33.442244+00:00,2026-07-18 09:09:33.442244+00:00,2026-07-18 08:33:08.902689+00:00,35.0,percepita,ambiente,raspberry_pi_4,camera
151,_result,0,2026-07-18 06:09:33.442244+00:00,2026-07-18 09:09:33.442244+00:00,2026-07-18 08:33:14.172701+00:00,35.0,percepita,ambiente,raspberry_pi_4,camera
152,_result,0,2026-07-18 06:09:33.442244+00:00,2026-07-18 09:09:33.442244+00:00,2026-07-18 08:33:19.432846+00:00,35.0,percepita,ambiente,raspberry_pi_4,camera
153,_result,0,2026-07-18 06:09:33.442244+00:00,2026-07-18 09:09:33.442244+00:00,2026-07-18 08:33:24.702466+00:00,34.7,percepita,ambiente,raspberry_pi_4,camera
154,_result,0,2026-07-18 06:09:33.442244+00:00,2026-07-18 09:09:33.442244+00:00,2026-07-18 08:33:29.962942+00:00,35.0,percepita,ambiente,raspberry_pi_4,camera
155,_result,0,2026-07-18 06:09:33.442244+00:00,2026-07-18 09:09:33.442244+00:00,2026-07-18 08:33:35.234541+00:00,35.0,percepita,ambiente,raspberry_pi_4,camera
156,_result,0,2026-07-18 06:09:33.442244+00:00,2026-07-18 09:09:33.442244+00:00,2026-07-18 08:33:40.494448+00:00,35.0,percepita,ambiente,raspberry_pi_4,camera
157,_result,0,2026-07-18 06:09:33.442244+00:00,2026-07-18 09:09:33.442244+00:00,2026-07-18 08:33:45.764540+00:00,34.7,percepita,ambiente,raspberry_pi_4,camera
158,_result,0,2026-07-18 06:09:33.442244+00:00,2026-07-18 09:09:33.442244+00:00,2026-07-18 08:33:51.024658+00:00,35.0,percepita,ambiente,raspberry_pi_4,camera
159,_result,0,2026-07-18 06:09:33.442244+00:00,2026-07-18 09:09:33.442244+00:00,2026-07-18 08:34:01.548528+00:00,35.0,percepita,ambiente,raspberry_pi_4,camera
160,_result,0,2026-07-18 06:09:33.442244+00:00,2026-07-18 09:09:33.442244+00:00,2026-07-18 08:34:06.820046+00:00,35.0,percepita,ambiente,raspberry_pi_4,camera
161,_result,0,2026-07-18 06:09:33.442244+00:00,2026-07-18 09:09:33.442244+00:00,2026-07-18 08:34:12.080113+00:00,34.7,percepita,ambiente,raspberry_pi_4,camera
162,_result,0,2026-07-18 06:09:33.442244+00:00,2026-07-18 09:09:33.442244+00:00,2026-07-18 08:34:17.349883+00:00,34.7,percepita,ambiente,raspberry_pi_4,camera
163,_result,0,2026-07-18 06:09:33.442244+00:00,2026-07-18 09:09:33.442244+00:00,2026-07-18 08:34:22.610260+00:00,34.7,percepita,ambiente,raspberry_pi_4,camera
164,_result,0,2026-07-18 06:09:33.442244+00:00,2026-07-18 09:09:33.442244+00:00,2026-07-18 08:34:27.880419+00:00,34.7,percepita,ambiente,raspberry_pi_4,camera
165,_result,0,2026-07-18 06:09:33.442244+00:00,2026-07-18 09:09:33.442244+00:00,2026-07-18 08:34:33.141070+00:00,34.7,percepita,ambiente,raspberry_pi_4,camera
166,_result,0,2026-07-18 06:09:33.442244+00:00,2026-07-18 09:09:33.442244+00:00,2026-07-18 08:34:38.412687+00:00,34.7,percepita,ambiente,raspberry_pi_4,camera
167,_result,0,2026-07-18 06:09:33.442244+00:00,2026-07-18 09:09:33.442244+00:00,2026-07-18 08:34:43.672832+00:00,34.7,percepita,ambiente,raspberry_pi_4,camera
168,_result,0,2026-07-18 06:09:33.442244+00:00,2026-07-18 09:09:33.442244+00:00,2026-07-18 08:34:48.942308+00:00,34.7,percepita,ambiente,raspberry_pi_4,camera
169,_result,0,2026-07-18 06:09:33.442244+00:00,2026-07-18 09:09:33.442244+00:00,2026-07-18 08:34:54.202578+00:00,34.7,percepita,ambiente,raspberry_pi_4,camera
170,_result,0,2026-07-18 06:09:33.442244+00:00,2026-07-18 09:09:33.442244+00:00,2026-07-18 08:34:59.472341+00:00,34.7,percepita,ambiente,raspberry_pi_4,camera
171,_result,0,2026-07-18 06:09:33.442244+00:00,2026-07-18 09:09:33.442244+00:00,2026-07-18 08:35:04.734078+00:00,34.7,percepita,ambiente,raspberry_pi_4,camera
172,_result,0,2026-07-18 06:09:33.442244+00:00,2026-07-18 09:09:33.442244+00:00,2026-07-18 08:35:10.003623+00:00,34.7,percepita,ambiente,raspberry_pi_4,camera
173,_result,0,2026-07-18 06:09:33.442244+00:00,2026-07-18 09:09:33.442244+00:00,2026-07-18 08:35:15.263762+00:00,34.7,percepita,ambiente,raspberry_pi_4,camera
174,_result,0,2026-07-18 06:09:33.442244+00:00,2026-07-18 09:09:33.442244+00:00,2026-07-18 08:35:20.533486+00:00,34.7,percepita,ambiente,raspberry_pi_4,camera
175,_result,0,2026-07-18 06:09:33.442244+00:00,2026-07-18 09:09:33.442244+00:00,2026-07-18 08:35:25.793463+00:00,34.7,percepita,ambiente,raspberry_pi_4,camera
176,_result,0,2026-07-18 06:09:33.442244+00:00,2026-07-18 09:09:33.442244+00:00,2026-07-18 08:35:31.063455+00:00,34.7,percepita,ambiente,raspberry_pi_4,camera
177,_result,0,2026-07-18 06:09:33.442244+00:00,2026-07-18 09:09:33.442244+00:00,2026-07-18 08:35:36.325000+00:00,34.7,percepita,ambiente,raspberry_pi_4,camera
178,_result,0,2026-07-18 06:09:33.442244+00:00,2026-07-18 09:09:33.442244+00:00,2026-07-18 08:35:41.594808+00:00,34.7,percepita,ambiente,raspberry_pi_4,camera
179,_result,0,2026-07-18 06:09:33.442244+00:00,2026-07-18 09:09:33.442244+00:00,2026-07-18 08:35:46.854923+00:00,35.0,percepita,ambiente,raspberry_pi_4,camera
180,_result,0,2026-07-18 06:09:33.442244+00:00,2026-07-18 09:09:33.442244+00:00,2026-07-18 08:35:52.124542+00:00,35.0,percepita,ambiente,raspberry_pi_4,camera
181,_result,0,2026-07-18 06:09:33.442244+00:00,2026-07-18 09:09:33.442244+00:00,2026-07-18 08:35:57.384831+00:00,35.0,percepita,ambiente,raspberry_pi_4,camera
182,_result,0,2026-07-18 06:09:33.442244+00:00,2026-07-18 09:09:33.442244+00:00,2026-07-18 08:36:02.656173+00:00,35.0,percepita,ambiente,raspberry_pi_4,camera
183,_result,0,2026-07-18 06:09:33.442244+00:00,2026-07-18 09:09:33.442244+00:00,2026-07-18 08:36:07.916225+00:00,35.0,percepita,ambiente,raspberry_pi_4,camera
184,_result,0,2026-07-18 06:09:33.442244+00:00,2026-07-18 09:09:33.442244+00:00,2026-07-18 08:36:13.186635+00:00,35.0,percepita,ambiente,raspberry_pi_4,camera
185,_result,0,2026-07-18 06:09:33.442244+00:00,2026-07-18 09:09:33.442244+00:00,2026-07-18 08:36:18.446715+00:00,35.0,percepita,ambiente,raspberry_pi_4,camera
186,_result,0,2026-07-18 06:09:33.442244+00:00,2026-07-18 09:09:33.442244+00:00,2026-07-18 08:36:23.717033+00:00,35.0,percepita,ambiente,raspberry_pi_4,camera
187,_result,0,2026-07-18 06:09:33.442244+00:00,2026-07-18 09:09:33.442244+00:00,2026-07-18 08:36:28.977751+00:00,35.0,percepita,ambiente,raspberry_pi_4,camera
188,_result,0,2026-07-18 06:09:33.442244+00:00,2026-07-18 09:09:33.442244+00:00,2026-07-18 08:36:34.251048+00:00,35.2,percepita,ambiente,raspberry_pi_4,camera
189,_result,0,2026-07-18 06:09:33.442244+00:00,2026-07-18 09:09:33.442244+00:00,2026-07-18 08:36:39.512044+00:00,35.0,percepita,ambiente,raspberry_pi_4,camera
190,_result,0,2026-07-18 06:09:33.442244+00:00,2026-07-18 09:09:33.442244+00:00,2026-07-18 08:36:44.781969+00:00,35.0,percepita,ambiente,raspberry_pi_4,camera
191,_result,0,2026-07-18 06:09:33.442244+00:00,2026-07-18 09:09:33.442244+00:00,2026-07-18 08:36:50.042077+00:00,35.0,percepita,ambiente,raspberry_pi_4,camera
192,_result,0,2026-07-18 06:09:33.442244+00:00,2026-07-18 09:09:33.442244+00:00,2026-07-18 08:36:55.312020+00:00,35.0,percepita,ambiente,raspberry_pi_4,camera
193,_result,0,2026-07-18 06:09:33.442244+00:00,2026-07-18 09:09:33.442244+00:00,2026-07-18 08:37:00.572007+00:00,35.0,percepita,ambiente,raspberry_pi_4,camera
194,_result,0,2026-07-18 06:09:33.442244+00:00,2026-07-18 09:09:33.442244+00:00,2026-07-18 08:37:05.843047+00:00,35.0,percepita,ambiente,raspberry_pi_4,camera
195,_result,0,2026-07-18 06:09:33.442244+00:00,2026-07-18 09:09:33.442244+00:00,2026-07-18 08:37:11.103115+00:00,35.0,percepita,ambiente,raspberry_pi_4,camera
196,_result,0,2026-07-18 06:09:33.442244+00:00,2026-07-18 09:09:33.442244+00:00,2026-07-18 08:37:16.372807+00:00,35.0,percepita,ambiente,raspberry_pi_4,camera
197,_result,0,2026-07-18 06:09:33.442244+00:00,2026-07-18 09:09:33.442244+00:00,2026-07-18 08:37:21.632766+00:00,35.0,percepita,ambiente,raspberry_pi_4,camera
198,_result,0,2026-07-18 06:09:33.442244+00:00,2026-07-18 09:09:33.442244+00:00,2026-07-18 08:37:26.902595+00:00,35.0,percepita,ambiente,raspberry_pi_4,camera
199,_result,0,2026-07-18 06:09:33.442244+00:00,2026-07-18 09:09:33.442244+00:00,2026-07-18 08:37:32.162722+00:00,35.0,percepita,ambiente,raspberry_pi_4,camera
200,_result,0,2026-07-18 06:09:33.442244+00:00,2026-07-18 09:09:33.442244+00:00,2026-07-18 08:37:37.434066+00:00,35.0,percepita,ambiente,raspberry_pi_4,camera
201,_result,0,2026-07-18 06:09:33.442244+00:00,2026-07-18 09:09:33.442244+00:00,2026-07-18 08:37:42.693982+00:00,35.0,percepita,ambiente,raspberry_pi_4,camera
202,_result,0,2026-07-18 06:09:33.442244+00:00,2026-07-18 09:09:33.442244+00:00,2026-07-18 08:37:47.963969+00:00,35.0,percepita,ambiente,raspberry_pi_4,camera
203,_result,0,2026-07-18 06:09:33.442244+00:00,2026-07-18 09:09:33.442244+00:00,2026-07-18 08:37:53.224170+00:00,35.0,percepita,ambiente,raspberry_pi_4,camera
204,_result,0,2026-07-18 06:09:33.442244+00:00,2026-07-18 09:09:33.442244+00:00,2026-07-18 08:37:58.493703+00:00,35.0,percepita,ambiente,raspberry_pi_4,camera
205,_result,0,2026-07-18 06:09:33.442244+00:00,2026-07-18 09:09:33.442244+00:00,2026-07-18 08:38:03.754414+00:00,35.0,percepita,ambiente,raspberry_pi_4,camera
206,_result,0,2026-07-18 06:09:33.442244+00:00,2026-07-18 09:09:33.442244+00:00,2026-07-18 08:38:14.279455+00:00,35.0,percepita,ambiente,raspberry_pi_4,camera
207,_result,0,2026-07-18 06:09:33.442244+00:00,2026-07-18 09:09:33.442244+00:00,2026-07-18 08:38:19.549220+00:00,35.0,percepita,ambiente,raspberry_pi_4,camera
208,_result,0,2026-07-18 06:09:33.442244+00:00,2026-07-18 09:09:33.442244+00:00,2026-07-18 08:38:24.809199+00:00,35.0,percepita,ambiente,raspberry_pi_4,camera
209,_result,0,2026-07-18 06:09:33.442244+00:00,2026-07-18 09:09:33.442244+00:00,2026-07-18 08:38:30.078557+00:00,34.7,percepita,ambiente,raspberry_pi_4,camera
210,_result,0,2026-07-18 06:09:33.442244+00:00,2026-07-18 09:09:33.442244+00:00,2026-07-18 08:38:35.340157+00:00,34.7,percepita,ambiente,raspberry_pi_4,camera
211,_result,0,2026-07-18 06:09:33.442244+00:00,2026-07-18 09:09:33.442244+00:00,2026-07-18 08:38:40.609563+00:00,34.7,percepita,ambiente,raspberry_pi_4,camera
212,_result,0,2026-07-18 06:09:33.442244+00:00,2026-07-18 09:09:33.442244+00:00,2026-07-18 08:38:45.869822+00:00,35.0,percepita,ambiente,raspberry_pi_4,camera
213,_result,0,2026-07-18 06:09:33.442244+00:00,2026-07-18 09:09:33.442244+00:00,2026-07-18 08:38:51.139279+00:00,35.0,percepita,ambiente,raspberry_pi_4,camera
214,_result,0,2026-07-18 06:09:33.442244+00:00,2026-07-18 09:09:33.442244+00:00,2026-07-18 08:38:56.399368+00:00,35.0,percepita,ambiente,raspberry_pi_4,camera
215,_result,0,2026-07-18 06:09:33.442244+00:00,2026-07-18 09:09:33.442244+00:00,2026-07-18 08:39:01.670484+00:00,35.0,percepita,ambiente,raspberry_pi_4,camera
216,_result,0,2026-07-18 06:09:33.442244+00:00,2026-07-18 09:09:33.442244+00:00,2026-07-18 08:39:06.931904+00:00,35.0,percepita,ambiente,raspberry_pi_4,camera
217,_result,0,2026-07-18 06:09:33.442244+00:00,2026-07-18 09:09:33.442244+00:00,2026-07-18 08:39:12.201170+00:00,35.0,percepita,ambiente,raspberry_pi_4,camera
218,_result,0,2026-07-18 06:09:33.442244+00:00,2026-07-18 09:09:33.442244+00:00,2026-07-18 08:39:17.461561+00:00,35.0,percepita,ambiente,raspberry_pi_4,camera
219,_result,0,2026-07-18 06:09:33.442244+00:00,2026-07-18 09:09:33.442244+00:00,2026-07-18 08:39:22.730759+00:00,35.0,percepita,ambiente,raspberry_pi_4,camera
220,_result,0,2026-07-18 06:09:33.442244+00:00,2026-07-18 09:09:33.442244+00:00,2026-07-18 08:39:27.990931+00:00,35.0,percepita,ambiente,raspberry_pi_4,camera
221,_result,0,2026-07-18 06:09:33.442244+00:00,2026-07-18 09:09:33.442244+00:00,2026-07-18 08:39:33.262196+00:00,35.0,percepita,ambiente,raspberry_pi_4,camera
222,_result,0,2026-07-18 06:09:33.442244+00:00,2026-07-18 09:09:33.442244+00:00,2026-07-18 08:39:38.522452+00:00,35.0,percepita,ambiente,raspberry_pi_4,camera
223,_result,0,2026-07-18 06:09:33.442244+00:00,2026-07-18 09:09:33.442244+00:00,2026-07-18 08:39:43.791764+00:00,35.0,percepita,ambiente,raspberry_pi_4,camera
224,_result,0,2026-07-18 06:09:33.442244+00:00,2026-07-18 09:09:33.442244+00:00,2026-07-18 08:39:49.051854+00:00,35.0,percepita,ambiente,raspberry_pi_4,camera
225,_result,0,2026-07-18 06:09:33.442244+00:00,2026-07-18 09:09:33.442244+00:00,2026-07-18 08:39:54.322034+00:00,35.0,percepita,ambiente,raspberry_pi_4,camera
226,_result,0,2026-07-18 06:09:33.442244+00:00,2026-07-18 09:09:33.442244+00:00,2026-07-18 08:39:59.583341+00:00,35.0,percepita,ambiente,raspberry_pi_4,camera
227,_result,0,2026-07-18 06:09:33.442244+00:00,2026-07-18 09:09:33.442244+00:00,2026-07-18 08:40:04.855054+00:00,35.0,percepita,ambiente,raspberry_pi_4,camera
228,_result,0,2026-07-18 06:09:33.442244+00:00,2026-07-18 09:09:33.442244+00:00,2026-07-18 08:40:10.115292+00:00,35.0,percepita,ambiente,raspberry_pi_4,camera
229,_result,0,2026-07-18 06:09:33.442244+00:00,2026-07-18 09:09:33.442244+00:00,2026-07-18 08:40:15.384790+00:00,34.7,percepita,ambiente,raspberry_pi_4,camera
230,_result,0,2026-07-18 06:09:33.442244+00:00,2026-07-18 09:09:33.442244+00:00,2026-07-18 08:40:20.645228+00:00,34.7,percepita,ambiente,raspberry_pi_4,camera
231,_result,0,2026-07-18 06:09:33.442244+00:00,2026-07-18 09:09:33.442244+00:00,2026-07-18 08:40:25.914988+00:00,34.7,percepita,ambiente,raspberry_pi_4,camera
232,_result,0,2026-07-18 06:09:33.442244+00:00,2026-07-18 09:09:33.442244+00:00,2026-07-18 08:40:31.175227+00:00,34.7,percepita,ambiente,raspberry_pi_4,camera
233,_result,0,2026-07-18 06:09:33.442244+00:00,2026-07-18 09:09:33.442244+00:00,2026-07-18 08:40:36.446711+00:00,34.7,percepita,ambiente,raspberry_pi_4,camera
234,_result,0,2026-07-18 06:09:33.442244+00:00,2026-07-18 09:09:33.442244+00:00,2026-07-18 08:40:41.707001+00:00,34.7,percepita,ambiente,raspberry_pi_4,camera
235,_result,0,2026-07-18 06:09:33.442244+00:00,2026-07-18 09:09:33.442244+00:00,2026-07-18 08:40:46.976824+00:00,34.7,percepita,ambiente,raspberry_pi_4,camera
236,_result,0,2026-07-18 06:09:33.442244+00:00,2026-07-18 09:09:33.442244+00:00,2026-07-18 08:40:52.236967+00:00,34.7,percepita,ambiente,raspberry_pi_4,camera
237,_result,0,2026-07-18 06:09:33.442244+00:00,2026-07-18 09:09:33.442244+00:00,2026-07-18 08:40:57.506807+00:00,34.7,percepita,ambiente,raspberry_pi_4,camera
238,_result,0,2026-07-18 06:09:33.442244+00:00,2026-07-18 09:09:33.442244+00:00,2026-07-18 08:41:02.766963+00:00,34.7,percepita,ambiente,raspberry_pi_4,camera
239,_result,0,2026-07-18 06:09:33.442244+00:00,2026-07-18 09:09:33.442244+00:00,2026-07-18 08:41:08.038529+00:00,34.7,percepita,ambiente,raspberry_pi_4,camera
240,_result,0,2026-07-18 06:09:33.442244+00:00,2026-07-18 09:09:33.442244+00:00,2026-07-18 08:41:13.298699+00:00,34.7,percepita,ambiente,raspberry_pi_4,camera
241,_result,0,2026-07-18 06:09:33.442244+00:00,2026-07-18 09:09:33.442244+00:00,2026-07-18 08:41:18.568418+00:00,34.7,percepita,ambiente,raspberry_pi_4,camera
242,_result,0,2026-07-18 06:09:33.442244+00:00,2026-07-18 09:09:33.442244+00:00,2026-07-18 08:41:23.828945+00:00,34.7,percepita,ambiente,raspberry_pi_4,camera
243,_result,0,2026-07-18 06:09:33.442244+00:00,2026-07-18 09:09:33.442244+00:00,2026-07-18 08:41:29.098369+00:00,34.7,percepita,ambiente,raspberry_pi_4,camera
244,_result,0,2026-07-18 06:09:33.442244+00:00,2026-07-18 09:09:33.442244+00:00,2026-07-18 08:41:34.358580+00:00,34.7,percepita,ambiente,raspberry_pi_4,camera
245,_result,0,2026-07-18 06:09:33.442244+00:00,2026-07-18 09:09:33.442244+00:00,2026-07-18 08:41:39.631317+00:00,34.7,percepita,ambiente,raspberry_pi_4,camera
246,_result,0,2026-07-18 06:09:33.442244+00:00,2026-07-18 09:09:33.442244+00:00,2026-07-18 08:41:44.891501+00:00,34.7,percepita,ambiente,raspberry_pi_4,camera
247,_result,0,2026-07-18 06:09:33.442244+00:00,2026-07-18 09:09:33.442244+00:00,2026-07-18 08:41:50.162178+00:00,34.7,percepita,ambiente,raspberry_pi_4,camera
248,_result,0,2026-07-18 06:09:33.442244+00:00,2026-07-18 09:09:33.442244+00:00,2026-07-18 08:41:55.422266+00:00,34.7,percepita,ambiente,raspberry_pi_4,camera
249,_result,0,2026-07-18 06:09:33.442244+00:00,2026-07-18 09:09:33.442244+00:00,2026-07-18 08:42:00.692279+00:00,34.7,percepita,ambiente,raspberry_pi_4,camera
250,_result,0,2026-07-18 06:09:33.442244+00:00,2026-07-18 09:09:33.442244+00:00,2026-07-18 08:42:05.953835+00:00,34.7,percepita,ambiente,raspberry_pi_4,camera
251,_result,0,2026-07-18 06:09:33.442244+00:00,2026-07-18 09:09:33.442244+00:00,2026-07-18 08:42:11.223830+00:00,34.7,percepita,ambiente,raspberry_pi_4,camera
252,_result,0,2026-07-18 06:09:33.442244+00:00,2026-07-18 09:09:33.442244+00:00,2026-07-18 08:42:21.747761+00:00,34.7,percepita,ambiente,raspberry_pi_4,camera
253,_result,0,2026-07-18 06:09:33.442244+00:00,2026-07-18 09:09:33.442244+00:00,2026-07-18 08:42:27.008409+00:00,34.7,percepita,ambiente,raspberry_pi_4,camera
254,_result,0,2026-07-18 06:09:33.442244+00:00,2026-07-18 09:09:33.442244+00:00,2026-07-18 08:42:32.279680+00:00,34.7,percepita,ambiente,raspberry_pi_4,camera
255,_result,0,2026-07-18 06:09:33.442244+00:00,2026-07-18 09:09:33.442244+00:00,2026-07-18 08:42:37.541714+00:00,34.7,percepita,ambiente,raspberry_pi_4,camera
256,_result,0,2026-07-18 06:09:33.442244+00:00,2026-07-18 09:09:33.442244+00:00,2026-07-18 08:42:42.811545+00:00,34.7,percepita,ambiente,raspberry_pi_4,camera
257,_result,0,2026-07-18 06:09:33.442244+00:00,2026-07-18 09:09:33.442244+00:00,2026-07-18 08:42:48.072103+00:00,34.7,percepita,ambiente,raspberry_pi_4,camera
258,_result,0,2026-07-18 06:09:33.442244+00:00,2026-07-18 09:09:33.442244+00:00,2026-07-18 08:42:53.371531+00:00,34.7,percepita,ambiente,raspberry_pi_4,camera
259,_result,0,2026-07-18 06:09:33.442244+00:00,2026-07-18 09:09:33.442244+00:00,2026-07-18 08:42:58.631677+00:00,34.7,percepita,ambiente,raspberry_pi_4,camera
260,_result,0,2026-07-18 06:09:33.442244+00:00,2026-07-18 09:09:33.442244+00:00,2026-07-18 08:43:03.903252+00:00,34.7,percepita,ambiente,raspberry_pi_4,camera
261,_result,0,2026-07-18 06:09:33.442244+00:00,2026-07-18 09:09:33.442244+00:00,2026-07-18 08:43:09.163445+00:00,34.7,percepita,ambiente,raspberry_pi_4,camera
262,_result,0,2026-07-18 06:09:33.442244+00:00,2026-07-18 09:09:33.442244+00:00,2026-07-18 08:43:14.432967+00:00,34.7,percepita,ambiente,raspberry_pi_4,camera
263,_result,0,2026-07-18 06:09:33.442244+00:00,2026-07-18 09:09:33.442244+00:00,2026-07-18 08:43:19.693281+00:00,34.7,percepita,ambiente,raspberry_pi_4,camera
264,_result,0,2026-07-18 06:09:33.442244+00:00,2026-07-18 09:09:33.442244+00:00,2026-07-18 08:43:24.962689+00:00,34.7,percepita,ambiente,raspberry_pi_4,camera
265,_result,0,2026-07-18 06:09:33.442244+00:00,2026-07-18 09:09:33.442244+00:00,2026-07-18 08:43:30.222803+00:00,34.7,percepita,ambiente,raspberry_pi_4,camera
266,_result,0,2026-07-18 06:09:33.442244+00:00,2026-07-18 09:09:33.442244+00:00,2026-07-18 08:43:35.494440+00:00,34.7,percepita,ambiente,raspberry_pi_4,camera
267,_result,0,2026-07-18 06:09:33.442244+00:00,2026-07-18 09:09:33.442244+00:00,2026-07-18 08:43:40.755522+00:00,34.7,percepita,ambiente,raspberry_pi_4,camera
268,_result,0,2026-07-18 06:09:33.442244+00:00,2026-07-18 09:09:33.442244+00:00,2026-07-18 08:43:46.031621+00:00,34.7,percepita,ambiente,raspberry_pi_4,camera
269,_result,0,2026-07-18 06:09:33.442244+00:00,2026-07-18 09:09:33.442244+00:00,2026-07-18 08:43:51.293055+00:00,34.7,percepita,ambiente,raspberry_pi_4,camera
270,_result,0,2026-07-18 06:09:33.442244+00:00,2026-07-18 09:09:33.442244+00:00,2026-07-18 08:43:56.562521+00:00,34.7,percepita,ambiente,raspberry_pi_4,camera
271,_result,0,2026-07-18 06:09:33.442244+00:00,2026-07-18 09:09:33.442244+00:00,2026-07-18 08:44:01.822878+00:00,34.7,percepita,ambiente,raspberry_pi_4,camera
272,_result,0,2026-07-18 06:09:33.442244+00:00,2026-07-18 09:09:33.442244+00:00,2026-07-18 08:44:07.094014+00:00,34.7,percepita,ambiente,raspberry_pi_4,camera
273,_result,0,2026-07-18 06:09:33.442244+00:00,2026-07-18 09:09:33.442244+00:00,2026-07-18 08:44:12.354429+00:00,34.7,percepita,ambiente,raspberry_pi_4,camera
274,_result,0,2026-07-18 06:09:33.442244+00:00,2026-07-18 09:09:33.442244+00:00,2026-07-18 08:44:17.624001+00:00,34.7,percepita,ambiente,raspberry_pi_4,camera
275,_result,0,2026-07-18 06:09:33.442244+00:00,2026-07-18 09:09:33.442244+00:00,2026-07-18 08:44:22.884097+00:00,34.7,percepita,ambiente,raspberry_pi_4,camera
276,_result,0,2026-07-18 06:09:33.442244+00:00,2026-07-18 09:09:33.442244+00:00,2026-07-18 08:44:28.153821+00:00,34.7,percepita,ambiente,raspberry_pi_4,camera
277,_result,0,2026-07-18 06:09:33.442244+00:00,2026-07-18 09:09:33.442244+00:00,2026-07-18 08:44:33.413852+00:00,34.7,percepita,ambiente,raspberry_pi_4,camera
278,_result,0,2026-07-18 06:09:33.442244+00:00,2026-07-18 09:09:33.442244+00:00,2026-07-18 08:44:38.684809+00:00,34.7,percepita,ambiente,raspberry_pi_4,camera
279,_result,0,2026-07-18 06:09:33.442244+00:00,2026-07-18 09:09:33.442244+00:00,2026-07-18 08:44:43.944705+00:00,34.7,percepita,ambiente,raspberry_pi_4,camera
280,_result,0,2026-07-18 06:09:33.442244+00:00,2026-07-18 09:09:33.442244+00:00,2026-07-18 08:44:49.214686+00:00,34.7,percepita,ambiente,raspberry_pi_4,camera
281,_result,0,2026-07-18 06:09:33.442244+00:00,2026-07-18 09:09:33.442244+00:00,2026-07-18 08:44:54.474743+00:00,34.7,percepita,ambiente,raspberry_pi_4,camera
282,_result,0,2026-07-18 06:09:33.442244+00:00,2026-07-18 09:09:33.442244+00:00,2026-07-18 08:44:59.744286+00:00,34.7,percepita,ambiente,raspberry_pi_4,camera
283,_result,0,2026-07-18 06:09:33.442244+00:00,2026-07-18 09:09:33.442244+00:00,2026-07-18 08:45:05.005780+00:00,34.7,percepita,ambiente,raspberry_pi_4,camera
284,_result,0,2026-07-18 06:09:33.442244+00:00,2026-07-18 09:09:33.442244+00:00,2026-07-18 08:45:10.275390+00:00,34.7,percepita,ambiente,raspberry_pi_4,camera
285,_result,0,2026-07-18 06:09:33.442244+00:00,2026-07-18 09:09:33.442244+00:00,2026-07-18 08:45:15.535860+00:00,34.7,percepita,ambiente,raspberry_pi_4,camera
286,_result,0,2026-07-18 06:09:33.442244+00:00,2026-07-18 09:09:33.442244+00:00,2026-07-18 08:45:20.805153+00:00,34.7,percepita,ambiente,raspberry_pi_4,camera
287,_result,0,2026-07-18 06:09:33.442244+00:00,2026-07-18 09:09:33.442244+00:00,2026-07-18 08:45:26.084784+00:00,34.7,percepita,ambiente,raspberry_pi_4,camera
288,_result,0,2026-07-18 06:09:33.442244+00:00,2026-07-18 09:09:33.442244+00:00,2026-07-18 08:45:31.358302+00:00,34.7,percepita,ambiente,raspberry_pi_4,camera
289,_result,0,2026-07-18 06:09:33.442244+00:00,2026-07-18 09:09:33.442244+00:00,2026-07-18 08:45:36.620012+00:00,34.7,percepita,ambiente,raspberry_pi_4,camera
290,_result,0,2026-07-18 06:09:33.442244+00:00,2026-07-18 09:09:33.442244+00:00,2026-07-18 08:45:41.889647+00:00,34.7,percepita,ambiente,raspberry_pi_4,camera
291,_result,0,2026-07-18 06:09:33.442244+00:00,2026-07-18 09:09:33.442244+00:00,2026-07-18 08:45:47.149624+00:00,34.7,percepita,ambiente,raspberry_pi_4,camera
292,_result,0,2026-07-18 06:09:33.442244+00:00,2026-07-18 09:09:33.442244+00:00,2026-07-18 08:45:52.419002+00:00,34.7,percepita,ambiente,raspberry_pi_4,camera
293,_result,0,2026-07-18 06:09:33.442244+00:00,2026-07-18 09:09:33.442244+00:00,2026-07-18 08:45:57.679666+00:00,34.7,percepita,ambiente,raspberry_pi_4,camera
294,_result,0,2026-07-18 06:09:33.442244+00:00,2026-07-18 09:09:33.442244+00:00,2026-07-18 08:46:02.950494+00:00,34.7,percepita,ambiente,raspberry_pi_4,camera
295,_result,0,2026-07-18 06:09:33.442244+00:00,2026-07-18 09:09:33.442244+00:00,2026-07-18 08:46:08.210775+00:00,34.7,percepita,ambiente,raspberry_pi_4,camera
296,_result,0,2026-07-18 06:09:33.442244+00:00,2026-07-18 09:09:33.442244+00:00,2026-07-18 08:46:13.485388+00:00,34.7,percepita,ambiente,raspberry_pi_4,camera
297,_result,0,2026-07-18 06:09:33.442244+00:00,2026-07-18 09:09:33.442244+00:00,2026-07-18 08:46:18.745450+00:00,34.7,percepita,ambiente,raspberry_pi_4,camera
298,_result,0,2026-07-18 06:09:33.442244+00:00,2026-07-18 09:09:33.442244+00:00,2026-07-18 08:46:24.014988+00:00,34.7,percepita,ambiente,raspberry_pi_4,camera
299,_result,0,2026-07-18 06:09:33.442244+00:00,2026-07-18 09:09:33.442244+00:00,2026-07-18 08:46:29.275066+00:00,34.7,percepita,ambiente,raspberry_pi_4,camera
300,_result,0,2026-07-18 06:09:33.442244+00:00,2026-07-18 09:09:33.442244+00:00,2026-07-18 08:46:34.545927+00:00,34.7,percepita,ambiente,raspberry_pi_4,camera
301,_result,0,2026-07-18 06:09:33.442244+00:00,2026-07-18 09:09:33.442244+00:00,2026-07-18 08:46:39.806301+00:00,34.7,percepita,ambiente,raspberry_pi_4,camera
302,_result,0,2026-07-18 06:09:33.442244+00:00,2026-07-18 09:09:33.442244+00:00,2026-07-18 08:46:45.075538+00:00,34.7,percepita,ambiente,raspberry_pi_4,camera
303,_result,0,2026-07-18 06:09:33.442244+00:00,2026-07-18 09:09:33.442244+00:00,2026-07-18 08:46:50.335529+00:00,34.7,percepita,ambiente,raspberry_pi_4,camera
304,_result,0,2026-07-18 06:09:33.442244+00:00,2026-07-18 09:09:33.442244+00:00,2026-07-18 08:46:55.609006+00:00,34.7,percepita,ambiente,raspberry_pi_4,camera
305,_result,0,2026-07-18 06:09:33.442244+00:00,2026-07-18 09:09:33.442244+00:00,2026-07-18 08:47:00.868908+00:00,34.7,percepita,ambiente,raspberry_pi_4,camera
306,_result,0,2026-07-18 06:09:33.442244+00:00,2026-07-18 09:09:33.442244+00:00,2026-07-18 08:47:06.150987+00:00,34.7,percepita,ambiente,raspberry_pi_4,camera
307,_result,0,2026-07-18 06:09:33.442244+00:00,2026-07-18 09:09:33.442244+00:00,2026-07-18 08:47:16.682955+00:00,34.7,percepita,ambiente,raspberry_pi_4,camera
308,_result,0,2026-07-18 06:09:33.442244+00:00,2026-07-18 09:09:33.442244+00:00,2026-07-18 08:47:27.207803+00:00,34.7,percepita,ambiente,raspberry_pi_4,camera
309,_result,0,2026-07-18 06:09:33.442244+00:00,2026-07-18 09:09:33.442244+00:00,2026-07-18 08:47:32.468377+00:00,34.7,percepita,ambiente,raspberry_pi_4,camera
310,_result,0,2026-07-18 06:09:33.442244+00:00,2026-07-18 09:09:33.442244+00:00,2026-07-18 08:47:37.739963+00:00,34.7,percepita,ambiente,raspberry_pi_4,camera
311,_result,0,2026-07-18 06:09:33.442244+00:00,2026-07-18 09:09:33.442244+00:00,2026-07-18 08:47:43.000446+00:00,34.7,percepita,ambiente,raspberry_pi_4,camera
312,_result,0,2026-07-18 06:09:33.442244+00:00,2026-07-18 09:09:33.442244+00:00,2026-07-18 08:47:48.269969+00:00,34.7,percepita,ambiente,raspberry_pi_4,camera
313,_result,0,2026-07-18 06:09:33.442244+00:00,2026-07-18 09:09:33.442244+00:00,2026-07-18 08:47:53.530124+00:00,34.7,percepita,ambiente,raspberry_pi_4,camera
314,_result,0,2026-07-18 06:09:33.442244+00:00,2026-07-18 09:09:33.442244+00:00,2026-07-18 08:47:58.800117+00:00,34.7,percepita,ambiente,raspberry_pi_4,camera
315,_result,0,2026-07-18 06:09:33.442244+00:00,2026-07-18 09:09:33.442244+00:00,2026-07-18 08:48:04.060073+00:00,34.7,percepita,ambiente,raspberry_pi_4,camera
316,_result,0,2026-07-18 06:09:33.442244+00:00,2026-07-18 09:09:33.442244+00:00,2026-07-18 08:48:09.331298+00:00,34.7,percepita,ambiente,raspberry_pi_4,camera
317,_result,0,2026-07-18 06:09:33.442244+00:00,2026-07-18 09:09:33.442244+00:00,2026-07-18 08:48:14.591820+00:00,34.7,percepita,ambiente,raspberry_pi_4,camera
318,_result,0,2026-07-18 06:09:33.442244+00:00,2026-07-18 09:09:33.442244+00:00,2026-07-18 08:48:19.861252+00:00,34.7,percepita,ambiente,raspberry_pi_4,camera
319,_result,0,2026-07-18 06:09:33.442244+00:00,2026-07-18 09:09:33.442244+00:00,2026-07-18 08:48:25.121430+00:00,34.7,percepita,ambiente,raspberry_pi_4,camera
320,_result,0,2026-07-18 06:09:33.442244+00:00,2026-07-18 09:09:33.442244+00:00,2026-07-18 08:48:30.391338+00:00,34.7,percepita,ambiente,raspberry_pi_4,camera
321,_result,0,2026-07-18 06:09:33.442244+00:00,2026-07-18 09:09:33.442244+00:00,2026-07-18 08:48:35.652938+00:00,34.7,percepita,ambiente,raspberry_pi_4,camera
322,_result,0,2026-07-18 06:09:33.442244+00:00,2026-07-18 09:09:33.442244+00:00,2026-07-18 08:48:40.924809+00:00,34.7,percepita,ambiente,raspberry_pi_4,camera
323,_result,0,2026-07-18 06:09:33.442244+00:00,2026-07-18 09:09:33.442244+00:00,2026-07-18 08:48:46.187978+00:00,34.7,percepita,ambiente,raspberry_pi_4,camera
324,_result,0,2026-07-18 06:09:33.442244+00:00,2026-07-18 09:09:33.442244+00:00,2026-07-18 08:48:51.465068+00:00,34.7,percepita,ambiente,raspberry_pi_4,camera
325,_result,0,2026-07-18 06:09:33.442244+00:00,2026-07-18 09:09:33.442244+00:00,2026-07-18 08:48:56.725024+00:00,34.7,percepita,ambiente,raspberry_pi_4,camera
326,_result,0,2026-07-18 06:09:33.442244+00:00,2026-07-18 09:09:33.442244+00:00,2026-07-18 08:49:01.997582+00:00,34.7,percepita,ambiente,raspberry_pi_4,camera
327,_result,0,2026-07-18 06:09:33.442244+00:00,2026-07-18 09:09:33.442244+00:00,2026-07-18 08:49:07.260926+00:00,34.7,percepita,ambiente,raspberry_pi_4,camera
328,_result,0,2026-07-18 06:09:33.442244+00:00,2026-07-18 09:09:33.442244+00:00,2026-07-18 08:49:12.531019+00:00,34.7,percepita,ambiente,raspberry_pi_4,camera
329,_result,0,2026-07-18 06:09:33.442244+00:00,2026-07-18 09:09:33.442244+00:00,2026-07-18 08:49:17.792250+00:00,34.7,percepita,ambiente,raspberry_pi_4,camera
330,_result,0,2026-07-18 06:09:33.442244+00:00,2026-07-18 09:09:33.442244+00:00,2026-07-18 08:49:23.062172+00:00,34.7,percepita,ambiente,raspberry_pi_4,camera
331,_result,0,2026-07-18 06:09:33.442244+00:00,2026-07-18 09:09:33.442244+00:00,2026-07-18 08:49:28.322181+00:00,34.7,percepita,ambiente,raspberry_pi_4,camera
332,_result,0,2026-07-18 06:09:33.442244+00:00,2026-07-18 09:09:33.442244+00:00,2026-07-18 08:49:33.593221+00:00,34.7,percepita,ambiente,raspberry_pi_4,camera
333,_result,0,2026-07-18 06:09:33.442244+00:00,2026-07-18 09:09:33.442244+00:00,2026-07-18 08:49:44.117316+00:00,34.7,percepita,ambiente,raspberry_pi_4,camera
334,_result,0,2026-07-18 06:09:33.442244+00:00,2026-07-18 09:09:33.442244+00:00,2026-07-18 08:49:49.377429+00:00,34.7,percepita,ambiente,raspberry_pi_4,camera
335,_result,0,2026-07-18 06:09:33.442244+00:00,2026-07-18 09:09:33.442244+00:00,2026-07-18 08:49:54.647217+00:00,34.7,percepita,ambiente,raspberry_pi_4,camera
336,_result,0,2026-07-18 06:09:33.442244+00:00,2026-07-18 09:09:33.442244+00:00,2026-07-18 08:49:59.907591+00:00,34.7,percepita,ambiente,raspberry_pi_4,camera
337,_result,0,2026-07-18 06:09:33.442244+00:00,2026-07-18 09:09:33.442244+00:00,2026-07-18 08:50:05.186027+00:00,34.7,percepita,ambiente,raspberry_pi_4,camera
338,_result,0,2026-07-18 06:09:33.442244+00:00,2026-07-18 09:09:33.442244+00:00,2026-07-18 08:50:10.446294+00:00,34.7,percepita,ambiente,raspberry_pi_4,camera
339,_result,0,2026-07-18 06:09:33.442244+00:00,2026-07-18 09:09:33.442244+00:00,2026-07-18 08:50:15.716808+00:00,34.7,percepita,ambiente,raspberry_pi_4,camera
340,_result,0,2026-07-18 06:09:33.442244+00:00,2026-07-18 09:09:33.442244+00:00,2026-07-18 08:50:20.976911+00:00,34.7,percepita,ambiente,raspberry_pi_4,camera
341,_result,0,2026-07-18 06:09:33.442244+00:00,2026-07-18 09:09:33.442244+00:00,2026-07-18 08:50:31.501121+00:00,34.7,percepita,ambiente,raspberry_pi_4,camera
342,_result,0,2026-07-18 06:09:33.442244+00:00,2026-07-18 09:09:33.442244+00:00,2026-07-18 08:50:36.772447+00:00,34.7,percepita,ambiente,raspberry_pi_4,camera
343,_result,0,2026-07-18 06:09:33.442244+00:00,2026-07-18 09:09:33.442244+00:00,2026-07-18 08:50:42.032544+00:00,34.7,percepita,ambiente,raspberry_pi_4,camera
344,_result,0,2026-07-18 06:09:33.442244+00:00,2026-07-18 09:09:33.442244+00:00,2026-07-18 08:50:47.302731+00:00,34.7,percepita,ambiente,raspberry_pi_4,camera
345,_result,0,2026-07-18 06:09:33.442244+00:00,2026-07-18 09:09:33.442244+00:00,2026-07-18 08:50:52.562855+00:00,34.7,percepita,ambiente,raspberry_pi_4,camera
346,_result,0,2026-07-18 06:09:33.442244+00:00,2026-07-18 09:09:33.442244+00:00,2026-07-18 08:50:57.833268+00:00,34.7,percepita,ambiente,raspberry_pi_4,camera
347,_result,0,2026-07-18 06:09:33.442244+00:00,2026-07-18 09:09:33.442244+00:00,2026-07-18 08:51:03.093452+00:00,34.7,percepita,ambiente,raspberry_pi_4,camera
348,_result,0,2026-07-18 06:09:33.442244+00:00,2026-07-18 09:09:33.442244+00:00,2026-07-18 08:51:08.364506+00:00,34.7,percepita,ambiente,raspberry_pi_4,camera
349,_result,0,2026-07-18 06:09:33.442244+00:00,2026-07-18 09:09:33.442244+00:00,2026-07-18 08:51:13.625728+00:00,34.7,percepita,ambiente,raspberry_pi_4,camera
350,_result,0,2026-07-18 06:09:33.442244+00:00,2026-07-18 09:09:33.442244+00:00,2026-07-18 08:51:24.149410+00:00,34.7,percepita,ambiente,raspberry_pi_4,camera
351,_result,0,2026-07-18 06:09:33.442244+00:00,2026-07-18 09:09:33.442244+00:00,2026-07-18 08:51:29.420523+00:00,34.7,percepita,ambiente,raspberry_pi_4,camera
352,_result,0,2026-07-18 06:09:33.442244+00:00,2026-07-18 09:09:33.442244+00:00,2026-07-18 08:51:34.682037+00:00,34.7,percepita,ambiente,raspberry_pi_4,camera
353,_result,0,2026-07-18 06:09:33.442244+00:00,2026-07-18 09:09:33.442244+00:00,2026-07-18 08:51:39.952709+00:00,34.7,percepita,ambiente,raspberry_pi_4,camera
354,_result,0,2026-07-18 06:09:33.442244+00:00,2026-07-18 09:09:33.442244+00:00,2026-07-18 08:51:45.212912+00:00,34.7,percepita,ambiente,raspberry_pi_4,camera
355,_result,0,2026-07-18 06:09:33.442244+00:00,2026-07-18 09:09:33.442244+00:00,2026-07-18 08:51:50.484182+00:00,34.7,percepita,ambiente,raspberry_pi_4,camera
356,_result,0,2026-07-18 06:09:33.442244+00:00,2026-07-18 09:09:33.442244+00:00,2026-07-18 08:51:55.744313+00:00,34.7,percepita,ambiente,raspberry_pi_4,camera
357,_result,0,2026-07-18 06:09:33.442244+00:00,2026-07-18 09:09:33.442244+00:00,2026-07-18 08:52:01.021486+00:00,34.7,percepita,ambiente,raspberry_pi_4,camera
358,_result,0,2026-07-18 06:09:33.442244+00:00,2026-07-18 09:09:33.442244+00:00,2026-07-18 08:52:06.287268+00:00,34.7,percepita,ambiente,raspberry_pi_4,camera
359,_result,0,2026-07-18 06:09:33.442244+00:00,2026-07-18 09:09:33.442244+00:00,2026-07-18 08:52:11.556468+00:00,34.7,percepita,ambiente,raspberry_pi_4,camera
360,_result,0,2026-07-18 06:09:33.442244+00:00,2026-07-18 09:09:33.442244+00:00,2026-07-18 08:52:16.816613+00:00,34.7,percepita,ambiente,raspberry_pi_4,camera
361,_result,0,2026-07-18 06:09:33.442244+00:00,2026-07-18 09:09:33.442244+00:00,2026-07-18 08:52:27.340656+00:00,34.7,percepita,ambiente,raspberry_pi_4,camera
362,_result,0,2026-07-18 06:09:33.442244+00:00,2026-07-18 09:09:33.442244+00:00,2026-07-18 08:52:32.611594+00:00,34.7,percepita,ambiente,raspberry_pi_4,camera
363,_result,0,2026-07-18 06:09:33.442244+00:00,2026-07-18 09:09:33.442244+00:00,2026-07-18 08:52:37.871558+00:00,34.7,percepita,ambiente,raspberry_pi_4,camera
364,_result,0,2026-07-18 06:09:33.442244+00:00,2026-07-18 09:09:33.442244+00:00,2026-07-18 08:52:43.141692+00:00,34.7,percepita,ambiente,raspberry_pi_4,camera
365,_result,0,2026-07-18 06:09:33.442244+00:00,2026-07-18 09:09:33.442244+00:00,2026-07-18 08:52:48.402062+00:00,34.7,percepita,ambiente,raspberry_pi_4,camera
366,_result,0,2026-07-18 06:09:33.442244+00:00,2026-07-18 09:09:33.442244+00:00,2026-07-18 08:52:53.671780+00:00,34.7,percepita,ambiente,raspberry_pi_4,camera
367,_result,0,2026-07-18 06:09:33.442244+00:00,2026-07-18 09:09:33.442244+00:00,2026-07-18 08:52:58.932207+00:00,34.7,percepita,ambiente,raspberry_pi_4,camera
368,_result,0,2026-07-18 06:09:33.442244+00:00,2026-07-18 09:09:33.442244+00:00,2026-07-18 08:53:04.203507+00:00,34.7,percepita,ambiente,raspberry_pi_4,camera
369,_result,0,2026-07-18 06:09:33.442244+00:00,2026-07-18 09:09:33.442244+00:00,2026-07-18 08:53:09.463842+00:00,34.7,percepita,ambiente,raspberry_pi_4,camera
370,_result,0,2026-07-18 06:09:33.442244+00:00,2026-07-18 09:09:33.442244+00:00,2026-07-18 08:53:14.734272+00:00,34.7,percepita,ambiente,raspberry_pi_4,camera
371,_result,0,2026-07-18 06:09:33.442244+00:00,2026-07-18 09:09:33.442244+00:00,2026-07-18 08:53:19.994307+00:00,34.7,percepita,ambiente,raspberry_pi_4,camera
372,_result,0,2026-07-18 06:09:33.442244+00:00,2026-07-18 09:09:33.442244+00:00,2026-07-18 08:53:25.264187+00:00,34.5,percepita,ambiente,raspberry_pi_4,camera
373,_result,0,2026-07-18 06:09:33.442244+00:00,2026-07-18 09:09:33.442244+00:00,2026-07-18 08:53:30.524164+00:00,34.5,percepita,ambiente,raspberry_pi_4,camera
374,_result,0,2026-07-18 06:09:33.442244+00:00,2026-07-18 09:09:33.442244+00:00,2026-07-18 08:53:35.795257+00:00,34.5,percepita,ambiente,raspberry_pi_4,camera
375,_result,0,2026-07-18 06:09:33.442244+00:00,2026-07-18 09:09:33.442244+00:00,2026-07-18 08:53:41.055474+00:00,34.5,percepita,ambiente,raspberry_pi_4,camera
376,_result,0,2026-07-18 06:09:33.442244+00:00,2026-07-18 09:09:33.442244+00:00,2026-07-18 08:53:46.340307+00:00,34.5,percepita,ambiente,raspberry_pi_4,camera
377,_result,0,2026-07-18 06:09:33.442244+00:00,2026-07-18 09:09:33.442244+00:00,2026-07-18 08:53:51.615162+00:00,34.5,percepita,ambiente,raspberry_pi_4,camera
378,_result,0,2026-07-18 06:09:33.442244+00:00,2026-07-18 09:09:33.442244+00:00,2026-07-18 08:53:56.904600+00:00,34.5,percepita,ambiente,raspberry_pi_4,camera
379,_result,0,2026-07-18 06:09:33.442244+00:00,2026-07-18 09:09:33.442244+00:00,2026-07-18 08:54:02.166423+00:00,34.5,percepita,ambiente,raspberry_pi_4,camera
380,_result,0,2026-07-18 06:09:33.442244+00:00,2026-07-18 09:09:33.442244+00:00,2026-07-18 08:54:07.437392+00:00,34.7,percepita,ambiente,raspberry_pi_4,camera
381,_result,0,2026-07-18 06:09:33.442244+00:00,2026-07-18 09:09:33.442244+00:00,2026-07-18 08:54:12.697472+00:00,34.7,percepita,ambiente,raspberry_pi_4,camera
382,_result,0,2026-07-18 06:09:33.442244+00:00,2026-07-18 09:09:33.442244+00:00,2026-07-18 08:54:17.967251+00:00,34.7,percepita,ambiente,raspberry_pi_4,camera
383,_result,0,2026-07-18 06:09:33.442244+00:00,2026-07-18 09:09:33.442244+00:00,2026-07-18 08:54:23.227279+00:00,34.7,percepita,ambiente,raspberry_pi_4,camera
384,_result,0,2026-07-18 06:09:33.442244+00:00,2026-07-18 09:09:33.442244+00:00,2026-07-18 08:54:28.497120+00:00,34.7,percepita,ambiente,raspberry_pi_4,camera
385,_result,0,2026-07-18 06:09:33.442244+00:00,2026-07-18 09:09:33.442244+00:00,2026-07-18 08:54:33.757136+00:00,34.7,percepita,ambiente,raspberry_pi_4,camera
386,_result,0,2026-07-18 06:09:33.442244+00:00,2026-07-18 09:09:33.442244+00:00,2026-07-18 08:54:44.282480+00:00,34.7,percepita,ambiente,raspberry_pi_4,camera
387,_result,0,2026-07-18 06:09:33.442244+00:00,2026-07-18 09:09:33.442244+00:00,2026-07-18 08:54:49.551836+00:00,34.7,percepita,ambiente,raspberry_pi_4,camera
388,_result,0,2026-07-18 06:09:33.442244+00:00,2026-07-18 09:09:33.442244+00:00,2026-07-18 08:54:54.812243+00:00,34.7,percepita,ambiente,raspberry_pi_4,camera
389,_result,0,2026-07-18 06:09:33.442244+00:00,2026-07-18 09:09:33.442244+00:00,2026-07-18 08:55:00.081682+00:00,34.7,percepita,ambiente,raspberry_pi_4,camera
390,_result,0,2026-07-18 06:09:33.442244+00:00,2026-07-18 09:09:33.442244+00:00,2026-07-18 08:55:05.344694+00:00,34.7,percepita,ambiente,raspberry_pi_4,camera
391,_result,0,2026-07-18 06:09:33.442244+00:00,2026-07-18 09:09:33.442244+00:00,2026-07-18 08:55:10.614491+00:00,34.7,percepita,ambiente,raspberry_pi_4,camera
392,_result,0,2026-07-18 06:09:33.442244+00:00,2026-07-18 09:09:33.442244+00:00,2026-07-18 08:55:15.874687+00:00,34.7,percepita,ambiente,raspberry_pi_4,camera
393,_result,0,2026-07-18 06:09:33.442244+00:00,2026-07-18 09:09:33.442244+00:00,2026-07-18 08:55:21.144843+00:00,34.7,percepita,ambiente,raspberry_pi_4,camera
394,_result,0,2026-07-18 06:09:33.442244+00:00,2026-07-18 09:09:33.442244+00:00,2026-07-18 08:55:26.405185+00:00,34.5,percepita,ambiente,raspberry_pi_4,camera
395,_result,0,2026-07-18 06:09:33.442244+00:00,2026-07-18 09:09:33.442244+00:00,2026-07-18 08:55:36.930534+00:00,34.5,percepita,ambiente,raspberry_pi_4,camera
396,_result,0,2026-07-18 06:09:33.442244+00:00,2026-07-18 09:09:33.442244+00:00,2026-07-18 08:55:42.200793+00:00,34.3,percepita,ambiente,raspberry_pi_4,camera
397,_result,0,2026-07-18 06:09:33.442244+00:00,2026-07-18 09:09:33.442244+00:00,2026-07-18 08:55:47.461038+00:00,34.5,percepita,ambiente,raspberry_pi_4,camera
398,_result,0,2026-07-18 06:09:33.442244+00:00,2026-07-18 09:09:33.442244+00:00,2026-07-18 08:55:52.730691+00:00,34.3,percepita,ambiente,raspberry_pi_4,camera
399,_result,0,2026-07-18 06:09:33.442244+00:00,2026-07-18 09:09:33.442244+00:00,2026-07-18 08:55:57.991203+00:00,34.2,percepita,ambiente,raspberry_pi_4,camera
400,_result,0,2026-07-18 06:09:33.442244+00:00,2026-07-18 09:09:33.442244+00:00,2026-07-18 08:56:03.262477+00:00,34.2,percepita,ambiente,raspberry_pi_4,camera
401,_result,0,2026-07-18 06:09:33.442244+00:00,2026-07-18 09:09:33.442244+00:00,2026-07-18 08:56:08.522648+00:00,34.4,percepita,ambiente,raspberry_pi_4,camera
402,_result,0,2026-07-18 06:09:33.442244+00:00,2026-07-18 09:09:33.442244+00:00,2026-07-18 08:56:13.797170+00:00,34.2,percepita,ambiente,raspberry_pi_4,camera
403,_result,0,2026-07-18 06:09:33.442244+00:00,2026-07-18 09:09:33.442244+00:00,2026-07-18 08:56:24.321011+00:00,34.2,percepita,ambiente,raspberry_pi_4,camera
404,_result,0,2026-07-18 06:09:33.442244+00:00,2026-07-18 09:09:33.442244+00:00,2026-07-18 08:56:29.581161+00:00,34.2,percepita,ambiente,raspberry_pi_4,camera
405,_result,0,2026-07-18 06:09:33.442244+00:00,2026-07-18 09:09:33.442244+00:00,2026-07-18 08:56:34.852544+00:00,34.3,percepita,ambiente,raspberry_pi_4,camera
406,_result,0,2026-07-18 06:09:33.442244+00:00,2026-07-18 09:09:33.442244+00:00,2026-07-18 08:56:40.112701+00:00,34.2,percepita,ambiente,raspberry_pi_4,camera
407,_result,0,2026-07-18 06:09:33.442244+00:00,2026-07-18 09:09:33.442244+00:00,2026-07-18 08:56:45.382962+00:00,34.2,percepita,ambiente,raspberry_pi_4,camera
408,_result,0,2026-07-18 06:09:33.442244+00:00,2026-07-18 09:09:33.442244+00:00,2026-07-18 08:56:50.643074+00:00,34.3,percepita,ambiente,raspberry_pi_4,camera
409,_result,0,2026-07-18 06:09:33.442244+00:00,2026-07-18 09:09:33.442244+00:00,2026-07-18 08:56:55.912553+00:00,34.2,percepita,ambiente,raspberry_pi_4,camera
410,_result,0,2026-07-18 06:09:33.442244+00:00,2026-07-18 09:09:33.442244+00:00,2026-07-18 08:57:01.173026+00:00,34.2,percepita,ambiente,raspberry_pi_4,camera
411,_result,0,2026-07-18 06:09:33.442244+00:00,2026-07-18 09:09:33.442244+00:00,2026-07-18 08:57:06.447332+00:00,34.2,percepita,ambiente,raspberry_pi_4,camera
412,_result,0,2026-07-18 06:09:33.442244+00:00,2026-07-18 09:09:33.442244+00:00,2026-07-18 08:57:11.711376+00:00,34.4,percepita,ambiente,raspberry_pi_4,camera
413,_result,0,2026-07-18 06:09:33.442244+00:00,2026-07-18 09:09:33.442244+00:00,2026-07-18 08:57:16.981257+00:00,34.3,percepita,ambiente,raspberry_pi_4,camera
414,_result,0,2026-07-18 06:09:33.442244+00:00,2026-07-18 09:09:33.442244+00:00,2026-07-18 08:57:22.241479+00:00,34.3,percepita,ambiente,raspberry_pi_4,camera
415,_result,0,2026-07-18 06:09:33.442244+00:00,2026-07-18 09:09:33.442244+00:00,2026-07-18 08:57:27.511353+00:00,34.2,percepita,ambiente,raspberry_pi_4,camera
416,_result,0,2026-07-18 06:09:33.442244+00:00,2026-07-18 09:09:33.442244+00:00,2026-07-18 08:57:32.771637+00:00,34.3,percepita,ambiente,raspberry_pi_4,camera
417,_result,0,2026-07-18 06:09:33.442244+00:00,2026-07-18 09:09:33.442244+00:00,2026-07-18 08:57:43.297221+00:00,34.2,percepita,ambiente,raspberry_pi_4,camera
418,_result,0,2026-07-18 06:09:33.442244+00:00,2026-07-18 09:09:33.442244+00:00,2026-07-18 08:57:48.580813+00:00,34.3,percepita,ambiente,raspberry_pi_4,camera
419,_result,0,2026-07-18 06:09:33.442244+00:00,2026-07-18 09:09:33.442244+00:00,2026-07-18 08:57:53.841156+00:00,34.3,percepita,ambiente,raspberry_pi_4,camera
420,_result,0,2026-07-18 06:09:33.442244+00:00,2026-07-18 09:09:33.442244+00:00,2026-07-18 08:57:59.110504+00:00,34.3,percepita,ambiente,raspberry_pi_4,camera
421,_result,0,2026-07-18 06:09:33.442244+00:00,2026-07-18 09:09:33.442244+00:00,2026-07-18 08:58:04.370685+00:00,34.1,percepita,ambiente,raspberry_pi_4,camera
422,_result,0,2026-07-18 06:09:33.442244+00:00,2026-07-18 09:09:33.442244+00:00,2026-07-18 08:58:09.641502+00:00,34.1,percepita,ambiente,raspberry_pi_4,camera
423,_result,0,2026-07-18 06:09:33.442244+00:00,2026-07-18 09:09:33.442244+00:00,2026-07-18 08:58:14.901666+00:00,34.3,percepita,ambiente,raspberry_pi_4,camera
424,_result,0,2026-07-18 06:09:33.442244+00:00,2026-07-18 09:09:33.442244+00:00,2026-07-18 08:58:20.171296+00:00,34.1,percepita,ambiente,raspberry_pi_4,camera
425,_result,0,2026-07-18 06:09:33.442244+00:00,2026-07-18 09:09:33.442244+00:00,2026-07-18 08:58:25.431402+00:00,34.1,percepita,ambiente,raspberry_pi_4,camera
426,_result,0,2026-07-18 06:09:33.442244+00:00,2026-07-18 09:09:33.442244+00:00,2026-07-18 08:58:30.701305+00:00,34.1,percepita,ambiente,raspberry_pi_4,camera
427,_result,0,2026-07-18 06:09:33.442244+00:00,2026-07-18 09:09:33.442244+00:00,2026-07-18 08:58:35.962818+00:00,34.1,percepita,ambiente,raspberry_pi_4,camera
428,_result,0,2026-07-18 06:09:33.442244+00:00,2026-07-18 09:09:33.442244+00:00,2026-07-18 08:58:41.232603+00:00,34.1,percepita,ambiente,raspberry_pi_4,camera
429,_result,0,2026-07-18 06:09:33.442244+00:00,2026-07-18 09:09:33.442244+00:00,2026-07-18 08:58:46.492809+00:00,34.1,percepita,ambiente,raspberry_pi_4,camera
430,_result,0,2026-07-18 06:09:33.442244+00:00,2026-07-18 09:09:33.442244+00:00,2026-07-18 08:58:51.763903+00:00,34.1,percepita,ambiente,raspberry_pi_4,camera
431,_result,0,2026-07-18 06:09:33.442244+00:00,2026-07-18 09:09:33.442244+00:00,2026-07-18 08:58:57.024999+00:00,34.1,percepita,ambiente,raspberry_pi_4,camera
432,_result,0,2026-07-18 06:09:33.442244+00:00,2026-07-18 09:09:33.442244+00:00,2026-07-18 08:59:02.298782+00:00,34.1,percepita,ambiente,raspberry_pi_4,camera
433,_result,0,2026-07-18 06:09:33.442244+00:00,2026-07-18 09:09:33.442244+00:00,2026-07-18 08:59:07.559877+00:00,34.1,percepita,ambiente,raspberry_pi_4,camera
434,_result,0,2026-07-18 06:09:33.442244+00:00,2026-07-18 09:09:33.442244+00:00,2026-07-18 08:59:12.829286+00:00,34.1,percepita,ambiente,raspberry_pi_4,camera
435,_result,0,2026-07-18 06:09:33.442244+00:00,2026-07-18 09:09:33.442244+00:00,2026-07-18 08:59:18.089522+00:00,34.1,percepita,ambiente,raspberry_pi_4,camera
436,_result,0,2026-07-18 06:09:33.442244+00:00,2026-07-18 09:09:33.442244+00:00,2026-07-18 08:59:23.359229+00:00,34.1,percepita,ambiente,raspberry_pi_4,camera
437,_result,0,2026-07-18 06:09:33.442244+00:00,2026-07-18 09:09:33.442244+00:00,2026-07-18 08:59:33.892893+00:00,34.1,percepita,ambiente,raspberry_pi_4,camera
438,_result,0,2026-07-18 06:09:33.442244+00:00,2026-07-18 09:09:33.442244+00:00,2026-07-18 08:59:39.153115+00:00,34.1,percepita,ambiente,raspberry_pi_4,camera
439,_result,0,2026-07-18 06:09:33.442244+00:00,2026-07-18 09:09:33.442244+00:00,2026-07-18 08:59:44.422641+00:00,34.3,percepita,ambiente,raspberry_pi_4,camera
440,_result,0,2026-07-18 06:09:33.442244+00:00,2026-07-18 09:09:33.442244+00:00,2026-07-18 08:59:49.682722+00:00,34.3,percepita,ambiente,raspberry_pi_4,camera
441,_result,0,2026-07-18 06:09:33.442244+00:00,2026-07-18 09:09:33.442244+00:00,2026-07-18 08:59:54.952284+00:00,34.1,percepita,ambiente,raspberry_pi_4,camera
442,_result,0,2026-07-18 06:09:33.442244+00:00,2026-07-18 09:09:33.442244+00:00,2026-07-18 09:00:00.212375+00:00,34.2,percepita,ambiente,raspberry_pi_4,camera
443,_result,0,2026-07-18 06:09:33.442244+00:00,2026-07-18 09:09:33.442244+00:00,2026-07-18 09:00:05.483443+00:00,34.1,percepita,ambiente,raspberry_pi_4,camera
444,_result,0,2026-07-18 06:09:33.442244+00:00,2026-07-18 09:09:33.442244+00:00,2026-07-18 09:00:10.744009+00:00,34.1,percepita,ambiente,raspberry_pi_4,camera
445,_result,0,2026-07-18 06:09:33.442244+00:00,2026-07-18 09:09:33.442244+00:00,2026-07-18 09:00:16.013353+00:00,34.3,percepita,ambiente,raspberry_pi_4,camera
446,_result,0,2026-07-18 06:09:33.442244+00:00,2026-07-18 09:09:33.442244+00:00,2026-07-18 09:00:21.273550+00:00,34.1,percepita,ambiente,raspberry_pi_4,camera
447,_result,0,2026-07-18 06:09:33.442244+00:00,2026-07-18 09:09:33.442244+00:00,2026-07-18 09:00:26.543387+00:00,34.3,percepita,ambiente,raspberry_pi_4,camera
448,_result,0,2026-07-18 06:09:33.442244+00:00,2026-07-18 09:09:33.442244+00:00,2026-07-18 09:00:31.803500+00:00,34.3,percepita,ambiente,raspberry_pi_4,camera
449,_result,0,2026-07-18 06:09:33.442244+00:00,2026-07-18 09:09:33.442244+00:00,2026-07-18 09:00:37.075900+00:00,34.1,percepita,ambiente,raspberry_pi_4,camera
450,_result,0,2026-07-18 06:09:33.442244+00:00,2026-07-18 09:09:33.442244+00:00,2026-07-18 09:00:42.336284+00:00,34.2,percepita,ambiente,raspberry_pi_4,camera
451,_result,0,2026-07-18 06:09:33.442244+00:00,2026-07-18 09:09:33.442244+00:00,2026-07-18 09:00:47.606542+00:00,34.2,percepita,ambiente,raspberry_pi_4,camera
452,_result,0,2026-07-18 06:09:33.442244+00:00,2026-07-18 09:09:33.442244+00:00,2026-07-18 09:00:52.866889+00:00,34.2,percepita,ambiente,raspberry_pi_4,camera
453,_result,0,2026-07-18 06:09:33.442244+00:00,2026-07-18 09:09:33.442244+00:00,2026-07-18 09:00:58.136115+00:00,34.4,percepita,ambiente,raspberry_pi_4,camera
454,_result,0,2026-07-18 06:09:33.442244+00:00,2026-07-18 09:09:33.442244+00:00,2026-07-18 09:01:03.396248+00:00,34.2,percepita,ambiente,raspberry_pi_4,camera
455,_result,0,2026-07-18 06:09:33.442244+00:00,2026-07-18 09:09:33.442244+00:00,2026-07-18 09:01:08.666918+00:00,34.2,percepita,ambiente,raspberry_pi_4,camera
456,_result,0,2026-07-18 06:09:33.442244+00:00,2026-07-18 09:09:33.442244+00:00,2026-07-18 09:01:19.190853+00:00,34.4,percepita,ambiente,raspberry_pi_4,camera
457,_result,0,2026-07-18 06:09:33.442244+00:00,2026-07-18 09:09:33.442244+00:00,2026-07-18 09:01:24.450876+00:00,34.6,percepita,ambiente,raspberry_pi_4,camera
458,_result,0,2026-07-18 06:09:33.442244+00:00,2026-07-18 09:09:33.442244+00:00,2026-07-18 09:01:29.720344+00:00,34.4,percepita,ambiente,raspberry_pi_4,camera
459,_result,0,2026-07-18 06:09:33.442244+00:00,2026-07-18 09:09:33.442244+00:00,2026-07-18 09:01:34.981881+00:00,34.6,percepita,ambiente,raspberry_pi_4,camera
460,_result,0,2026-07-18 06:09:33.442244+00:00,2026-07-18 09:09:33.442244+00:00,2026-07-18 09:01:40.251816+00:00,34.6,percepita,ambiente,raspberry_pi_4,camera
461,_result,0,2026-07-18 06:09:33.442244+00:00,2026-07-18 09:09:33.442244+00:00,2026-07-18 09:01:45.511947+00:00,34.4,percepita,ambiente,raspberry_pi_4,camera
462,_result,0,2026-07-18 06:09:33.442244+00:00,2026-07-18 09:09:33.442244+00:00,2026-07-18 09:01:50.781270+00:00,34.4,percepita,ambiente,raspberry_pi_4,camera
463,_result,0,2026-07-18 06:09:33.442244+00:00,2026-07-18 09:09:33.442244+00:00,2026-07-18 09:01:56.041535+00:00,34.7,percepita,ambiente,raspberry_pi_4,camera
464,_result,0,2026-07-18 06:09:33.442244+00:00,2026-07-18 09:09:33.442244+00:00,2026-07-18 09:02:01.311155+00:00,34.6,percepita,ambiente,raspberry_pi_4,camera
465,_result,0,2026-07-18 06:09:33.442244+00:00,2026-07-18 09:09:33.442244+00:00,2026-07-18 09:02:06.573073+00:00,34.7,percepita,ambiente,raspberry_pi_4,camera
466,_result,0,2026-07-18 06:09:33.442244+00:00,2026-07-18 09:09:33.442244+00:00,2026-07-18 09:02:11.842647+00:00,34.6,percepita,ambiente,raspberry_pi_4,camera
467,_result,0,2026-07-18 06:09:33.442244+00:00,2026-07-18 09:09:33.442244+00:00,2026-07-18 09:02:17.102721+00:00,34.6,percepita,ambiente,raspberry_pi_4,camera
468,_result,0,2026-07-18 06:09:33.442244+00:00,2026-07-18 09:09:33.442244+00:00,2026-07-18 09:02:22.372710+00:00,34.6,percepita,ambiente,raspberry_pi_4,camera
469,_result,0,2026-07-18 06:09:33.442244+00:00,2026-07-18 09:09:33.442244+00:00,2026-07-18 09:02:27.632694+00:00,34.6,percepita,ambiente,raspberry_pi_4,camera
470,_result,0,2026-07-18 06:09:33.442244+00:00,2026-07-18 09:09:33.442244+00:00,2026-07-18 09:02:32.903555+00:00,34.7,percepita,ambiente,raspberry_pi_4,camera
471,_result,0,2026-07-18 06:09:33.442244+00:00,2026-07-18 09:09:33.442244+00:00,2026-07-18 09:02:38.163642+00:00,34.7,percepita,ambiente,raspberry_pi_4,camera
472,_result,0,2026-07-18 06:09:33.442244+00:00,2026-07-18 09:09:33.442244+00:00,2026-07-18 09:02:43.434446+00:00,34.7,percepita,ambiente,raspberry_pi_4,camera
473,_result,0,2026-07-18 06:09:33.442244+00:00,2026-07-18 09:09:33.442244+00:00,2026-07-18 09:02:48.694569+00:00,34.7,percepita,ambiente,raspberry_pi_4,camera
474,_result,0,2026-07-18 06:09:33.442244+00:00,2026-07-18 09:09:33.442244+00:00,2026-07-18 09:02:53.964432+00:00,34.7,percepita,ambiente,raspberry_pi_4,camera
475,_result,0,2026-07-18 06:09:33.442244+00:00,2026-07-18 09:09:33.442244+00:00,2026-07-18 09:02:59.224545+00:00,34.7,percepita,ambiente,raspberry_pi_4,camera
476,_result,0,2026-07-18 06:09:33.442244+00:00,2026-07-18 09:09:33.442244+00:00,2026-07-18 09:03:04.495640+00:00,34.7,percepita,ambiente,raspberry_pi_4,camera
477,_result,0,2026-07-18 06:09:33.442244+00:00,2026-07-18 09:09:33.442244+00:00,2026-07-18 09:03:09.756067+00:00,34.7,percepita,ambiente,raspberry_pi_4,camera
478,_result,0,2026-07-18 06:09:33.442244+00:00,2026-07-18 09:09:33.442244+00:00,2026-07-18 09:03:15.026076+00:00,34.7,percepita,ambiente,raspberry_pi_4,camera
479,_result,0,2026-07-18 06:09:33.442244+00:00,2026-07-18 09:09:33.442244+00:00,2026-07-18 09:03:20.286252+00:00,34.7,percepita,ambiente,raspberry_pi_4,camera
480,_result,0,2026-07-18 06:09:33.442244+00:00,2026-07-18 09:09:33.442244+00:00,2026-07-18 09:03:25.556590+00:00,34.7,percepita,ambiente,raspberry_pi_4,camera
481,_result,0,2026-07-18 06:09:33.442244+00:00,2026-07-18 09:09:33.442244+00:00,2026-07-18 09:03:30.816949+00:00,34.7,percepita,ambiente,raspberry_pi_4,camera
482,_result,0,2026-07-18 06:09:33.442244+00:00,2026-07-18 09:09:33.442244+00:00,2026-07-18 09:03:36.102917+00:00,34.7,percepita,ambiente,raspberry_pi_4,camera
483,_result,0,2026-07-18 06:09:33.442244+00:00,2026-07-18 09:09:33.442244+00:00,2026-07-18 09:03:41.363010+00:00,34.7,percepita,ambiente,raspberry_pi_4,camera
484,_result,0,2026-07-18 06:09:33.442244+00:00,2026-07-18 09:09:33.442244+00:00,2026-07-18 09:03:46.633206+00:00,34.7,percepita,ambiente,raspberry_pi_4,camera
485,_result,0,2026-07-18 06:09:33.442244+00:00,2026-07-18 09:09:33.442244+00:00,2026-07-18 09:03:51.893261+00:00,34.7,percepita,ambiente,raspberry_pi_4,camera
486,_result,0,2026-07-18 06:09:33.442244+00:00,2026-07-18 09:09:33.442244+00:00,2026-07-18 09:03:57.162769+00:00,34.7,percepita,ambiente,raspberry_pi_4,camera
487,_result,0,2026-07-18 06:09:33.442244+00:00,2026-07-18 09:09:33.442244+00:00,2026-07-18 09:04:02.423324+00:00,34.7,percepita,ambiente,raspberry_pi_4,camera
488,_result,0,2026-07-18 06:09:33.442244+00:00,2026-07-18 09:09:33.442244+00:00,2026-07-18 09:04:07.694888+00:00,34.7,percepita,ambiente,raspberry_pi_4,camera
489,_result,0,2026-07-18 06:09:33.442244+00:00,2026-07-18 09:09:33.442244+00:00,2026-07-18 09:04:12.955217+00:00,34.7,percepita,ambiente,raspberry_pi_4,camera
490,_result,0,2026-07-18 06:09:33.442244+00:00,2026-07-18 09:09:33.442244+00:00,2026-07-18 09:04:18.224857+00:00,34.7,percepita,ambiente,raspberry_pi_4,camera
491,_result,0,2026-07-18 06:09:33.442244+00:00,2026-07-18 09:09:33.442244+00:00,2026-07-18 09:04:23.485395+00:00,34.7,percepita,ambiente,raspberry_pi_4,camera
492,_result,0,2026-07-18 06:09:33.442244+00:00,2026-07-18 09:09:33.442244+00:00,2026-07-18 09:04:28.755683+00:00,34.7,percepita,ambiente,raspberry_pi_4,camera
493,_result,0,2026-07-18 06:09:33.442244+00:00,2026-07-18 09:09:33.442244+00:00,2026-07-18 09:04:34.016837+00:00,34.7,percepita,ambiente,raspberry_pi_4,camera
494,_result,0,2026-07-18 06:09:33.442244+00:00,2026-07-18 09:09:33.442244+00:00,2026-07-18 09:04:39.287994+00:00,34.7,percepita,ambiente,raspberry_pi_4,camera
495,_result,0,2026-07-18 06:09:33.442244+00:00,2026-07-18 09:09:33.442244+00:00,2026-07-18 09:04:44.548376+00:00,34.7,percepita,ambiente,raspberry_pi_4,camera
496,_result,0,2026-07-18 06:09:33.442244+00:00,2026-07-18 09:09:33.442244+00:00,2026-07-18 09:04:49.817910+00:00,34.7,percepita,ambiente,raspberry_pi_4,camera
497,_result,0,2026-07-18 06:09:33.442244+00:00,2026-07-18 09:09:33.442244+00:00,2026-07-18 09:04:55.078058+00:00,34.7,percepita,ambiente,raspberry_pi_4,camera
498,_result,0,2026-07-18 06:09:33.442244+00:00,2026-07-18 09:09:33.442244+00:00,2026-07-18 09:05:00.348187+00:00,34.7,percepita,ambiente,raspberry_pi_4,camera
499,_result,0,2026-07-18 06:09:33.442244+00:00,2026-07-18 09:09:33.442244+00:00,2026-07-18 09:05:05.609985+00:00,34.7,percepita,ambiente,raspberry_pi_4,camera
500,_result,0,2026-07-18 06:09:33.442244+00:00,2026-07-18 09:09:33.442244+00:00,2026-07-18 09:05:10.879649+00:00,34.7,percepita,ambiente,raspberry_pi_4,camera
501,_result,0,2026-07-18 06:09:33.442244+00:00,2026-07-18 09:09:33.442244+00:00,2026-07-18 09:05:16.140174+00:00,34.7,percepita,ambiente,raspberry_pi_4,camera
502,_result,0,2026-07-18 06:09:33.442244+00:00,2026-07-18 09:09:33.442244+00:00,2026-07-18 09:05:21.409591+00:00,34.7,percepita,ambiente,raspberry_pi_4,camera
503,_result,0,2026-07-18 06:09:33.442244+00:00,2026-07-18 09:09:33.442244+00:00,2026-07-18 09:05:26.669901+00:00,34.7,percepita,ambiente,raspberry_pi_4,camera
504,_result,0,2026-07-18 06:09:33.442244+00:00,2026-07-18 09:09:33.442244+00:00,2026-07-18 09:05:31.942235+00:00,34.7,percepita,ambiente,raspberry_pi_4,camera
505,_result,0,2026-07-18 06:09:33.442244+00:00,2026-07-18 09:09:33.442244+00:00,2026-07-18 09:05:37.202412+00:00,34.7,percepita,ambiente,raspberry_pi_4,camera
506,_result,0,2026-07-18 06:09:33.442244+00:00,2026-07-18 09:09:33.442244+00:00,2026-07-18 09:05:42.473041+00:00,34.7,percepita,ambiente,raspberry_pi_4,camera
507,_result,0,2026-07-18 06:09:33.442244+00:00,2026-07-18 09:09:33.442244+00:00,2026-07-18 09:05:47.733372+00:00,34.7,percepita,ambiente,raspberry_pi_4,camera
508,_result,0,2026-07-18 06:09:33.442244+00:00,2026-07-18 09:09:33.442244+00:00,2026-07-18 09:05:58.257413+00:00,34.7,percepita,ambiente,raspberry_pi_4,camera
509,_result,0,2026-07-18 06:09:33.442244+00:00,2026-07-18 09:09:33.442244+00:00,2026-07-18 09:06:03.528690+00:00,34.7,percepita,ambiente,raspberry_pi_4,camera
510,_result,0,2026-07-18 06:09:33.442244+00:00,2026-07-18 09:09:33.442244+00:00,2026-07-18 09:06:08.789451+00:00,34.7,percepita,ambiente,raspberry_pi_4,camera
511,_result,0,2026-07-18 06:09:33.442244+00:00,2026-07-18 09:09:33.442244+00:00,2026-07-18 09:06:14.060389+00:00,34.7,percepita,ambiente,raspberry_pi_4,camera
512,_result,0,2026-07-18 06:09:33.442244+00:00,2026-07-18 09:09:33.442244+00:00,2026-07-18 09:06:19.320463+00:00,34.5,percepita,ambiente,raspberry_pi_4,camera
513,_result,0,2026-07-18 06:09:33.442244+00:00,2026-07-18 09:09:33.442244+00:00,2026-07-18 09:06:24.591261+00:00,34.5,percepita,ambiente,raspberry_pi_4,camera
514,_result,0,2026-07-18 06:09:33.442244+00:00,2026-07-18 09:09:33.442244+00:00,2026-07-18 09:06:29.851250+00:00,34.3,percepita,ambiente,raspberry_pi_4,camera
515,_result,0,2026-07-18 06:09:33.442244+00:00,2026-07-18 09:09:33.442244+00:00,2026-07-18 09:06:35.122588+00:00,34.3,percepita,ambiente,raspberry_pi_4,camera
516,_result,0,2026-07-18 06:09:33.442244+00:00,2026-07-18 09:09:33.442244+00:00,2026-07-18 09:06:40.384034+00:00,34.0,percepita,ambiente,raspberry_pi_4,camera
517,_result,0,2026-07-18 06:09:33.442244+00:00,2026-07-18 09:09:33.442244+00:00,2026-07-18 09:06:45.654048+00:00,33.9,percepita,ambiente,raspberry_pi_4,camera
518,_result,0,2026-07-18 06:09:33.442244+00:00,2026-07-18 09:09:33.442244+00:00,2026-07-18 09:06:50.914234+00:00,34.1,percepita,ambiente,raspberry_pi_4,camera
519,_result,0,2026-07-18 06:09:33.442244+00:00,2026-07-18 09:09:33.442244+00:00,2026-07-18 09:06:56.183750+00:00,34.1,percepita,ambiente,raspberry_pi_4,camera
520,_result,0,2026-07-18 06:09:33.442244+00:00,2026-07-18 09:09:33.442244+00:00,2026-07-18 09:07:01.444096+00:00,34.1,percepita,ambiente,raspberry_pi_4,camera
521,_result,0,2026-07-18 06:09:33.442244+00:00,2026-07-18 09:09:33.442244+00:00,2026-07-18 09:07:06.715318+00:00,34.1,percepita,ambiente,raspberry_pi_4,camera
522,_result,0,2026-07-18 06:09:33.442244+00:00,2026-07-18 09:09:33.442244+00:00,2026-07-18 09:07:11.975590+00:00,34.1,percepita,ambiente,raspberry_pi_4,camera
523,_result,0,2026-07-18 06:09:33.442244+00:00,2026-07-18 09:09:33.442244+00:00,2026-07-18 09:07:17.245543+00:00,34.1,percepita,ambiente,raspberry_pi_4,camera
524,_result,0,2026-07-18 06:09:33.442244+00:00,2026-07-18 09:09:33.442244+00:00,2026-07-18 09:07:22.505520+00:00,34.1,percepita,ambiente,raspberry_pi_4,camera
525,_result,0,2026-07-18 06:09:33.442244+00:00,2026-07-18 09:09:33.442244+00:00,2026-07-18 09:07:27.774894+00:00,34.1,percepita,ambiente,raspberry_pi_4,camera
526,_result,0,2026-07-18 06:09:33.442244+00:00,2026-07-18 09:09:33.442244+00:00,2026-07-18 09:07:33.035283+00:00,34.1,percepita,ambiente,raspberry_pi_4,camera
527,_result,0,2026-07-18 06:09:33.442244+00:00,2026-07-18 09:09:33.442244+00:00,2026-07-18 09:07:38.306504+00:00,34.1,percepita,ambiente,raspberry_pi_4,camera
528,_result,0,2026-07-18 06:09:33.442244+00:00,2026-07-18 09:09:33.442244+00:00,2026-07-18 09:07:43.566406+00:00,34.1,percepita,ambiente,raspberry_pi_4,camera
529,_result,0,2026-07-18 06:09:33.442244+00:00,2026-07-18 09:09:33.442244+00:00,2026-07-18 09:07:48.836191+00:00,34.1,percepita,ambiente,raspberry_pi_4,camera
530,_result,0,2026-07-18 06:09:33.442244+00:00,2026-07-18 09:09:33.442244+00:00,2026-07-18 09:07:54.096922+00:00,34.1,percepita,ambiente,raspberry_pi_4,camera
531,_result,0,2026-07-18 06:09:33.442244+00:00,2026-07-18 09:09:33.442244+00:00,2026-07-18 09:07:59.366574+00:00,34.1,percepita,ambiente,raspberry_pi_4,camera
532,_result,0,2026-07-18 06:09:33.442244+00:00,2026-07-18 09:09:33.442244+00:00,2026-07-18 09:08:04.628611+00:00,34.1,percepita,ambiente,raspberry_pi_4,camera
533,_result,0,2026-07-18 06:09:33.442244+00:00,2026-07-18 09:09:33.442244+00:00,2026-07-18 09:08:09.897931+00:00,34.1,percepita,ambiente,raspberry_pi_4,camera
534,_result,0,2026-07-18 06:09:33.442244+00:00,2026-07-18 09:09:33.442244+00:00,2026-07-18 09:08:15.158992+00:00,34.1,percepita,ambiente,raspberry_pi_4,camera
535,_result,0,2026-07-18 06:09:33.442244+00:00,2026-07-18 09:09:33.442244+00:00,2026-07-18 09:08:20.428721+00:00,34.1,percepita,ambiente,raspberry_pi_4,camera
536,_result,0,2026-07-18 06:09:33.442244+00:00,2026-07-18 09:09:33.442244+00:00,2026-07-18 09:08:25.688869+00:00,34.1,percepita,ambiente,raspberry_pi_4,camera
537,_result,0,2026-07-18 06:09:33.442244+00:00,2026-07-18 09:09:33.442244+00:00,2026-07-18 09:08:30.959981+00:00,34.1,percepita,ambiente,raspberry_pi_4,camera
538,_result,0,2026-07-18 06:09:33.442244+00:00,2026-07-18 09:09:33.442244+00:00,2026-07-18 09:08:41.485343+00:00,34.1,percepita,ambiente,raspberry_pi_4,camera
539,_result,0,2026-07-18 06:09:33.442244+00:00,2026-07-18 09:09:33.442244+00:00,2026-07-18 09:08:46.745416+00:00,34.1,percepita,ambiente,raspberry_pi_4,camera
540,_result,0,2026-07-18 06:09:33.442244+00:00,2026-07-18 09:09:33.442244+00:00,2026-07-18 09:08:52.014947+00:00,34.1,percepita,ambiente,raspberry_pi_4,camera
541,_result,0,2026-07-18 06:09:33.442244+00:00,2026-07-18 09:09:33.442244+00:00,2026-07-18 09:08:57.275271+00:00,34.1,percepita,ambiente,raspberry_pi_4,camera
542,_result,0,2026-07-18 06:09:33.442244+00:00,2026-07-18 09:09:33.442244+00:00,2026-07-18 09:09:02.546296+00:00,34.1,percepita,ambiente,raspberry_pi_4,camera
543,_result,0,2026-07-18 06:09:33.442244+00:00,2026-07-18 09:09:33.442244+00:00,2026-07-18 09:09:07.806178+00:00,34.1,percepita,ambiente,raspberry_pi_4,camera
544,_result,0,2026-07-18 06:09:33.442244+00:00,2026-07-18 09:09:33.442244+00:00,2026-07-18 09:09:13.076129+00:00,34.1,percepita,ambiente,raspberry_pi_4,camera
545,_result,0,2026-07-18 06:09:33.442244+00:00,2026-07-18 09:09:33.442244+00:00,2026-07-18 09:09:18.336261+00:00,34.1,percepita,ambiente,raspberry_pi_4,camera
546,_result,0,2026-07-18 06:09:33.442244+00:00,2026-07-18 09:09:33.442244+00:00,2026-07-18 09:09:23.605544+00:00,34.1,percepita,ambiente,raspberry_pi_4,camera
547,_result,0,2026-07-18 06:09:33.442244+00:00,2026-07-18 09:09:33.442244+00:00,2026-07-18 09:09:28.865798+00:00,34.1,percepita,ambiente,raspberry_pi_4,camera
548,_result,1,2026-07-18 06:09:33.442244+00:00,2026-07-18 09:09:33.442244+00:00,2026-07-18 08:19:14.559159+00:00,32.8,temperatura,ambiente,raspberry_pi_4,camera
549,_result,1,2026-07-18 06:09:33.442244+00:00,2026-07-18 09:09:33.442244+00:00,2026-07-18 08:19:19.864254+00:00,32.8,temperatura,ambiente,raspberry_pi_4,camera
550,_result,1,2026-07-18 06:09:33.442244+00:00,2026-07-18 09:09:33.442244+00:00,2026-07-18 08:19:25.154050+00:00,32.8,temperatura,ambiente,raspberry_pi_4,camera
551,_result,1,2026-07-18 06:09:33.442244+00:00,2026-07-18 09:09:33.442244+00:00,2026-07-18 08:19:35.711332+00:00,32.8,temperatura,ambiente,raspberry_pi_4,camera
552,_result,1,2026-07-18 06:09:33.442244+00:00,2026-07-18 09:09:33.442244+00:00,2026-07-18 08:19:40.980813+00:00,32.8,temperatura,ambiente,raspberry_pi_4,camera
553,_result,1,2026-07-18 06:09:33.442244+00:00,2026-07-18 09:09:33.442244+00:00,2026-07-18 08:19:46.252227+00:00,32.8,temperatura,ambiente,raspberry_pi_4,camera
554,_result,1,2026-07-18 06:09:33.442244+00:00,2026-07-18 09:09:33.442244+00:00,2026-07-18 08:19:51.515667+00:00,32.8,temperatura,ambiente,raspberry_pi_4,camera
555,_result,1,2026-07-18 06:09:33.442244+00:00,2026-07-18 09:09:33.442244+00:00,2026-07-18 08:19:56.787080+00:00,32.8,temperatura,ambiente,raspberry_pi_4,camera
556,_result,1,2026-07-18 06:09:33.442244+00:00,2026-07-18 09:09:33.442244+00:00,2026-07-18 08:20:03.798800+00:00,32.8,temperatura,ambiente,raspberry_pi_4,camera
557,_result,1,2026-07-18 06:09:33.442244+00:00,2026-07-18 09:09:33.442244+00:00,2026-07-18 08:20:09.058949+00:00,32.8,temperatura,ambiente,raspberry_pi_4,camera
558,_result,1,2026-07-18 06:09:33.442244+00:00,2026-07-18 09:09:33.442244+00:00,2026-07-18 08:20:14.937455+00:00,32.8,temperatura,ambiente,raspberry_pi_4,camera
559,_result,1,2026-07-18 06:09:33.442244+00:00,2026-07-18 09:09:33.442244+00:00,2026-07-18 08:20:20.198328+00:00,32.8,temperatura,ambiente,raspberry_pi_4,camera
560,_result,1,2026-07-18 06:09:33.442244+00:00,2026-07-18 09:09:33.442244+00:00,2026-07-18 08:20:25.468816+00:00,32.8,temperatura,ambiente,raspberry_pi_4,camera
561,_result,1,2026-07-18 06:09:33.442244+00:00,2026-07-18 09:09:33.442244+00:00,2026-07-18 08:20:30.729055+00:00,33.0,temperatura,ambiente,raspberry_pi_4,camera
562,_result,1,2026-07-18 06:09:33.442244+00:00,2026-07-18 09:09:33.442244+00:00,2026-07-18 08:20:36.000479+00:00,33.1,temperatura,ambiente,raspberry_pi_4,camera
563,_result,1,2026-07-18 06:09:33.442244+00:00,2026-07-18 09:09:33.442244+00:00,2026-07-18 08:20:41.260832+00:00,33.2,temperatura,ambiente,raspberry_pi_4,camera
564,_result,1,2026-07-18 06:09:33.442244+00:00,2026-07-18 09:09:33.442244+00:00,2026-07-18 08:20:46.531043+00:00,33.3,temperatura,ambiente,raspberry_pi_4,camera
565,_result,1,2026-07-18 06:09:33.442244+00:00,2026-07-18 09:09:33.442244+00:00,2026-07-18 08:20:51.792027+00:00,33.3,temperatura,ambiente,raspberry_pi_4,camera
566,_result,1,2026-07-18 06:09:33.442244+00:00,2026-07-18 09:09:33.442244+00:00,2026-07-18 08:20:57.062230+00:00,33.3,temperatura,ambiente,raspberry_pi_4,camera
567,_result,1,2026-07-18 06:09:33.442244+00:00,2026-07-18 09:09:33.442244+00:00,2026-07-18 08:21:07.587227+00:00,33.3,temperatura,ambiente,raspberry_pi_4,camera
568,_result,1,2026-07-18 06:09:33.442244+00:00,2026-07-18 09:09:33.442244+00:00,2026-07-18 08:21:12.847290+00:00,33.3,temperatura,ambiente,raspberry_pi_4,camera
569,_result,1,2026-07-18 06:09:33.442244+00:00,2026-07-18 09:09:33.442244+00:00,2026-07-18 08:21:18.117417+00:00,33.3,temperatura,ambiente,raspberry_pi_4,camera
570,_result,1,2026-07-18 06:09:33.442244+00:00,2026-07-18 09:09:33.442244+00:00,2026-07-18 08:21:23.377528+00:00,33.3,temperatura,ambiente,raspberry_pi_4,camera
571,_result,1,2026-07-18 06:09:33.442244+00:00,2026-07-18 09:09:33.442244+00:00,2026-07-18 08:21:28.647193+00:00,33.3,temperatura,ambiente,raspberry_pi_4,camera
572,_result,1,2026-07-18 06:09:33.442244+00:00,2026-07-18 09:09:33.442244+00:00,2026-07-18 08:21:33.907788+00:00,33.3,temperatura,ambiente,raspberry_pi_4,camera
573,_result,1,2026-07-18 06:09:33.442244+00:00,2026-07-18 09:09:33.442244+00:00,2026-07-18 08:21:39.178920+00:00,33.3,temperatura,ambiente,raspberry_pi_4,camera
574,_result,1,2026-07-18 06:09:33.442244+00:00,2026-07-18 09:09:33.442244+00:00,2026-07-18 08:21:44.439350+00:00,33.3,temperatura,ambiente,raspberry_pi_4,camera
575,_result,1,2026-07-18 06:09:33.442244+00:00,2026-07-18 09:09:33.442244+00:00,2026-07-18 08:21:49.709099+00:00,33.3,temperatura,ambiente,raspberry_pi_4,camera
576,_result,1,2026-07-18 06:09:33.442244+00:00,2026-07-18 09:09:33.442244+00:00,2026-07-18 08:21:54.969272+00:00,33.3,temperatura,ambiente,raspberry_pi_4,camera
577,_result,1,2026-07-18 06:09:33.442244+00:00,2026-07-18 09:09:33.442244+00:00,2026-07-18 08:22:00.239231+00:00,33.3,temperatura,ambiente,raspberry_pi_4,camera
578,_result,1,2026-07-18 06:09:33.442244+00:00,2026-07-18 09:09:33.442244+00:00,2026-07-18 08:22:05.501773+00:00,33.3,temperatura,ambiente,raspberry_pi_4,camera
579,_result,1,2026-07-18 06:09:33.442244+00:00,2026-07-18 09:09:33.442244+00:00,2026-07-18 08:22:10.771218+00:00,33.3,temperatura,ambiente,raspberry_pi_4,camera
580,_result,1,2026-07-18 06:09:33.442244+00:00,2026-07-18 09:09:33.442244+00:00,2026-07-18 08:22:16.031739+00:00,33.3,temperatura,ambiente,raspberry_pi_4,camera
581,_result,1,2026-07-18 06:09:33.442244+00:00,2026-07-18 09:09:33.442244+00:00,2026-07-18 08:22:21.301611+00:00,33.3,temperatura,ambiente,raspberry_pi_4,camera
582,_result,1,2026-07-18 06:09:33.442244+00:00,2026-07-18 09:09:33.442244+00:00,2026-07-18 08:22:26.561739+00:00,33.3,temperatura,ambiente,raspberry_pi_4,camera
583,_result,1,2026-07-18 06:09:33.442244+00:00,2026-07-18 09:09:33.442244+00:00,2026-07-18 08:22:31.832977+00:00,33.3,temperatura,ambiente,raspberry_pi_4,camera
584,_result,1,2026-07-18 06:09:33.442244+00:00,2026-07-18 09:09:33.442244+00:00,2026-07-18 08:22:37.093378+00:00,33.3,temperatura,ambiente,raspberry_pi_4,camera
585,_result,1,2026-07-18 06:09:33.442244+00:00,2026-07-18 09:09:33.442244+00:00,2026-07-18 08:22:42.363316+00:00,33.3,temperatura,ambiente,raspberry_pi_4,camera
586,_result,1,2026-07-18 06:09:33.442244+00:00,2026-07-18 09:09:33.442244+00:00,2026-07-18 08:22:47.623405+00:00,33.3,temperatura,ambiente,raspberry_pi_4,camera
587,_result,1,2026-07-18 06:09:33.442244+00:00,2026-07-18 09:09:33.442244+00:00,2026-07-18 08:22:52.892986+00:00,33.3,temperatura,ambiente,raspberry_pi_4,camera
588,_result,1,2026-07-18 06:09:33.442244+00:00,2026-07-18 09:09:33.442244+00:00,2026-07-18 08:23:03.419628+00:00,33.3,temperatura,ambiente,raspberry_pi_4,camera
589,_result,1,2026-07-18 06:09:33.442244+00:00,2026-07-18 09:09:33.442244+00:00,2026-07-18 08:23:08.679760+00:00,33.3,temperatura,ambiente,raspberry_pi_4,camera
590,_result,1,2026-07-18 06:09:33.442244+00:00,2026-07-18 09:09:33.442244+00:00,2026-07-18 08:23:13.949270+00:00,33.3,temperatura,ambiente,raspberry_pi_4,camera
591,_result,1,2026-07-18 06:09:33.442244+00:00,2026-07-18 09:09:33.442244+00:00,2026-07-18 08:23:19.209735+00:00,33.3,temperatura,ambiente,raspberry_pi_4,camera
592,_result,1,2026-07-18 06:09:33.442244+00:00,2026-07-18 09:09:33.442244+00:00,2026-07-18 08:23:24.479308+00:00,33.3,temperatura,ambiente,raspberry_pi_4,camera
593,_result,1,2026-07-18 06:09:33.442244+00:00,2026-07-18 09:09:33.442244+00:00,2026-07-18 08:23:29.739385+00:00,33.3,temperatura,ambiente,raspberry_pi_4,camera
594,_result,1,2026-07-18 06:09:33.442244+00:00,2026-07-18 09:09:33.442244+00:00,2026-07-18 08:23:35.010259+00:00,33.3,temperatura,ambiente,raspberry_pi_4,camera
595,_result,1,2026-07-18 06:09:33.442244+00:00,2026-07-18 09:09:33.442244+00:00,2026-07-18 08:23:40.270545+00:00,33.3,temperatura,ambiente,raspberry_pi_4,camera
596,_result,1,2026-07-18 06:09:33.442244+00:00,2026-07-18 09:09:33.442244+00:00,2026-07-18 08:23:45.540408+00:00,33.3,temperatura,ambiente,raspberry_pi_4,camera
597,_result,1,2026-07-18 06:09:33.442244+00:00,2026-07-18 09:09:33.442244+00:00,2026-07-18 08:23:50.800831+00:00,33.3,temperatura,ambiente,raspberry_pi_4,camera
598,_result,1,2026-07-18 06:09:33.442244+00:00,2026-07-18 09:09:33.442244+00:00,2026-07-18 08:23:56.070989+00:00,33.3,temperatura,ambiente,raspberry_pi_4,camera
599,_result,1,2026-07-18 06:09:33.442244+00:00,2026-07-18 09:09:33.442244+00:00,2026-07-18 08:24:01.331113+00:00,33.3,temperatura,ambiente,raspberry_pi_4,camera
600,_result,1,2026-07-18 06:09:33.442244+00:00,2026-07-18 09:09:33.442244+00:00,2026-07-18 08:24:06.602311+00:00,33.3,temperatura,ambiente,raspberry_pi_4,camera
601,_result,1,2026-07-18 06:09:33.442244+00:00,2026-07-18 09:09:33.442244+00:00,2026-07-18 08:24:11.862341+00:00,33.3,temperatura,ambiente,raspberry_pi_4,camera
602,_result,1,2026-07-18 06:09:33.442244+00:00,2026-07-18 09:09:33.442244+00:00,2026-07-18 08:24:17.131903+00:00,33.3,temperatura,ambiente,raspberry_pi_4,camera
603,_result,1,2026-07-18 06:09:33.442244+00:00,2026-07-18 09:09:33.442244+00:00,2026-07-18 08:24:22.392311+00:00,33.3,temperatura,ambiente,raspberry_pi_4,camera
604,_result,1,2026-07-18 06:09:33.442244+00:00,2026-07-18 09:09:33.442244+00:00,2026-07-18 08:24:32.915888+00:00,33.3,temperatura,ambiente,raspberry_pi_4,camera
605,_result,1,2026-07-18 06:09:33.442244+00:00,2026-07-18 09:09:33.442244+00:00,2026-07-18 08:24:38.187013+00:00,33.3,temperatura,ambiente,raspberry_pi_4,camera
606,_result,1,2026-07-18 06:09:33.442244+00:00,2026-07-18 09:09:33.442244+00:00,2026-07-18 08:24:43.447313+00:00,33.3,temperatura,ambiente,raspberry_pi_4,camera
607,_result,1,2026-07-18 06:09:33.442244+00:00,2026-07-18 09:09:33.442244+00:00,2026-07-18 08:24:48.716744+00:00,33.3,temperatura,ambiente,raspberry_pi_4,camera
608,_result,1,2026-07-18 06:09:33.442244+00:00,2026-07-18 09:09:33.442244+00:00,2026-07-18 08:24:53.976862+00:00,33.3,temperatura,ambiente,raspberry_pi_4,camera
609,_result,1,2026-07-18 06:09:33.442244+00:00,2026-07-18 09:09:33.442244+00:00,2026-07-18 08:24:59.247884+00:00,33.3,temperatura,ambiente,raspberry_pi_4,camera
610,_result,1,2026-07-18 06:09:33.442244+00:00,2026-07-18 09:09:33.442244+00:00,2026-07-18 08:25:04.508328+00:00,33.3,temperatura,ambiente,raspberry_pi_4,camera
611,_result,1,2026-07-18 06:09:33.442244+00:00,2026-07-18 09:09:33.442244+00:00,2026-07-18 08:25:09.781487+00:00,33.3,temperatura,ambiente,raspberry_pi_4,camera
612,_result,1,2026-07-18 06:09:33.442244+00:00,2026-07-18 09:09:33.442244+00:00,2026-07-18 08:25:15.041548+00:00,33.3,temperatura,ambiente,raspberry_pi_4,camera
613,_result,1,2026-07-18 06:09:33.442244+00:00,2026-07-18 09:09:33.442244+00:00,2026-07-18 08:25:20.311618+00:00,33.3,temperatura,ambiente,raspberry_pi_4,camera
614,_result,1,2026-07-18 06:09:33.442244+00:00,2026-07-18 09:09:33.442244+00:00,2026-07-18 08:25:25.571769+00:00,33.3,temperatura,ambiente,raspberry_pi_4,camera
615,_result,1,2026-07-18 06:09:33.442244+00:00,2026-07-18 09:09:33.442244+00:00,2026-07-18 08:25:30.841671+00:00,33.3,temperatura,ambiente,raspberry_pi_4,camera
616,_result,1,2026-07-18 06:09:33.442244+00:00,2026-07-18 09:09:33.442244+00:00,2026-07-18 08:25:36.103654+00:00,33.3,temperatura,ambiente,raspberry_pi_4,camera
617,_result,1,2026-07-18 06:09:33.442244+00:00,2026-07-18 09:09:33.442244+00:00,2026-07-18 08:25:41.373531+00:00,33.3,temperatura,ambiente,raspberry_pi_4,camera
618,_result,1,2026-07-18 06:09:33.442244+00:00,2026-07-18 09:09:33.442244+00:00,2026-07-18 08:25:46.633547+00:00,33.3,temperatura,ambiente,raspberry_pi_4,camera
619,_result,1,2026-07-18 06:09:33.442244+00:00,2026-07-18 09:09:33.442244+00:00,2026-07-18 08:25:51.905248+00:00,33.3,temperatura,ambiente,raspberry_pi_4,camera
620,_result,1,2026-07-18 06:09:33.442244+00:00,2026-07-18 09:09:33.442244+00:00,2026-07-18 08:25:57.165413+00:00,33.3,temperatura,ambiente,raspberry_pi_4,camera
621,_result,1,2026-07-18 06:09:33.442244+00:00,2026-07-18 09:09:33.442244+00:00,2026-07-18 08:26:02.436785+00:00,33.3,temperatura,ambiente,raspberry_pi_4,camera
622,_result,1,2026-07-18 06:09:33.442244+00:00,2026-07-18 09:09:33.442244+00:00,2026-07-18 08:26:07.697108+00:00,33.3,temperatura,ambiente,raspberry_pi_4,camera
623,_result,1,2026-07-18 06:09:33.442244+00:00,2026-07-18 09:09:33.442244+00:00,2026-07-18 08:26:12.967228+00:00,33.3,temperatura,ambiente,raspberry_pi_4,camera
624,_result,1,2026-07-18 06:09:33.442244+00:00,2026-07-18 09:09:33.442244+00:00,2026-07-18 08:26:18.227384+00:00,33.3,temperatura,ambiente,raspberry_pi_4,camera
625,_result,1,2026-07-18 06:09:33.442244+00:00,2026-07-18 09:09:33.442244+00:00,2026-07-18 08:26:23.497512+00:00,33.3,temperatura,ambiente,raspberry_pi_4,camera
626,_result,1,2026-07-18 06:09:33.442244+00:00,2026-07-18 09:09:33.442244+00:00,2026-07-18 08:26:34.022838+00:00,33.3,temperatura,ambiente,raspberry_pi_4,camera
627,_result,1,2026-07-18 06:09:33.442244+00:00,2026-07-18 09:09:33.442244+00:00,2026-07-18 08:26:39.283228+00:00,33.3,temperatura,ambiente,raspberry_pi_4,camera
628,_result,1,2026-07-18 06:09:33.442244+00:00,2026-07-18 09:09:33.442244+00:00,2026-07-18 08:26:44.552960+00:00,33.3,temperatura,ambiente,raspberry_pi_4,camera
629,_result,1,2026-07-18 06:09:33.442244+00:00,2026-07-18 09:09:33.442244+00:00,2026-07-18 08:26:55.077886+00:00,33.3,temperatura,ambiente,raspberry_pi_4,camera
630,_result,1,2026-07-18 06:09:33.442244+00:00,2026-07-18 09:09:33.442244+00:00,2026-07-18 08:27:00.338017+00:00,33.3,temperatura,ambiente,raspberry_pi_4,camera
631,_result,1,2026-07-18 06:09:33.442244+00:00,2026-07-18 09:09:33.442244+00:00,2026-07-18 08:27:05.609419+00:00,33.3,temperatura,ambiente,raspberry_pi_4,camera
632,_result,1,2026-07-18 06:09:33.442244+00:00,2026-07-18 09:09:33.442244+00:00,2026-07-18 08:27:10.869531+00:00,33.3,temperatura,ambiente,raspberry_pi_4,camera
633,_result,1,2026-07-18 06:09:33.442244+00:00,2026-07-18 09:09:33.442244+00:00,2026-07-18 08:27:16.139029+00:00,33.3,temperatura,ambiente,raspberry_pi_4,camera
634,_result,1,2026-07-18 06:09:33.442244+00:00,2026-07-18 09:09:33.442244+00:00,2026-07-18 08:27:21.399251+00:00,33.3,temperatura,ambiente,raspberry_pi_4,camera
635,_result,1,2026-07-18 06:09:33.442244+00:00,2026-07-18 09:09:33.442244+00:00,2026-07-18 08:27:26.669001+00:00,33.3,temperatura,ambiente,raspberry_pi_4,camera
636,_result,1,2026-07-18 06:09:33.442244+00:00,2026-07-18 09:09:33.442244+00:00,2026-07-18 08:27:31.929049+00:00,33.3,temperatura,ambiente,raspberry_pi_4,camera
637,_result,1,2026-07-18 06:09:33.442244+00:00,2026-07-18 09:09:33.442244+00:00,2026-07-18 08:27:37.200131+00:00,33.3,temperatura,ambiente,raspberry_pi_4,camera
638,_result,1,2026-07-18 06:09:33.442244+00:00,2026-07-18 09:09:33.442244+00:00,2026-07-18 08:27:42.460154+00:00,33.3,temperatura,ambiente,raspberry_pi_4,camera
639,_result,1,2026-07-18 06:09:33.442244+00:00,2026-07-18 09:09:33.442244+00:00,2026-07-18 08:27:47.730764+00:00,33.3,temperatura,ambiente,raspberry_pi_4,camera
640,_result,1,2026-07-18 06:09:33.442244+00:00,2026-07-18 09:09:33.442244+00:00,2026-07-18 08:27:52.990762+00:00,33.3,temperatura,ambiente,raspberry_pi_4,camera
641,_result,1,2026-07-18 06:09:33.442244+00:00,2026-07-18 09:09:33.442244+00:00,2026-07-18 08:27:58.260444+00:00,33.3,temperatura,ambiente,raspberry_pi_4,camera
642,_result,1,2026-07-18 06:09:33.442244+00:00,2026-07-18 09:09:33.442244+00:00,2026-07-18 08:28:03.520724+00:00,33.3,temperatura,ambiente,raspberry_pi_4,camera
643,_result,1,2026-07-18 06:09:33.442244+00:00,2026-07-18 09:09:33.442244+00:00,2026-07-18 08:28:08.791827+00:00,33.3,temperatura,ambiente,raspberry_pi_4,camera
644,_result,1,2026-07-18 06:09:33.442244+00:00,2026-07-18 09:09:33.442244+00:00,2026-07-18 08:28:14.051969+00:00,33.3,temperatura,ambiente,raspberry_pi_4,camera
645,_result,1,2026-07-18 06:09:33.442244+00:00,2026-07-18 09:09:33.442244+00:00,2026-07-18 08:28:19.321770+00:00,33.3,temperatura,ambiente,raspberry_pi_4,camera
646,_result,1,2026-07-18 06:09:33.442244+00:00,2026-07-18 09:09:33.442244+00:00,2026-07-18 08:28:24.581767+00:00,33.3,temperatura,ambiente,raspberry_pi_4,camera
647,_result,1,2026-07-18 06:09:33.442244+00:00,2026-07-18 09:09:33.442244+00:00,2026-07-18 08:28:29.851694+00:00,33.3,temperatura,ambiente,raspberry_pi_4,camera
648,_result,1,2026-07-18 06:09:33.442244+00:00,2026-07-18 09:09:33.442244+00:00,2026-07-18 08:28:35.113403+00:00,33.3,temperatura,ambiente,raspberry_pi_4,camera
649,_result,1,2026-07-18 06:09:33.442244+00:00,2026-07-18 09:09:33.442244+00:00,2026-07-18 08:28:40.383689+00:00,33.3,temperatura,ambiente,raspberry_pi_4,camera
650,_result,1,2026-07-18 06:09:33.442244+00:00,2026-07-18 09:09:33.442244+00:00,2026-07-18 08:28:45.643489+00:00,33.3,temperatura,ambiente,raspberry_pi_4,camera
651,_result,1,2026-07-18 06:09:33.442244+00:00,2026-07-18 09:09:33.442244+00:00,2026-07-18 08:28:50.913193+00:00,33.3,temperatura,ambiente,raspberry_pi_4,camera
652,_result,1,2026-07-18 06:09:33.442244+00:00,2026-07-18 09:09:33.442244+00:00,2026-07-18 08:28:56.173204+00:00,33.3,temperatura,ambiente,raspberry_pi_4,camera
653,_result,1,2026-07-18 06:09:33.442244+00:00,2026-07-18 09:09:33.442244+00:00,2026-07-18 08:29:01.446431+00:00,33.3,temperatura,ambiente,raspberry_pi_4,camera
654,_result,1,2026-07-18 06:09:33.442244+00:00,2026-07-18 09:09:33.442244+00:00,2026-07-18 08:29:06.708140+00:00,33.3,temperatura,ambiente,raspberry_pi_4,camera
655,_result,1,2026-07-18 06:09:33.442244+00:00,2026-07-18 09:09:33.442244+00:00,2026-07-18 08:29:11.977867+00:00,33.3,temperatura,ambiente,raspberry_pi_4,camera
656,_result,1,2026-07-18 06:09:33.442244+00:00,2026-07-18 09:09:33.442244+00:00,2026-07-18 08:29:22.503042+00:00,33.3,temperatura,ambiente,raspberry_pi_4,camera
657,_result,1,2026-07-18 06:09:33.442244+00:00,2026-07-18 09:09:33.442244+00:00,2026-07-18 08:29:27.763111+00:00,33.3,temperatura,ambiente,raspberry_pi_4,camera
658,_result,1,2026-07-18 06:09:33.442244+00:00,2026-07-18 09:09:33.442244+00:00,2026-07-18 08:29:33.033899+00:00,33.3,temperatura,ambiente,raspberry_pi_4,camera
659,_result,1,2026-07-18 06:09:33.442244+00:00,2026-07-18 09:09:33.442244+00:00,2026-07-18 08:29:38.294052+00:00,33.3,temperatura,ambiente,raspberry_pi_4,camera
660,_result,1,2026-07-18 06:09:33.442244+00:00,2026-07-18 09:09:33.442244+00:00,2026-07-18 08:29:43.563950+00:00,33.3,temperatura,ambiente,raspberry_pi_4,camera
661,_result,1,2026-07-18 06:09:33.442244+00:00,2026-07-18 09:09:33.442244+00:00,2026-07-18 08:29:48.824085+00:00,33.3,temperatura,ambiente,raspberry_pi_4,camera
662,_result,1,2026-07-18 06:09:33.442244+00:00,2026-07-18 09:09:33.442244+00:00,2026-07-18 08:29:54.093884+00:00,33.3,temperatura,ambiente,raspberry_pi_4,camera
663,_result,1,2026-07-18 06:09:33.442244+00:00,2026-07-18 09:09:33.442244+00:00,2026-07-18 08:29:59.354225+00:00,33.3,temperatura,ambiente,raspberry_pi_4,camera
664,_result,1,2026-07-18 06:09:33.442244+00:00,2026-07-18 09:09:33.442244+00:00,2026-07-18 08:30:04.625439+00:00,33.3,temperatura,ambiente,raspberry_pi_4,camera
665,_result,1,2026-07-18 06:09:33.442244+00:00,2026-07-18 09:09:33.442244+00:00,2026-07-18 08:30:15.149106+00:00,33.3,temperatura,ambiente,raspberry_pi_4,camera
666,_result,1,2026-07-18 06:09:33.442244+00:00,2026-07-18 09:09:33.442244+00:00,2026-07-18 08:30:20.409140+00:00,33.3,temperatura,ambiente,raspberry_pi_4,camera
667,_result,1,2026-07-18 06:09:33.442244+00:00,2026-07-18 09:09:33.442244+00:00,2026-07-18 08:30:25.678919+00:00,33.3,temperatura,ambiente,raspberry_pi_4,camera
668,_result,1,2026-07-18 06:09:33.442244+00:00,2026-07-18 09:09:33.442244+00:00,2026-07-18 08:30:30.938931+00:00,33.3,temperatura,ambiente,raspberry_pi_4,camera
669,_result,1,2026-07-18 06:09:33.442244+00:00,2026-07-18 09:09:33.442244+00:00,2026-07-18 08:30:36.210306+00:00,33.3,temperatura,ambiente,raspberry_pi_4,camera
670,_result,1,2026-07-18 06:09:33.442244+00:00,2026-07-18 09:09:33.442244+00:00,2026-07-18 08:30:41.471227+00:00,33.3,temperatura,ambiente,raspberry_pi_4,camera
671,_result,1,2026-07-18 06:09:33.442244+00:00,2026-07-18 09:09:33.442244+00:00,2026-07-18 08:30:46.741191+00:00,33.3,temperatura,ambiente,raspberry_pi_4,camera
672,_result,1,2026-07-18 06:09:33.442244+00:00,2026-07-18 09:09:33.442244+00:00,2026-07-18 08:30:52.001166+00:00,33.3,temperatura,ambiente,raspberry_pi_4,camera
673,_result,1,2026-07-18 06:09:33.442244+00:00,2026-07-18 09:09:33.442244+00:00,2026-07-18 08:30:57.270868+00:00,33.3,temperatura,ambiente,raspberry_pi_4,camera
674,_result,1,2026-07-18 06:09:33.442244+00:00,2026-07-18 09:09:33.442244+00:00,2026-07-18 08:31:02.530774+00:00,33.3,temperatura,ambiente,raspberry_pi_4,camera
675,_result,1,2026-07-18 06:09:33.442244+00:00,2026-07-18 09:09:33.442244+00:00,2026-07-18 08:31:07.801850+00:00,33.3,temperatura,ambiente,raspberry_pi_4,camera
676,_result,1,2026-07-18 06:09:33.442244+00:00,2026-07-18 09:09:33.442244+00:00,2026-07-18 08:31:13.061917+00:00,33.3,temperatura,ambiente,raspberry_pi_4,camera
677,_result,1,2026-07-18 06:09:33.442244+00:00,2026-07-18 09:09:33.442244+00:00,2026-07-18 08:31:18.331518+00:00,33.3,temperatura,ambiente,raspberry_pi_4,camera
678,_result,1,2026-07-18 06:09:33.442244+00:00,2026-07-18 09:09:33.442244+00:00,2026-07-18 08:31:23.591868+00:00,33.3,temperatura,ambiente,raspberry_pi_4,camera
679,_result,1,2026-07-18 06:09:33.442244+00:00,2026-07-18 09:09:33.442244+00:00,2026-07-18 08:31:28.861851+00:00,33.3,temperatura,ambiente,raspberry_pi_4,camera
680,_result,1,2026-07-18 06:09:33.442244+00:00,2026-07-18 09:09:33.442244+00:00,2026-07-18 08:31:34.121892+00:00,33.3,temperatura,ambiente,raspberry_pi_4,camera
681,_result,1,2026-07-18 06:09:33.442244+00:00,2026-07-18 09:09:33.442244+00:00,2026-07-18 08:31:39.392870+00:00,33.3,temperatura,ambiente,raspberry_pi_4,camera
682,_result,1,2026-07-18 06:09:33.442244+00:00,2026-07-18 09:09:33.442244+00:00,2026-07-18 08:31:44.652840+00:00,33.3,temperatura,ambiente,raspberry_pi_4,camera
683,_result,1,2026-07-18 06:09:33.442244+00:00,2026-07-18 09:09:33.442244+00:00,2026-07-18 08:31:49.922482+00:00,33.3,temperatura,ambiente,raspberry_pi_4,camera
684,_result,1,2026-07-18 06:09:33.442244+00:00,2026-07-18 09:09:33.442244+00:00,2026-07-18 08:31:55.182688+00:00,33.3,temperatura,ambiente,raspberry_pi_4,camera
685,_result,1,2026-07-18 06:09:33.442244+00:00,2026-07-18 09:09:33.442244+00:00,2026-07-18 08:32:00.452812+00:00,33.3,temperatura,ambiente,raspberry_pi_4,camera
686,_result,1,2026-07-18 06:09:33.442244+00:00,2026-07-18 09:09:33.442244+00:00,2026-07-18 08:32:05.714321+00:00,33.3,temperatura,ambiente,raspberry_pi_4,camera
687,_result,1,2026-07-18 06:09:33.442244+00:00,2026-07-18 09:09:33.442244+00:00,2026-07-18 08:32:10.985539+00:00,33.3,temperatura,ambiente,raspberry_pi_4,camera
688,_result,1,2026-07-18 06:09:33.442244+00:00,2026-07-18 09:09:33.442244+00:00,2026-07-18 08:32:16.245442+00:00,33.3,temperatura,ambiente,raspberry_pi_4,camera
689,_result,1,2026-07-18 06:09:33.442244+00:00,2026-07-18 09:09:33.442244+00:00,2026-07-18 08:32:21.514870+00:00,33.3,temperatura,ambiente,raspberry_pi_4,camera
690,_result,1,2026-07-18 06:09:33.442244+00:00,2026-07-18 09:09:33.442244+00:00,2026-07-18 08:32:26.775117+00:00,33.3,temperatura,ambiente,raspberry_pi_4,camera
691,_result,1,2026-07-18 06:09:33.442244+00:00,2026-07-18 09:09:33.442244+00:00,2026-07-18 08:32:32.047633+00:00,33.3,temperatura,ambiente,raspberry_pi_4,camera
692,_result,1,2026-07-18 06:09:33.442244+00:00,2026-07-18 09:09:33.442244+00:00,2026-07-18 08:32:37.307964+00:00,33.3,temperatura,ambiente,raspberry_pi_4,camera
693,_result,1,2026-07-18 06:09:33.442244+00:00,2026-07-18 09:09:33.442244+00:00,2026-07-18 08:32:42.580696+00:00,33.3,temperatura,ambiente,raspberry_pi_4,camera
694,_result,1,2026-07-18 06:09:33.442244+00:00,2026-07-18 09:09:33.442244+00:00,2026-07-18 08:32:47.840926+00:00,33.3,temperatura,ambiente,raspberry_pi_4,camera
695,_result,1,2026-07-18 06:09:33.442244+00:00,2026-07-18 09:09:33.442244+00:00,2026-07-18 08:32:53.111134+00:00,33.3,temperatura,ambiente,raspberry_pi_4,camera
696,_result,1,2026-07-18 06:09:33.442244+00:00,2026-07-18 09:09:33.442244+00:00,2026-07-18 08:32:58.371291+00:00,33.3,temperatura,ambiente,raspberry_pi_4,camera
697,_result,1,2026-07-18 06:09:33.442244+00:00,2026-07-18 09:09:33.442244+00:00,2026-07-18 08:33:03.642401+00:00,33.3,temperatura,ambiente,raspberry_pi_4,camera
698,_result,1,2026-07-18 06:09:33.442244+00:00,2026-07-18 09:09:33.442244+00:00,2026-07-18 08:33:08.902689+00:00,33.3,temperatura,ambiente,raspberry_pi_4,camera
699,_result,1,2026-07-18 06:09:33.442244+00:00,2026-07-18 09:09:33.442244+00:00,2026-07-18 08:33:14.172701+00:00,33.3,temperatura,ambiente,raspberry_pi_4,camera
700,_result,1,2026-07-18 06:09:33.442244+00:00,2026-07-18 09:09:33.442244+00:00,2026-07-18 08:33:19.432846+00:00,33.3,temperatura,ambiente,raspberry_pi_4,camera
701,_result,1,2026-07-18 06:09:33.442244+00:00,2026-07-18 09:09:33.442244+00:00,2026-07-18 08:33:24.702466+00:00,33.3,temperatura,ambiente,raspberry_pi_4,camera
702,_result,1,2026-07-18 06:09:33.442244+00:00,2026-07-18 09:09:33.442244+00:00,2026-07-18 08:33:29.962942+00:00,33.3,temperatura,ambiente,raspberry_pi_4,camera
703,_result,1,2026-07-18 06:09:33.442244+00:00,2026-07-18 09:09:33.442244+00:00,2026-07-18 08:33:35.234541+00:00,33.3,temperatura,ambiente,raspberry_pi_4,camera
704,_result,1,2026-07-18 06:09:33.442244+00:00,2026-07-18 09:09:33.442244+00:00,2026-07-18 08:33:40.494448+00:00,33.3,temperatura,ambiente,raspberry_pi_4,camera
705,_result,1,2026-07-18 06:09:33.442244+00:00,2026-07-18 09:09:33.442244+00:00,2026-07-18 08:33:45.764540+00:00,33.3,temperatura,ambiente,raspberry_pi_4,camera
706,_result,1,2026-07-18 06:09:33.442244+00:00,2026-07-18 09:09:33.442244+00:00,2026-07-18 08:33:51.024658+00:00,33.3,temperatura,ambiente,raspberry_pi_4,camera
707,_result,1,2026-07-18 06:09:33.442244+00:00,2026-07-18 09:09:33.442244+00:00,2026-07-18 08:34:01.548528+00:00,33.3,temperatura,ambiente,raspberry_pi_4,camera
708,_result,1,2026-07-18 06:09:33.442244+00:00,2026-07-18 09:09:33.442244+00:00,2026-07-18 08:34:06.820046+00:00,33.3,temperatura,ambiente,raspberry_pi_4,camera
709,_result,1,2026-07-18 06:09:33.442244+00:00,2026-07-18 09:09:33.442244+00:00,2026-07-18 08:34:12.080113+00:00,33.3,temperatura,ambiente,raspberry_pi_4,camera
710,_result,1,2026-07-18 06:09:33.442244+00:00,2026-07-18 09:09:33.442244+00:00,2026-07-18 08:34:17.349883+00:00,33.3,temperatura,ambiente,raspberry_pi_4,camera
711,_result,1,2026-07-18 06:09:33.442244+00:00,2026-07-18 09:09:33.442244+00:00,2026-07-18 08:34:22.610260+00:00,33.3,temperatura,ambiente,raspberry_pi_4,camera
712,_result,1,2026-07-18 06:09:33.442244+00:00,2026-07-18 09:09:33.442244+00:00,2026-07-18 08:34:27.880419+00:00,33.3,temperatura,ambiente,raspberry_pi_4,camera
713,_result,1,2026-07-18 06:09:33.442244+00:00,2026-07-18 09:09:33.442244+00:00,2026-07-18 08:34:33.141070+00:00,33.3,temperatura,ambiente,raspberry_pi_4,camera
714,_result,1,2026-07-18 06:09:33.442244+00:00,2026-07-18 09:09:33.442244+00:00,2026-07-18 08:34:38.412687+00:00,33.3,temperatura,ambiente,raspberry_pi_4,camera
715,_result,1,2026-07-18 06:09:33.442244+00:00,2026-07-18 09:09:33.442244+00:00,2026-07-18 08:34:43.672832+00:00,33.3,temperatura,ambiente,raspberry_pi_4,camera
716,_result,1,2026-07-18 06:09:33.442244+00:00,2026-07-18 09:09:33.442244+00:00,2026-07-18 08:34:48.942308+00:00,33.3,temperatura,ambiente,raspberry_pi_4,camera
717,_result,1,2026-07-18 06:09:33.442244+00:00,2026-07-18 09:09:33.442244+00:00,2026-07-18 08:34:54.202578+00:00,33.3,temperatura,ambiente,raspberry_pi_4,camera
718,_result,1,2026-07-18 06:09:33.442244+00:00,2026-07-18 09:09:33.442244+00:00,2026-07-18 08:34:59.472341+00:00,33.3,temperatura,ambiente,raspberry_pi_4,camera
719,_result,1,2026-07-18 06:09:33.442244+00:00,2026-07-18 09:09:33.442244+00:00,2026-07-18 08:35:04.734078+00:00,33.3,temperatura,ambiente,raspberry_pi_4,camera
720,_result,1,2026-07-18 06:09:33.442244+00:00,2026-07-18 09:09:33.442244+00:00,2026-07-18 08:35:10.003623+00:00,33.3,temperatura,ambiente,raspberry_pi_4,camera
721,_result,1,2026-07-18 06:09:33.442244+00:00,2026-07-18 09:09:33.442244+00:00,2026-07-18 08:35:15.263762+00:00,33.3,temperatura,ambiente,raspberry_pi_4,camera
722,_result,1,2026-07-18 06:09:33.442244+00:00,2026-07-18 09:09:33.442244+00:00,2026-07-18 08:35:20.533486+00:00,33.3,temperatura,ambiente,raspberry_pi_4,camera
723,_result,1,2026-07-18 06:09:33.442244+00:00,2026-07-18 09:09:33.442244+00:00,2026-07-18 08:35:25.793463+00:00,33.3,temperatura,ambiente,raspberry_pi_4,camera
724,_result,1,2026-07-18 06:09:33.442244+00:00,2026-07-18 09:09:33.442244+00:00,2026-07-18 08:35:31.063455+00:00,33.3,temperatura,ambiente,raspberry_pi_4,camera
725,_result,1,2026-07-18 06:09:33.442244+00:00,2026-07-18 09:09:33.442244+00:00,2026-07-18 08:35:36.325000+00:00,33.3,temperatura,ambiente,raspberry_pi_4,camera
726,_result,1,2026-07-18 06:09:33.442244+00:00,2026-07-18 09:09:33.442244+00:00,2026-07-18 08:35:41.594808+00:00,33.3,temperatura,ambiente,raspberry_pi_4,camera
727,_result,1,2026-07-18 06:09:33.442244+00:00,2026-07-18 09:09:33.442244+00:00,2026-07-18 08:35:46.854923+00:00,33.3,temperatura,ambiente,raspberry_pi_4,camera
728,_result,1,2026-07-18 06:09:33.442244+00:00,2026-07-18 09:09:33.442244+00:00,2026-07-18 08:35:52.124542+00:00,33.3,temperatura,ambiente,raspberry_pi_4,camera
729,_result,1,2026-07-18 06:09:33.442244+00:00,2026-07-18 09:09:33.442244+00:00,2026-07-18 08:35:57.384831+00:00,33.3,temperatura,ambiente,raspberry_pi_4,camera
730,_result,1,2026-07-18 06:09:33.442244+00:00,2026-07-18 09:09:33.442244+00:00,2026-07-18 08:36:02.656173+00:00,33.3,temperatura,ambiente,raspberry_pi_4,camera
731,_result,1,2026-07-18 06:09:33.442244+00:00,2026-07-18 09:09:33.442244+00:00,2026-07-18 08:36:07.916225+00:00,33.3,temperatura,ambiente,raspberry_pi_4,camera
732,_result,1,2026-07-18 06:09:33.442244+00:00,2026-07-18 09:09:33.442244+00:00,2026-07-18 08:36:13.186635+00:00,33.3,temperatura,ambiente,raspberry_pi_4,camera
733,_result,1,2026-07-18 06:09:33.442244+00:00,2026-07-18 09:09:33.442244+00:00,2026-07-18 08:36:18.446715+00:00,33.3,temperatura,ambiente,raspberry_pi_4,camera
734,_result,1,2026-07-18 06:09:33.442244+00:00,2026-07-18 09:09:33.442244+00:00,2026-07-18 08:36:23.717033+00:00,33.3,temperatura,ambiente,raspberry_pi_4,camera
735,_result,1,2026-07-18 06:09:33.442244+00:00,2026-07-18 09:09:33.442244+00:00,2026-07-18 08:36:28.977751+00:00,33.3,temperatura,ambiente,raspberry_pi_4,camera
736,_result,1,2026-07-18 06:09:33.442244+00:00,2026-07-18 09:09:33.442244+00:00,2026-07-18 08:36:34.251048+00:00,33.3,temperatura,ambiente,raspberry_pi_4,camera
737,_result,1,2026-07-18 06:09:33.442244+00:00,2026-07-18 09:09:33.442244+00:00,2026-07-18 08:36:39.512044+00:00,33.3,temperatura,ambiente,raspberry_pi_4,camera
738,_result,1,2026-07-18 06:09:33.442244+00:00,2026-07-18 09:09:33.442244+00:00,2026-07-18 08:36:44.781969+00:00,33.3,temperatura,ambiente,raspberry_pi_4,camera
739,_result,1,2026-07-18 06:09:33.442244+00:00,2026-07-18 09:09:33.442244+00:00,2026-07-18 08:36:50.042077+00:00,33.3,temperatura,ambiente,raspberry_pi_4,camera
740,_result,1,2026-07-18 06:09:33.442244+00:00,2026-07-18 09:09:33.442244+00:00,2026-07-18 08:36:55.312020+00:00,33.3,temperatura,ambiente,raspberry_pi_4,camera
741,_result,1,2026-07-18 06:09:33.442244+00:00,2026-07-18 09:09:33.442244+00:00,2026-07-18 08:37:00.572007+00:00,33.3,temperatura,ambiente,raspberry_pi_4,camera
742,_result,1,2026-07-18 06:09:33.442244+00:00,2026-07-18 09:09:33.442244+00:00,2026-07-18 08:37:05.843047+00:00,33.3,temperatura,ambiente,raspberry_pi_4,camera
743,_result,1,2026-07-18 06:09:33.442244+00:00,2026-07-18 09:09:33.442244+00:00,2026-07-18 08:37:11.103115+00:00,33.3,temperatura,ambiente,raspberry_pi_4,camera
744,_result,1,2026-07-18 06:09:33.442244+00:00,2026-07-18 09:09:33.442244+00:00,2026-07-18 08:37:16.372807+00:00,33.3,temperatura,ambiente,raspberry_pi_4,camera
745,_result,1,2026-07-18 06:09:33.442244+00:00,2026-07-18 09:09:33.442244+00:00,2026-07-18 08:37:21.632766+00:00,33.3,temperatura,ambiente,raspberry_pi_4,camera
746,_result,1,2026-07-18 06:09:33.442244+00:00,2026-07-18 09:09:33.442244+00:00,2026-07-18 08:37:26.902595+00:00,33.3,temperatura,ambiente,raspberry_pi_4,camera
747,_result,1,2026-07-18 06:09:33.442244+00:00,2026-07-18 09:09:33.442244+00:00,2026-07-18 08:37:32.162722+00:00,33.3,temperatura,ambiente,raspberry_pi_4,camera
748,_result,1,2026-07-18 06:09:33.442244+00:00,2026-07-18 09:09:33.442244+00:00,2026-07-18 08:37:37.434066+00:00,33.3,temperatura,ambiente,raspberry_pi_4,camera
749,_result,1,2026-07-18 06:09:33.442244+00:00,2026-07-18 09:09:33.442244+00:00,2026-07-18 08:37:42.693982+00:00,33.3,temperatura,ambiente,raspberry_pi_4,camera
750,_result,1,2026-07-18 06:09:33.442244+00:00,2026-07-18 09:09:33.442244+00:00,2026-07-18 08:37:47.963969+00:00,33.3,temperatura,ambiente,raspberry_pi_4,camera
751,_result,1,2026-07-18 06:09:33.442244+00:00,2026-07-18 09:09:33.442244+00:00,2026-07-18 08:37:53.224170+00:00,33.3,temperatura,ambiente,raspberry_pi_4,camera
752,_result,1,2026-07-18 06:09:33.442244+00:00,2026-07-18 09:09:33.442244+00:00,2026-07-18 08:37:58.493703+00:00,33.3,temperatura,ambiente,raspberry_pi_4,camera
753,_result,1,2026-07-18 06:09:33.442244+00:00,2026-07-18 09:09:33.442244+00:00,2026-07-18 08:38:03.754414+00:00,33.3,temperatura,ambiente,raspberry_pi_4,camera
754,_result,1,2026-07-18 06:09:33.442244+00:00,2026-07-18 09:09:33.442244+00:00,2026-07-18 08:38:14.279455+00:00,33.3,temperatura,ambiente,raspberry_pi_4,camera
755,_result,1,2026-07-18 06:09:33.442244+00:00,2026-07-18 09:09:33.442244+00:00,2026-07-18 08:38:19.549220+00:00,33.3,temperatura,ambiente,raspberry_pi_4,camera
756,_result,1,2026-07-18 06:09:33.442244+00:00,2026-07-18 09:09:33.442244+00:00,2026-07-18 08:38:24.809199+00:00,33.3,temperatura,ambiente,raspberry_pi_4,camera
757,_result,1,2026-07-18 06:09:33.442244+00:00,2026-07-18 09:09:33.442244+00:00,2026-07-18 08:38:30.078557+00:00,33.3,temperatura,ambiente,raspberry_pi_4,camera
758,_result,1,2026-07-18 06:09:33.442244+00:00,2026-07-18 09:09:33.442244+00:00,2026-07-18 08:38:35.340157+00:00,33.3,temperatura,ambiente,raspberry_pi_4,camera
759,_result,1,2026-07-18 06:09:33.442244+00:00,2026-07-18 09:09:33.442244+00:00,2026-07-18 08:38:40.609563+00:00,33.3,temperatura,ambiente,raspberry_pi_4,camera
760,_result,1,2026-07-18 06:09:33.442244+00:00,2026-07-18 09:09:33.442244+00:00,2026-07-18 08:38:45.869822+00:00,33.3,temperatura,ambiente,raspberry_pi_4,camera
761,_result,1,2026-07-18 06:09:33.442244+00:00,2026-07-18 09:09:33.442244+00:00,2026-07-18 08:38:51.139279+00:00,33.3,temperatura,ambiente,raspberry_pi_4,camera
762,_result,1,2026-07-18 06:09:33.442244+00:00,2026-07-18 09:09:33.442244+00:00,2026-07-18 08:38:56.399368+00:00,33.3,temperatura,ambiente,raspberry_pi_4,camera
763,_result,1,2026-07-18 06:09:33.442244+00:00,2026-07-18 09:09:33.442244+00:00,2026-07-18 08:39:01.670484+00:00,33.3,temperatura,ambiente,raspberry_pi_4,camera
764,_result,1,2026-07-18 06:09:33.442244+00:00,2026-07-18 09:09:33.442244+00:00,2026-07-18 08:39:06.931904+00:00,33.3,temperatura,ambiente,raspberry_pi_4,camera
765,_result,1,2026-07-18 06:09:33.442244+00:00,2026-07-18 09:09:33.442244+00:00,2026-07-18 08:39:12.201170+00:00,33.3,temperatura,ambiente,raspberry_pi_4,camera
766,_result,1,2026-07-18 06:09:33.442244+00:00,2026-07-18 09:09:33.442244+00:00,2026-07-18 08:39:17.461561+00:00,33.3,temperatura,ambiente,raspberry_pi_4,camera
767,_result,1,2026-07-18 06:09:33.442244+00:00,2026-07-18 09:09:33.442244+00:00,2026-07-18 08:39:22.730759+00:00,33.3,temperatura,ambiente,raspberry_pi_4,camera
768,_result,1,2026-07-18 06:09:33.442244+00:00,2026-07-18 09:09:33.442244+00:00,2026-07-18 08:39:27.990931+00:00,33.3,temperatura,ambiente,raspberry_pi_4,camera
769,_result,1,2026-07-18 06:09:33.442244+00:00,2026-07-18 09:09:33.442244+00:00,2026-07-18 08:39:33.262196+00:00,33.3,temperatura,ambiente,raspberry_pi_4,camera
770,_result,1,2026-07-18 06:09:33.442244+00:00,2026-07-18 09:09:33.442244+00:00,2026-07-18 08:39:38.522452+00:00,33.3,temperatura,ambiente,raspberry_pi_4,camera
771,_result,1,2026-07-18 06:09:33.442244+00:00,2026-07-18 09:09:33.442244+00:00,2026-07-18 08:39:43.791764+00:00,33.3,temperatura,ambiente,raspberry_pi_4,camera
772,_result,1,2026-07-18 06:09:33.442244+00:00,2026-07-18 09:09:33.442244+00:00,2026-07-18 08:39:49.051854+00:00,33.3,temperatura,ambiente,raspberry_pi_4,camera
773,_result,1,2026-07-18 06:09:33.442244+00:00,2026-07-18 09:09:33.442244+00:00,2026-07-18 08:39:54.322034+00:00,33.3,temperatura,ambiente,raspberry_pi_4,camera
774,_result,1,2026-07-18 06:09:33.442244+00:00,2026-07-18 09:09:33.442244+00:00,2026-07-18 08:39:59.583341+00:00,33.3,temperatura,ambiente,raspberry_pi_4,camera
775,_result,1,2026-07-18 06:09:33.442244+00:00,2026-07-18 09:09:33.442244+00:00,2026-07-18 08:40:04.855054+00:00,33.3,temperatura,ambiente,raspberry_pi_4,camera
776,_result,1,2026-07-18 06:09:33.442244+00:00,2026-07-18 09:09:33.442244+00:00,2026-07-18 08:40:10.115292+00:00,33.3,temperatura,ambiente,raspberry_pi_4,camera
777,_result,1,2026-07-18 06:09:33.442244+00:00,2026-07-18 09:09:33.442244+00:00,2026-07-18 08:40:15.384790+00:00,33.3,temperatura,ambiente,raspberry_pi_4,camera
778,_result,1,2026-07-18 06:09:33.442244+00:00,2026-07-18 09:09:33.442244+00:00,2026-07-18 08:40:20.645228+00:00,33.3,temperatura,ambiente,raspberry_pi_4,camera
779,_result,1,2026-07-18 06:09:33.442244+00:00,2026-07-18 09:09:33.442244+00:00,2026-07-18 08:40:25.914988+00:00,33.3,temperatura,ambiente,raspberry_pi_4,camera
780,_result,1,2026-07-18 06:09:33.442244+00:00,2026-07-18 09:09:33.442244+00:00,2026-07-18 08:40:31.175227+00:00,33.3,temperatura,ambiente,raspberry_pi_4,camera
781,_result,1,2026-07-18 06:09:33.442244+00:00,2026-07-18 09:09:33.442244+00:00,2026-07-18 08:40:36.446711+00:00,33.3,temperatura,ambiente,raspberry_pi_4,camera
782,_result,1,2026-07-18 06:09:33.442244+00:00,2026-07-18 09:09:33.442244+00:00,2026-07-18 08:40:41.707001+00:00,33.3,temperatura,ambiente,raspberry_pi_4,camera
783,_result,1,2026-07-18 06:09:33.442244+00:00,2026-07-18 09:09:33.442244+00:00,2026-07-18 08:40:46.976824+00:00,33.3,temperatura,ambiente,raspberry_pi_4,camera
784,_result,1,2026-07-18 06:09:33.442244+00:00,2026-07-18 09:09:33.442244+00:00,2026-07-18 08:40:52.236967+00:00,33.3,temperatura,ambiente,raspberry_pi_4,camera
785,_result,1,2026-07-18 06:09:33.442244+00:00,2026-07-18 09:09:33.442244+00:00,2026-07-18 08:40:57.506807+00:00,33.3,temperatura,ambiente,raspberry_pi_4,camera
786,_result,1,2026-07-18 06:09:33.442244+00:00,2026-07-18 09:09:33.442244+00:00,2026-07-18 08:41:02.766963+00:00,33.3,temperatura,ambiente,raspberry_pi_4,camera
787,_result,1,2026-07-18 06:09:33.442244+00:00,2026-07-18 09:09:33.442244+00:00,2026-07-18 08:41:08.038529+00:00,33.3,temperatura,ambiente,raspberry_pi_4,camera
788,_result,1,2026-07-18 06:09:33.442244+00:00,2026-07-18 09:09:33.442244+00:00,2026-07-18 08:41:13.298699+00:00,33.3,temperatura,ambiente,raspberry_pi_4,camera
789,_result,1,2026-07-18 06:09:33.442244+00:00,2026-07-18 09:09:33.442244+00:00,2026-07-18 08:41:18.568418+00:00,33.3,temperatura,ambiente,raspberry_pi_4,camera
790,_result,1,2026-07-18 06:09:33.442244+00:00,2026-07-18 09:09:33.442244+00:00,2026-07-18 08:41:23.828945+00:00,33.3,temperatura,ambiente,raspberry_pi_4,camera
791,_result,1,2026-07-18 06:09:33.442244+00:00,2026-07-18 09:09:33.442244+00:00,2026-07-18 08:41:29.098369+00:00,33.3,temperatura,ambiente,raspberry_pi_4,camera
792,_result,1,2026-07-18 06:09:33.442244+00:00,2026-07-18 09:09:33.442244+00:00,2026-07-18 08:41:34.358580+00:00,33.3,temperatura,ambiente,raspberry_pi_4,camera
793,_result,1,2026-07-18 06:09:33.442244+00:00,2026-07-18 09:09:33.442244+00:00,2026-07-18 08:41:39.631317+00:00,33.3,temperatura,ambiente,raspberry_pi_4,camera
794,_result,1,2026-07-18 06:09:33.442244+00:00,2026-07-18 09:09:33.442244+00:00,2026-07-18 08:41:44.891501+00:00,33.3,temperatura,ambiente,raspberry_pi_4,camera
795,_result,1,2026-07-18 06:09:33.442244+00:00,2026-07-18 09:09:33.442244+00:00,2026-07-18 08:41:50.162178+00:00,33.3,temperatura,ambiente,raspberry_pi_4,camera
796,_result,1,2026-07-18 06:09:33.442244+00:00,2026-07-18 09:09:33.442244+00:00,2026-07-18 08:41:55.422266+00:00,33.3,temperatura,ambiente,raspberry_pi_4,camera
797,_result,1,2026-07-18 06:09:33.442244+00:00,2026-07-18 09:09:33.442244+00:00,2026-07-18 08:42:00.692279+00:00,33.3,temperatura,ambiente,raspberry_pi_4,camera
798,_result,1,2026-07-18 06:09:33.442244+00:00,2026-07-18 09:09:33.442244+00:00,2026-07-18 08:42:05.953835+00:00,33.3,temperatura,ambiente,raspberry_pi_4,camera
799,_result,1,2026-07-18 06:09:33.442244+00:00,2026-07-18 09:09:33.442244+00:00,2026-07-18 08:42:11.223830+00:00,33.3,temperatura,ambiente,raspberry_pi_4,camera
800,_result,1,2026-07-18 06:09:33.442244+00:00,2026-07-18 09:09:33.442244+00:00,2026-07-18 08:42:21.747761+00:00,33.3,temperatura,ambiente,raspberry_pi_4,camera
801,_result,1,2026-07-18 06:09:33.442244+00:00,2026-07-18 09:09:33.442244+00:00,2026-07-18 08:42:27.008409+00:00,33.3,temperatura,ambiente,raspberry_pi_4,camera
802,_result,1,2026-07-18 06:09:33.442244+00:00,2026-07-18 09:09:33.442244+00:00,2026-07-18 08:42:32.279680+00:00,33.3,temperatura,ambiente,raspberry_pi_4,camera
803,_result,1,2026-07-18 06:09:33.442244+00:00,2026-07-18 09:09:33.442244+00:00,2026-07-18 08:42:37.541714+00:00,33.3,temperatura,ambiente,raspberry_pi_4,camera
804,_result,1,2026-07-18 06:09:33.442244+00:00,2026-07-18 09:09:33.442244+00:00,2026-07-18 08:42:42.811545+00:00,33.3,temperatura,ambiente,raspberry_pi_4,camera
805,_result,1,2026-07-18 06:09:33.442244+00:00,2026-07-18 09:09:33.442244+00:00,2026-07-18 08:42:48.072103+00:00,33.3,temperatura,ambiente,raspberry_pi_4,camera
806,_result,1,2026-07-18 06:09:33.442244+00:00,2026-07-18 09:09:33.442244+00:00,2026-07-18 08:42:53.371531+00:00,33.3,temperatura,ambiente,raspberry_pi_4,camera
807,_result,1,2026-07-18 06:09:33.442244+00:00,2026-07-18 09:09:33.442244+00:00,2026-07-18 08:42:58.631677+00:00,33.3,temperatura,ambiente,raspberry_pi_4,camera
808,_result,1,2026-07-18 06:09:33.442244+00:00,2026-07-18 09:09:33.442244+00:00,2026-07-18 08:43:03.903252+00:00,33.3,temperatura,ambiente,raspberry_pi_4,camera
809,_result,1,2026-07-18 06:09:33.442244+00:00,2026-07-18 09:09:33.442244+00:00,2026-07-18 08:43:09.163445+00:00,33.3,temperatura,ambiente,raspberry_pi_4,camera
810,_result,1,2026-07-18 06:09:33.442244+00:00,2026-07-18 09:09:33.442244+00:00,2026-07-18 08:43:14.432967+00:00,33.3,temperatura,ambiente,raspberry_pi_4,camera
811,_result,1,2026-07-18 06:09:33.442244+00:00,2026-07-18 09:09:33.442244+00:00,2026-07-18 08:43:19.693281+00:00,33.3,temperatura,ambiente,raspberry_pi_4,camera
812,_result,1,2026-07-18 06:09:33.442244+00:00,2026-07-18 09:09:33.442244+00:00,2026-07-18 08:43:24.962689+00:00,33.3,temperatura,ambiente,raspberry_pi_4,camera
813,_result,1,2026-07-18 06:09:33.442244+00:00,2026-07-18 09:09:33.442244+00:00,2026-07-18 08:43:30.222803+00:00,33.3,temperatura,ambiente,raspberry_pi_4,camera
814,_result,1,2026-07-18 06:09:33.442244+00:00,2026-07-18 09:09:33.442244+00:00,2026-07-18 08:43:35.494440+00:00,33.3,temperatura,ambiente,raspberry_pi_4,camera
815,_result,1,2026-07-18 06:09:33.442244+00:00,2026-07-18 09:09:33.442244+00:00,2026-07-18 08:43:40.755522+00:00,33.3,temperatura,ambiente,raspberry_pi_4,camera
816,_result,1,2026-07-18 06:09:33.442244+00:00,2026-07-18 09:09:33.442244+00:00,2026-07-18 08:43:46.031621+00:00,33.3,temperatura,ambiente,raspberry_pi_4,camera
817,_result,1,2026-07-18 06:09:33.442244+00:00,2026-07-18 09:09:33.442244+00:00,2026-07-18 08:43:51.293055+00:00,33.3,temperatura,ambiente,raspberry_pi_4,camera
818,_result,1,2026-07-18 06:09:33.442244+00:00,2026-07-18 09:09:33.442244+00:00,2026-07-18 08:43:56.562521+00:00,33.3,temperatura,ambiente,raspberry_pi_4,camera
819,_result,1,2026-07-18 06:09:33.442244+00:00,2026-07-18 09:09:33.442244+00:00,2026-07-18 08:44:01.822878+00:00,33.3,temperatura,ambiente,raspberry_pi_4,camera
820,_result,1,2026-07-18 06:09:33.442244+00:00,2026-07-18 09:09:33.442244+00:00,2026-07-18 08:44:07.094014+00:00,33.3,temperatura,ambiente,raspberry_pi_4,camera
821,_result,1,2026-07-18 06:09:33.442244+00:00,2026-07-18 09:09:33.442244+00:00,2026-07-18 08:44:12.354429+00:00,33.3,temperatura,ambiente,raspberry_pi_4,camera
822,_result,1,2026-07-18 06:09:33.442244+00:00,2026-07-18 09:09:33.442244+00:00,2026-07-18 08:44:17.624001+00:00,33.3,temperatura,ambiente,raspberry_pi_4,camera
823,_result,1,2026-07-18 06:09:33.442244+00:00,2026-07-18 09:09:33.442244+00:00,2026-07-18 08:44:22.884097+00:00,33.3,temperatura,ambiente,raspberry_pi_4,camera
824,_result,1,2026-07-18 06:09:33.442244+00:00,2026-07-18 09:09:33.442244+00:00,2026-07-18 08:44:28.153821+00:00,33.3,temperatura,ambiente,raspberry_pi_4,camera
825,_result,1,2026-07-18 06:09:33.442244+00:00,2026-07-18 09:09:33.442244+00:00,2026-07-18 08:44:33.413852+00:00,33.3,temperatura,ambiente,raspberry_pi_4,camera
826,_result,1,2026-07-18 06:09:33.442244+00:00,2026-07-18 09:09:33.442244+00:00,2026-07-18 08:44:38.684809+00:00,33.3,temperatura,ambiente,raspberry_pi_4,camera
827,_result,1,2026-07-18 06:09:33.442244+00:00,2026-07-18 09:09:33.442244+00:00,2026-07-18 08:44:43.944705+00:00,33.3,temperatura,ambiente,raspberry_pi_4,camera
828,_result,1,2026-07-18 06:09:33.442244+00:00,2026-07-18 09:09:33.442244+00:00,2026-07-18 08:44:49.214686+00:00,33.3,temperatura,ambiente,raspberry_pi_4,camera
829,_result,1,2026-07-18 06:09:33.442244+00:00,2026-07-18 09:09:33.442244+00:00,2026-07-18 08:44:54.474743+00:00,33.3,temperatura,ambiente,raspberry_pi_4,camera
830,_result,1,2026-07-18 06:09:33.442244+00:00,2026-07-18 09:09:33.442244+00:00,2026-07-18 08:44:59.744286+00:00,33.3,temperatura,ambiente,raspberry_pi_4,camera
831,_result,1,2026-07-18 06:09:33.442244+00:00,2026-07-18 09:09:33.442244+00:00,2026-07-18 08:45:05.005780+00:00,33.3,temperatura,ambiente,raspberry_pi_4,camera
832,_result,1,2026-07-18 06:09:33.442244+00:00,2026-07-18 09:09:33.442244+00:00,2026-07-18 08:45:10.275390+00:00,33.3,temperatura,ambiente,raspberry_pi_4,camera
833,_result,1,2026-07-18 06:09:33.442244+00:00,2026-07-18 09:09:33.442244+00:00,2026-07-18 08:45:15.535860+00:00,33.3,temperatura,ambiente,raspberry_pi_4,camera
834,_result,1,2026-07-18 06:09:33.442244+00:00,2026-07-18 09:09:33.442244+00:00,2026-07-18 08:45:20.805153+00:00,33.3,temperatura,ambiente,raspberry_pi_4,camera
835,_result,1,2026-07-18 06:09:33.442244+00:00,2026-07-18 09:09:33.442244+00:00,2026-07-18 08:45:26.084784+00:00,33.3,temperatura,ambiente,raspberry_pi_4,camera
836,_result,1,2026-07-18 06:09:33.442244+00:00,2026-07-18 09:09:33.442244+00:00,2026-07-18 08:45:31.358302+00:00,33.3,temperatura,ambiente,raspberry_pi_4,camera
837,_result,1,2026-07-18 06:09:33.442244+00:00,2026-07-18 09:09:33.442244+00:00,2026-07-18 08:45:36.620012+00:00,33.3,temperatura,ambiente,raspberry_pi_4,camera
838,_result,1,2026-07-18 06:09:33.442244+00:00,2026-07-18 09:09:33.442244+00:00,2026-07-18 08:45:41.889647+00:00,33.3,temperatura,ambiente,raspberry_pi_4,camera
839,_result,1,2026-07-18 06:09:33.442244+00:00,2026-07-18 09:09:33.442244+00:00,2026-07-18 08:45:47.149624+00:00,33.3,temperatura,ambiente,raspberry_pi_4,camera
840,_result,1,2026-07-18 06:09:33.442244+00:00,2026-07-18 09:09:33.442244+00:00,2026-07-18 08:45:52.419002+00:00,33.3,temperatura,ambiente,raspberry_pi_4,camera
841,_result,1,2026-07-18 06:09:33.442244+00:00,2026-07-18 09:09:33.442244+00:00,2026-07-18 08:45:57.679666+00:00,33.3,temperatura,ambiente,raspberry_pi_4,camera
842,_result,1,2026-07-18 06:09:33.442244+00:00,2026-07-18 09:09:33.442244+00:00,2026-07-18 08:46:02.950494+00:00,33.3,temperatura,ambiente,raspberry_pi_4,camera
843,_result,1,2026-07-18 06:09:33.442244+00:00,2026-07-18 09:09:33.442244+00:00,2026-07-18 08:46:08.210775+00:00,33.3,temperatura,ambiente,raspberry_pi_4,camera
844,_result,1,2026-07-18 06:09:33.442244+00:00,2026-07-18 09:09:33.442244+00:00,2026-07-18 08:46:13.485388+00:00,33.3,temperatura,ambiente,raspberry_pi_4,camera
845,_result,1,2026-07-18 06:09:33.442244+00:00,2026-07-18 09:09:33.442244+00:00,2026-07-18 08:46:18.745450+00:00,33.3,temperatura,ambiente,raspberry_pi_4,camera
846,_result,1,2026-07-18 06:09:33.442244+00:00,2026-07-18 09:09:33.442244+00:00,2026-07-18 08:46:24.014988+00:00,33.3,temperatura,ambiente,raspberry_pi_4,camera
847,_result,1,2026-07-18 06:09:33.442244+00:00,2026-07-18 09:09:33.442244+00:00,2026-07-18 08:46:29.275066+00:00,33.3,temperatura,ambiente,raspberry_pi_4,camera
848,_result,1,2026-07-18 06:09:33.442244+00:00,2026-07-18 09:09:33.442244+00:00,2026-07-18 08:46:34.545927+00:00,33.3,temperatura,ambiente,raspberry_pi_4,camera
849,_result,1,2026-07-18 06:09:33.442244+00:00,2026-07-18 09:09:33.442244+00:00,2026-07-18 08:46:39.806301+00:00,33.3,temperatura,ambiente,raspberry_pi_4,camera
850,_result,1,2026-07-18 06:09:33.442244+00:00,2026-07-18 09:09:33.442244+00:00,2026-07-18 08:46:45.075538+00:00,33.3,temperatura,ambiente,raspberry_pi_4,camera
851,_result,1,2026-07-18 06:09:33.442244+00:00,2026-07-18 09:09:33.442244+00:00,2026-07-18 08:46:50.335529+00:00,33.3,temperatura,ambiente,raspberry_pi_4,camera
852,_result,1,2026-07-18 06:09:33.442244+00:00,2026-07-18 09:09:33.442244+00:00,2026-07-18 08:46:55.609006+00:00,33.3,temperatura,ambiente,raspberry_pi_4,camera
853,_result,1,2026-07-18 06:09:33.442244+00:00,2026-07-18 09:09:33.442244+00:00,2026-07-18 08:47:00.868908+00:00,33.3,temperatura,ambiente,raspberry_pi_4,camera
854,_result,1,2026-07-18 06:09:33.442244+00:00,2026-07-18 09:09:33.442244+00:00,2026-07-18 08:47:06.150987+00:00,33.3,temperatura,ambiente,raspberry_pi_4,camera
855,_result,1,2026-07-18 06:09:33.442244+00:00,2026-07-18 09:09:33.442244+00:00,2026-07-18 08:47:16.682955+00:00,33.3,temperatura,ambiente,raspberry_pi_4,camera
856,_result,1,2026-07-18 06:09:33.442244+00:00,2026-07-18 09:09:33.442244+00:00,2026-07-18 08:47:27.207803+00:00,33.3,temperatura,ambiente,raspberry_pi_4,camera
857,_result,1,2026-07-18 06:09:33.442244+00:00,2026-07-18 09:09:33.442244+00:00,2026-07-18 08:47:32.468377+00:00,33.3,temperatura,ambiente,raspberry_pi_4,camera
858,_result,1,2026-07-18 06:09:33.442244+00:00,2026-07-18 09:09:33.442244+00:00,2026-07-18 08:47:37.739963+00:00,33.3,temperatura,ambiente,raspberry_pi_4,camera
859,_result,1,2026-07-18 06:09:33.442244+00:00,2026-07-18 09:09:33.442244+00:00,2026-07-18 08:47:43.000446+00:00,33.3,temperatura,ambiente,raspberry_pi_4,camera
860,_result,1,2026-07-18 06:09:33.442244+00:00,2026-07-18 09:09:33.442244+00:00,2026-07-18 08:47:48.269969+00:00,33.3,temperatura,ambiente,raspberry_pi_4,camera
861,_result,1,2026-07-18 06:09:33.442244+00:00,2026-07-18 09:09:33.442244+00:00,2026-07-18 08:47:53.530124+00:00,33.3,temperatura,ambiente,raspberry_pi_4,camera
862,_result,1,2026-07-18 06:09:33.442244+00:00,2026-07-18 09:09:33.442244+00:00,2026-07-18 08:47:58.800117+00:00,33.3,temperatura,ambiente,raspberry_pi_4,camera
863,_result,1,2026-07-18 06:09:33.442244+00:00,2026-07-18 09:09:33.442244+00:00,2026-07-18 08:48:04.060073+00:00,33.3,temperatura,ambiente,raspberry_pi_4,camera
864,_result,1,2026-07-18 06:09:33.442244+00:00,2026-07-18 09:09:33.442244+00:00,2026-07-18 08:48:09.331298+00:00,33.3,temperatura,ambiente,raspberry_pi_4,camera
865,_result,1,2026-07-18 06:09:33.442244+00:00,2026-07-18 09:09:33.442244+00:00,2026-07-18 08:48:14.591820+00:00,33.3,temperatura,ambiente,raspberry_pi_4,camera
866,_result,1,2026-07-18 06:09:33.442244+00:00,2026-07-18 09:09:33.442244+00:00,2026-07-18 08:48:19.861252+00:00,33.3,temperatura,ambiente,raspberry_pi_4,camera
867,_result,1,2026-07-18 06:09:33.442244+00:00,2026-07-18 09:09:33.442244+00:00,2026-07-18 08:48:25.121430+00:00,33.3,temperatura,ambiente,raspberry_pi_4,camera
868,_result,1,2026-07-18 06:09:33.442244+00:00,2026-07-18 09:09:33.442244+00:00,2026-07-18 08:48:30.391338+00:00,33.3,temperatura,ambiente,raspberry_pi_4,camera
869,_result,1,2026-07-18 06:09:33.442244+00:00,2026-07-18 09:09:33.442244+00:00,2026-07-18 08:48:35.652938+00:00,33.3,temperatura,ambiente,raspberry_pi_4,camera
870,_result,1,2026-07-18 06:09:33.442244+00:00,2026-07-18 09:09:33.442244+00:00,2026-07-18 08:48:40.924809+00:00,33.3,temperatura,ambiente,raspberry_pi_4,camera
871,_result,1,2026-07-18 06:09:33.442244+00:00,2026-07-18 09:09:33.442244+00:00,2026-07-18 08:48:46.187978+00:00,33.3,temperatura,ambiente,raspberry_pi_4,camera
872,_result,1,2026-07-18 06:09:33.442244+00:00,2026-07-18 09:09:33.442244+00:00,2026-07-18 08:48:51.465068+00:00,33.3,temperatura,ambiente,raspberry_pi_4,camera
873,_result,1,2026-07-18 06:09:33.442244+00:00,2026-07-18 09:09:33.442244+00:00,2026-07-18 08:48:56.725024+00:00,33.3,temperatura,ambiente,raspberry_pi_4,camera
874,_result,1,2026-07-18 06:09:33.442244+00:00,2026-07-18 09:09:33.442244+00:00,2026-07-18 08:49:01.997582+00:00,33.3,temperatura,ambiente,raspberry_pi_4,camera
875,_result,1,2026-07-18 06:09:33.442244+00:00,2026-07-18 09:09:33.442244+00:00,2026-07-18 08:49:07.260926+00:00,33.3,temperatura,ambiente,raspberry_pi_4,camera
876,_result,1,2026-07-18 06:09:33.442244+00:00,2026-07-18 09:09:33.442244+00:00,2026-07-18 08:49:12.531019+00:00,33.3,temperatura,ambiente,raspberry_pi_4,camera
877,_result,1,2026-07-18 06:09:33.442244+00:00,2026-07-18 09:09:33.442244+00:00,2026-07-18 08:49:17.792250+00:00,33.3,temperatura,ambiente,raspberry_pi_4,camera
878,_result,1,2026-07-18 06:09:33.442244+00:00,2026-07-18 09:09:33.442244+00:00,2026-07-18 08:49:23.062172+00:00,33.3,temperatura,ambiente,raspberry_pi_4,camera
879,_result,1,2026-07-18 06:09:33.442244+00:00,2026-07-18 09:09:33.442244+00:00,2026-07-18 08:49:28.322181+00:00,33.3,temperatura,ambiente,raspberry_pi_4,camera
880,_result,1,2026-07-18 06:09:33.442244+00:00,2026-07-18 09:09:33.442244+00:00,2026-07-18 08:49:33.593221+00:00,33.3,temperatura,ambiente,raspberry_pi_4,camera
881,_result,1,2026-07-18 06:09:33.442244+00:00,2026-07-18 09:09:33.442244+00:00,2026-07-18 08:49:44.117316+00:00,33.3,temperatura,ambiente,raspberry_pi_4,camera
882,_result,1,2026-07-18 06:09:33.442244+00:00,2026-07-18 09:09:33.442244+00:00,2026-07-18 08:49:49.377429+00:00,33.3,temperatura,ambiente,raspberry_pi_4,camera
883,_result,1,2026-07-18 06:09:33.442244+00:00,2026-07-18 09:09:33.442244+00:00,2026-07-18 08:49:54.647217+00:00,33.3,temperatura,ambiente,raspberry_pi_4,camera
884,_result,1,2026-07-18 06:09:33.442244+00:00,2026-07-18 09:09:33.442244+00:00,2026-07-18 08:49:59.907591+00:00,33.3,temperatura,ambiente,raspberry_pi_4,camera
885,_result,1,2026-07-18 06:09:33.442244+00:00,2026-07-18 09:09:33.442244+00:00,2026-07-18 08:50:05.186027+00:00,33.3,temperatura,ambiente,raspberry_pi_4,camera
886,_result,1,2026-07-18 06:09:33.442244+00:00,2026-07-18 09:09:33.442244+00:00,2026-07-18 08:50:10.446294+00:00,33.3,temperatura,ambiente,raspberry_pi_4,camera
887,_result,1,2026-07-18 06:09:33.442244+00:00,2026-07-18 09:09:33.442244+00:00,2026-07-18 08:50:15.716808+00:00,33.3,temperatura,ambiente,raspberry_pi_4,camera
888,_result,1,2026-07-18 06:09:33.442244+00:00,2026-07-18 09:09:33.442244+00:00,2026-07-18 08:50:20.976911+00:00,33.3,temperatura,ambiente,raspberry_pi_4,camera
889,_result,1,2026-07-18 06:09:33.442244+00:00,2026-07-18 09:09:33.442244+00:00,2026-07-18 08:50:31.501121+00:00,33.3,temperatura,ambiente,raspberry_pi_4,camera
890,_result,1,2026-07-18 06:09:33.442244+00:00,2026-07-18 09:09:33.442244+00:00,2026-07-18 08:50:36.772447+00:00,33.3,temperatura,ambiente,raspberry_pi_4,camera
891,_result,1,2026-07-18 06:09:33.442244+00:00,2026-07-18 09:09:33.442244+00:00,2026-07-18 08:50:42.032544+00:00,33.3,temperatura,ambiente,raspberry_pi_4,camera
892,_result,1,2026-07-18 06:09:33.442244+00:00,2026-07-18 09:09:33.442244+00:00,2026-07-18 08:50:47.302731+00:00,33.3,temperatura,ambiente,raspberry_pi_4,camera
893,_result,1,2026-07-18 06:09:33.442244+00:00,2026-07-18 09:09:33.442244+00:00,2026-07-18 08:50:52.562855+00:00,33.3,temperatura,ambiente,raspberry_pi_4,camera
894,_result,1,2026-07-18 06:09:33.442244+00:00,2026-07-18 09:09:33.442244+00:00,2026-07-18 08:50:57.833268+00:00,33.3,temperatura,ambiente,raspberry_pi_4,camera
895,_result,1,2026-07-18 06:09:33.442244+00:00,2026-07-18 09:09:33.442244+00:00,2026-07-18 08:51:03.093452+00:00,33.3,temperatura,ambiente,raspberry_pi_4,camera
896,_result,1,2026-07-18 06:09:33.442244+00:00,2026-07-18 09:09:33.442244+00:00,2026-07-18 08:51:08.364506+00:00,33.3,temperatura,ambiente,raspberry_pi_4,camera
897,_result,1,2026-07-18 06:09:33.442244+00:00,2026-07-18 09:09:33.442244+00:00,2026-07-18 08:51:13.625728+00:00,33.3,temperatura,ambiente,raspberry_pi_4,camera
898,_result,1,2026-07-18 06:09:33.442244+00:00,2026-07-18 09:09:33.442244+00:00,2026-07-18 08:51:24.149410+00:00,33.3,temperatura,ambiente,raspberry_pi_4,camera
899,_result,1,2026-07-18 06:09:33.442244+00:00,2026-07-18 09:09:33.442244+00:00,2026-07-18 08:51:29.420523+00:00,33.3,temperatura,ambiente,raspberry_pi_4,camera
900,_result,1,2026-07-18 06:09:33.442244+00:00,2026-07-18 09:09:33.442244+00:00,2026-07-18 08:51:34.682037+00:00,33.3,temperatura,ambiente,raspberry_pi_4,camera
901,_result,1,2026-07-18 06:09:33.442244+00:00,2026-07-18 09:09:33.442244+00:00,2026-07-18 08:51:39.952709+00:00,33.3,temperatura,ambiente,raspberry_pi_4,camera
902,_result,1,2026-07-18 06:09:33.442244+00:00,2026-07-18 09:09:33.442244+00:00,2026-07-18 08:51:45.212912+00:00,33.3,temperatura,ambiente,raspberry_pi_4,camera
903,_result,1,2026-07-18 06:09:33.442244+00:00,2026-07-18 09:09:33.442244+00:00,2026-07-18 08:51:50.484182+00:00,33.3,temperatura,ambiente,raspberry_pi_4,camera
904,_result,1,2026-07-18 06:09:33.442244+00:00,2026-07-18 09:09:33.442244+00:00,2026-07-18 08:51:55.744313+00:00,33.3,temperatura,ambiente,raspberry_pi_4,camera
905,_result,1,2026-07-18 06:09:33.442244+00:00,2026-07-18 09:09:33.442244+00:00,2026-07-18 08:52:01.021486+00:00,33.3,temperatura,ambiente,raspberry_pi_4,camera
906,_result,1,2026-07-18 06:09:33.442244+00:00,2026-07-18 09:09:33.442244+00:00,2026-07-18 08:52:06.287268+00:00,33.3,temperatura,ambiente,raspberry_pi_4,camera
907,_result,1,2026-07-18 06:09:33.442244+00:00,2026-07-18 09:09:33.442244+00:00,2026-07-18 08:52:11.556468+00:00,33.3,temperatura,ambiente,raspberry_pi_4,camera
908,_result,1,2026-07-18 06:09:33.442244+00:00,2026-07-18 09:09:33.442244+00:00,2026-07-18 08:52:16.816613+00:00,33.3,temperatura,ambiente,raspberry_pi_4,camera
909,_result,1,2026-07-18 06:09:33.442244+00:00,2026-07-18 09:09:33.442244+00:00,2026-07-18 08:52:27.340656+00:00,33.3,temperatura,ambiente,raspberry_pi_4,camera
910,_result,1,2026-07-18 06:09:33.442244+00:00,2026-07-18 09:09:33.442244+00:00,2026-07-18 08:52:32.611594+00:00,33.3,temperatura,ambiente,raspberry_pi_4,camera
911,_result,1,2026-07-18 06:09:33.442244+00:00,2026-07-18 09:09:33.442244+00:00,2026-07-18 08:52:37.871558+00:00,33.3,temperatura,ambiente,raspberry_pi_4,camera
912,_result,1,2026-07-18 06:09:33.442244+00:00,2026-07-18 09:09:33.442244+00:00,2026-07-18 08:52:43.141692+00:00,33.3,temperatura,ambiente,raspberry_pi_4,camera
913,_result,1,2026-07-18 06:09:33.442244+00:00,2026-07-18 09:09:33.442244+00:00,2026-07-18 08:52:48.402062+00:00,33.3,temperatura,ambiente,raspberry_pi_4,camera
914,_result,1,2026-07-18 06:09:33.442244+00:00,2026-07-18 09:09:33.442244+00:00,2026-07-18 08:52:53.671780+00:00,33.3,temperatura,ambiente,raspberry_pi_4,camera
915,_result,1,2026-07-18 06:09:33.442244+00:00,2026-07-18 09:09:33.442244+00:00,2026-07-18 08:52:58.932207+00:00,33.3,temperatura,ambiente,raspberry_pi_4,camera
916,_result,1,2026-07-18 06:09:33.442244+00:00,2026-07-18 09:09:33.442244+00:00,2026-07-18 08:53:04.203507+00:00,33.3,temperatura,ambiente,raspberry_pi_4,camera
917,_result,1,2026-07-18 06:09:33.442244+00:00,2026-07-18 09:09:33.442244+00:00,2026-07-18 08:53:09.463842+00:00,33.3,temperatura,ambiente,raspberry_pi_4,camera
918,_result,1,2026-07-18 06:09:33.442244+00:00,2026-07-18 09:09:33.442244+00:00,2026-07-18 08:53:14.734272+00:00,33.3,temperatura,ambiente,raspberry_pi_4,camera
919,_result,1,2026-07-18 06:09:33.442244+00:00,2026-07-18 09:09:33.442244+00:00,2026-07-18 08:53:19.994307+00:00,33.3,temperatura,ambiente,raspberry_pi_4,camera
920,_result,1,2026-07-18 06:09:33.442244+00:00,2026-07-18 09:09:33.442244+00:00,2026-07-18 08:53:25.264187+00:00,33.3,temperatura,ambiente,raspberry_pi_4,camera
921,_result,1,2026-07-18 06:09:33.442244+00:00,2026-07-18 09:09:33.442244+00:00,2026-07-18 08:53:30.524164+00:00,33.3,temperatura,ambiente,raspberry_pi_4,camera
922,_result,1,2026-07-18 06:09:33.442244+00:00,2026-07-18 09:09:33.442244+00:00,2026-07-18 08:53:35.795257+00:00,33.3,temperatura,ambiente,raspberry_pi_4,camera
923,_result,1,2026-07-18 06:09:33.442244+00:00,2026-07-18 09:09:33.442244+00:00,2026-07-18 08:53:41.055474+00:00,33.3,temperatura,ambiente,raspberry_pi_4,camera
924,_result,1,2026-07-18 06:09:33.442244+00:00,2026-07-18 09:09:33.442244+00:00,2026-07-18 08:53:46.340307+00:00,33.3,temperatura,ambiente,raspberry_pi_4,camera
925,_result,1,2026-07-18 06:09:33.442244+00:00,2026-07-18 09:09:33.442244+00:00,2026-07-18 08:53:51.615162+00:00,33.3,temperatura,ambiente,raspberry_pi_4,camera
926,_result,1,2026-07-18 06:09:33.442244+00:00,2026-07-18 09:09:33.442244+00:00,2026-07-18 08:53:56.904600+00:00,33.3,temperatura,ambiente,raspberry_pi_4,camera
927,_result,1,2026-07-18 06:09:33.442244+00:00,2026-07-18 09:09:33.442244+00:00,2026-07-18 08:54:02.166423+00:00,33.3,temperatura,ambiente,raspberry_pi_4,camera
928,_result,1,2026-07-18 06:09:33.442244+00:00,2026-07-18 09:09:33.442244+00:00,2026-07-18 08:54:07.437392+00:00,33.3,temperatura,ambiente,raspberry_pi_4,camera
929,_result,1,2026-07-18 06:09:33.442244+00:00,2026-07-18 09:09:33.442244+00:00,2026-07-18 08:54:12.697472+00:00,33.3,temperatura,ambiente,raspberry_pi_4,camera
930,_result,1,2026-07-18 06:09:33.442244+00:00,2026-07-18 09:09:33.442244+00:00,2026-07-18 08:54:17.967251+00:00,33.3,temperatura,ambiente,raspberry_pi_4,camera
931,_result,1,2026-07-18 06:09:33.442244+00:00,2026-07-18 09:09:33.442244+00:00,2026-07-18 08:54:23.227279+00:00,33.3,temperatura,ambiente,raspberry_pi_4,camera
932,_result,1,2026-07-18 06:09:33.442244+00:00,2026-07-18 09:09:33.442244+00:00,2026-07-18 08:54:28.497120+00:00,33.3,temperatura,ambiente,raspberry_pi_4,camera
933,_result,1,2026-07-18 06:09:33.442244+00:00,2026-07-18 09:09:33.442244+00:00,2026-07-18 08:54:33.757136+00:00,33.3,temperatura,ambiente,raspberry_pi_4,camera
934,_result,1,2026-07-18 06:09:33.442244+00:00,2026-07-18 09:09:33.442244+00:00,2026-07-18 08:54:44.282480+00:00,33.3,temperatura,ambiente,raspberry_pi_4,camera
935,_result,1,2026-07-18 06:09:33.442244+00:00,2026-07-18 09:09:33.442244+00:00,2026-07-18 08:54:49.551836+00:00,33.3,temperatura,ambiente,raspberry_pi_4,camera
936,_result,1,2026-07-18 06:09:33.442244+00:00,2026-07-18 09:09:33.442244+00:00,2026-07-18 08:54:54.812243+00:00,33.3,temperatura,ambiente,raspberry_pi_4,camera
937,_result,1,2026-07-18 06:09:33.442244+00:00,2026-07-18 09:09:33.442244+00:00,2026-07-18 08:55:00.081682+00:00,33.3,temperatura,ambiente,raspberry_pi_4,camera
938,_result,1,2026-07-18 06:09:33.442244+00:00,2026-07-18 09:09:33.442244+00:00,2026-07-18 08:55:05.344694+00:00,33.3,temperatura,ambiente,raspberry_pi_4,camera
939,_result,1,2026-07-18 06:09:33.442244+00:00,2026-07-18 09:09:33.442244+00:00,2026-07-18 08:55:10.614491+00:00,33.3,temperatura,ambiente,raspberry_pi_4,camera
940,_result,1,2026-07-18 06:09:33.442244+00:00,2026-07-18 09:09:33.442244+00:00,2026-07-18 08:55:15.874687+00:00,33.3,temperatura,ambiente,raspberry_pi_4,camera
941,_result,1,2026-07-18 06:09:33.442244+00:00,2026-07-18 09:09:33.442244+00:00,2026-07-18 08:55:21.144843+00:00,33.3,temperatura,ambiente,raspberry_pi_4,camera
942,_result,1,2026-07-18 06:09:33.442244+00:00,2026-07-18 09:09:33.442244+00:00,2026-07-18 08:55:26.405185+00:00,33.3,temperatura,ambiente,raspberry_pi_4,camera
943,_result,1,2026-07-18 06:09:33.442244+00:00,2026-07-18 09:09:33.442244+00:00,2026-07-18 08:55:36.930534+00:00,33.3,temperatura,ambiente,raspberry_pi_4,camera
944,_result,1,2026-07-18 06:09:33.442244+00:00,2026-07-18 09:09:33.442244+00:00,2026-07-18 08:55:42.200793+00:00,33.2,temperatura,ambiente,raspberry_pi_4,camera
945,_result,1,2026-07-18 06:09:33.442244+00:00,2026-07-18 09:09:33.442244+00:00,2026-07-18 08:55:47.461038+00:00,33.3,temperatura,ambiente,raspberry_pi_4,camera
946,_result,1,2026-07-18 06:09:33.442244+00:00,2026-07-18 09:09:33.442244+00:00,2026-07-18 08:55:52.730691+00:00,33.2,temperatura,ambiente,raspberry_pi_4,camera
947,_result,1,2026-07-18 06:09:33.442244+00:00,2026-07-18 09:09:33.442244+00:00,2026-07-18 08:55:57.991203+00:00,33.1,temperatura,ambiente,raspberry_pi_4,camera
948,_result,1,2026-07-18 06:09:33.442244+00:00,2026-07-18 09:09:33.442244+00:00,2026-07-18 08:56:03.262477+00:00,33.1,temperatura,ambiente,raspberry_pi_4,camera
949,_result,1,2026-07-18 06:09:33.442244+00:00,2026-07-18 09:09:33.442244+00:00,2026-07-18 08:56:08.522648+00:00,33.1,temperatura,ambiente,raspberry_pi_4,camera
950,_result,1,2026-07-18 06:09:33.442244+00:00,2026-07-18 09:09:33.442244+00:00,2026-07-18 08:56:13.797170+00:00,33.0,temperatura,ambiente,raspberry_pi_4,camera
951,_result,1,2026-07-18 06:09:33.442244+00:00,2026-07-18 09:09:33.442244+00:00,2026-07-18 08:56:24.321011+00:00,33.0,temperatura,ambiente,raspberry_pi_4,camera
952,_result,1,2026-07-18 06:09:33.442244+00:00,2026-07-18 09:09:33.442244+00:00,2026-07-18 08:56:29.581161+00:00,33.0,temperatura,ambiente,raspberry_pi_4,camera
953,_result,1,2026-07-18 06:09:33.442244+00:00,2026-07-18 09:09:33.442244+00:00,2026-07-18 08:56:34.852544+00:00,32.9,temperatura,ambiente,raspberry_pi_4,camera
954,_result,1,2026-07-18 06:09:33.442244+00:00,2026-07-18 09:09:33.442244+00:00,2026-07-18 08:56:40.112701+00:00,33.0,temperatura,ambiente,raspberry_pi_4,camera
955,_result,1,2026-07-18 06:09:33.442244+00:00,2026-07-18 09:09:33.442244+00:00,2026-07-18 08:56:45.382962+00:00,33.0,temperatura,ambiente,raspberry_pi_4,camera
956,_result,1,2026-07-18 06:09:33.442244+00:00,2026-07-18 09:09:33.442244+00:00,2026-07-18 08:56:50.643074+00:00,32.9,temperatura,ambiente,raspberry_pi_4,camera
957,_result,1,2026-07-18 06:09:33.442244+00:00,2026-07-18 09:09:33.442244+00:00,2026-07-18 08:56:55.912553+00:00,33.0,temperatura,ambiente,raspberry_pi_4,camera
958,_result,1,2026-07-18 06:09:33.442244+00:00,2026-07-18 09:09:33.442244+00:00,2026-07-18 08:57:01.173026+00:00,33.0,temperatura,ambiente,raspberry_pi_4,camera
959,_result,1,2026-07-18 06:09:33.442244+00:00,2026-07-18 09:09:33.442244+00:00,2026-07-18 08:57:06.447332+00:00,33.0,temperatura,ambiente,raspberry_pi_4,camera
960,_result,1,2026-07-18 06:09:33.442244+00:00,2026-07-18 09:09:33.442244+00:00,2026-07-18 08:57:11.711376+00:00,33.1,temperatura,ambiente,raspberry_pi_4,camera
961,_result,1,2026-07-18 06:09:33.442244+00:00,2026-07-18 09:09:33.442244+00:00,2026-07-18 08:57:16.981257+00:00,32.9,temperatura,ambiente,raspberry_pi_4,camera
962,_result,1,2026-07-18 06:09:33.442244+00:00,2026-07-18 09:09:33.442244+00:00,2026-07-18 08:57:22.241479+00:00,32.9,temperatura,ambiente,raspberry_pi_4,camera
963,_result,1,2026-07-18 06:09:33.442244+00:00,2026-07-18 09:09:33.442244+00:00,2026-07-18 08:57:27.511353+00:00,33.0,temperatura,ambiente,raspberry_pi_4,camera
964,_result,1,2026-07-18 06:09:33.442244+00:00,2026-07-18 09:09:33.442244+00:00,2026-07-18 08:57:32.771637+00:00,32.9,temperatura,ambiente,raspberry_pi_4,camera
965,_result,1,2026-07-18 06:09:33.442244+00:00,2026-07-18 09:09:33.442244+00:00,2026-07-18 08:57:43.297221+00:00,33.0,temperatura,ambiente,raspberry_pi_4,camera
966,_result,1,2026-07-18 06:09:33.442244+00:00,2026-07-18 09:09:33.442244+00:00,2026-07-18 08:57:48.580813+00:00,32.9,temperatura,ambiente,raspberry_pi_4,camera
967,_result,1,2026-07-18 06:09:33.442244+00:00,2026-07-18 09:09:33.442244+00:00,2026-07-18 08:57:53.841156+00:00,32.9,temperatura,ambiente,raspberry_pi_4,camera
968,_result,1,2026-07-18 06:09:33.442244+00:00,2026-07-18 09:09:33.442244+00:00,2026-07-18 08:57:59.110504+00:00,32.9,temperatura,ambiente,raspberry_pi_4,camera
969,_result,1,2026-07-18 06:09:33.442244+00:00,2026-07-18 09:09:33.442244+00:00,2026-07-18 08:58:04.370685+00:00,32.8,temperatura,ambiente,raspberry_pi_4,camera
970,_result,1,2026-07-18 06:09:33.442244+00:00,2026-07-18 09:09:33.442244+00:00,2026-07-18 08:58:09.641502+00:00,32.8,temperatura,ambiente,raspberry_pi_4,camera
971,_result,1,2026-07-18 06:09:33.442244+00:00,2026-07-18 09:09:33.442244+00:00,2026-07-18 08:58:14.901666+00:00,32.9,temperatura,ambiente,raspberry_pi_4,camera
972,_result,1,2026-07-18 06:09:33.442244+00:00,2026-07-18 09:09:33.442244+00:00,2026-07-18 08:58:20.171296+00:00,32.8,temperatura,ambiente,raspberry_pi_4,camera
973,_result,1,2026-07-18 06:09:33.442244+00:00,2026-07-18 09:09:33.442244+00:00,2026-07-18 08:58:25.431402+00:00,32.8,temperatura,ambiente,raspberry_pi_4,camera
974,_result,1,2026-07-18 06:09:33.442244+00:00,2026-07-18 09:09:33.442244+00:00,2026-07-18 08:58:30.701305+00:00,32.8,temperatura,ambiente,raspberry_pi_4,camera
975,_result,1,2026-07-18 06:09:33.442244+00:00,2026-07-18 09:09:33.442244+00:00,2026-07-18 08:58:35.962818+00:00,32.8,temperatura,ambiente,raspberry_pi_4,camera
976,_result,1,2026-07-18 06:09:33.442244+00:00,2026-07-18 09:09:33.442244+00:00,2026-07-18 08:58:41.232603+00:00,32.8,temperatura,ambiente,raspberry_pi_4,camera
977,_result,1,2026-07-18 06:09:33.442244+00:00,2026-07-18 09:09:33.442244+00:00,2026-07-18 08:58:46.492809+00:00,32.8,temperatura,ambiente,raspberry_pi_4,camera
978,_result,1,2026-07-18 06:09:33.442244+00:00,2026-07-18 09:09:33.442244+00:00,2026-07-18 08:58:51.763903+00:00,32.8,temperatura,ambiente,raspberry_pi_4,camera
979,_result,1,2026-07-18 06:09:33.442244+00:00,2026-07-18 09:09:33.442244+00:00,2026-07-18 08:58:57.024999+00:00,32.8,temperatura,ambiente,raspberry_pi_4,camera
980,_result,1,2026-07-18 06:09:33.442244+00:00,2026-07-18 09:09:33.442244+00:00,2026-07-18 08:59:02.298782+00:00,32.8,temperatura,ambiente,raspberry_pi_4,camera
981,_result,1,2026-07-18 06:09:33.442244+00:00,2026-07-18 09:09:33.442244+00:00,2026-07-18 08:59:07.559877+00:00,32.8,temperatura,ambiente,raspberry_pi_4,camera
982,_result,1,2026-07-18 06:09:33.442244+00:00,2026-07-18 09:09:33.442244+00:00,2026-07-18 08:59:12.829286+00:00,32.8,temperatura,ambiente,raspberry_pi_4,camera
983,_result,1,2026-07-18 06:09:33.442244+00:00,2026-07-18 09:09:33.442244+00:00,2026-07-18 08:59:18.089522+00:00,32.8,temperatura,ambiente,raspberry_pi_4,camera
984,_result,1,2026-07-18 06:09:33.442244+00:00,2026-07-18 09:09:33.442244+00:00,2026-07-18 08:59:23.359229+00:00,32.8,temperatura,ambiente,raspberry_pi_4,camera
985,_result,1,2026-07-18 06:09:33.442244+00:00,2026-07-18 09:09:33.442244+00:00,2026-07-18 08:59:33.892893+00:00,32.8,temperatura,ambiente,raspberry_pi_4,camera
986,_result,1,2026-07-18 06:09:33.442244+00:00,2026-07-18 09:09:33.442244+00:00,2026-07-18 08:59:39.153115+00:00,32.8,temperatura,ambiente,raspberry_pi_4,camera
987,_result,1,2026-07-18 06:09:33.442244+00:00,2026-07-18 09:09:33.442244+00:00,2026-07-18 08:59:44.422641+00:00,32.9,temperatura,ambiente,raspberry_pi_4,camera
988,_result,1,2026-07-18 06:09:33.442244+00:00,2026-07-18 09:09:33.442244+00:00,2026-07-18 08:59:49.682722+00:00,32.9,temperatura,ambiente,raspberry_pi_4,camera
989,_result,1,2026-07-18 06:09:33.442244+00:00,2026-07-18 09:09:33.442244+00:00,2026-07-18 08:59:54.952284+00:00,32.8,temperatura,ambiente,raspberry_pi_4,camera
990,_result,1,2026-07-18 06:09:33.442244+00:00,2026-07-18 09:09:33.442244+00:00,2026-07-18 09:00:00.212375+00:00,33.0,temperatura,ambiente,raspberry_pi_4,camera
991,_result,1,2026-07-18 06:09:33.442244+00:00,2026-07-18 09:09:33.442244+00:00,2026-07-18 09:00:05.483443+00:00,32.8,temperatura,ambiente,raspberry_pi_4,camera
992,_result,1,2026-07-18 06:09:33.442244+00:00,2026-07-18 09:09:33.442244+00:00,2026-07-18 09:00:10.744009+00:00,32.8,temperatura,ambiente,raspberry_pi_4,camera
993,_result,1,2026-07-18 06:09:33.442244+00:00,2026-07-18 09:09:33.442244+00:00,2026-07-18 09:00:16.013353+00:00,32.9,temperatura,ambiente,raspberry_pi_4,camera
994,_result,1,2026-07-18 06:09:33.442244+00:00,2026-07-18 09:09:33.442244+00:00,2026-07-18 09:00:21.273550+00:00,32.8,temperatura,ambiente,raspberry_pi_4,camera
995,_result,1,2026-07-18 06:09:33.442244+00:00,2026-07-18 09:09:33.442244+00:00,2026-07-18 09:00:26.543387+00:00,32.9,temperatura,ambiente,raspberry_pi_4,camera
996,_result,1,2026-07-18 06:09:33.442244+00:00,2026-07-18 09:09:33.442244+00:00,2026-07-18 09:00:31.803500+00:00,32.9,temperatura,ambiente,raspberry_pi_4,camera
997,_result,1,2026-07-18 06:09:33.442244+00:00,2026-07-18 09:09:33.442244+00:00,2026-07-18 09:00:37.075900+00:00,32.8,temperatura,ambiente,raspberry_pi_4,camera
998,_result,1,2026-07-18 06:09:33.442244+00:00,2026-07-18 09:09:33.442244+00:00,2026-07-18 09:00:42.336284+00:00,33.0,temperatura,ambiente,raspberry_pi_4,camera
999,_result,1,2026-07-18 06:09:33.442244+00:00,2026-07-18 09:09:33.442244+00:00,2026-07-18 09:00:47.606542+00:00,33.0,temperatura,ambiente,raspberry_pi_4,camera
1000,_result,1,2026-07-18 06:09:33.442244+00:00,2026-07-18 09:09:33.442244+00:00,2026-07-18 09:00:52.866889+00:00,33.0,temperatura,ambiente,raspberry_pi_4,camera
1001,_result,1,2026-07-18 06:09:33.442244+00:00,2026-07-18 09:09:33.442244+00:00,2026-07-18 09:00:58.136115+00:00,33.1,temperatura,ambiente,raspberry_pi_4,camera
1002,_result,1,2026-07-18 06:09:33.442244+00:00,2026-07-18 09:09:33.442244+00:00,2026-07-18 09:01:03.396248+00:00,33.0,temperatura,ambiente,raspberry_pi_4,camera
1003,_result,1,2026-07-18 06:09:33.442244+00:00,2026-07-18 09:09:33.442244+00:00,2026-07-18 09:01:08.666918+00:00,33.0,temperatura,ambiente,raspberry_pi_4,camera
1004,_result,1,2026-07-18 06:09:33.442244+00:00,2026-07-18 09:09:33.442244+00:00,2026-07-18 09:01:19.190853+00:00,33.1,temperatura,ambiente,raspberry_pi_4,camera
1005,_result,1,2026-07-18 06:09:33.442244+00:00,2026-07-18 09:09:33.442244+00:00,2026-07-18 09:01:24.450876+00:00,33.2,temperatura,ambiente,raspberry_pi_4,camera
1006,_result,1,2026-07-18 06:09:33.442244+00:00,2026-07-18 09:09:33.442244+00:00,2026-07-18 09:01:29.720344+00:00,33.1,temperatura,ambiente,raspberry_pi_4,camera
1007,_result,1,2026-07-18 06:09:33.442244+00:00,2026-07-18 09:09:33.442244+00:00,2026-07-18 09:01:34.981881+00:00,33.2,temperatura,ambiente,raspberry_pi_4,camera
1008,_result,1,2026-07-18 06:09:33.442244+00:00,2026-07-18 09:09:33.442244+00:00,2026-07-18 09:01:40.251816+00:00,33.2,temperatura,ambiente,raspberry_pi_4,camera
1009,_result,1,2026-07-18 06:09:33.442244+00:00,2026-07-18 09:09:33.442244+00:00,2026-07-18 09:01:45.511947+00:00,33.1,temperatura,ambiente,raspberry_pi_4,camera
1010,_result,1,2026-07-18 06:09:33.442244+00:00,2026-07-18 09:09:33.442244+00:00,2026-07-18 09:01:50.781270+00:00,33.1,temperatura,ambiente,raspberry_pi_4,camera
1011,_result,1,2026-07-18 06:09:33.442244+00:00,2026-07-18 09:09:33.442244+00:00,2026-07-18 09:01:56.041535+00:00,33.3,temperatura,ambiente,raspberry_pi_4,camera
1012,_result,1,2026-07-18 06:09:33.442244+00:00,2026-07-18 09:09:33.442244+00:00,2026-07-18 09:02:01.311155+00:00,33.2,temperatura,ambiente,raspberry_pi_4,camera
1013,_result,1,2026-07-18 06:09:33.442244+00:00,2026-07-18 09:09:33.442244+00:00,2026-07-18 09:02:06.573073+00:00,33.3,temperatura,ambiente,raspberry_pi_4,camera
1014,_result,1,2026-07-18 06:09:33.442244+00:00,2026-07-18 09:09:33.442244+00:00,2026-07-18 09:02:11.842647+00:00,33.2,temperatura,ambiente,raspberry_pi_4,camera
1015,_result,1,2026-07-18 06:09:33.442244+00:00,2026-07-18 09:09:33.442244+00:00,2026-07-18 09:02:17.102721+00:00,33.2,temperatura,ambiente,raspberry_pi_4,camera
1016,_result,1,2026-07-18 06:09:33.442244+00:00,2026-07-18 09:09:33.442244+00:00,2026-07-18 09:02:22.372710+00:00,33.2,temperatura,ambiente,raspberry_pi_4,camera
1017,_result,1,2026-07-18 06:09:33.442244+00:00,2026-07-18 09:09:33.442244+00:00,2026-07-18 09:02:27.632694+00:00,33.2,temperatura,ambiente,raspberry_pi_4,camera
1018,_result,1,2026-07-18 06:09:33.442244+00:00,2026-07-18 09:09:33.442244+00:00,2026-07-18 09:02:32.903555+00:00,33.3,temperatura,ambiente,raspberry_pi_4,camera
1019,_result,1,2026-07-18 06:09:33.442244+00:00,2026-07-18 09:09:33.442244+00:00,2026-07-18 09:02:38.163642+00:00,33.3,temperatura,ambiente,raspberry_pi_4,camera
1020,_result,1,2026-07-18 06:09:33.442244+00:00,2026-07-18 09:09:33.442244+00:00,2026-07-18 09:02:43.434446+00:00,33.3,temperatura,ambiente,raspberry_pi_4,camera
1021,_result,1,2026-07-18 06:09:33.442244+00:00,2026-07-18 09:09:33.442244+00:00,2026-07-18 09:02:48.694569+00:00,33.3,temperatura,ambiente,raspberry_pi_4,camera
1022,_result,1,2026-07-18 06:09:33.442244+00:00,2026-07-18 09:09:33.442244+00:00,2026-07-18 09:02:53.964432+00:00,33.3,temperatura,ambiente,raspberry_pi_4,camera
1023,_result,1,2026-07-18 06:09:33.442244+00:00,2026-07-18 09:09:33.442244+00:00,2026-07-18 09:02:59.224545+00:00,33.3,temperatura,ambiente,raspberry_pi_4,camera
1024,_result,1,2026-07-18 06:09:33.442244+00:00,2026-07-18 09:09:33.442244+00:00,2026-07-18 09:03:04.495640+00:00,33.3,temperatura,ambiente,raspberry_pi_4,camera
1025,_result,1,2026-07-18 06:09:33.442244+00:00,2026-07-18 09:09:33.442244+00:00,2026-07-18 09:03:09.756067+00:00,33.3,temperatura,ambiente,raspberry_pi_4,camera
1026,_result,1,2026-07-18 06:09:33.442244+00:00,2026-07-18 09:09:33.442244+00:00,2026-07-18 09:03:15.026076+00:00,33.3,temperatura,ambiente,raspberry_pi_4,camera
1027,_result,1,2026-07-18 06:09:33.442244+00:00,2026-07-18 09:09:33.442244+00:00,2026-07-18 09:03:20.286252+00:00,33.3,temperatura,ambiente,raspberry_pi_4,camera
1028,_result,1,2026-07-18 06:09:33.442244+00:00,2026-07-18 09:09:33.442244+00:00,2026-07-18 09:03:25.556590+00:00,33.3,temperatura,ambiente,raspberry_pi_4,camera
1029,_result,1,2026-07-18 06:09:33.442244+00:00,2026-07-18 09:09:33.442244+00:00,2026-07-18 09:03:30.816949+00:00,33.3,temperatura,ambiente,raspberry_pi_4,camera
1030,_result,1,2026-07-18 06:09:33.442244+00:00,2026-07-18 09:09:33.442244+00:00,2026-07-18 09:03:36.102917+00:00,33.3,temperatura,ambiente,raspberry_pi_4,camera
1031,_result,1,2026-07-18 06:09:33.442244+00:00,2026-07-18 09:09:33.442244+00:00,2026-07-18 09:03:41.363010+00:00,33.3,temperatura,ambiente,raspberry_pi_4,camera
1032,_result,1,2026-07-18 06:09:33.442244+00:00,2026-07-18 09:09:33.442244+00:00,2026-07-18 09:03:46.633206+00:00,33.3,temperatura,ambiente,raspberry_pi_4,camera
1033,_result,1,2026-07-18 06:09:33.442244+00:00,2026-07-18 09:09:33.442244+00:00,2026-07-18 09:03:51.893261+00:00,33.3,temperatura,ambiente,raspberry_pi_4,camera
1034,_result,1,2026-07-18 06:09:33.442244+00:00,2026-07-18 09:09:33.442244+00:00,2026-07-18 09:03:57.162769+00:00,33.3,temperatura,ambiente,raspberry_pi_4,camera
1035,_result,1,2026-07-18 06:09:33.442244+00:00,2026-07-18 09:09:33.442244+00:00,2026-07-18 09:04:02.423324+00:00,33.3,temperatura,ambiente,raspberry_pi_4,camera
1036,_result,1,2026-07-18 06:09:33.442244+00:00,2026-07-18 09:09:33.442244+00:00,2026-07-18 09:04:07.694888+00:00,33.3,temperatura,ambiente,raspberry_pi_4,camera
1037,_result,1,2026-07-18 06:09:33.442244+00:00,2026-07-18 09:09:33.442244+00:00,2026-07-18 09:04:12.955217+00:00,33.3,temperatura,ambiente,raspberry_pi_4,camera
1038,_result,1,2026-07-18 06:09:33.442244+00:00,2026-07-18 09:09:33.442244+00:00,2026-07-18 09:04:18.224857+00:00,33.3,temperatura,ambiente,raspberry_pi_4,camera
1039,_result,1,2026-07-18 06:09:33.442244+00:00,2026-07-18 09:09:33.442244+00:00,2026-07-18 09:04:23.485395+00:00,33.3,temperatura,ambiente,raspberry_pi_4,camera
1040,_result,1,2026-07-18 06:09:33.442244+00:00,2026-07-18 09:09:33.442244+00:00,2026-07-18 09:04:28.755683+00:00,33.3,temperatura,ambiente,raspberry_pi_4,camera
1041,_result,1,2026-07-18 06:09:33.442244+00:00,2026-07-18 09:09:33.442244+00:00,2026-07-18 09:04:34.016837+00:00,33.3,temperatura,ambiente,raspberry_pi_4,camera
1042,_result,1,2026-07-18 06:09:33.442244+00:00,2026-07-18 09:09:33.442244+00:00,2026-07-18 09:04:39.287994+00:00,33.3,temperatura,ambiente,raspberry_pi_4,camera
1043,_result,1,2026-07-18 06:09:33.442244+00:00,2026-07-18 09:09:33.442244+00:00,2026-07-18 09:04:44.548376+00:00,33.3,temperatura,ambiente,raspberry_pi_4,camera
1044,_result,1,2026-07-18 06:09:33.442244+00:00,2026-07-18 09:09:33.442244+00:00,2026-07-18 09:04:49.817910+00:00,33.3,temperatura,ambiente,raspberry_pi_4,camera
1045,_result,1,2026-07-18 06:09:33.442244+00:00,2026-07-18 09:09:33.442244+00:00,2026-07-18 09:04:55.078058+00:00,33.3,temperatura,ambiente,raspberry_pi_4,camera
1046,_result,1,2026-07-18 06:09:33.442244+00:00,2026-07-18 09:09:33.442244+00:00,2026-07-18 09:05:00.348187+00:00,33.3,temperatura,ambiente,raspberry_pi_4,camera
1047,_result,1,2026-07-18 06:09:33.442244+00:00,2026-07-18 09:09:33.442244+00:00,2026-07-18 09:05:05.609985+00:00,33.3,temperatura,ambiente,raspberry_pi_4,camera
1048,_result,1,2026-07-18 06:09:33.442244+00:00,2026-07-18 09:09:33.442244+00:00,2026-07-18 09:05:10.879649+00:00,33.3,temperatura,ambiente,raspberry_pi_4,camera
1049,_result,1,2026-07-18 06:09:33.442244+00:00,2026-07-18 09:09:33.442244+00:00,2026-07-18 09:05:16.140174+00:00,33.3,temperatura,ambiente,raspberry_pi_4,camera
1050,_result,1,2026-07-18 06:09:33.442244+00:00,2026-07-18 09:09:33.442244+00:00,2026-07-18 09:05:21.409591+00:00,33.3,temperatura,ambiente,raspberry_pi_4,camera
1051,_result,1,2026-07-18 06:09:33.442244+00:00,2026-07-18 09:09:33.442244+00:00,2026-07-18 09:05:26.669901+00:00,33.3,temperatura,ambiente,raspberry_pi_4,camera
1052,_result,1,2026-07-18 06:09:33.442244+00:00,2026-07-18 09:09:33.442244+00:00,2026-07-18 09:05:31.942235+00:00,33.3,temperatura,ambiente,raspberry_pi_4,camera
1053,_result,1,2026-07-18 06:09:33.442244+00:00,2026-07-18 09:09:33.442244+00:00,2026-07-18 09:05:37.202412+00:00,33.3,temperatura,ambiente,raspberry_pi_4,camera
1054,_result,1,2026-07-18 06:09:33.442244+00:00,2026-07-18 09:09:33.442244+00:00,2026-07-18 09:05:42.473041+00:00,33.3,temperatura,ambiente,raspberry_pi_4,camera
1055,_result,1,2026-07-18 06:09:33.442244+00:00,2026-07-18 09:09:33.442244+00:00,2026-07-18 09:05:47.733372+00:00,33.3,temperatura,ambiente,raspberry_pi_4,camera
1056,_result,1,2026-07-18 06:09:33.442244+00:00,2026-07-18 09:09:33.442244+00:00,2026-07-18 09:05:58.257413+00:00,33.3,temperatura,ambiente,raspberry_pi_4,camera
1057,_result,1,2026-07-18 06:09:33.442244+00:00,2026-07-18 09:09:33.442244+00:00,2026-07-18 09:06:03.528690+00:00,33.3,temperatura,ambiente,raspberry_pi_4,camera
1058,_result,1,2026-07-18 06:09:33.442244+00:00,2026-07-18 09:09:33.442244+00:00,2026-07-18 09:06:08.789451+00:00,33.3,temperatura,ambiente,raspberry_pi_4,camera
1059,_result,1,2026-07-18 06:09:33.442244+00:00,2026-07-18 09:09:33.442244+00:00,2026-07-18 09:06:14.060389+00:00,33.3,temperatura,ambiente,raspberry_pi_4,camera
1060,_result,1,2026-07-18 06:09:33.442244+00:00,2026-07-18 09:09:33.442244+00:00,2026-07-18 09:06:19.320463+00:00,33.3,temperatura,ambiente,raspberry_pi_4,camera
1061,_result,1,2026-07-18 06:09:33.442244+00:00,2026-07-18 09:09:33.442244+00:00,2026-07-18 09:06:24.591261+00:00,33.3,temperatura,ambiente,raspberry_pi_4,camera
1062,_result,1,2026-07-18 06:09:33.442244+00:00,2026-07-18 09:09:33.442244+00:00,2026-07-18 09:06:29.851250+00:00,33.2,temperatura,ambiente,raspberry_pi_4,camera
1063,_result,1,2026-07-18 06:09:33.442244+00:00,2026-07-18 09:09:33.442244+00:00,2026-07-18 09:06:35.122588+00:00,33.2,temperatura,ambiente,raspberry_pi_4,camera
1064,_result,1,2026-07-18 06:09:33.442244+00:00,2026-07-18 09:09:33.442244+00:00,2026-07-18 09:06:40.384034+00:00,33.0,temperatura,ambiente,raspberry_pi_4,camera
1065,_result,1,2026-07-18 06:09:33.442244+00:00,2026-07-18 09:09:33.442244+00:00,2026-07-18 09:06:45.654048+00:00,32.8,temperatura,ambiente,raspberry_pi_4,camera
1066,_result,1,2026-07-18 06:09:33.442244+00:00,2026-07-18 09:09:33.442244+00:00,2026-07-18 09:06:50.914234+00:00,32.8,temperatura,ambiente,raspberry_pi_4,camera
1067,_result,1,2026-07-18 06:09:33.442244+00:00,2026-07-18 09:09:33.442244+00:00,2026-07-18 09:06:56.183750+00:00,32.8,temperatura,ambiente,raspberry_pi_4,camera
1068,_result,1,2026-07-18 06:09:33.442244+00:00,2026-07-18 09:09:33.442244+00:00,2026-07-18 09:07:01.444096+00:00,32.8,temperatura,ambiente,raspberry_pi_4,camera
1069,_result,1,2026-07-18 06:09:33.442244+00:00,2026-07-18 09:09:33.442244+00:00,2026-07-18 09:07:06.715318+00:00,32.8,temperatura,ambiente,raspberry_pi_4,camera
1070,_result,1,2026-07-18 06:09:33.442244+00:00,2026-07-18 09:09:33.442244+00:00,2026-07-18 09:07:11.975590+00:00,32.8,temperatura,ambiente,raspberry_pi_4,camera
1071,_result,1,2026-07-18 06:09:33.442244+00:00,2026-07-18 09:09:33.442244+00:00,2026-07-18 09:07:17.245543+00:00,32.8,temperatura,ambiente,raspberry_pi_4,camera
1072,_result,1,2026-07-18 06:09:33.442244+00:00,2026-07-18 09:09:33.442244+00:00,2026-07-18 09:07:22.505520+00:00,32.8,temperatura,ambiente,raspberry_pi_4,camera
1073,_result,1,2026-07-18 06:09:33.442244+00:00,2026-07-18 09:09:33.442244+00:00,2026-07-18 09:07:27.774894+00:00,32.8,temperatura,ambiente,raspberry_pi_4,camera
1074,_result,1,2026-07-18 06:09:33.442244+00:00,2026-07-18 09:09:33.442244+00:00,2026-07-18 09:07:33.035283+00:00,32.8,temperatura,ambiente,raspberry_pi_4,camera
1075,_result,1,2026-07-18 06:09:33.442244+00:00,2026-07-18 09:09:33.442244+00:00,2026-07-18 09:07:38.306504+00:00,32.8,temperatura,ambiente,raspberry_pi_4,camera
1076,_result,1,2026-07-18 06:09:33.442244+00:00,2026-07-18 09:09:33.442244+00:00,2026-07-18 09:07:43.566406+00:00,32.8,temperatura,ambiente,raspberry_pi_4,camera
1077,_result,1,2026-07-18 06:09:33.442244+00:00,2026-07-18 09:09:33.442244+00:00,2026-07-18 09:07:48.836191+00:00,32.8,temperatura,ambiente,raspberry_pi_4,camera
1078,_result,1,2026-07-18 06:09:33.442244+00:00,2026-07-18 09:09:33.442244+00:00,2026-07-18 09:07:54.096922+00:00,32.8,temperatura,ambiente,raspberry_pi_4,camera
1079,_result,1,2026-07-18 06:09:33.442244+00:00,2026-07-18 09:09:33.442244+00:00,2026-07-18 09:07:59.366574+00:00,32.8,temperatura,ambiente,raspberry_pi_4,camera
1080,_result,1,2026-07-18 06:09:33.442244+00:00,2026-07-18 09:09:33.442244+00:00,2026-07-18 09:08:04.628611+00:00,32.8,temperatura,ambiente,raspberry_pi_4,camera
1081,_result,1,2026-07-18 06:09:33.442244+00:00,2026-07-18 09:09:33.442244+00:00,2026-07-18 09:08:09.897931+00:00,32.8,temperatura,ambiente,raspberry_pi_4,camera
1082,_result,1,2026-07-18 06:09:33.442244+00:00,2026-07-18 09:09:33.442244+00:00,2026-07-18 09:08:15.158992+00:00,32.8,temperatura,ambiente,raspberry_pi_4,camera
1083,_result,1,2026-07-18 06:09:33.442244+00:00,2026-07-18 09:09:33.442244+00:00,2026-07-18 09:08:20.428721+00:00,32.8,temperatura,ambiente,raspberry_pi_4,camera
1084,_result,1,2026-07-18 06:09:33.442244+00:00,2026-07-18 09:09:33.442244+00:00,2026-07-18 09:08:25.688869+00:00,32.8,temperatura,ambiente,raspberry_pi_4,camera
1085,_result,1,2026-07-18 06:09:33.442244+00:00,2026-07-18 09:09:33.442244+00:00,2026-07-18 09:08:30.959981+00:00,32.8,temperatura,ambiente,raspberry_pi_4,camera
1086,_result,1,2026-07-18 06:09:33.442244+00:00,2026-07-18 09:09:33.442244+00:00,2026-07-18 09:08:41.485343+00:00,32.8,temperatura,ambiente,raspberry_pi_4,camera
1087,_result,1,2026-07-18 06:09:33.442244+00:00,2026-07-18 09:09:33.442244+00:00,2026-07-18 09:08:46.745416+00:00,32.8,temperatura,ambiente,raspberry_pi_4,camera
1088,_result,1,2026-07-18 06:09:33.442244+00:00,2026-07-18 09:09:33.442244+00:00,2026-07-18 09:08:52.014947+00:00,32.8,temperatura,ambiente,raspberry_pi_4,camera
1089,_result,1,2026-07-18 06:09:33.442244+00:00,2026-07-18 09:09:33.442244+00:00,2026-07-18 09:08:57.275271+00:00,32.8,temperatura,ambiente,raspberry_pi_4,camera
1090,_result,1,2026-07-18 06:09:33.442244+00:00,2026-07-18 09:09:33.442244+00:00,2026-07-18 09:09:02.546296+00:00,32.8,temperatura,ambiente,raspberry_pi_4,camera
1091,_result,1,2026-07-18 06:09:33.442244+00:00,2026-07-18 09:09:33.442244+00:00,2026-07-18 09:09:07.806178+00:00,32.8,temperatura,ambiente,raspberry_pi_4,camera
1092,_result,1,2026-07-18 06:09:33.442244+00:00,2026-07-18 09:09:33.442244+00:00,2026-07-18 09:09:13.076129+00:00,32.8,temperatura,ambiente,raspberry_pi_4,camera
1093,_result,1,2026-07-18 06:09:33.442244+00:00,2026-07-18 09:09:33.442244+00:00,2026-07-18 09:09:18.336261+00:00,32.8,temperatura,ambiente,raspberry_pi_4,camera
1094,_result,1,2026-07-18 06:09:33.442244+00:00,2026-07-18 09:09:33.442244+00:00,2026-07-18 09:09:23.605544+00:00,32.8,temperatura,ambiente,raspberry_pi_4,camera
1095,_result,1,2026-07-18 06:09:33.442244+00:00,2026-07-18 09:09:33.442244+00:00,2026-07-18 09:09:28.865798+00:00,32.8,temperatura,ambiente,raspberry_pi_4,camera
1096,_result,2,2026-07-18 06:09:33.442244+00:00,2026-07-18 09:09:33.442244+00:00,2026-07-18 08:19:14.559159+00:00,46.0,umidita,ambiente,raspberry_pi_4,camera
1097,_result,2,2026-07-18 06:09:33.442244+00:00,2026-07-18 09:09:33.442244+00:00,2026-07-18 08:19:19.864254+00:00,46.0,umidita,ambiente,raspberry_pi_4,camera
1098,_result,2,2026-07-18 06:09:33.442244+00:00,2026-07-18 09:09:33.442244+00:00,2026-07-18 08:19:25.154050+00:00,46.0,umidita,ambiente,raspberry_pi_4,camera
1099,_result,2,2026-07-18 06:09:33.442244+00:00,2026-07-18 09:09:33.442244+00:00,2026-07-18 08:19:35.711332+00:00,45.0,umidita,ambiente,raspberry_pi_4,camera
1100,_result,2,2026-07-18 06:09:33.442244+00:00,2026-07-18 09:09:33.442244+00:00,2026-07-18 08:19:40.980813+00:00,45.0,umidita,ambiente,raspberry_pi_4,camera
1101,_result,2,2026-07-18 06:09:33.442244+00:00,2026-07-18 09:09:33.442244+00:00,2026-07-18 08:19:46.252227+00:00,45.0,umidita,ambiente,raspberry_pi_4,camera
1102,_result,2,2026-07-18 06:09:33.442244+00:00,2026-07-18 09:09:33.442244+00:00,2026-07-18 08:19:51.515667+00:00,45.0,umidita,ambiente,raspberry_pi_4,camera
1103,_result,2,2026-07-18 06:09:33.442244+00:00,2026-07-18 09:09:33.442244+00:00,2026-07-18 08:19:56.787080+00:00,45.0,umidita,ambiente,raspberry_pi_4,camera
1104,_result,2,2026-07-18 06:09:33.442244+00:00,2026-07-18 09:09:33.442244+00:00,2026-07-18 08:20:03.798800+00:00,45.0,umidita,ambiente,raspberry_pi_4,camera
1105,_result,2,2026-07-18 06:09:33.442244+00:00,2026-07-18 09:09:33.442244+00:00,2026-07-18 08:20:09.058949+00:00,45.0,umidita,ambiente,raspberry_pi_4,camera
1106,_result,2,2026-07-18 06:09:33.442244+00:00,2026-07-18 09:09:33.442244+00:00,2026-07-18 08:20:14.937455+00:00,45.0,umidita,ambiente,raspberry_pi_4,camera
1107,_result,2,2026-07-18 06:09:33.442244+00:00,2026-07-18 09:09:33.442244+00:00,2026-07-18 08:20:20.198328+00:00,45.0,umidita,ambiente,raspberry_pi_4,camera
1108,_result,2,2026-07-18 06:09:33.442244+00:00,2026-07-18 09:09:33.442244+00:00,2026-07-18 08:20:25.468816+00:00,45.0,umidita,ambiente,raspberry_pi_4,camera
1109,_result,2,2026-07-18 06:09:33.442244+00:00,2026-07-18 09:09:33.442244+00:00,2026-07-18 08:20:30.729055+00:00,44.0,umidita,ambiente,raspberry_pi_4,camera
1110,_result,2,2026-07-18 06:09:33.442244+00:00,2026-07-18 09:09:33.442244+00:00,2026-07-18 08:20:36.000479+00:00,43.0,umidita,ambiente,raspberry_pi_4,camera
1111,_result,2,2026-07-18 06:09:33.442244+00:00,2026-07-18 09:09:33.442244+00:00,2026-07-18 08:20:41.260832+00:00,43.0,umidita,ambiente,raspberry_pi_4,camera
1112,_result,2,2026-07-18 06:09:33.442244+00:00,2026-07-18 09:09:33.442244+00:00,2026-07-18 08:20:46.531043+00:00,43.0,umidita,ambiente,raspberry_pi_4,camera
1113,_result,2,2026-07-18 06:09:33.442244+00:00,2026-07-18 09:09:33.442244+00:00,2026-07-18 08:20:51.792027+00:00,43.0,umidita,ambiente,raspberry_pi_4,camera
1114,_result,2,2026-07-18 06:09:33.442244+00:00,2026-07-18 09:09:33.442244+00:00,2026-07-18 08:20:57.062230+00:00,43.0,umidita,ambiente,raspberry_pi_4,camera
1115,_result,2,2026-07-18 06:09:33.442244+00:00,2026-07-18 09:09:33.442244+00:00,2026-07-18 08:21:07.587227+00:00,43.0,umidita,ambiente,raspberry_pi_4,camera
1116,_result,2,2026-07-18 06:09:33.442244+00:00,2026-07-18 09:09:33.442244+00:00,2026-07-18 08:21:12.847290+00:00,43.0,umidita,ambiente,raspberry_pi_4,camera
1117,_result,2,2026-07-18 06:09:33.442244+00:00,2026-07-18 09:09:33.442244+00:00,2026-07-18 08:21:18.117417+00:00,43.0,umidita,ambiente,raspberry_pi_4,camera
1118,_result,2,2026-07-18 06:09:33.442244+00:00,2026-07-18 09:09:33.442244+00:00,2026-07-18 08:21:23.377528+00:00,43.0,umidita,ambiente,raspberry_pi_4,camera
1119,_result,2,2026-07-18 06:09:33.442244+00:00,2026-07-18 09:09:33.442244+00:00,2026-07-18 08:21:28.647193+00:00,43.0,umidita,ambiente,raspberry_pi_4,camera
1120,_result,2,2026-07-18 06:09:33.442244+00:00,2026-07-18 09:09:33.442244+00:00,2026-07-18 08:21:33.907788+00:00,43.0,umidita,ambiente,raspberry_pi_4,camera
1121,_result,2,2026-07-18 06:09:33.442244+00:00,2026-07-18 09:09:33.442244+00:00,2026-07-18 08:21:39.178920+00:00,43.0,umidita,ambiente,raspberry_pi_4,camera
1122,_result,2,2026-07-18 06:09:33.442244+00:00,2026-07-18 09:09:33.442244+00:00,2026-07-18 08:21:44.439350+00:00,43.0,umidita,ambiente,raspberry_pi_4,camera
1123,_result,2,2026-07-18 06:09:33.442244+00:00,2026-07-18 09:09:33.442244+00:00,2026-07-18 08:21:49.709099+00:00,43.0,umidita,ambiente,raspberry_pi_4,camera
1124,_result,2,2026-07-18 06:09:33.442244+00:00,2026-07-18 09:09:33.442244+00:00,2026-07-18 08:21:54.969272+00:00,43.0,umidita,ambiente,raspberry_pi_4,camera
1125,_result,2,2026-07-18 06:09:33.442244+00:00,2026-07-18 09:09:33.442244+00:00,2026-07-18 08:22:00.239231+00:00,43.0,umidita,ambiente,raspberry_pi_4,camera
1126,_result,2,2026-07-18 06:09:33.442244+00:00,2026-07-18 09:09:33.442244+00:00,2026-07-18 08:22:05.501773+00:00,43.0,umidita,ambiente,raspberry_pi_4,camera
1127,_result,2,2026-07-18 06:09:33.442244+00:00,2026-07-18 09:09:33.442244+00:00,2026-07-18 08:22:10.771218+00:00,43.0,umidita,ambiente,raspberry_pi_4,camera
1128,_result,2,2026-07-18 06:09:33.442244+00:00,2026-07-18 09:09:33.442244+00:00,2026-07-18 08:22:16.031739+00:00,43.0,umidita,ambiente,raspberry_pi_4,camera
1129,_result,2,2026-07-18 06:09:33.442244+00:00,2026-07-18 09:09:33.442244+00:00,2026-07-18 08:22:21.301611+00:00,43.0,umidita,ambiente,raspberry_pi_4,camera
1130,_result,2,2026-07-18 06:09:33.442244+00:00,2026-07-18 09:09:33.442244+00:00,2026-07-18 08:22:26.561739+00:00,43.0,umidita,ambiente,raspberry_pi_4,camera
1131,_result,2,2026-07-18 06:09:33.442244+00:00,2026-07-18 09:09:33.442244+00:00,2026-07-18 08:22:31.832977+00:00,43.0,umidita,ambiente,raspberry_pi_4,camera
1132,_result,2,2026-07-18 06:09:33.442244+00:00,2026-07-18 09:09:33.442244+00:00,2026-07-18 08:22:37.093378+00:00,43.0,umidita,ambiente,raspberry_pi_4,camera
1133,_result,2,2026-07-18 06:09:33.442244+00:00,2026-07-18 09:09:33.442244+00:00,2026-07-18 08:22:42.363316+00:00,43.0,umidita,ambiente,raspberry_pi_4,camera
1134,_result,2,2026-07-18 06:09:33.442244+00:00,2026-07-18 09:09:33.442244+00:00,2026-07-18 08:22:47.623405+00:00,43.0,umidita,ambiente,raspberry_pi_4,camera
1135,_result,2,2026-07-18 06:09:33.442244+00:00,2026-07-18 09:09:33.442244+00:00,2026-07-18 08:22:52.892986+00:00,43.0,umidita,ambiente,raspberry_pi_4,camera
1136,_result,2,2026-07-18 06:09:33.442244+00:00,2026-07-18 09:09:33.442244+00:00,2026-07-18 08:23:03.419628+00:00,43.0,umidita,ambiente,raspberry_pi_4,camera
1137,_result,2,2026-07-18 06:09:33.442244+00:00,2026-07-18 09:09:33.442244+00:00,2026-07-18 08:23:08.679760+00:00,43.0,umidita,ambiente,raspberry_pi_4,camera
1138,_result,2,2026-07-18 06:09:33.442244+00:00,2026-07-18 09:09:33.442244+00:00,2026-07-18 08:23:13.949270+00:00,43.0,umidita,ambiente,raspberry_pi_4,camera
1139,_result,2,2026-07-18 06:09:33.442244+00:00,2026-07-18 09:09:33.442244+00:00,2026-07-18 08:23:19.209735+00:00,43.0,umidita,ambiente,raspberry_pi_4,camera
1140,_result,2,2026-07-18 06:09:33.442244+00:00,2026-07-18 09:09:33.442244+00:00,2026-07-18 08:23:24.479308+00:00,43.0,umidita,ambiente,raspberry_pi_4,camera
1141,_result,2,2026-07-18 06:09:33.442244+00:00,2026-07-18 09:09:33.442244+00:00,2026-07-18 08:23:29.739385+00:00,43.0,umidita,ambiente,raspberry_pi_4,camera
1142,_result,2,2026-07-18 06:09:33.442244+00:00,2026-07-18 09:09:33.442244+00:00,2026-07-18 08:23:35.010259+00:00,43.0,umidita,ambiente,raspberry_pi_4,camera
1143,_result,2,2026-07-18 06:09:33.442244+00:00,2026-07-18 09:09:33.442244+00:00,2026-07-18 08:23:40.270545+00:00,43.0,umidita,ambiente,raspberry_pi_4,camera
1144,_result,2,2026-07-18 06:09:33.442244+00:00,2026-07-18 09:09:33.442244+00:00,2026-07-18 08:23:45.540408+00:00,43.0,umidita,ambiente,raspberry_pi_4,camera
1145,_result,2,2026-07-18 06:09:33.442244+00:00,2026-07-18 09:09:33.442244+00:00,2026-07-18 08:23:50.800831+00:00,43.0,umidita,ambiente,raspberry_pi_4,camera
1146,_result,2,2026-07-18 06:09:33.442244+00:00,2026-07-18 09:09:33.442244+00:00,2026-07-18 08:23:56.070989+00:00,43.0,umidita,ambiente,raspberry_pi_4,camera
1147,_result,2,2026-07-18 06:09:33.442244+00:00,2026-07-18 09:09:33.442244+00:00,2026-07-18 08:24:01.331113+00:00,43.0,umidita,ambiente,raspberry_pi_4,camera
1148,_result,2,2026-07-18 06:09:33.442244+00:00,2026-07-18 09:09:33.442244+00:00,2026-07-18 08:24:06.602311+00:00,43.0,umidita,ambiente,raspberry_pi_4,camera
1149,_result,2,2026-07-18 06:09:33.442244+00:00,2026-07-18 09:09:33.442244+00:00,2026-07-18 08:24:11.862341+00:00,43.0,umidita,ambiente,raspberry_pi_4,camera
1150,_result,2,2026-07-18 06:09:33.442244+00:00,2026-07-18 09:09:33.442244+00:00,2026-07-18 08:24:17.131903+00:00,43.0,umidita,ambiente,raspberry_pi_4,camera
1151,_result,2,2026-07-18 06:09:33.442244+00:00,2026-07-18 09:09:33.442244+00:00,2026-07-18 08:24:22.392311+00:00,43.0,umidita,ambiente,raspberry_pi_4,camera
1152,_result,2,2026-07-18 06:09:33.442244+00:00,2026-07-18 09:09:33.442244+00:00,2026-07-18 08:24:32.915888+00:00,43.0,umidita,ambiente,raspberry_pi_4,camera
1153,_result,2,2026-07-18 06:09:33.442244+00:00,2026-07-18 09:09:33.442244+00:00,2026-07-18 08:24:38.187013+00:00,44.0,umidita,ambiente,raspberry_pi_4,camera
1154,_result,2,2026-07-18 06:09:33.442244+00:00,2026-07-18 09:09:33.442244+00:00,2026-07-18 08:24:43.447313+00:00,44.0,umidita,ambiente,raspberry_pi_4,camera
1155,_result,2,2026-07-18 06:09:33.442244+00:00,2026-07-18 09:09:33.442244+00:00,2026-07-18 08:24:48.716744+00:00,44.0,umidita,ambiente,raspberry_pi_4,camera
1156,_result,2,2026-07-18 06:09:33.442244+00:00,2026-07-18 09:09:33.442244+00:00,2026-07-18 08:24:53.976862+00:00,43.0,umidita,ambiente,raspberry_pi_4,camera
1157,_result,2,2026-07-18 06:09:33.442244+00:00,2026-07-18 09:09:33.442244+00:00,2026-07-18 08:24:59.247884+00:00,43.0,umidita,ambiente,raspberry_pi_4,camera
1158,_result,2,2026-07-18 06:09:33.442244+00:00,2026-07-18 09:09:33.442244+00:00,2026-07-18 08:25:04.508328+00:00,44.0,umidita,ambiente,raspberry_pi_4,camera
1159,_result,2,2026-07-18 06:09:33.442244+00:00,2026-07-18 09:09:33.442244+00:00,2026-07-18 08:25:09.781487+00:00,44.0,umidita,ambiente,raspberry_pi_4,camera
1160,_result,2,2026-07-18 06:09:33.442244+00:00,2026-07-18 09:09:33.442244+00:00,2026-07-18 08:25:15.041548+00:00,44.0,umidita,ambiente,raspberry_pi_4,camera
1161,_result,2,2026-07-18 06:09:33.442244+00:00,2026-07-18 09:09:33.442244+00:00,2026-07-18 08:25:20.311618+00:00,44.0,umidita,ambiente,raspberry_pi_4,camera
1162,_result,2,2026-07-18 06:09:33.442244+00:00,2026-07-18 09:09:33.442244+00:00,2026-07-18 08:25:25.571769+00:00,44.0,umidita,ambiente,raspberry_pi_4,camera
1163,_result,2,2026-07-18 06:09:33.442244+00:00,2026-07-18 09:09:33.442244+00:00,2026-07-18 08:25:30.841671+00:00,44.0,umidita,ambiente,raspberry_pi_4,camera
1164,_result,2,2026-07-18 06:09:33.442244+00:00,2026-07-18 09:09:33.442244+00:00,2026-07-18 08:25:36.103654+00:00,44.0,umidita,ambiente,raspberry_pi_4,camera
1165,_result,2,2026-07-18 06:09:33.442244+00:00,2026-07-18 09:09:33.442244+00:00,2026-07-18 08:25:41.373531+00:00,45.0,umidita,ambiente,raspberry_pi_4,camera
1166,_result,2,2026-07-18 06:09:33.442244+00:00,2026-07-18 09:09:33.442244+00:00,2026-07-18 08:25:46.633547+00:00,45.0,umidita,ambiente,raspberry_pi_4,camera
1167,_result,2,2026-07-18 06:09:33.442244+00:00,2026-07-18 09:09:33.442244+00:00,2026-07-18 08:25:51.905248+00:00,44.0,umidita,ambiente,raspberry_pi_4,camera
1168,_result,2,2026-07-18 06:09:33.442244+00:00,2026-07-18 09:09:33.442244+00:00,2026-07-18 08:25:57.165413+00:00,44.0,umidita,ambiente,raspberry_pi_4,camera
1169,_result,2,2026-07-18 06:09:33.442244+00:00,2026-07-18 09:09:33.442244+00:00,2026-07-18 08:26:02.436785+00:00,44.0,umidita,ambiente,raspberry_pi_4,camera
1170,_result,2,2026-07-18 06:09:33.442244+00:00,2026-07-18 09:09:33.442244+00:00,2026-07-18 08:26:07.697108+00:00,43.0,umidita,ambiente,raspberry_pi_4,camera
1171,_result,2,2026-07-18 06:09:33.442244+00:00,2026-07-18 09:09:33.442244+00:00,2026-07-18 08:26:12.967228+00:00,43.0,umidita,ambiente,raspberry_pi_4,camera
1172,_result,2,2026-07-18 06:09:33.442244+00:00,2026-07-18 09:09:33.442244+00:00,2026-07-18 08:26:18.227384+00:00,44.0,umidita,ambiente,raspberry_pi_4,camera
1173,_result,2,2026-07-18 06:09:33.442244+00:00,2026-07-18 09:09:33.442244+00:00,2026-07-18 08:26:23.497512+00:00,44.0,umidita,ambiente,raspberry_pi_4,camera
1174,_result,2,2026-07-18 06:09:33.442244+00:00,2026-07-18 09:09:33.442244+00:00,2026-07-18 08:26:34.022838+00:00,44.0,umidita,ambiente,raspberry_pi_4,camera
1175,_result,2,2026-07-18 06:09:33.442244+00:00,2026-07-18 09:09:33.442244+00:00,2026-07-18 08:26:39.283228+00:00,43.0,umidita,ambiente,raspberry_pi_4,camera
1176,_result,2,2026-07-18 06:09:33.442244+00:00,2026-07-18 09:09:33.442244+00:00,2026-07-18 08:26:44.552960+00:00,43.0,umidita,ambiente,raspberry_pi_4,camera
1177,_result,2,2026-07-18 06:09:33.442244+00:00,2026-07-18 09:09:33.442244+00:00,2026-07-18 08:26:55.077886+00:00,43.0,umidita,ambiente,raspberry_pi_4,camera
1178,_result,2,2026-07-18 06:09:33.442244+00:00,2026-07-18 09:09:33.442244+00:00,2026-07-18 08:27:00.338017+00:00,43.0,umidita,ambiente,raspberry_pi_4,camera
1179,_result,2,2026-07-18 06:09:33.442244+00:00,2026-07-18 09:09:33.442244+00:00,2026-07-18 08:27:05.609419+00:00,43.0,umidita,ambiente,raspberry_pi_4,camera
1180,_result,2,2026-07-18 06:09:33.442244+00:00,2026-07-18 09:09:33.442244+00:00,2026-07-18 08:27:10.869531+00:00,43.0,umidita,ambiente,raspberry_pi_4,camera
1181,_result,2,2026-07-18 06:09:33.442244+00:00,2026-07-18 09:09:33.442244+00:00,2026-07-18 08:27:16.139029+00:00,43.0,umidita,ambiente,raspberry_pi_4,camera
1182,_result,2,2026-07-18 06:09:33.442244+00:00,2026-07-18 09:09:33.442244+00:00,2026-07-18 08:27:21.399251+00:00,43.0,umidita,ambiente,raspberry_pi_4,camera
1183,_result,2,2026-07-18 06:09:33.442244+00:00,2026-07-18 09:09:33.442244+00:00,2026-07-18 08:27:26.669001+00:00,43.0,umidita,ambiente,raspberry_pi_4,camera
1184,_result,2,2026-07-18 06:09:33.442244+00:00,2026-07-18 09:09:33.442244+00:00,2026-07-18 08:27:31.929049+00:00,43.0,umidita,ambiente,raspberry_pi_4,camera
1185,_result,2,2026-07-18 06:09:33.442244+00:00,2026-07-18 09:09:33.442244+00:00,2026-07-18 08:27:37.200131+00:00,43.0,umidita,ambiente,raspberry_pi_4,camera
1186,_result,2,2026-07-18 06:09:33.442244+00:00,2026-07-18 09:09:33.442244+00:00,2026-07-18 08:27:42.460154+00:00,43.0,umidita,ambiente,raspberry_pi_4,camera
1187,_result,2,2026-07-18 06:09:33.442244+00:00,2026-07-18 09:09:33.442244+00:00,2026-07-18 08:27:47.730764+00:00,43.0,umidita,ambiente,raspberry_pi_4,camera
1188,_result,2,2026-07-18 06:09:33.442244+00:00,2026-07-18 09:09:33.442244+00:00,2026-07-18 08:27:52.990762+00:00,43.0,umidita,ambiente,raspberry_pi_4,camera
1189,_result,2,2026-07-18 06:09:33.442244+00:00,2026-07-18 09:09:33.442244+00:00,2026-07-18 08:27:58.260444+00:00,43.0,umidita,ambiente,raspberry_pi_4,camera
1190,_result,2,2026-07-18 06:09:33.442244+00:00,2026-07-18 09:09:33.442244+00:00,2026-07-18 08:28:03.520724+00:00,43.0,umidita,ambiente,raspberry_pi_4,camera
1191,_result,2,2026-07-18 06:09:33.442244+00:00,2026-07-18 09:09:33.442244+00:00,2026-07-18 08:28:08.791827+00:00,42.0,umidita,ambiente,raspberry_pi_4,camera
1192,_result,2,2026-07-18 06:09:33.442244+00:00,2026-07-18 09:09:33.442244+00:00,2026-07-18 08:28:14.051969+00:00,42.0,umidita,ambiente,raspberry_pi_4,camera
1193,_result,2,2026-07-18 06:09:33.442244+00:00,2026-07-18 09:09:33.442244+00:00,2026-07-18 08:28:19.321770+00:00,43.0,umidita,ambiente,raspberry_pi_4,camera
1194,_result,2,2026-07-18 06:09:33.442244+00:00,2026-07-18 09:09:33.442244+00:00,2026-07-18 08:28:24.581767+00:00,43.0,umidita,ambiente,raspberry_pi_4,camera
1195,_result,2,2026-07-18 06:09:33.442244+00:00,2026-07-18 09:09:33.442244+00:00,2026-07-18 08:28:29.851694+00:00,43.0,umidita,ambiente,raspberry_pi_4,camera
1196,_result,2,2026-07-18 06:09:33.442244+00:00,2026-07-18 09:09:33.442244+00:00,2026-07-18 08:28:35.113403+00:00,43.0,umidita,ambiente,raspberry_pi_4,camera
1197,_result,2,2026-07-18 06:09:33.442244+00:00,2026-07-18 09:09:33.442244+00:00,2026-07-18 08:28:40.383689+00:00,43.0,umidita,ambiente,raspberry_pi_4,camera
1198,_result,2,2026-07-18 06:09:33.442244+00:00,2026-07-18 09:09:33.442244+00:00,2026-07-18 08:28:45.643489+00:00,43.0,umidita,ambiente,raspberry_pi_4,camera
1199,_result,2,2026-07-18 06:09:33.442244+00:00,2026-07-18 09:09:33.442244+00:00,2026-07-18 08:28:50.913193+00:00,43.0,umidita,ambiente,raspberry_pi_4,camera
1200,_result,2,2026-07-18 06:09:33.442244+00:00,2026-07-18 09:09:33.442244+00:00,2026-07-18 08:28:56.173204+00:00,43.0,umidita,ambiente,raspberry_pi_4,camera
1201,_result,2,2026-07-18 06:09:33.442244+00:00,2026-07-18 09:09:33.442244+00:00,2026-07-18 08:29:01.446431+00:00,43.0,umidita,ambiente,raspberry_pi_4,camera
1202,_result,2,2026-07-18 06:09:33.442244+00:00,2026-07-18 09:09:33.442244+00:00,2026-07-18 08:29:06.708140+00:00,43.0,umidita,ambiente,raspberry_pi_4,camera
1203,_result,2,2026-07-18 06:09:33.442244+00:00,2026-07-18 09:09:33.442244+00:00,2026-07-18 08:29:11.977867+00:00,43.0,umidita,ambiente,raspberry_pi_4,camera
1204,_result,2,2026-07-18 06:09:33.442244+00:00,2026-07-18 09:09:33.442244+00:00,2026-07-18 08:29:22.503042+00:00,43.0,umidita,ambiente,raspberry_pi_4,camera
1205,_result,2,2026-07-18 06:09:33.442244+00:00,2026-07-18 09:09:33.442244+00:00,2026-07-18 08:29:27.763111+00:00,43.0,umidita,ambiente,raspberry_pi_4,camera
1206,_result,2,2026-07-18 06:09:33.442244+00:00,2026-07-18 09:09:33.442244+00:00,2026-07-18 08:29:33.033899+00:00,43.0,umidita,ambiente,raspberry_pi_4,camera
1207,_result,2,2026-07-18 06:09:33.442244+00:00,2026-07-18 09:09:33.442244+00:00,2026-07-18 08:29:38.294052+00:00,42.0,umidita,ambiente,raspberry_pi_4,camera
1208,_result,2,2026-07-18 06:09:33.442244+00:00,2026-07-18 09:09:33.442244+00:00,2026-07-18 08:29:43.563950+00:00,42.0,umidita,ambiente,raspberry_pi_4,camera
1209,_result,2,2026-07-18 06:09:33.442244+00:00,2026-07-18 09:09:33.442244+00:00,2026-07-18 08:29:48.824085+00:00,42.0,umidita,ambiente,raspberry_pi_4,camera
1210,_result,2,2026-07-18 06:09:33.442244+00:00,2026-07-18 09:09:33.442244+00:00,2026-07-18 08:29:54.093884+00:00,42.0,umidita,ambiente,raspberry_pi_4,camera
1211,_result,2,2026-07-18 06:09:33.442244+00:00,2026-07-18 09:09:33.442244+00:00,2026-07-18 08:29:59.354225+00:00,43.0,umidita,ambiente,raspberry_pi_4,camera
1212,_result,2,2026-07-18 06:09:33.442244+00:00,2026-07-18 09:09:33.442244+00:00,2026-07-18 08:30:04.625439+00:00,43.0,umidita,ambiente,raspberry_pi_4,camera
1213,_result,2,2026-07-18 06:09:33.442244+00:00,2026-07-18 09:09:33.442244+00:00,2026-07-18 08:30:15.149106+00:00,43.0,umidita,ambiente,raspberry_pi_4,camera
1214,_result,2,2026-07-18 06:09:33.442244+00:00,2026-07-18 09:09:33.442244+00:00,2026-07-18 08:30:20.409140+00:00,43.0,umidita,ambiente,raspberry_pi_4,camera
1215,_result,2,2026-07-18 06:09:33.442244+00:00,2026-07-18 09:09:33.442244+00:00,2026-07-18 08:30:25.678919+00:00,43.0,umidita,ambiente,raspberry_pi_4,camera
1216,_result,2,2026-07-18 06:09:33.442244+00:00,2026-07-18 09:09:33.442244+00:00,2026-07-18 08:30:30.938931+00:00,43.0,umidita,ambiente,raspberry_pi_4,camera
1217,_result,2,2026-07-18 06:09:33.442244+00:00,2026-07-18 09:09:33.442244+00:00,2026-07-18 08:30:36.210306+00:00,43.0,umidita,ambiente,raspberry_pi_4,camera
1218,_result,2,2026-07-18 06:09:33.442244+00:00,2026-07-18 09:09:33.442244+00:00,2026-07-18 08:30:41.471227+00:00,43.0,umidita,ambiente,raspberry_pi_4,camera
1219,_result,2,2026-07-18 06:09:33.442244+00:00,2026-07-18 09:09:33.442244+00:00,2026-07-18 08:30:46.741191+00:00,43.0,umidita,ambiente,raspberry_pi_4,camera
1220,_result,2,2026-07-18 06:09:33.442244+00:00,2026-07-18 09:09:33.442244+00:00,2026-07-18 08:30:52.001166+00:00,43.0,umidita,ambiente,raspberry_pi_4,camera
1221,_result,2,2026-07-18 06:09:33.442244+00:00,2026-07-18 09:09:33.442244+00:00,2026-07-18 08:30:57.270868+00:00,43.0,umidita,ambiente,raspberry_pi_4,camera
1222,_result,2,2026-07-18 06:09:33.442244+00:00,2026-07-18 09:09:33.442244+00:00,2026-07-18 08:31:02.530774+00:00,43.0,umidita,ambiente,raspberry_pi_4,camera
1223,_result,2,2026-07-18 06:09:33.442244+00:00,2026-07-18 09:09:33.442244+00:00,2026-07-18 08:31:07.801850+00:00,43.0,umidita,ambiente,raspberry_pi_4,camera
1224,_result,2,2026-07-18 06:09:33.442244+00:00,2026-07-18 09:09:33.442244+00:00,2026-07-18 08:31:13.061917+00:00,43.0,umidita,ambiente,raspberry_pi_4,camera
1225,_result,2,2026-07-18 06:09:33.442244+00:00,2026-07-18 09:09:33.442244+00:00,2026-07-18 08:31:18.331518+00:00,43.0,umidita,ambiente,raspberry_pi_4,camera
1226,_result,2,2026-07-18 06:09:33.442244+00:00,2026-07-18 09:09:33.442244+00:00,2026-07-18 08:31:23.591868+00:00,43.0,umidita,ambiente,raspberry_pi_4,camera
1227,_result,2,2026-07-18 06:09:33.442244+00:00,2026-07-18 09:09:33.442244+00:00,2026-07-18 08:31:28.861851+00:00,43.0,umidita,ambiente,raspberry_pi_4,camera
1228,_result,2,2026-07-18 06:09:33.442244+00:00,2026-07-18 09:09:33.442244+00:00,2026-07-18 08:31:34.121892+00:00,43.0,umidita,ambiente,raspberry_pi_4,camera
1229,_result,2,2026-07-18 06:09:33.442244+00:00,2026-07-18 09:09:33.442244+00:00,2026-07-18 08:31:39.392870+00:00,43.0,umidita,ambiente,raspberry_pi_4,camera
1230,_result,2,2026-07-18 06:09:33.442244+00:00,2026-07-18 09:09:33.442244+00:00,2026-07-18 08:31:44.652840+00:00,43.0,umidita,ambiente,raspberry_pi_4,camera
1231,_result,2,2026-07-18 06:09:33.442244+00:00,2026-07-18 09:09:33.442244+00:00,2026-07-18 08:31:49.922482+00:00,43.0,umidita,ambiente,raspberry_pi_4,camera
1232,_result,2,2026-07-18 06:09:33.442244+00:00,2026-07-18 09:09:33.442244+00:00,2026-07-18 08:31:55.182688+00:00,43.0,umidita,ambiente,raspberry_pi_4,camera
1233,_result,2,2026-07-18 06:09:33.442244+00:00,2026-07-18 09:09:33.442244+00:00,2026-07-18 08:32:00.452812+00:00,43.0,umidita,ambiente,raspberry_pi_4,camera
1234,_result,2,2026-07-18 06:09:33.442244+00:00,2026-07-18 09:09:33.442244+00:00,2026-07-18 08:32:05.714321+00:00,43.0,umidita,ambiente,raspberry_pi_4,camera
1235,_result,2,2026-07-18 06:09:33.442244+00:00,2026-07-18 09:09:33.442244+00:00,2026-07-18 08:32:10.985539+00:00,43.0,umidita,ambiente,raspberry_pi_4,camera
1236,_result,2,2026-07-18 06:09:33.442244+00:00,2026-07-18 09:09:33.442244+00:00,2026-07-18 08:32:16.245442+00:00,43.0,umidita,ambiente,raspberry_pi_4,camera
1237,_result,2,2026-07-18 06:09:33.442244+00:00,2026-07-18 09:09:33.442244+00:00,2026-07-18 08:32:21.514870+00:00,43.0,umidita,ambiente,raspberry_pi_4,camera
1238,_result,2,2026-07-18 06:09:33.442244+00:00,2026-07-18 09:09:33.442244+00:00,2026-07-18 08:32:26.775117+00:00,43.0,umidita,ambiente,raspberry_pi_4,camera
1239,_result,2,2026-07-18 06:09:33.442244+00:00,2026-07-18 09:09:33.442244+00:00,2026-07-18 08:32:32.047633+00:00,43.0,umidita,ambiente,raspberry_pi_4,camera
1240,_result,2,2026-07-18 06:09:33.442244+00:00,2026-07-18 09:09:33.442244+00:00,2026-07-18 08:32:37.307964+00:00,43.0,umidita,ambiente,raspberry_pi_4,camera
1241,_result,2,2026-07-18 06:09:33.442244+00:00,2026-07-18 09:09:33.442244+00:00,2026-07-18 08:32:42.580696+00:00,43.0,umidita,ambiente,raspberry_pi_4,camera
1242,_result,2,2026-07-18 06:09:33.442244+00:00,2026-07-18 09:09:33.442244+00:00,2026-07-18 08:32:47.840926+00:00,43.0,umidita,ambiente,raspberry_pi_4,camera
1243,_result,2,2026-07-18 06:09:33.442244+00:00,2026-07-18 09:09:33.442244+00:00,2026-07-18 08:32:53.111134+00:00,43.0,umidita,ambiente,raspberry_pi_4,camera
1244,_result,2,2026-07-18 06:09:33.442244+00:00,2026-07-18 09:09:33.442244+00:00,2026-07-18 08:32:58.371291+00:00,43.0,umidita,ambiente,raspberry_pi_4,camera
1245,_result,2,2026-07-18 06:09:33.442244+00:00,2026-07-18 09:09:33.442244+00:00,2026-07-18 08:33:03.642401+00:00,43.0,umidita,ambiente,raspberry_pi_4,camera
1246,_result,2,2026-07-18 06:09:33.442244+00:00,2026-07-18 09:09:33.442244+00:00,2026-07-18 08:33:08.902689+00:00,43.0,umidita,ambiente,raspberry_pi_4,camera
1247,_result,2,2026-07-18 06:09:33.442244+00:00,2026-07-18 09:09:33.442244+00:00,2026-07-18 08:33:14.172701+00:00,43.0,umidita,ambiente,raspberry_pi_4,camera
1248,_result,2,2026-07-18 06:09:33.442244+00:00,2026-07-18 09:09:33.442244+00:00,2026-07-18 08:33:19.432846+00:00,43.0,umidita,ambiente,raspberry_pi_4,camera
1249,_result,2,2026-07-18 06:09:33.442244+00:00,2026-07-18 09:09:33.442244+00:00,2026-07-18 08:33:24.702466+00:00,42.0,umidita,ambiente,raspberry_pi_4,camera
1250,_result,2,2026-07-18 06:09:33.442244+00:00,2026-07-18 09:09:33.442244+00:00,2026-07-18 08:33:29.962942+00:00,43.0,umidita,ambiente,raspberry_pi_4,camera
1251,_result,2,2026-07-18 06:09:33.442244+00:00,2026-07-18 09:09:33.442244+00:00,2026-07-18 08:33:35.234541+00:00,43.0,umidita,ambiente,raspberry_pi_4,camera
1252,_result,2,2026-07-18 06:09:33.442244+00:00,2026-07-18 09:09:33.442244+00:00,2026-07-18 08:33:40.494448+00:00,43.0,umidita,ambiente,raspberry_pi_4,camera
1253,_result,2,2026-07-18 06:09:33.442244+00:00,2026-07-18 09:09:33.442244+00:00,2026-07-18 08:33:45.764540+00:00,42.0,umidita,ambiente,raspberry_pi_4,camera
1254,_result,2,2026-07-18 06:09:33.442244+00:00,2026-07-18 09:09:33.442244+00:00,2026-07-18 08:33:51.024658+00:00,43.0,umidita,ambiente,raspberry_pi_4,camera
1255,_result,2,2026-07-18 06:09:33.442244+00:00,2026-07-18 09:09:33.442244+00:00,2026-07-18 08:34:01.548528+00:00,43.0,umidita,ambiente,raspberry_pi_4,camera
1256,_result,2,2026-07-18 06:09:33.442244+00:00,2026-07-18 09:09:33.442244+00:00,2026-07-18 08:34:06.820046+00:00,43.0,umidita,ambiente,raspberry_pi_4,camera
1257,_result,2,2026-07-18 06:09:33.442244+00:00,2026-07-18 09:09:33.442244+00:00,2026-07-18 08:34:12.080113+00:00,42.0,umidita,ambiente,raspberry_pi_4,camera
1258,_result,2,2026-07-18 06:09:33.442244+00:00,2026-07-18 09:09:33.442244+00:00,2026-07-18 08:34:17.349883+00:00,42.0,umidita,ambiente,raspberry_pi_4,camera
1259,_result,2,2026-07-18 06:09:33.442244+00:00,2026-07-18 09:09:33.442244+00:00,2026-07-18 08:34:22.610260+00:00,42.0,umidita,ambiente,raspberry_pi_4,camera
1260,_result,2,2026-07-18 06:09:33.442244+00:00,2026-07-18 09:09:33.442244+00:00,2026-07-18 08:34:27.880419+00:00,42.0,umidita,ambiente,raspberry_pi_4,camera
1261,_result,2,2026-07-18 06:09:33.442244+00:00,2026-07-18 09:09:33.442244+00:00,2026-07-18 08:34:33.141070+00:00,42.0,umidita,ambiente,raspberry_pi_4,camera
1262,_result,2,2026-07-18 06:09:33.442244+00:00,2026-07-18 09:09:33.442244+00:00,2026-07-18 08:34:38.412687+00:00,42.0,umidita,ambiente,raspberry_pi_4,camera
1263,_result,2,2026-07-18 06:09:33.442244+00:00,2026-07-18 09:09:33.442244+00:00,2026-07-18 08:34:43.672832+00:00,42.0,umidita,ambiente,raspberry_pi_4,camera
1264,_result,2,2026-07-18 06:09:33.442244+00:00,2026-07-18 09:09:33.442244+00:00,2026-07-18 08:34:48.942308+00:00,42.0,umidita,ambiente,raspberry_pi_4,camera
1265,_result,2,2026-07-18 06:09:33.442244+00:00,2026-07-18 09:09:33.442244+00:00,2026-07-18 08:34:54.202578+00:00,42.0,umidita,ambiente,raspberry_pi_4,camera
1266,_result,2,2026-07-18 06:09:33.442244+00:00,2026-07-18 09:09:33.442244+00:00,2026-07-18 08:34:59.472341+00:00,42.0,umidita,ambiente,raspberry_pi_4,camera
1267,_result,2,2026-07-18 06:09:33.442244+00:00,2026-07-18 09:09:33.442244+00:00,2026-07-18 08:35:04.734078+00:00,42.0,umidita,ambiente,raspberry_pi_4,camera
1268,_result,2,2026-07-18 06:09:33.442244+00:00,2026-07-18 09:09:33.442244+00:00,2026-07-18 08:35:10.003623+00:00,42.0,umidita,ambiente,raspberry_pi_4,camera
1269,_result,2,2026-07-18 06:09:33.442244+00:00,2026-07-18 09:09:33.442244+00:00,2026-07-18 08:35:15.263762+00:00,42.0,umidita,ambiente,raspberry_pi_4,camera
1270,_result,2,2026-07-18 06:09:33.442244+00:00,2026-07-18 09:09:33.442244+00:00,2026-07-18 08:35:20.533486+00:00,42.0,umidita,ambiente,raspberry_pi_4,camera
1271,_result,2,2026-07-18 06:09:33.442244+00:00,2026-07-18 09:09:33.442244+00:00,2026-07-18 08:35:25.793463+00:00,42.0,umidita,ambiente,raspberry_pi_4,camera
1272,_result,2,2026-07-18 06:09:33.442244+00:00,2026-07-18 09:09:33.442244+00:00,2026-07-18 08:35:31.063455+00:00,42.0,umidita,ambiente,raspberry_pi_4,camera
1273,_result,2,2026-07-18 06:09:33.442244+00:00,2026-07-18 09:09:33.442244+00:00,2026-07-18 08:35:36.325000+00:00,42.0,umidita,ambiente,raspberry_pi_4,camera
1274,_result,2,2026-07-18 06:09:33.442244+00:00,2026-07-18 09:09:33.442244+00:00,2026-07-18 08:35:41.594808+00:00,42.0,umidita,ambiente,raspberry_pi_4,camera
1275,_result,2,2026-07-18 06:09:33.442244+00:00,2026-07-18 09:09:33.442244+00:00,2026-07-18 08:35:46.854923+00:00,43.0,umidita,ambiente,raspberry_pi_4,camera
1276,_result,2,2026-07-18 06:09:33.442244+00:00,2026-07-18 09:09:33.442244+00:00,2026-07-18 08:35:52.124542+00:00,43.0,umidita,ambiente,raspberry_pi_4,camera
1277,_result,2,2026-07-18 06:09:33.442244+00:00,2026-07-18 09:09:33.442244+00:00,2026-07-18 08:35:57.384831+00:00,43.0,umidita,ambiente,raspberry_pi_4,camera
1278,_result,2,2026-07-18 06:09:33.442244+00:00,2026-07-18 09:09:33.442244+00:00,2026-07-18 08:36:02.656173+00:00,43.0,umidita,ambiente,raspberry_pi_4,camera
1279,_result,2,2026-07-18 06:09:33.442244+00:00,2026-07-18 09:09:33.442244+00:00,2026-07-18 08:36:07.916225+00:00,43.0,umidita,ambiente,raspberry_pi_4,camera
1280,_result,2,2026-07-18 06:09:33.442244+00:00,2026-07-18 09:09:33.442244+00:00,2026-07-18 08:36:13.186635+00:00,43.0,umidita,ambiente,raspberry_pi_4,camera
1281,_result,2,2026-07-18 06:09:33.442244+00:00,2026-07-18 09:09:33.442244+00:00,2026-07-18 08:36:18.446715+00:00,43.0,umidita,ambiente,raspberry_pi_4,camera
1282,_result,2,2026-07-18 06:09:33.442244+00:00,2026-07-18 09:09:33.442244+00:00,2026-07-18 08:36:23.717033+00:00,43.0,umidita,ambiente,raspberry_pi_4,camera
1283,_result,2,2026-07-18 06:09:33.442244+00:00,2026-07-18 09:09:33.442244+00:00,2026-07-18 08:36:28.977751+00:00,43.0,umidita,ambiente,raspberry_pi_4,camera
1284,_result,2,2026-07-18 06:09:33.442244+00:00,2026-07-18 09:09:33.442244+00:00,2026-07-18 08:36:34.251048+00:00,44.0,umidita,ambiente,raspberry_pi_4,camera
1285,_result,2,2026-07-18 06:09:33.442244+00:00,2026-07-18 09:09:33.442244+00:00,2026-07-18 08:36:39.512044+00:00,43.0,umidita,ambiente,raspberry_pi_4,camera
1286,_result,2,2026-07-18 06:09:33.442244+00:00,2026-07-18 09:09:33.442244+00:00,2026-07-18 08:36:44.781969+00:00,43.0,umidita,ambiente,raspberry_pi_4,camera
1287,_result,2,2026-07-18 06:09:33.442244+00:00,2026-07-18 09:09:33.442244+00:00,2026-07-18 08:36:50.042077+00:00,43.0,umidita,ambiente,raspberry_pi_4,camera
1288,_result,2,2026-07-18 06:09:33.442244+00:00,2026-07-18 09:09:33.442244+00:00,2026-07-18 08:36:55.312020+00:00,43.0,umidita,ambiente,raspberry_pi_4,camera
1289,_result,2,2026-07-18 06:09:33.442244+00:00,2026-07-18 09:09:33.442244+00:00,2026-07-18 08:37:00.572007+00:00,43.0,umidita,ambiente,raspberry_pi_4,camera
1290,_result,2,2026-07-18 06:09:33.442244+00:00,2026-07-18 09:09:33.442244+00:00,2026-07-18 08:37:05.843047+00:00,43.0,umidita,ambiente,raspberry_pi_4,camera
1291,_result,2,2026-07-18 06:09:33.442244+00:00,2026-07-18 09:09:33.442244+00:00,2026-07-18 08:37:11.103115+00:00,43.0,umidita,ambiente,raspberry_pi_4,camera
1292,_result,2,2026-07-18 06:09:33.442244+00:00,2026-07-18 09:09:33.442244+00:00,2026-07-18 08:37:16.372807+00:00,43.0,umidita,ambiente,raspberry_pi_4,camera
1293,_result,2,2026-07-18 06:09:33.442244+00:00,2026-07-18 09:09:33.442244+00:00,2026-07-18 08:37:21.632766+00:00,43.0,umidita,ambiente,raspberry_pi_4,camera
1294,_result,2,2026-07-18 06:09:33.442244+00:00,2026-07-18 09:09:33.442244+00:00,2026-07-18 08:37:26.902595+00:00,43.0,umidita,ambiente,raspberry_pi_4,camera
1295,_result,2,2026-07-18 06:09:33.442244+00:00,2026-07-18 09:09:33.442244+00:00,2026-07-18 08:37:32.162722+00:00,43.0,umidita,ambiente,raspberry_pi_4,camera
1296,_result,2,2026-07-18 06:09:33.442244+00:00,2026-07-18 09:09:33.442244+00:00,2026-07-18 08:37:37.434066+00:00,43.0,umidita,ambiente,raspberry_pi_4,camera
1297,_result,2,2026-07-18 06:09:33.442244+00:00,2026-07-18 09:09:33.442244+00:00,2026-07-18 08:37:42.693982+00:00,43.0,umidita,ambiente,raspberry_pi_4,camera
1298,_result,2,2026-07-18 06:09:33.442244+00:00,2026-07-18 09:09:33.442244+00:00,2026-07-18 08:37:47.963969+00:00,43.0,umidita,ambiente,raspberry_pi_4,camera
1299,_result,2,2026-07-18 06:09:33.442244+00:00,2026-07-18 09:09:33.442244+00:00,2026-07-18 08:37:53.224170+00:00,43.0,umidita,ambiente,raspberry_pi_4,camera
1300,_result,2,2026-07-18 06:09:33.442244+00:00,2026-07-18 09:09:33.442244+00:00,2026-07-18 08:37:58.493703+00:00,43.0,umidita,ambiente,raspberry_pi_4,camera
1301,_result,2,2026-07-18 06:09:33.442244+00:00,2026-07-18 09:09:33.442244+00:00,2026-07-18 08:38:03.754414+00:00,43.0,umidita,ambiente,raspberry_pi_4,camera
1302,_result,2,2026-07-18 06:09:33.442244+00:00,2026-07-18 09:09:33.442244+00:00,2026-07-18 08:38:14.279455+00:00,43.0,umidita,ambiente,raspberry_pi_4,camera
1303,_result,2,2026-07-18 06:09:33.442244+00:00,2026-07-18 09:09:33.442244+00:00,2026-07-18 08:38:19.549220+00:00,43.0,umidita,ambiente,raspberry_pi_4,camera
1304,_result,2,2026-07-18 06:09:33.442244+00:00,2026-07-18 09:09:33.442244+00:00,2026-07-18 08:38:24.809199+00:00,43.0,umidita,ambiente,raspberry_pi_4,camera
1305,_result,2,2026-07-18 06:09:33.442244+00:00,2026-07-18 09:09:33.442244+00:00,2026-07-18 08:38:30.078557+00:00,42.0,umidita,ambiente,raspberry_pi_4,camera
1306,_result,2,2026-07-18 06:09:33.442244+00:00,2026-07-18 09:09:33.442244+00:00,2026-07-18 08:38:35.340157+00:00,42.0,umidita,ambiente,raspberry_pi_4,camera
1307,_result,2,2026-07-18 06:09:33.442244+00:00,2026-07-18 09:09:33.442244+00:00,2026-07-18 08:38:40.609563+00:00,42.0,umidita,ambiente,raspberry_pi_4,camera
1308,_result,2,2026-07-18 06:09:33.442244+00:00,2026-07-18 09:09:33.442244+00:00,2026-07-18 08:38:45.869822+00:00,43.0,umidita,ambiente,raspberry_pi_4,camera
1309,_result,2,2026-07-18 06:09:33.442244+00:00,2026-07-18 09:09:33.442244+00:00,2026-07-18 08:38:51.139279+00:00,43.0,umidita,ambiente,raspberry_pi_4,camera
1310,_result,2,2026-07-18 06:09:33.442244+00:00,2026-07-18 09:09:33.442244+00:00,2026-07-18 08:38:56.399368+00:00,43.0,umidita,ambiente,raspberry_pi_4,camera
1311,_result,2,2026-07-18 06:09:33.442244+00:00,2026-07-18 09:09:33.442244+00:00,2026-07-18 08:39:01.670484+00:00,43.0,umidita,ambiente,raspberry_pi_4,camera
1312,_result,2,2026-07-18 06:09:33.442244+00:00,2026-07-18 09:09:33.442244+00:00,2026-07-18 08:39:06.931904+00:00,43.0,umidita,ambiente,raspberry_pi_4,camera
1313,_result,2,2026-07-18 06:09:33.442244+00:00,2026-07-18 09:09:33.442244+00:00,2026-07-18 08:39:12.201170+00:00,43.0,umidita,ambiente,raspberry_pi_4,camera
1314,_result,2,2026-07-18 06:09:33.442244+00:00,2026-07-18 09:09:33.442244+00:00,2026-07-18 08:39:17.461561+00:00,43.0,umidita,ambiente,raspberry_pi_4,camera
1315,_result,2,2026-07-18 06:09:33.442244+00:00,2026-07-18 09:09:33.442244+00:00,2026-07-18 08:39:22.730759+00:00,43.0,umidita,ambiente,raspberry_pi_4,camera
1316,_result,2,2026-07-18 06:09:33.442244+00:00,2026-07-18 09:09:33.442244+00:00,2026-07-18 08:39:27.990931+00:00,43.0,umidita,ambiente,raspberry_pi_4,camera
1317,_result,2,2026-07-18 06:09:33.442244+00:00,2026-07-18 09:09:33.442244+00:00,2026-07-18 08:39:33.262196+00:00,43.0,umidita,ambiente,raspberry_pi_4,camera
1318,_result,2,2026-07-18 06:09:33.442244+00:00,2026-07-18 09:09:33.442244+00:00,2026-07-18 08:39:38.522452+00:00,43.0,umidita,ambiente,raspberry_pi_4,camera
1319,_result,2,2026-07-18 06:09:33.442244+00:00,2026-07-18 09:09:33.442244+00:00,2026-07-18 08:39:43.791764+00:00,43.0,umidita,ambiente,raspberry_pi_4,camera
1320,_result,2,2026-07-18 06:09:33.442244+00:00,2026-07-18 09:09:33.442244+00:00,2026-07-18 08:39:49.051854+00:00,43.0,umidita,ambiente,raspberry_pi_4,camera
1321,_result,2,2026-07-18 06:09:33.442244+00:00,2026-07-18 09:09:33.442244+00:00,2026-07-18 08:39:54.322034+00:00,43.0,umidita,ambiente,raspberry_pi_4,camera
1322,_result,2,2026-07-18 06:09:33.442244+00:00,2026-07-18 09:09:33.442244+00:00,2026-07-18 08:39:59.583341+00:00,43.0,umidita,ambiente,raspberry_pi_4,camera
1323,_result,2,2026-07-18 06:09:33.442244+00:00,2026-07-18 09:09:33.442244+00:00,2026-07-18 08:40:04.855054+00:00,43.0,umidita,ambiente,raspberry_pi_4,camera
1324,_result,2,2026-07-18 06:09:33.442244+00:00,2026-07-18 09:09:33.442244+00:00,2026-07-18 08:40:10.115292+00:00,43.0,umidita,ambiente,raspberry_pi_4,camera
1325,_result,2,2026-07-18 06:09:33.442244+00:00,2026-07-18 09:09:33.442244+00:00,2026-07-18 08:40:15.384790+00:00,42.0,umidita,ambiente,raspberry_pi_4,camera
1326,_result,2,2026-07-18 06:09:33.442244+00:00,2026-07-18 09:09:33.442244+00:00,2026-07-18 08:40:20.645228+00:00,42.0,umidita,ambiente,raspberry_pi_4,camera
1327,_result,2,2026-07-18 06:09:33.442244+00:00,2026-07-18 09:09:33.442244+00:00,2026-07-18 08:40:25.914988+00:00,42.0,umidita,ambiente,raspberry_pi_4,camera
1328,_result,2,2026-07-18 06:09:33.442244+00:00,2026-07-18 09:09:33.442244+00:00,2026-07-18 08:40:31.175227+00:00,42.0,umidita,ambiente,raspberry_pi_4,camera
1329,_result,2,2026-07-18 06:09:33.442244+00:00,2026-07-18 09:09:33.442244+00:00,2026-07-18 08:40:36.446711+00:00,42.0,umidita,ambiente,raspberry_pi_4,camera
1330,_result,2,2026-07-18 06:09:33.442244+00:00,2026-07-18 09:09:33.442244+00:00,2026-07-18 08:40:41.707001+00:00,42.0,umidita,ambiente,raspberry_pi_4,camera
1331,_result,2,2026-07-18 06:09:33.442244+00:00,2026-07-18 09:09:33.442244+00:00,2026-07-18 08:40:46.976824+00:00,42.0,umidita,ambiente,raspberry_pi_4,camera
1332,_result,2,2026-07-18 06:09:33.442244+00:00,2026-07-18 09:09:33.442244+00:00,2026-07-18 08:40:52.236967+00:00,42.0,umidita,ambiente,raspberry_pi_4,camera
1333,_result,2,2026-07-18 06:09:33.442244+00:00,2026-07-18 09:09:33.442244+00:00,2026-07-18 08:40:57.506807+00:00,42.0,umidita,ambiente,raspberry_pi_4,camera
1334,_result,2,2026-07-18 06:09:33.442244+00:00,2026-07-18 09:09:33.442244+00:00,2026-07-18 08:41:02.766963+00:00,42.0,umidita,ambiente,raspberry_pi_4,camera
1335,_result,2,2026-07-18 06:09:33.442244+00:00,2026-07-18 09:09:33.442244+00:00,2026-07-18 08:41:08.038529+00:00,42.0,umidita,ambiente,raspberry_pi_4,camera
1336,_result,2,2026-07-18 06:09:33.442244+00:00,2026-07-18 09:09:33.442244+00:00,2026-07-18 08:41:13.298699+00:00,42.0,umidita,ambiente,raspberry_pi_4,camera
1337,_result,2,2026-07-18 06:09:33.442244+00:00,2026-07-18 09:09:33.442244+00:00,2026-07-18 08:41:18.568418+00:00,42.0,umidita,ambiente,raspberry_pi_4,camera
1338,_result,2,2026-07-18 06:09:33.442244+00:00,2026-07-18 09:09:33.442244+00:00,2026-07-18 08:41:23.828945+00:00,42.0,umidita,ambiente,raspberry_pi_4,camera
1339,_result,2,2026-07-18 06:09:33.442244+00:00,2026-07-18 09:09:33.442244+00:00,2026-07-18 08:41:29.098369+00:00,42.0,umidita,ambiente,raspberry_pi_4,camera
1340,_result,2,2026-07-18 06:09:33.442244+00:00,2026-07-18 09:09:33.442244+00:00,2026-07-18 08:41:34.358580+00:00,42.0,umidita,ambiente,raspberry_pi_4,camera
1341,_result,2,2026-07-18 06:09:33.442244+00:00,2026-07-18 09:09:33.442244+00:00,2026-07-18 08:41:39.631317+00:00,42.0,umidita,ambiente,raspberry_pi_4,camera
1342,_result,2,2026-07-18 06:09:33.442244+00:00,2026-07-18 09:09:33.442244+00:00,2026-07-18 08:41:44.891501+00:00,42.0,umidita,ambiente,raspberry_pi_4,camera
1343,_result,2,2026-07-18 06:09:33.442244+00:00,2026-07-18 09:09:33.442244+00:00,2026-07-18 08:41:50.162178+00:00,42.0,umidita,ambiente,raspberry_pi_4,camera
1344,_result,2,2026-07-18 06:09:33.442244+00:00,2026-07-18 09:09:33.442244+00:00,2026-07-18 08:41:55.422266+00:00,42.0,umidita,ambiente,raspberry_pi_4,camera
1345,_result,2,2026-07-18 06:09:33.442244+00:00,2026-07-18 09:09:33.442244+00:00,2026-07-18 08:42:00.692279+00:00,42.0,umidita,ambiente,raspberry_pi_4,camera
1346,_result,2,2026-07-18 06:09:33.442244+00:00,2026-07-18 09:09:33.442244+00:00,2026-07-18 08:42:05.953835+00:00,42.0,umidita,ambiente,raspberry_pi_4,camera
1347,_result,2,2026-07-18 06:09:33.442244+00:00,2026-07-18 09:09:33.442244+00:00,2026-07-18 08:42:11.223830+00:00,42.0,umidita,ambiente,raspberry_pi_4,camera
1348,_result,2,2026-07-18 06:09:33.442244+00:00,2026-07-18 09:09:33.442244+00:00,2026-07-18 08:42:21.747761+00:00,42.0,umidita,ambiente,raspberry_pi_4,camera
1349,_result,2,2026-07-18 06:09:33.442244+00:00,2026-07-18 09:09:33.442244+00:00,2026-07-18 08:42:27.008409+00:00,42.0,umidita,ambiente,raspberry_pi_4,camera
1350,_result,2,2026-07-18 06:09:33.442244+00:00,2026-07-18 09:09:33.442244+00:00,2026-07-18 08:42:32.279680+00:00,42.0,umidita,ambiente,raspberry_pi_4,camera
1351,_result,2,2026-07-18 06:09:33.442244+00:00,2026-07-18 09:09:33.442244+00:00,2026-07-18 08:42:37.541714+00:00,42.0,umidita,ambiente,raspberry_pi_4,camera
1352,_result,2,2026-07-18 06:09:33.442244+00:00,2026-07-18 09:09:33.442244+00:00,2026-07-18 08:42:42.811545+00:00,42.0,umidita,ambiente,raspberry_pi_4,camera
1353,_result,2,2026-07-18 06:09:33.442244+00:00,2026-07-18 09:09:33.442244+00:00,2026-07-18 08:42:48.072103+00:00,42.0,umidita,ambiente,raspberry_pi_4,camera
1354,_result,2,2026-07-18 06:09:33.442244+00:00,2026-07-18 09:09:33.442244+00:00,2026-07-18 08:42:53.371531+00:00,42.0,umidita,ambiente,raspberry_pi_4,camera
1355,_result,2,2026-07-18 06:09:33.442244+00:00,2026-07-18 09:09:33.442244+00:00,2026-07-18 08:42:58.631677+00:00,42.0,umidita,ambiente,raspberry_pi_4,camera
1356,_result,2,2026-07-18 06:09:33.442244+00:00,2026-07-18 09:09:33.442244+00:00,2026-07-18 08:43:03.903252+00:00,42.0,umidita,ambiente,raspberry_pi_4,camera
1357,_result,2,2026-07-18 06:09:33.442244+00:00,2026-07-18 09:09:33.442244+00:00,2026-07-18 08:43:09.163445+00:00,42.0,umidita,ambiente,raspberry_pi_4,camera
1358,_result,2,2026-07-18 06:09:33.442244+00:00,2026-07-18 09:09:33.442244+00:00,2026-07-18 08:43:14.432967+00:00,42.0,umidita,ambiente,raspberry_pi_4,camera
1359,_result,2,2026-07-18 06:09:33.442244+00:00,2026-07-18 09:09:33.442244+00:00,2026-07-18 08:43:19.693281+00:00,42.0,umidita,ambiente,raspberry_pi_4,camera
1360,_result,2,2026-07-18 06:09:33.442244+00:00,2026-07-18 09:09:33.442244+00:00,2026-07-18 08:43:24.962689+00:00,42.0,umidita,ambiente,raspberry_pi_4,camera
1361,_result,2,2026-07-18 06:09:33.442244+00:00,2026-07-18 09:09:33.442244+00:00,2026-07-18 08:43:30.222803+00:00,42.0,umidita,ambiente,raspberry_pi_4,camera
1362,_result,2,2026-07-18 06:09:33.442244+00:00,2026-07-18 09:09:33.442244+00:00,2026-07-18 08:43:35.494440+00:00,42.0,umidita,ambiente,raspberry_pi_4,camera
1363,_result,2,2026-07-18 06:09:33.442244+00:00,2026-07-18 09:09:33.442244+00:00,2026-07-18 08:43:40.755522+00:00,42.0,umidita,ambiente,raspberry_pi_4,camera
1364,_result,2,2026-07-18 06:09:33.442244+00:00,2026-07-18 09:09:33.442244+00:00,2026-07-18 08:43:46.031621+00:00,42.0,umidita,ambiente,raspberry_pi_4,camera
1365,_result,2,2026-07-18 06:09:33.442244+00:00,2026-07-18 09:09:33.442244+00:00,2026-07-18 08:43:51.293055+00:00,42.0,umidita,ambiente,raspberry_pi_4,camera
1366,_result,2,2026-07-18 06:09:33.442244+00:00,2026-07-18 09:09:33.442244+00:00,2026-07-18 08:43:56.562521+00:00,42.0,umidita,ambiente,raspberry_pi_4,camera
1367,_result,2,2026-07-18 06:09:33.442244+00:00,2026-07-18 09:09:33.442244+00:00,2026-07-18 08:44:01.822878+00:00,42.0,umidita,ambiente,raspberry_pi_4,camera
1368,_result,2,2026-07-18 06:09:33.442244+00:00,2026-07-18 09:09:33.442244+00:00,2026-07-18 08:44:07.094014+00:00,42.0,umidita,ambiente,raspberry_pi_4,camera
1369,_result,2,2026-07-18 06:09:33.442244+00:00,2026-07-18 09:09:33.442244+00:00,2026-07-18 08:44:12.354429+00:00,42.0,umidita,ambiente,raspberry_pi_4,camera
1370,_result,2,2026-07-18 06:09:33.442244+00:00,2026-07-18 09:09:33.442244+00:00,2026-07-18 08:44:17.624001+00:00,42.0,umidita,ambiente,raspberry_pi_4,camera
1371,_result,2,2026-07-18 06:09:33.442244+00:00,2026-07-18 09:09:33.442244+00:00,2026-07-18 08:44:22.884097+00:00,42.0,umidita,ambiente,raspberry_pi_4,camera
1372,_result,2,2026-07-18 06:09:33.442244+00:00,2026-07-18 09:09:33.442244+00:00,2026-07-18 08:44:28.153821+00:00,42.0,umidita,ambiente,raspberry_pi_4,camera
1373,_result,2,2026-07-18 06:09:33.442244+00:00,2026-07-18 09:09:33.442244+00:00,2026-07-18 08:44:33.413852+00:00,42.0,umidita,ambiente,raspberry_pi_4,camera
1374,_result,2,2026-07-18 06:09:33.442244+00:00,2026-07-18 09:09:33.442244+00:00,2026-07-18 08:44:38.684809+00:00,42.0,umidita,ambiente,raspberry_pi_4,camera
1375,_result,2,2026-07-18 06:09:33.442244+00:00,2026-07-18 09:09:33.442244+00:00,2026-07-18 08:44:43.944705+00:00,42.0,umidita,ambiente,raspberry_pi_4,camera
1376,_result,2,2026-07-18 06:09:33.442244+00:00,2026-07-18 09:09:33.442244+00:00,2026-07-18 08:44:49.214686+00:00,42.0,umidita,ambiente,raspberry_pi_4,camera
1377,_result,2,2026-07-18 06:09:33.442244+00:00,2026-07-18 09:09:33.442244+00:00,2026-07-18 08:44:54.474743+00:00,42.0,umidita,ambiente,raspberry_pi_4,camera
1378,_result,2,2026-07-18 06:09:33.442244+00:00,2026-07-18 09:09:33.442244+00:00,2026-07-18 08:44:59.744286+00:00,42.0,umidita,ambiente,raspberry_pi_4,camera
1379,_result,2,2026-07-18 06:09:33.442244+00:00,2026-07-18 09:09:33.442244+00:00,2026-07-18 08:45:05.005780+00:00,42.0,umidita,ambiente,raspberry_pi_4,camera
1380,_result,2,2026-07-18 06:09:33.442244+00:00,2026-07-18 09:09:33.442244+00:00,2026-07-18 08:45:10.275390+00:00,42.0,umidita,ambiente,raspberry_pi_4,camera
1381,_result,2,2026-07-18 06:09:33.442244+00:00,2026-07-18 09:09:33.442244+00:00,2026-07-18 08:45:15.535860+00:00,42.0,umidita,ambiente,raspberry_pi_4,camera
1382,_result,2,2026-07-18 06:09:33.442244+00:00,2026-07-18 09:09:33.442244+00:00,2026-07-18 08:45:20.805153+00:00,42.0,umidita,ambiente,raspberry_pi_4,camera
1383,_result,2,2026-07-18 06:09:33.442244+00:00,2026-07-18 09:09:33.442244+00:00,2026-07-18 08:45:26.084784+00:00,42.0,umidita,ambiente,raspberry_pi_4,camera
1384,_result,2,2026-07-18 06:09:33.442244+00:00,2026-07-18 09:09:33.442244+00:00,2026-07-18 08:45:31.358302+00:00,42.0,umidita,ambiente,raspberry_pi_4,camera
1385,_result,2,2026-07-18 06:09:33.442244+00:00,2026-07-18 09:09:33.442244+00:00,2026-07-18 08:45:36.620012+00:00,42.0,umidita,ambiente,raspberry_pi_4,camera
1386,_result,2,2026-07-18 06:09:33.442244+00:00,2026-07-18 09:09:33.442244+00:00,2026-07-18 08:45:41.889647+00:00,42.0,umidita,ambiente,raspberry_pi_4,camera
1387,_result,2,2026-07-18 06:09:33.442244+00:00,2026-07-18 09:09:33.442244+00:00,2026-07-18 08:45:47.149624+00:00,42.0,umidita,ambiente,raspberry_pi_4,camera
1388,_result,2,2026-07-18 06:09:33.442244+00:00,2026-07-18 09:09:33.442244+00:00,2026-07-18 08:45:52.419002+00:00,42.0,umidita,ambiente,raspberry_pi_4,camera
1389,_result,2,2026-07-18 06:09:33.442244+00:00,2026-07-18 09:09:33.442244+00:00,2026-07-18 08:45:57.679666+00:00,42.0,umidita,ambiente,raspberry_pi_4,camera
1390,_result,2,2026-07-18 06:09:33.442244+00:00,2026-07-18 09:09:33.442244+00:00,2026-07-18 08:46:02.950494+00:00,42.0,umidita,ambiente,raspberry_pi_4,camera
1391,_result,2,2026-07-18 06:09:33.442244+00:00,2026-07-18 09:09:33.442244+00:00,2026-07-18 08:46:08.210775+00:00,42.0,umidita,ambiente,raspberry_pi_4,camera
1392,_result,2,2026-07-18 06:09:33.442244+00:00,2026-07-18 09:09:33.442244+00:00,2026-07-18 08:46:13.485388+00:00,42.0,umidita,ambiente,raspberry_pi_4,camera
1393,_result,2,2026-07-18 06:09:33.442244+00:00,2026-07-18 09:09:33.442244+00:00,2026-07-18 08:46:18.745450+00:00,42.0,umidita,ambiente,raspberry_pi_4,camera
1394,_result,2,2026-07-18 06:09:33.442244+00:00,2026-07-18 09:09:33.442244+00:00,2026-07-18 08:46:24.014988+00:00,42.0,umidita,ambiente,raspberry_pi_4,camera
1395,_result,2,2026-07-18 06:09:33.442244+00:00,2026-07-18 09:09:33.442244+00:00,2026-07-18 08:46:29.275066+00:00,42.0,umidita,ambiente,raspberry_pi_4,camera
1396,_result,2,2026-07-18 06:09:33.442244+00:00,2026-07-18 09:09:33.442244+00:00,2026-07-18 08:46:34.545927+00:00,42.0,umidita,ambiente,raspberry_pi_4,camera
1397,_result,2,2026-07-18 06:09:33.442244+00:00,2026-07-18 09:09:33.442244+00:00,2026-07-18 08:46:39.806301+00:00,42.0,umidita,ambiente,raspberry_pi_4,camera
1398,_result,2,2026-07-18 06:09:33.442244+00:00,2026-07-18 09:09:33.442244+00:00,2026-07-18 08:46:45.075538+00:00,42.0,umidita,ambiente,raspberry_pi_4,camera
1399,_result,2,2026-07-18 06:09:33.442244+00:00,2026-07-18 09:09:33.442244+00:00,2026-07-18 08:46:50.335529+00:00,42.0,umidita,ambiente,raspberry_pi_4,camera
1400,_result,2,2026-07-18 06:09:33.442244+00:00,2026-07-18 09:09:33.442244+00:00,2026-07-18 08:46:55.609006+00:00,42.0,umidita,ambiente,raspberry_pi_4,camera
1401,_result,2,2026-07-18 06:09:33.442244+00:00,2026-07-18 09:09:33.442244+00:00,2026-07-18 08:47:00.868908+00:00,42.0,umidita,ambiente,raspberry_pi_4,camera
1402,_result,2,2026-07-18 06:09:33.442244+00:00,2026-07-18 09:09:33.442244+00:00,2026-07-18 08:47:06.150987+00:00,42.0,umidita,ambiente,raspberry_pi_4,camera
1403,_result,2,2026-07-18 06:09:33.442244+00:00,2026-07-18 09:09:33.442244+00:00,2026-07-18 08:47:16.682955+00:00,42.0,umidita,ambiente,raspberry_pi_4,camera
1404,_result,2,2026-07-18 06:09:33.442244+00:00,2026-07-18 09:09:33.442244+00:00,2026-07-18 08:47:27.207803+00:00,42.0,umidita,ambiente,raspberry_pi_4,camera
1405,_result,2,2026-07-18 06:09:33.442244+00:00,2026-07-18 09:09:33.442244+00:00,2026-07-18 08:47:32.468377+00:00,42.0,umidita,ambiente,raspberry_pi_4,camera
1406,_result,2,2026-07-18 06:09:33.442244+00:00,2026-07-18 09:09:33.442244+00:00,2026-07-18 08:47:37.739963+00:00,42.0,umidita,ambiente,raspberry_pi_4,camera
1407,_result,2,2026-07-18 06:09:33.442244+00:00,2026-07-18 09:09:33.442244+00:00,2026-07-18 08:47:43.000446+00:00,42.0,umidita,ambiente,raspberry_pi_4,camera
1408,_result,2,2026-07-18 06:09:33.442244+00:00,2026-07-18 09:09:33.442244+00:00,2026-07-18 08:47:48.269969+00:00,42.0,umidita,ambiente,raspberry_pi_4,camera
1409,_result,2,2026-07-18 06:09:33.442244+00:00,2026-07-18 09:09:33.442244+00:00,2026-07-18 08:47:53.530124+00:00,42.0,umidita,ambiente,raspberry_pi_4,camera
1410,_result,2,2026-07-18 06:09:33.442244+00:00,2026-07-18 09:09:33.442244+00:00,2026-07-18 08:47:58.800117+00:00,42.0,umidita,ambiente,raspberry_pi_4,camera
1411,_result,2,2026-07-18 06:09:33.442244+00:00,2026-07-18 09:09:33.442244+00:00,2026-07-18 08:48:04.060073+00:00,42.0,umidita,ambiente,raspberry_pi_4,camera
1412,_result,2,2026-07-18 06:09:33.442244+00:00,2026-07-18 09:09:33.442244+00:00,2026-07-18 08:48:09.331298+00:00,42.0,umidita,ambiente,raspberry_pi_4,camera
1413,_result,2,2026-07-18 06:09:33.442244+00:00,2026-07-18 09:09:33.442244+00:00,2026-07-18 08:48:14.591820+00:00,42.0,umidita,ambiente,raspberry_pi_4,camera
1414,_result,2,2026-07-18 06:09:33.442244+00:00,2026-07-18 09:09:33.442244+00:00,2026-07-18 08:48:19.861252+00:00,42.0,umidita,ambiente,raspberry_pi_4,camera
1415,_result,2,2026-07-18 06:09:33.442244+00:00,2026-07-18 09:09:33.442244+00:00,2026-07-18 08:48:25.121430+00:00,42.0,umidita,ambiente,raspberry_pi_4,camera
1416,_result,2,2026-07-18 06:09:33.442244+00:00,2026-07-18 09:09:33.442244+00:00,2026-07-18 08:48:30.391338+00:00,42.0,umidita,ambiente,raspberry_pi_4,camera
1417,_result,2,2026-07-18 06:09:33.442244+00:00,2026-07-18 09:09:33.442244+00:00,2026-07-18 08:48:35.652938+00:00,42.0,umidita,ambiente,raspberry_pi_4,camera
1418,_result,2,2026-07-18 06:09:33.442244+00:00,2026-07-18 09:09:33.442244+00:00,2026-07-18 08:48:40.924809+00:00,42.0,umidita,ambiente,raspberry_pi_4,camera
1419,_result,2,2026-07-18 06:09:33.442244+00:00,2026-07-18 09:09:33.442244+00:00,2026-07-18 08:48:46.187978+00:00,42.0,umidita,ambiente,raspberry_pi_4,camera
1420,_result,2,2026-07-18 06:09:33.442244+00:00,2026-07-18 09:09:33.442244+00:00,2026-07-18 08:48:51.465068+00:00,42.0,umidita,ambiente,raspberry_pi_4,camera
1421,_result,2,2026-07-18 06:09:33.442244+00:00,2026-07-18 09:09:33.442244+00:00,2026-07-18 08:48:56.725024+00:00,42.0,umidita,ambiente,raspberry_pi_4,camera
1422,_result,2,2026-07-18 06:09:33.442244+00:00,2026-07-18 09:09:33.442244+00:00,2026-07-18 08:49:01.997582+00:00,42.0,umidita,ambiente,raspberry_pi_4,camera
1423,_result,2,2026-07-18 06:09:33.442244+00:00,2026-07-18 09:09:33.442244+00:00,2026-07-18 08:49:07.260926+00:00,42.0,umidita,ambiente,raspberry_pi_4,camera
1424,_result,2,2026-07-18 06:09:33.442244+00:00,2026-07-18 09:09:33.442244+00:00,2026-07-18 08:49:12.531019+00:00,42.0,umidita,ambiente,raspberry_pi_4,camera
1425,_result,2,2026-07-18 06:09:33.442244+00:00,2026-07-18 09:09:33.442244+00:00,2026-07-18 08:49:17.792250+00:00,42.0,umidita,ambiente,raspberry_pi_4,camera
1426,_result,2,2026-07-18 06:09:33.442244+00:00,2026-07-18 09:09:33.442244+00:00,2026-07-18 08:49:23.062172+00:00,42.0,umidita,ambiente,raspberry_pi_4,camera
1427,_result,2,2026-07-18 06:09:33.442244+00:00,2026-07-18 09:09:33.442244+00:00,2026-07-18 08:49:28.322181+00:00,42.0,umidita,ambiente,raspberry_pi_4,camera
1428,_result,2,2026-07-18 06:09:33.442244+00:00,2026-07-18 09:09:33.442244+00:00,2026-07-18 08:49:33.593221+00:00,42.0,umidita,ambiente,raspberry_pi_4,camera
1429,_result,2,2026-07-18 06:09:33.442244+00:00,2026-07-18 09:09:33.442244+00:00,2026-07-18 08:49:44.117316+00:00,42.0,umidita,ambiente,raspberry_pi_4,camera
1430,_result,2,2026-07-18 06:09:33.442244+00:00,2026-07-18 09:09:33.442244+00:00,2026-07-18 08:49:49.377429+00:00,42.0,umidita,ambiente,raspberry_pi_4,camera
1431,_result,2,2026-07-18 06:09:33.442244+00:00,2026-07-18 09:09:33.442244+00:00,2026-07-18 08:49:54.647217+00:00,42.0,umidita,ambiente,raspberry_pi_4,camera
1432,_result,2,2026-07-18 06:09:33.442244+00:00,2026-07-18 09:09:33.442244+00:00,2026-07-18 08:49:59.907591+00:00,42.0,umidita,ambiente,raspberry_pi_4,camera
1433,_result,2,2026-07-18 06:09:33.442244+00:00,2026-07-18 09:09:33.442244+00:00,2026-07-18 08:50:05.186027+00:00,42.0,umidita,ambiente,raspberry_pi_4,camera
1434,_result,2,2026-07-18 06:09:33.442244+00:00,2026-07-18 09:09:33.442244+00:00,2026-07-18 08:50:10.446294+00:00,42.0,umidita,ambiente,raspberry_pi_4,camera
1435,_result,2,2026-07-18 06:09:33.442244+00:00,2026-07-18 09:09:33.442244+00:00,2026-07-18 08:50:15.716808+00:00,42.0,umidita,ambiente,raspberry_pi_4,camera
1436,_result,2,2026-07-18 06:09:33.442244+00:00,2026-07-18 09:09:33.442244+00:00,2026-07-18 08:50:20.976911+00:00,42.0,umidita,ambiente,raspberry_pi_4,camera
1437,_result,2,2026-07-18 06:09:33.442244+00:00,2026-07-18 09:09:33.442244+00:00,2026-07-18 08:50:31.501121+00:00,42.0,umidita,ambiente,raspberry_pi_4,camera
1438,_result,2,2026-07-18 06:09:33.442244+00:00,2026-07-18 09:09:33.442244+00:00,2026-07-18 08:50:36.772447+00:00,42.0,umidita,ambiente,raspberry_pi_4,camera
1439,_result,2,2026-07-18 06:09:33.442244+00:00,2026-07-18 09:09:33.442244+00:00,2026-07-18 08:50:42.032544+00:00,42.0,umidita,ambiente,raspberry_pi_4,camera
1440,_result,2,2026-07-18 06:09:33.442244+00:00,2026-07-18 09:09:33.442244+00:00,2026-07-18 08:50:47.302731+00:00,42.0,umidita,ambiente,raspberry_pi_4,camera
1441,_result,2,2026-07-18 06:09:33.442244+00:00,2026-07-18 09:09:33.442244+00:00,2026-07-18 08:50:52.562855+00:00,42.0,umidita,ambiente,raspberry_pi_4,camera
1442,_result,2,2026-07-18 06:09:33.442244+00:00,2026-07-18 09:09:33.442244+00:00,2026-07-18 08:50:57.833268+00:00,42.0,umidita,ambiente,raspberry_pi_4,camera
1443,_result,2,2026-07-18 06:09:33.442244+00:00,2026-07-18 09:09:33.442244+00:00,2026-07-18 08:51:03.093452+00:00,42.0,umidita,ambiente,raspberry_pi_4,camera
1444,_result,2,2026-07-18 06:09:33.442244+00:00,2026-07-18 09:09:33.442244+00:00,2026-07-18 08:51:08.364506+00:00,42.0,umidita,ambiente,raspberry_pi_4,camera
1445,_result,2,2026-07-18 06:09:33.442244+00:00,2026-07-18 09:09:33.442244+00:00,2026-07-18 08:51:13.625728+00:00,42.0,umidita,ambiente,raspberry_pi_4,camera
1446,_result,2,2026-07-18 06:09:33.442244+00:00,2026-07-18 09:09:33.442244+00:00,2026-07-18 08:51:24.149410+00:00,42.0,umidita,ambiente,raspberry_pi_4,camera
1447,_result,2,2026-07-18 06:09:33.442244+00:00,2026-07-18 09:09:33.442244+00:00,2026-07-18 08:51:29.420523+00:00,42.0,umidita,ambiente,raspberry_pi_4,camera
1448,_result,2,2026-07-18 06:09:33.442244+00:00,2026-07-18 09:09:33.442244+00:00,2026-07-18 08:51:34.682037+00:00,42.0,umidita,ambiente,raspberry_pi_4,camera
1449,_result,2,2026-07-18 06:09:33.442244+00:00,2026-07-18 09:09:33.442244+00:00,2026-07-18 08:51:39.952709+00:00,42.0,umidita,ambiente,raspberry_pi_4,camera
1450,_result,2,2026-07-18 06:09:33.442244+00:00,2026-07-18 09:09:33.442244+00:00,2026-07-18 08:51:45.212912+00:00,42.0,umidita,ambiente,raspberry_pi_4,camera
1451,_result,2,2026-07-18 06:09:33.442244+00:00,2026-07-18 09:09:33.442244+00:00,2026-07-18 08:51:50.484182+00:00,42.0,umidita,ambiente,raspberry_pi_4,camera
1452,_result,2,2026-07-18 06:09:33.442244+00:00,2026-07-18 09:09:33.442244+00:00,2026-07-18 08:51:55.744313+00:00,42.0,umidita,ambiente,raspberry_pi_4,camera
1453,_result,2,2026-07-18 06:09:33.442244+00:00,2026-07-18 09:09:33.442244+00:00,2026-07-18 08:52:01.021486+00:00,42.0,umidita,ambiente,raspberry_pi_4,camera
1454,_result,2,2026-07-18 06:09:33.442244+00:00,2026-07-18 09:09:33.442244+00:00,2026-07-18 08:52:06.287268+00:00,42.0,umidita,ambiente,raspberry_pi_4,camera
1455,_result,2,2026-07-18 06:09:33.442244+00:00,2026-07-18 09:09:33.442244+00:00,2026-07-18 08:52:11.556468+00:00,42.0,umidita,ambiente,raspberry_pi_4,camera
1456,_result,2,2026-07-18 06:09:33.442244+00:00,2026-07-18 09:09:33.442244+00:00,2026-07-18 08:52:16.816613+00:00,42.0,umidita,ambiente,raspberry_pi_4,camera
1457,_result,2,2026-07-18 06:09:33.442244+00:00,2026-07-18 09:09:33.442244+00:00,2026-07-18 08:52:27.340656+00:00,42.0,umidita,ambiente,raspberry_pi_4,camera
1458,_result,2,2026-07-18 06:09:33.442244+00:00,2026-07-18 09:09:33.442244+00:00,2026-07-18 08:52:32.611594+00:00,42.0,umidita,ambiente,raspberry_pi_4,camera
1459,_result,2,2026-07-18 06:09:33.442244+00:00,2026-07-18 09:09:33.442244+00:00,2026-07-18 08:52:37.871558+00:00,42.0,umidita,ambiente,raspberry_pi_4,camera
1460,_result,2,2026-07-18 06:09:33.442244+00:00,2026-07-18 09:09:33.442244+00:00,2026-07-18 08:52:43.141692+00:00,42.0,umidita,ambiente,raspberry_pi_4,camera
1461,_result,2,2026-07-18 06:09:33.442244+00:00,2026-07-18 09:09:33.442244+00:00,2026-07-18 08:52:48.402062+00:00,42.0,umidita,ambiente,raspberry_pi_4,camera
1462,_result,2,2026-07-18 06:09:33.442244+00:00,2026-07-18 09:09:33.442244+00:00,2026-07-18 08:52:53.671780+00:00,42.0,umidita,ambiente,raspberry_pi_4,camera
1463,_result,2,2026-07-18 06:09:33.442244+00:00,2026-07-18 09:09:33.442244+00:00,2026-07-18 08:52:58.932207+00:00,42.0,umidita,ambiente,raspberry_pi_4,camera
1464,_result,2,2026-07-18 06:09:33.442244+00:00,2026-07-18 09:09:33.442244+00:00,2026-07-18 08:53:04.203507+00:00,42.0,umidita,ambiente,raspberry_pi_4,camera
1465,_result,2,2026-07-18 06:09:33.442244+00:00,2026-07-18 09:09:33.442244+00:00,2026-07-18 08:53:09.463842+00:00,42.0,umidita,ambiente,raspberry_pi_4,camera
1466,_result,2,2026-07-18 06:09:33.442244+00:00,2026-07-18 09:09:33.442244+00:00,2026-07-18 08:53:14.734272+00:00,42.0,umidita,ambiente,raspberry_pi_4,camera
1467,_result,2,2026-07-18 06:09:33.442244+00:00,2026-07-18 09:09:33.442244+00:00,2026-07-18 08:53:19.994307+00:00,42.0,umidita,ambiente,raspberry_pi_4,camera
1468,_result,2,2026-07-18 06:09:33.442244+00:00,2026-07-18 09:09:33.442244+00:00,2026-07-18 08:53:25.264187+00:00,41.0,umidita,ambiente,raspberry_pi_4,camera
1469,_result,2,2026-07-18 06:09:33.442244+00:00,2026-07-18 09:09:33.442244+00:00,2026-07-18 08:53:30.524164+00:00,41.0,umidita,ambiente,raspberry_pi_4,camera
1470,_result,2,2026-07-18 06:09:33.442244+00:00,2026-07-18 09:09:33.442244+00:00,2026-07-18 08:53:35.795257+00:00,41.0,umidita,ambiente,raspberry_pi_4,camera
1471,_result,2,2026-07-18 06:09:33.442244+00:00,2026-07-18 09:09:33.442244+00:00,2026-07-18 08:53:41.055474+00:00,41.0,umidita,ambiente,raspberry_pi_4,camera
1472,_result,2,2026-07-18 06:09:33.442244+00:00,2026-07-18 09:09:33.442244+00:00,2026-07-18 08:53:46.340307+00:00,41.0,umidita,ambiente,raspberry_pi_4,camera
1473,_result,2,2026-07-18 06:09:33.442244+00:00,2026-07-18 09:09:33.442244+00:00,2026-07-18 08:53:51.615162+00:00,41.0,umidita,ambiente,raspberry_pi_4,camera
1474,_result,2,2026-07-18 06:09:33.442244+00:00,2026-07-18 09:09:33.442244+00:00,2026-07-18 08:53:56.904600+00:00,41.0,umidita,ambiente,raspberry_pi_4,camera
1475,_result,2,2026-07-18 06:09:33.442244+00:00,2026-07-18 09:09:33.442244+00:00,2026-07-18 08:54:02.166423+00:00,41.0,umidita,ambiente,raspberry_pi_4,camera
1476,_result,2,2026-07-18 06:09:33.442244+00:00,2026-07-18 09:09:33.442244+00:00,2026-07-18 08:54:07.437392+00:00,42.0,umidita,ambiente,raspberry_pi_4,camera
1477,_result,2,2026-07-18 06:09:33.442244+00:00,2026-07-18 09:09:33.442244+00:00,2026-07-18 08:54:12.697472+00:00,42.0,umidita,ambiente,raspberry_pi_4,camera
1478,_result,2,2026-07-18 06:09:33.442244+00:00,2026-07-18 09:09:33.442244+00:00,2026-07-18 08:54:17.967251+00:00,42.0,umidita,ambiente,raspberry_pi_4,camera
1479,_result,2,2026-07-18 06:09:33.442244+00:00,2026-07-18 09:09:33.442244+00:00,2026-07-18 08:54:23.227279+00:00,42.0,umidita,ambiente,raspberry_pi_4,camera
1480,_result,2,2026-07-18 06:09:33.442244+00:00,2026-07-18 09:09:33.442244+00:00,2026-07-18 08:54:28.497120+00:00,42.0,umidita,ambiente,raspberry_pi_4,camera
1481,_result,2,2026-07-18 06:09:33.442244+00:00,2026-07-18 09:09:33.442244+00:00,2026-07-18 08:54:33.757136+00:00,42.0,umidita,ambiente,raspberry_pi_4,camera
1482,_result,2,2026-07-18 06:09:33.442244+00:00,2026-07-18 09:09:33.442244+00:00,2026-07-18 08:54:44.282480+00:00,42.0,umidita,ambiente,raspberry_pi_4,camera
1483,_result,2,2026-07-18 06:09:33.442244+00:00,2026-07-18 09:09:33.442244+00:00,2026-07-18 08:54:49.551836+00:00,42.0,umidita,ambiente,raspberry_pi_4,camera
1484,_result,2,2026-07-18 06:09:33.442244+00:00,2026-07-18 09:09:33.442244+00:00,2026-07-18 08:54:54.812243+00:00,42.0,umidita,ambiente,raspberry_pi_4,camera
1485,_result,2,2026-07-18 06:09:33.442244+00:00,2026-07-18 09:09:33.442244+00:00,2026-07-18 08:55:00.081682+00:00,42.0,umidita,ambiente,raspberry_pi_4,camera
1486,_result,2,2026-07-18 06:09:33.442244+00:00,2026-07-18 09:09:33.442244+00:00,2026-07-18 08:55:05.344694+00:00,42.0,umidita,ambiente,raspberry_pi_4,camera
1487,_result,2,2026-07-18 06:09:33.442244+00:00,2026-07-18 09:09:33.442244+00:00,2026-07-18 08:55:10.614491+00:00,42.0,umidita,ambiente,raspberry_pi_4,camera
1488,_result,2,2026-07-18 06:09:33.442244+00:00,2026-07-18 09:09:33.442244+00:00,2026-07-18 08:55:15.874687+00:00,42.0,umidita,ambiente,raspberry_pi_4,camera
1489,_result,2,2026-07-18 06:09:33.442244+00:00,2026-07-18 09:09:33.442244+00:00,2026-07-18 08:55:21.144843+00:00,42.0,umidita,ambiente,raspberry_pi_4,camera
1490,_result,2,2026-07-18 06:09:33.442244+00:00,2026-07-18 09:09:33.442244+00:00,2026-07-18 08:55:26.405185+00:00,41.0,umidita,ambiente,raspberry_pi_4,camera
1491,_result,2,2026-07-18 06:09:33.442244+00:00,2026-07-18 09:09:33.442244+00:00,2026-07-18 08:55:36.930534+00:00,41.0,umidita,ambiente,raspberry_pi_4,camera
1492,_result,2,2026-07-18 06:09:33.442244+00:00,2026-07-18 09:09:33.442244+00:00,2026-07-18 08:55:42.200793+00:00,41.0,umidita,ambiente,raspberry_pi_4,camera
1493,_result,2,2026-07-18 06:09:33.442244+00:00,2026-07-18 09:09:33.442244+00:00,2026-07-18 08:55:47.461038+00:00,41.0,umidita,ambiente,raspberry_pi_4,camera
1494,_result,2,2026-07-18 06:09:33.442244+00:00,2026-07-18 09:09:33.442244+00:00,2026-07-18 08:55:52.730691+00:00,41.0,umidita,ambiente,raspberry_pi_4,camera
1495,_result,2,2026-07-18 06:09:33.442244+00:00,2026-07-18 09:09:33.442244+00:00,2026-07-18 08:55:57.991203+00:00,41.0,umidita,ambiente,raspberry_pi_4,camera
1496,_result,2,2026-07-18 06:09:33.442244+00:00,2026-07-18 09:09:33.442244+00:00,2026-07-18 08:56:03.262477+00:00,41.0,umidita,ambiente,raspberry_pi_4,camera
1497,_result,2,2026-07-18 06:09:33.442244+00:00,2026-07-18 09:09:33.442244+00:00,2026-07-18 08:56:08.522648+00:00,42.0,umidita,ambiente,raspberry_pi_4,camera
1498,_result,2,2026-07-18 06:09:33.442244+00:00,2026-07-18 09:09:33.442244+00:00,2026-07-18 08:56:13.797170+00:00,42.0,umidita,ambiente,raspberry_pi_4,camera
1499,_result,2,2026-07-18 06:09:33.442244+00:00,2026-07-18 09:09:33.442244+00:00,2026-07-18 08:56:24.321011+00:00,42.0,umidita,ambiente,raspberry_pi_4,camera
1500,_result,2,2026-07-18 06:09:33.442244+00:00,2026-07-18 09:09:33.442244+00:00,2026-07-18 08:56:29.581161+00:00,42.0,umidita,ambiente,raspberry_pi_4,camera
1501,_result,2,2026-07-18 06:09:33.442244+00:00,2026-07-18 09:09:33.442244+00:00,2026-07-18 08:56:34.852544+00:00,43.0,umidita,ambiente,raspberry_pi_4,camera
1502,_result,2,2026-07-18 06:09:33.442244+00:00,2026-07-18 09:09:33.442244+00:00,2026-07-18 08:56:40.112701+00:00,42.0,umidita,ambiente,raspberry_pi_4,camera
1503,_result,2,2026-07-18 06:09:33.442244+00:00,2026-07-18 09:09:33.442244+00:00,2026-07-18 08:56:45.382962+00:00,42.0,umidita,ambiente,raspberry_pi_4,camera
1504,_result,2,2026-07-18 06:09:33.442244+00:00,2026-07-18 09:09:33.442244+00:00,2026-07-18 08:56:50.643074+00:00,43.0,umidita,ambiente,raspberry_pi_4,camera
1505,_result,2,2026-07-18 06:09:33.442244+00:00,2026-07-18 09:09:33.442244+00:00,2026-07-18 08:56:55.912553+00:00,42.0,umidita,ambiente,raspberry_pi_4,camera
1506,_result,2,2026-07-18 06:09:33.442244+00:00,2026-07-18 09:09:33.442244+00:00,2026-07-18 08:57:01.173026+00:00,42.0,umidita,ambiente,raspberry_pi_4,camera
1507,_result,2,2026-07-18 06:09:33.442244+00:00,2026-07-18 09:09:33.442244+00:00,2026-07-18 08:57:06.447332+00:00,42.0,umidita,ambiente,raspberry_pi_4,camera
1508,_result,2,2026-07-18 06:09:33.442244+00:00,2026-07-18 09:09:33.442244+00:00,2026-07-18 08:57:11.711376+00:00,42.0,umidita,ambiente,raspberry_pi_4,camera
1509,_result,2,2026-07-18 06:09:33.442244+00:00,2026-07-18 09:09:33.442244+00:00,2026-07-18 08:57:16.981257+00:00,43.0,umidita,ambiente,raspberry_pi_4,camera
1510,_result,2,2026-07-18 06:09:33.442244+00:00,2026-07-18 09:09:33.442244+00:00,2026-07-18 08:57:22.241479+00:00,43.0,umidita,ambiente,raspberry_pi_4,camera
1511,_result,2,2026-07-18 06:09:33.442244+00:00,2026-07-18 09:09:33.442244+00:00,2026-07-18 08:57:27.511353+00:00,42.0,umidita,ambiente,raspberry_pi_4,camera
1512,_result,2,2026-07-18 06:09:33.442244+00:00,2026-07-18 09:09:33.442244+00:00,2026-07-18 08:57:32.771637+00:00,43.0,umidita,ambiente,raspberry_pi_4,camera
1513,_result,2,2026-07-18 06:09:33.442244+00:00,2026-07-18 09:09:33.442244+00:00,2026-07-18 08:57:43.297221+00:00,42.0,umidita,ambiente,raspberry_pi_4,camera
1514,_result,2,2026-07-18 06:09:33.442244+00:00,2026-07-18 09:09:33.442244+00:00,2026-07-18 08:57:48.580813+00:00,43.0,umidita,ambiente,raspberry_pi_4,camera
1515,_result,2,2026-07-18 06:09:33.442244+00:00,2026-07-18 09:09:33.442244+00:00,2026-07-18 08:57:53.841156+00:00,43.0,umidita,ambiente,raspberry_pi_4,camera
1516,_result,2,2026-07-18 06:09:33.442244+00:00,2026-07-18 09:09:33.442244+00:00,2026-07-18 08:57:59.110504+00:00,43.0,umidita,ambiente,raspberry_pi_4,camera
1517,_result,2,2026-07-18 06:09:33.442244+00:00,2026-07-18 09:09:33.442244+00:00,2026-07-18 08:58:04.370685+00:00,43.0,umidita,ambiente,raspberry_pi_4,camera
1518,_result,2,2026-07-18 06:09:33.442244+00:00,2026-07-18 09:09:33.442244+00:00,2026-07-18 08:58:09.641502+00:00,43.0,umidita,ambiente,raspberry_pi_4,camera
1519,_result,2,2026-07-18 06:09:33.442244+00:00,2026-07-18 09:09:33.442244+00:00,2026-07-18 08:58:14.901666+00:00,43.0,umidita,ambiente,raspberry_pi_4,camera
1520,_result,2,2026-07-18 06:09:33.442244+00:00,2026-07-18 09:09:33.442244+00:00,2026-07-18 08:58:20.171296+00:00,43.0,umidita,ambiente,raspberry_pi_4,camera
1521,_result,2,2026-07-18 06:09:33.442244+00:00,2026-07-18 09:09:33.442244+00:00,2026-07-18 08:58:25.431402+00:00,43.0,umidita,ambiente,raspberry_pi_4,camera
1522,_result,2,2026-07-18 06:09:33.442244+00:00,2026-07-18 09:09:33.442244+00:00,2026-07-18 08:58:30.701305+00:00,43.0,umidita,ambiente,raspberry_pi_4,camera
1523,_result,2,2026-07-18 06:09:33.442244+00:00,2026-07-18 09:09:33.442244+00:00,2026-07-18 08:58:35.962818+00:00,43.0,umidita,ambiente,raspberry_pi_4,camera
1524,_result,2,2026-07-18 06:09:33.442244+00:00,2026-07-18 09:09:33.442244+00:00,2026-07-18 08:58:41.232603+00:00,43.0,umidita,ambiente,raspberry_pi_4,camera
1525,_result,2,2026-07-18 06:09:33.442244+00:00,2026-07-18 09:09:33.442244+00:00,2026-07-18 08:58:46.492809+00:00,43.0,umidita,ambiente,raspberry_pi_4,camera
1526,_result,2,2026-07-18 06:09:33.442244+00:00,2026-07-18 09:09:33.442244+00:00,2026-07-18 08:58:51.763903+00:00,43.0,umidita,ambiente,raspberry_pi_4,camera
1527,_result,2,2026-07-18 06:09:33.442244+00:00,2026-07-18 09:09:33.442244+00:00,2026-07-18 08:58:57.024999+00:00,43.0,umidita,ambiente,raspberry_pi_4,camera
1528,_result,2,2026-07-18 06:09:33.442244+00:00,2026-07-18 09:09:33.442244+00:00,2026-07-18 08:59:02.298782+00:00,43.0,umidita,ambiente,raspberry_pi_4,camera
1529,_result,2,2026-07-18 06:09:33.442244+00:00,2026-07-18 09:09:33.442244+00:00,2026-07-18 08:59:07.559877+00:00,43.0,umidita,ambiente,raspberry_pi_4,camera
1530,_result,2,2026-07-18 06:09:33.442244+00:00,2026-07-18 09:09:33.442244+00:00,2026-07-18 08:59:12.829286+00:00,43.0,umidita,ambiente,raspberry_pi_4,camera
1531,_result,2,2026-07-18 06:09:33.442244+00:00,2026-07-18 09:09:33.442244+00:00,2026-07-18 08:59:18.089522+00:00,43.0,umidita,ambiente,raspberry_pi_4,camera
1532,_result,2,2026-07-18 06:09:33.442244+00:00,2026-07-18 09:09:33.442244+00:00,2026-07-18 08:59:23.359229+00:00,43.0,umidita,ambiente,raspberry_pi_4,camera
1533,_result,2,2026-07-18 06:09:33.442244+00:00,2026-07-18 09:09:33.442244+00:00,2026-07-18 08:59:33.892893+00:00,43.0,umidita,ambiente,raspberry_pi_4,camera
1534,_result,2,2026-07-18 06:09:33.442244+00:00,2026-07-18 09:09:33.442244+00:00,2026-07-18 08:59:39.153115+00:00,43.0,umidita,ambiente,raspberry_pi_4,camera
1535,_result,2,2026-07-18 06:09:33.442244+00:00,2026-07-18 09:09:33.442244+00:00,2026-07-18 08:59:44.422641+00:00,43.0,umidita,ambiente,raspberry_pi_4,camera
1536,_result,2,2026-07-18 06:09:33.442244+00:00,2026-07-18 09:09:33.442244+00:00,2026-07-18 08:59:49.682722+00:00,43.0,umidita,ambiente,raspberry_pi_4,camera
1537,_result,2,2026-07-18 06:09:33.442244+00:00,2026-07-18 09:09:33.442244+00:00,2026-07-18 08:59:54.952284+00:00,43.0,umidita,ambiente,raspberry_pi_4,camera
1538,_result,2,2026-07-18 06:09:33.442244+00:00,2026-07-18 09:09:33.442244+00:00,2026-07-18 09:00:00.212375+00:00,42.0,umidita,ambiente,raspberry_pi_4,camera
1539,_result,2,2026-07-18 06:09:33.442244+00:00,2026-07-18 09:09:33.442244+00:00,2026-07-18 09:00:05.483443+00:00,43.0,umidita,ambiente,raspberry_pi_4,camera
1540,_result,2,2026-07-18 06:09:33.442244+00:00,2026-07-18 09:09:33.442244+00:00,2026-07-18 09:00:10.744009+00:00,43.0,umidita,ambiente,raspberry_pi_4,camera
1541,_result,2,2026-07-18 06:09:33.442244+00:00,2026-07-18 09:09:33.442244+00:00,2026-07-18 09:00:16.013353+00:00,43.0,umidita,ambiente,raspberry_pi_4,camera
1542,_result,2,2026-07-18 06:09:33.442244+00:00,2026-07-18 09:09:33.442244+00:00,2026-07-18 09:00:21.273550+00:00,43.0,umidita,ambiente,raspberry_pi_4,camera
1543,_result,2,2026-07-18 06:09:33.442244+00:00,2026-07-18 09:09:33.442244+00:00,2026-07-18 09:00:26.543387+00:00,43.0,umidita,ambiente,raspberry_pi_4,camera
1544,_result,2,2026-07-18 06:09:33.442244+00:00,2026-07-18 09:09:33.442244+00:00,2026-07-18 09:00:31.803500+00:00,43.0,umidita,ambiente,raspberry_pi_4,camera
1545,_result,2,2026-07-18 06:09:33.442244+00:00,2026-07-18 09:09:33.442244+00:00,2026-07-18 09:00:37.075900+00:00,43.0,umidita,ambiente,raspberry_pi_4,camera
1546,_result,2,2026-07-18 06:09:33.442244+00:00,2026-07-18 09:09:33.442244+00:00,2026-07-18 09:00:42.336284+00:00,42.0,umidita,ambiente,raspberry_pi_4,camera
1547,_result,2,2026-07-18 06:09:33.442244+00:00,2026-07-18 09:09:33.442244+00:00,2026-07-18 09:00:47.606542+00:00,42.0,umidita,ambiente,raspberry_pi_4,camera
1548,_result,2,2026-07-18 06:09:33.442244+00:00,2026-07-18 09:09:33.442244+00:00,2026-07-18 09:00:52.866889+00:00,42.0,umidita,ambiente,raspberry_pi_4,camera
1549,_result,2,2026-07-18 06:09:33.442244+00:00,2026-07-18 09:09:33.442244+00:00,2026-07-18 09:00:58.136115+00:00,42.0,umidita,ambiente,raspberry_pi_4,camera
1550,_result,2,2026-07-18 06:09:33.442244+00:00,2026-07-18 09:09:33.442244+00:00,2026-07-18 09:01:03.396248+00:00,42.0,umidita,ambiente,raspberry_pi_4,camera
1551,_result,2,2026-07-18 06:09:33.442244+00:00,2026-07-18 09:09:33.442244+00:00,2026-07-18 09:01:08.666918+00:00,42.0,umidita,ambiente,raspberry_pi_4,camera
1552,_result,2,2026-07-18 06:09:33.442244+00:00,2026-07-18 09:09:33.442244+00:00,2026-07-18 09:01:19.190853+00:00,42.0,umidita,ambiente,raspberry_pi_4,camera
1553,_result,2,2026-07-18 06:09:33.442244+00:00,2026-07-18 09:09:33.442244+00:00,2026-07-18 09:01:24.450876+00:00,42.0,umidita,ambiente,raspberry_pi_4,camera
1554,_result,2,2026-07-18 06:09:33.442244+00:00,2026-07-18 09:09:33.442244+00:00,2026-07-18 09:01:29.720344+00:00,42.0,umidita,ambiente,raspberry_pi_4,camera
1555,_result,2,2026-07-18 06:09:33.442244+00:00,2026-07-18 09:09:33.442244+00:00,2026-07-18 09:01:34.981881+00:00,42.0,umidita,ambiente,raspberry_pi_4,camera
1556,_result,2,2026-07-18 06:09:33.442244+00:00,2026-07-18 09:09:33.442244+00:00,2026-07-18 09:01:40.251816+00:00,42.0,umidita,ambiente,raspberry_pi_4,camera
1557,_result,2,2026-07-18 06:09:33.442244+00:00,2026-07-18 09:09:33.442244+00:00,2026-07-18 09:01:45.511947+00:00,42.0,umidita,ambiente,raspberry_pi_4,camera
1558,_result,2,2026-07-18 06:09:33.442244+00:00,2026-07-18 09:09:33.442244+00:00,2026-07-18 09:01:50.781270+00:00,42.0,umidita,ambiente,raspberry_pi_4,camera
1559,_result,2,2026-07-18 06:09:33.442244+00:00,2026-07-18 09:09:33.442244+00:00,2026-07-18 09:01:56.041535+00:00,42.0,umidita,ambiente,raspberry_pi_4,camera
1560,_result,2,2026-07-18 06:09:33.442244+00:00,2026-07-18 09:09:33.442244+00:00,2026-07-18 09:02:01.311155+00:00,42.0,umidita,ambiente,raspberry_pi_4,camera
1561,_result,2,2026-07-18 06:09:33.442244+00:00,2026-07-18 09:09:33.442244+00:00,2026-07-18 09:02:06.573073+00:00,42.0,umidita,ambiente,raspberry_pi_4,camera
1562,_result,2,2026-07-18 06:09:33.442244+00:00,2026-07-18 09:09:33.442244+00:00,2026-07-18 09:02:11.842647+00:00,42.0,umidita,ambiente,raspberry_pi_4,camera
1563,_result,2,2026-07-18 06:09:33.442244+00:00,2026-07-18 09:09:33.442244+00:00,2026-07-18 09:02:17.102721+00:00,42.0,umidita,ambiente,raspberry_pi_4,camera
1564,_result,2,2026-07-18 06:09:33.442244+00:00,2026-07-18 09:09:33.442244+00:00,2026-07-18 09:02:22.372710+00:00,42.0,umidita,ambiente,raspberry_pi_4,camera
1565,_result,2,2026-07-18 06:09:33.442244+00:00,2026-07-18 09:09:33.442244+00:00,2026-07-18 09:02:27.632694+00:00,42.0,umidita,ambiente,raspberry_pi_4,camera
1566,_result,2,2026-07-18 06:09:33.442244+00:00,2026-07-18 09:09:33.442244+00:00,2026-07-18 09:02:32.903555+00:00,42.0,umidita,ambiente,raspberry_pi_4,camera
1567,_result,2,2026-07-18 06:09:33.442244+00:00,2026-07-18 09:09:33.442244+00:00,2026-07-18 09:02:38.163642+00:00,42.0,umidita,ambiente,raspberry_pi_4,camera
1568,_result,2,2026-07-18 06:09:33.442244+00:00,2026-07-18 09:09:33.442244+00:00,2026-07-18 09:02:43.434446+00:00,42.0,umidita,ambiente,raspberry_pi_4,camera
1569,_result,2,2026-07-18 06:09:33.442244+00:00,2026-07-18 09:09:33.442244+00:00,2026-07-18 09:02:48.694569+00:00,42.0,umidita,ambiente,raspberry_pi_4,camera
1570,_result,2,2026-07-18 06:09:33.442244+00:00,2026-07-18 09:09:33.442244+00:00,2026-07-18 09:02:53.964432+00:00,42.0,umidita,ambiente,raspberry_pi_4,camera
1571,_result,2,2026-07-18 06:09:33.442244+00:00,2026-07-18 09:09:33.442244+00:00,2026-07-18 09:02:59.224545+00:00,42.0,umidita,ambiente,raspberry_pi_4,camera
1572,_result,2,2026-07-18 06:09:33.442244+00:00,2026-07-18 09:09:33.442244+00:00,2026-07-18 09:03:04.495640+00:00,42.0,umidita,ambiente,raspberry_pi_4,camera
1573,_result,2,2026-07-18 06:09:33.442244+00:00,2026-07-18 09:09:33.442244+00:00,2026-07-18 09:03:09.756067+00:00,42.0,umidita,ambiente,raspberry_pi_4,camera
1574,_result,2,2026-07-18 06:09:33.442244+00:00,2026-07-18 09:09:33.442244+00:00,2026-07-18 09:03:15.026076+00:00,42.0,umidita,ambiente,raspberry_pi_4,camera
1575,_result,2,2026-07-18 06:09:33.442244+00:00,2026-07-18 09:09:33.442244+00:00,2026-07-18 09:03:20.286252+00:00,42.0,umidita,ambiente,raspberry_pi_4,camera
1576,_result,2,2026-07-18 06:09:33.442244+00:00,2026-07-18 09:09:33.442244+00:00,2026-07-18 09:03:25.556590+00:00,42.0,umidita,ambiente,raspberry_pi_4,camera
1577,_result,2,2026-07-18 06:09:33.442244+00:00,2026-07-18 09:09:33.442244+00:00,2026-07-18 09:03:30.816949+00:00,42.0,umidita,ambiente,raspberry_pi_4,camera
1578,_result,2,2026-07-18 06:09:33.442244+00:00,2026-07-18 09:09:33.442244+00:00,2026-07-18 09:03:36.102917+00:00,42.0,umidita,ambiente,raspberry_pi_4,camera
1579,_result,2,2026-07-18 06:09:33.442244+00:00,2026-07-18 09:09:33.442244+00:00,2026-07-18 09:03:41.363010+00:00,42.0,umidita,ambiente,raspberry_pi_4,camera
1580,_result,2,2026-07-18 06:09:33.442244+00:00,2026-07-18 09:09:33.442244+00:00,2026-07-18 09:03:46.633206+00:00,42.0,umidita,ambiente,raspberry_pi_4,camera
1581,_result,2,2026-07-18 06:09:33.442244+00:00,2026-07-18 09:09:33.442244+00:00,2026-07-18 09:03:51.893261+00:00,42.0,umidita,ambiente,raspberry_pi_4,camera
1582,_result,2,2026-07-18 06:09:33.442244+00:00,2026-07-18 09:09:33.442244+00:00,2026-07-18 09:03:57.162769+00:00,42.0,umidita,ambiente,raspberry_pi_4,camera
1583,_result,2,2026-07-18 06:09:33.442244+00:00,2026-07-18 09:09:33.442244+00:00,2026-07-18 09:04:02.423324+00:00,42.0,umidita,ambiente,raspberry_pi_4,camera
1584,_result,2,2026-07-18 06:09:33.442244+00:00,2026-07-18 09:09:33.442244+00:00,2026-07-18 09:04:07.694888+00:00,42.0,umidita,ambiente,raspberry_pi_4,camera
1585,_result,2,2026-07-18 06:09:33.442244+00:00,2026-07-18 09:09:33.442244+00:00,2026-07-18 09:04:12.955217+00:00,42.0,umidita,ambiente,raspberry_pi_4,camera
1586,_result,2,2026-07-18 06:09:33.442244+00:00,2026-07-18 09:09:33.442244+00:00,2026-07-18 09:04:18.224857+00:00,42.0,umidita,ambiente,raspberry_pi_4,camera
1587,_result,2,2026-07-18 06:09:33.442244+00:00,2026-07-18 09:09:33.442244+00:00,2026-07-18 09:04:23.485395+00:00,42.0,umidita,ambiente,raspberry_pi_4,camera
1588,_result,2,2026-07-18 06:09:33.442244+00:00,2026-07-18 09:09:33.442244+00:00,2026-07-18 09:04:28.755683+00:00,42.0,umidita,ambiente,raspberry_pi_4,camera
1589,_result,2,2026-07-18 06:09:33.442244+00:00,2026-07-18 09:09:33.442244+00:00,2026-07-18 09:04:34.016837+00:00,42.0,umidita,ambiente,raspberry_pi_4,camera
1590,_result,2,2026-07-18 06:09:33.442244+00:00,2026-07-18 09:09:33.442244+00:00,2026-07-18 09:04:39.287994+00:00,42.0,umidita,ambiente,raspberry_pi_4,camera
1591,_result,2,2026-07-18 06:09:33.442244+00:00,2026-07-18 09:09:33.442244+00:00,2026-07-18 09:04:44.548376+00:00,42.0,umidita,ambiente,raspberry_pi_4,camera
1592,_result,2,2026-07-18 06:09:33.442244+00:00,2026-07-18 09:09:33.442244+00:00,2026-07-18 09:04:49.817910+00:00,42.0,umidita,ambiente,raspberry_pi_4,camera
1593,_result,2,2026-07-18 06:09:33.442244+00:00,2026-07-18 09:09:33.442244+00:00,2026-07-18 09:04:55.078058+00:00,42.0,umidita,ambiente,raspberry_pi_4,camera
1594,_result,2,2026-07-18 06:09:33.442244+00:00,2026-07-18 09:09:33.442244+00:00,2026-07-18 09:05:00.348187+00:00,42.0,umidita,ambiente,raspberry_pi_4,camera
1595,_result,2,2026-07-18 06:09:33.442244+00:00,2026-07-18 09:09:33.442244+00:00,2026-07-18 09:05:05.609985+00:00,42.0,umidita,ambiente,raspberry_pi_4,camera
1596,_result,2,2026-07-18 06:09:33.442244+00:00,2026-07-18 09:09:33.442244+00:00,2026-07-18 09:05:10.879649+00:00,42.0,umidita,ambiente,raspberry_pi_4,camera
1597,_result,2,2026-07-18 06:09:33.442244+00:00,2026-07-18 09:09:33.442244+00:00,2026-07-18 09:05:16.140174+00:00,42.0,umidita,ambiente,raspberry_pi_4,camera
1598,_result,2,2026-07-18 06:09:33.442244+00:00,2026-07-18 09:09:33.442244+00:00,2026-07-18 09:05:21.409591+00:00,42.0,umidita,ambiente,raspberry_pi_4,camera
1599,_result,2,2026-07-18 06:09:33.442244+00:00,2026-07-18 09:09:33.442244+00:00,2026-07-18 09:05:26.669901+00:00,42.0,umidita,ambiente,raspberry_pi_4,camera
1600,_result,2,2026-07-18 06:09:33.442244+00:00,2026-07-18 09:09:33.442244+00:00,2026-07-18 09:05:31.942235+00:00,42.0,umidita,ambiente,raspberry_pi_4,camera
1601,_result,2,2026-07-18 06:09:33.442244+00:00,2026-07-18 09:09:33.442244+00:00,2026-07-18 09:05:37.202412+00:00,42.0,umidita,ambiente,raspberry_pi_4,camera
1602,_result,2,2026-07-18 06:09:33.442244+00:00,2026-07-18 09:09:33.442244+00:00,2026-07-18 09:05:42.473041+00:00,42.0,umidita,ambiente,raspberry_pi_4,camera
1603,_result,2,2026-07-18 06:09:33.442244+00:00,2026-07-18 09:09:33.442244+00:00,2026-07-18 09:05:47.733372+00:00,42.0,umidita,ambiente,raspberry_pi_4,camera
1604,_result,2,2026-07-18 06:09:33.442244+00:00,2026-07-18 09:09:33.442244+00:00,2026-07-18 09:05:58.257413+00:00,42.0,umidita,ambiente,raspberry_pi_4,camera
1605,_result,2,2026-07-18 06:09:33.442244+00:00,2026-07-18 09:09:33.442244+00:00,2026-07-18 09:06:03.528690+00:00,42.0,umidita,ambiente,raspberry_pi_4,camera
1606,_result,2,2026-07-18 06:09:33.442244+00:00,2026-07-18 09:09:33.442244+00:00,2026-07-18 09:06:08.789451+00:00,42.0,umidita,ambiente,raspberry_pi_4,camera
1607,_result,2,2026-07-18 06:09:33.442244+00:00,2026-07-18 09:09:33.442244+00:00,2026-07-18 09:06:14.060389+00:00,42.0,umidita,ambiente,raspberry_pi_4,camera
1608,_result,2,2026-07-18 06:09:33.442244+00:00,2026-07-18 09:09:33.442244+00:00,2026-07-18 09:06:19.320463+00:00,41.0,umidita,ambiente,raspberry_pi_4,camera
1609,_result,2,2026-07-18 06:09:33.442244+00:00,2026-07-18 09:09:33.442244+00:00,2026-07-18 09:06:24.591261+00:00,41.0,umidita,ambiente,raspberry_pi_4,camera
1610,_result,2,2026-07-18 06:09:33.442244+00:00,2026-07-18 09:09:33.442244+00:00,2026-07-18 09:06:29.851250+00:00,41.0,umidita,ambiente,raspberry_pi_4,camera
1611,_result,2,2026-07-18 06:09:33.442244+00:00,2026-07-18 09:09:33.442244+00:00,2026-07-18 09:06:35.122588+00:00,41.0,umidita,ambiente,raspberry_pi_4,camera
1612,_result,2,2026-07-18 06:09:33.442244+00:00,2026-07-18 09:09:33.442244+00:00,2026-07-18 09:06:40.384034+00:00,41.0,umidita,ambiente,raspberry_pi_4,camera
1613,_result,2,2026-07-18 06:09:33.442244+00:00,2026-07-18 09:09:33.442244+00:00,2026-07-18 09:06:45.654048+00:00,42.0,umidita,ambiente,raspberry_pi_4,camera
1614,_result,2,2026-07-18 06:09:33.442244+00:00,2026-07-18 09:09:33.442244+00:00,2026-07-18 09:06:50.914234+00:00,43.0,umidita,ambiente,raspberry_pi_4,camera
1615,_result,2,2026-07-18 06:09:33.442244+00:00,2026-07-18 09:09:33.442244+00:00,2026-07-18 09:06:56.183750+00:00,43.0,umidita,ambiente,raspberry_pi_4,camera
1616,_result,2,2026-07-18 06:09:33.442244+00:00,2026-07-18 09:09:33.442244+00:00,2026-07-18 09:07:01.444096+00:00,43.0,umidita,ambiente,raspberry_pi_4,camera
1617,_result,2,2026-07-18 06:09:33.442244+00:00,2026-07-18 09:09:33.442244+00:00,2026-07-18 09:07:06.715318+00:00,43.0,umidita,ambiente,raspberry_pi_4,camera
1618,_result,2,2026-07-18 06:09:33.442244+00:00,2026-07-18 09:09:33.442244+00:00,2026-07-18 09:07:11.975590+00:00,43.0,umidita,ambiente,raspberry_pi_4,camera
1619,_result,2,2026-07-18 06:09:33.442244+00:00,2026-07-18 09:09:33.442244+00:00,2026-07-18 09:07:17.245543+00:00,43.0,umidita,ambiente,raspberry_pi_4,camera
1620,_result,2,2026-07-18 06:09:33.442244+00:00,2026-07-18 09:09:33.442244+00:00,2026-07-18 09:07:22.505520+00:00,43.0,umidita,ambiente,raspberry_pi_4,camera
1621,_result,2,2026-07-18 06:09:33.442244+00:00,2026-07-18 09:09:33.442244+00:00,2026-07-18 09:07:27.774894+00:00,43.0,umidita,ambiente,raspberry_pi_4,camera
1622,_result,2,2026-07-18 06:09:33.442244+00:00,2026-07-18 09:09:33.442244+00:00,2026-07-18 09:07:33.035283+00:00,43.0,umidita,ambiente,raspberry_pi_4,camera
1623,_result,2,2026-07-18 06:09:33.442244+00:00,2026-07-18 09:09:33.442244+00:00,2026-07-18 09:07:38.306504+00:00,43.0,umidita,ambiente,raspberry_pi_4,camera
1624,_result,2,2026-07-18 06:09:33.442244+00:00,2026-07-18 09:09:33.442244+00:00,2026-07-18 09:07:43.566406+00:00,43.0,umidita,ambiente,raspberry_pi_4,camera
1625,_result,2,2026-07-18 06:09:33.442244+00:00,2026-07-18 09:09:33.442244+00:00,2026-07-18 09:07:48.836191+00:00,43.0,umidita,ambiente,raspberry_pi_4,camera
1626,_result,2,2026-07-18 06:09:33.442244+00:00,2026-07-18 09:09:33.442244+00:00,2026-07-18 09:07:54.096922+00:00,43.0,umidita,ambiente,raspberry_pi_4,camera
1627,_result,2,2026-07-18 06:09:33.442244+00:00,2026-07-18 09:09:33.442244+00:00,2026-07-18 09:07:59.366574+00:00,43.0,umidita,ambiente,raspberry_pi_4,camera
1628,_result,2,2026-07-18 06:09:33.442244+00:00,2026-07-18 09:09:33.442244+00:00,2026-07-18 09:08:04.628611+00:00,43.0,umidita,ambiente,raspberry_pi_4,camera
1629,_result,2,2026-07-18 06:09:33.442244+00:00,2026-07-18 09:09:33.442244+00:00,2026-07-18 09:08:09.897931+00:00,43.0,umidita,ambiente,raspberry_pi_4,camera
1630,_result,2,2026-07-18 06:09:33.442244+00:00,2026-07-18 09:09:33.442244+00:00,2026-07-18 09:08:15.158992+00:00,43.0,umidita,ambiente,raspberry_pi_4,camera
1631,_result,2,2026-07-18 06:09:33.442244+00:00,2026-07-18 09:09:33.442244+00:00,2026-07-18 09:08:20.428721+00:00,43.0,umidita,ambiente,raspberry_pi_4,camera
1632,_result,2,2026-07-18 06:09:33.442244+00:00,2026-07-18 09:09:33.442244+00:00,2026-07-18 09:08:25.688869+00:00,43.0,umidita,ambiente,raspberry_pi_4,camera
1633,_result,2,2026-07-18 06:09:33.442244+00:00,2026-07-18 09:09:33.442244+00:00,2026-07-18 09:08:30.959981+00:00,43.0,umidita,ambiente,raspberry_pi_4,camera
1634,_result,2,2026-07-18 06:09:33.442244+00:00,2026-07-18 09:09:33.442244+00:00,2026-07-18 09:08:41.485343+00:00,43.0,umidita,ambiente,raspberry_pi_4,camera
1635,_result,2,2026-07-18 06:09:33.442244+00:00,2026-07-18 09:09:33.442244+00:00,2026-07-18 09:08:46.745416+00:00,43.0,umidita,ambiente,raspberry_pi_4,camera
1636,_result,2,2026-07-18 06:09:33.442244+00:00,2026-07-18 09:09:33.442244+00:00,2026-07-18 09:08:52.014947+00:00,43.0,umidita,ambiente,raspberry_pi_4,camera
1637,_result,2,2026-07-18 06:09:33.442244+00:00,2026-07-18 09:09:33.442244+00:00,2026-07-18 09:08:57.275271+00:00,43.0,umidita,ambiente,raspberry_pi_4,camera
1638,_result,2,2026-07-18 06:09:33.442244+00:00,2026-07-18 09:09:33.442244+00:00,2026-07-18 09:09:02.546296+00:00,43.0,umidita,ambiente,raspberry_pi_4,camera
1639,_result,2,2026-07-18 06:09:33.442244+00:00,2026-07-18 09:09:33.442244+00:00,2026-07-18 09:09:07.806178+00:00,43.0,umidita,ambiente,raspberry_pi_4,camera
1640,_result,2,2026-07-18 06:09:33.442244+00:00,2026-07-18 09:09:33.442244+00:00,2026-07-18 09:09:13.076129+00:00,43.0,umidita,ambiente,raspberry_pi_4,camera
1641,_result,2,2026-07-18 06:09:33.442244+00:00,2026-07-18 09:09:33.442244+00:00,2026-07-18 09:09:18.336261+00:00,43.0,umidita,ambiente,raspberry_pi_4,camera
1642,_result,2,2026-07-18 06:09:33.442244+00:00,2026-07-18 09:09:33.442244+00:00,2026-07-18 09:09:23.605544+00:00,43.0,umidita,ambiente,raspberry_pi_4,camera
1643,_result,2,2026-07-18 06:09:33.442244+00:00,2026-07-18 09:09:33.442244+00:00,2026-07-18 09:09:28.865798+00:00,43.0,umidita,ambiente,raspberry_pi_4,camera
