,result,table,_start,_stop,_time,_measurement,host,stanza,percepita,temperatura,umidita
0,_result,0,2026-07-25 09:33:36.488961+00:00,2026-07-25 12:33:36.488961+00:00,2026-07-25 09:58:26.900228+00:00,ambiente,raspberry_pi_4,camera,27.6,28.9,26.0
1,_result,0,2026-07-25 09:33:36.488961+00:00,2026-07-25 12:33:36.488961+00:00,2026-07-25 09:58:32.213378+00:00,ambiente,raspberry_pi_4,camera,27.6,28.9,26.0
2,_result,0,2026-07-25 09:33:36.488961+00:00,2026-07-25 12:33:36.488961+00:00,2026-07-25 09:58:37.486330+00:00,ambiente,raspberry_pi_4,camera,27.6,28.9,26.0
3,_result,0,2026-07-25 09:33:36.488961+00:00,2026-07-25 12:33:36.488961+00:00,2026-07-25 09:58:42.756831+00:00,ambiente,raspberry_pi_4,camera,27.6,28.9,26.0
4,_result,0,2026-07-25 09:33:36.488961+00:00,2026-07-25 12:33:36.488961+00:00,2026-07-25 09:58:48.038372+00:00,ambiente,raspberry_pi_4,camera,27.6,28.9,26.0
5,_result,0,2026-07-25 09:33:36.488961+00:00,2026-07-25 12:33:36.488961+00:00,2026-07-25 09:58:53.301431+00:00,ambiente,raspberry_pi_4,camera,27.6,28.9,26.0
6,_result,0,2026-07-25 09:33:36.488961+00:00,2026-07-25 12:33:36.488961+00:00,2026-07-25 09:58:58.571294+00:00,ambiente,raspberry_pi_4,camera,27.6,28.9,26.0
7,_result,0,2026-07-25 09:33:36.488961+00:00,2026-07-25 12:33:36.488961+00:00,2026-07-25 09:59:03.863912+00:00,ambiente,raspberry_pi_4,camera,27.6,28.9,26.0
8,_result,0,2026-07-25 09:33:36.488961+00:00,2026-07-25 12:33:36.488961+00:00,2026-07-25 09:59:09.175841+00:00,ambiente,raspberry_pi_4,camera,27.6,28.9,26.0
9,_result,0,2026-07-25 09:33:36.488961+00:00,2026-07-25 12:33:36.488961+00:00,2026-07-25 09:59:14.443235+00:00,ambiente,raspberry_pi_4,camera,27.6,28.9,26.0
10,_result,0,2026-07-25 09:33:36.488961+00:00,2026-07-25 12:33:36.488961+00:00,2026-07-25 09:59:19.721541+00:00,ambiente,raspberry_pi_4,camera,27.6,28.9,26.0
11,_result,0,2026-07-25 09:33:36.488961+00:00,2026-07-25 12:33:36.488961+00:00,2026-07-25 09:59:24.981443+00:00,ambiente,raspberry_pi_4,camera,27.6,28.9,26.0
12,_result,0,2026-07-25 09:33:36.488961+00:00,2026-07-25 12:33:36.488961+00:00,2026-07-25 09:59:30.251827+00:00,ambiente,raspberry_pi_4,camera,27.6,28.9,26.0
13,_result,0,2026-07-25 09:33:36.488961+00:00,2026-07-25 12:33:36.488961+00:00,2026-07-25 09:59:35.512173+00:00,ambiente,raspberry_pi_4,camera,27.6,28.9,26.0
14,_result,0,2026-07-25 09:33:36.488961+00:00,2026-07-25 12:33:36.488961+00:00,2026-07-25 09:59:40.784920+00:00,ambiente,raspberry_pi_4,camera,27.6,28.9,26.0
15,_result,0,2026-07-25 09:33:36.488961+00:00,2026-07-25 12:33:36.488961+00:00,2026-07-25 09:59:46.461569+00:00,ambiente,raspberry_pi_4,camera,27.6,28.9,26.0
16,_result,0,2026-07-25 09:33:36.488961+00:00,2026-07-25 12:33:36.488961+00:00,2026-07-25 09:59:51.776452+00:00,ambiente,raspberry_pi_4,camera,27.6,28.9,26.0
17,_result,0,2026-07-25 09:33:36.488961+00:00,2026-07-25 12:33:36.488961+00:00,2026-07-25 09:59:57.036725+00:00,ambiente,raspberry_pi_4,camera,27.6,28.9,26.0
18,_result,0,2026-07-25 09:33:36.488961+00:00,2026-07-25 12:33:36.488961+00:00,2026-07-25 10:00:02.306916+00:00,ambiente,raspberry_pi_4,camera,27.6,28.9,26.0
19,_result,0,2026-07-25 09:33:36.488961+00:00,2026-07-25 12:33:36.488961+00:00,2026-07-25 10:00:07.567271+00:00,ambiente,raspberry_pi_4,camera,27.6,28.9,27.0
20,_result,0,2026-07-25 09:33:36.488961+00:00,2026-07-25 12:33:36.488961+00:00,2026-07-25 10:00:12.838776+00:00,ambiente,raspberry_pi_4,camera,27.6,28.9,26.0
21,_result,0,2026-07-25 09:33:36.488961+00:00,2026-07-25 12:33:36.488961+00:00,2026-07-25 10:00:18.111426+00:00,ambiente,raspberry_pi_4,camera,27.6,28.9,26.0
22,_result,0,2026-07-25 09:33:36.488961+00:00,2026-07-25 12:33:36.488961+00:00,2026-07-25 10:00:23.384693+00:00,ambiente,raspberry_pi_4,camera,27.6,28.9,26.0
23,_result,0,2026-07-25 09:33:36.488961+00:00,2026-07-25 12:33:36.488961+00:00,2026-07-25 10:00:28.645048+00:00,ambiente,raspberry_pi_4,camera,27.6,28.9,26.0
24,_result,0,2026-07-25 09:33:36.488961+00:00,2026-07-25 12:33:36.488961+00:00,2026-07-25 10:00:33.915144+00:00,ambiente,raspberry_pi_4,camera,27.6,28.9,26.0
25,_result,0,2026-07-25 09:33:36.488961+00:00,2026-07-25 12:33:36.488961+00:00,2026-07-25 10:00:39.175255+00:00,ambiente,raspberry_pi_4,camera,27.6,28.9,26.0
26,_result,0,2026-07-25 09:33:36.488961+00:00,2026-07-25 12:33:36.488961+00:00,2026-07-25 10:00:44.449435+00:00,ambiente,raspberry_pi_4,camera,27.6,28.9,26.0
27,_result,0,2026-07-25 09:33:36.488961+00:00,2026-07-25 12:33:36.488961+00:00,2026-07-25 10:00:49.709547+00:00,ambiente,raspberry_pi_4,camera,27.6,28.9,26.0
28,_result,0,2026-07-25 09:33:36.488961+00:00,2026-07-25 12:33:36.488961+00:00,2026-07-25 10:01:00.233821+00:00,ambiente,raspberry_pi_4,camera,27.6,28.9,26.0
29,_result,0,2026-07-25 09:33:36.488961+00:00,2026-07-25 12:33:36.488961+00:00,2026-07-25 10:01:05.503259+00:00,ambiente,raspberry_pi_4,camera,27.6,28.9,26.0
30,_result,0,2026-07-25 09:33:36.488961+00:00,2026-07-25 12:33:36.488961+00:00,2026-07-25 10:01:10.764723+00:00,ambiente,raspberry_pi_4,camera,27.6,28.9,26.0
31,_result,0,2026-07-25 09:33:36.488961+00:00,2026-07-25 12:33:36.488961+00:00,2026-07-25 10:01:16.034326+00:00,ambiente,raspberry_pi_4,camera,27.6,28.9,26.0
32,_result,0,2026-07-25 09:33:36.488961+00:00,2026-07-25 12:33:36.488961+00:00,2026-07-25 10:01:21.294155+00:00,ambiente,raspberry_pi_4,camera,27.6,28.9,26.0
33,_result,0,2026-07-25 09:33:36.488961+00:00,2026-07-25 12:33:36.488961+00:00,2026-07-25 10:01:26.563932+00:00,ambiente,raspberry_pi_4,camera,27.6,28.9,26.0
34,_result,0,2026-07-25 09:33:36.488961+00:00,2026-07-25 12:33:36.488961+00:00,2026-07-25 10:01:31.824128+00:00,ambiente,raspberry_pi_4,camera,27.6,28.9,26.0
35,_result,0,2026-07-25 09:33:36.488961+00:00,2026-07-25 12:33:36.488961+00:00,2026-07-25 10:01:37.095368+00:00,ambiente,raspberry_pi_4,camera,27.6,28.9,26.0
36,_result,0,2026-07-25 09:33:36.488961+00:00,2026-07-25 12:33:36.488961+00:00,2026-07-25 10:01:42.356905+00:00,ambiente,raspberry_pi_4,camera,27.6,28.9,26.0
37,_result,0,2026-07-25 09:33:36.488961+00:00,2026-07-25 12:33:36.488961+00:00,2026-07-25 10:01:47.626702+00:00,ambiente,raspberry_pi_4,camera,27.6,28.9,26.0
38,_result,0,2026-07-25 09:33:36.488961+00:00,2026-07-25 12:33:36.488961+00:00,2026-07-25 10:01:52.886723+00:00,ambiente,raspberry_pi_4,camera,27.6,28.9,26.0
39,_result,0,2026-07-25 09:33:36.488961+00:00,2026-07-25 12:33:36.488961+00:00,2026-07-25 10:01:58.156299+00:00,ambiente,raspberry_pi_4,camera,27.6,28.9,26.0
40,_result,0,2026-07-25 09:33:36.488961+00:00,2026-07-25 12:33:36.488961+00:00,2026-07-25 10:02:03.416631+00:00,ambiente,raspberry_pi_4,camera,27.6,28.9,26.0
41,_result,0,2026-07-25 09:33:36.488961+00:00,2026-07-25 12:33:36.488961+00:00,2026-07-25 10:02:08.687626+00:00,ambiente,raspberry_pi_4,camera,27.6,28.9,26.0
42,_result,0,2026-07-25 09:33:36.488961+00:00,2026-07-25 12:33:36.488961+00:00,2026-07-25 10:02:13.949836+00:00,ambiente,raspberry_pi_4,camera,27.6,28.9,26.0
43,_result,0,2026-07-25 09:33:36.488961+00:00,2026-07-25 12:33:36.488961+00:00,2026-07-25 10:02:19.219244+00:00,ambiente,raspberry_pi_4,camera,27.5,28.9,25.0
44,_result,0,2026-07-25 09:33:36.488961+00:00,2026-07-25 12:33:36.488961+00:00,2026-07-25 10:02:24.481144+00:00,ambiente,raspberry_pi_4,camera,27.6,28.9,26.0
45,_result,0,2026-07-25 09:33:36.488961+00:00,2026-07-25 12:33:36.488961+00:00,2026-07-25 10:02:29.751205+00:00,ambiente,raspberry_pi_4,camera,27.6,28.9,26.0
46,_result,0,2026-07-25 09:33:36.488961+00:00,2026-07-25 12:33:36.488961+00:00,2026-07-25 10:02:35.011101+00:00,ambiente,raspberry_pi_4,camera,27.6,28.9,26.0
47,_result,0,2026-07-25 09:33:36.488961+00:00,2026-07-25 12:33:36.488961+00:00,2026-07-25 10:02:40.282064+00:00,ambiente,raspberry_pi_4,camera,27.6,28.9,26.0
48,_result,0,2026-07-25 09:33:36.488961+00:00,2026-07-25 12:33:36.488961+00:00,2026-07-25 10:02:45.542335+00:00,ambiente,raspberry_pi_4,camera,27.6,28.9,26.0
49,_result,0,2026-07-25 09:33:36.488961+00:00,2026-07-25 12:33:36.488961+00:00,2026-07-25 10:02:50.825430+00:00,ambiente,raspberry_pi_4,camera,27.6,28.9,26.0
50,_result,0,2026-07-25 09:33:36.488961+00:00,2026-07-25 12:33:36.488961+00:00,2026-07-25 10:02:56.085380+00:00,ambiente,raspberry_pi_4,camera,27.6,28.9,26.0
51,_result,0,2026-07-25 09:33:36.488961+00:00,2026-07-25 12:33:36.488961+00:00,2026-07-25 10:03:01.354660+00:00,ambiente,raspberry_pi_4,camera,27.6,28.9,26.0
52,_result,0,2026-07-25 09:33:36.488961+00:00,2026-07-25 12:33:36.488961+00:00,2026-07-25 10:03:06.614891+00:00,ambiente,raspberry_pi_4,camera,27.6,28.9,26.0
53,_result,0,2026-07-25 09:33:36.488961+00:00,2026-07-25 12:33:36.488961+00:00,2026-07-25 10:03:11.885514+00:00,ambiente,raspberry_pi_4,camera,27.6,28.9,26.0
54,_result,0,2026-07-25 09:33:36.488961+00:00,2026-07-25 12:33:36.488961+00:00,2026-07-25 10:03:17.145559+00:00,ambiente,raspberry_pi_4,camera,27.6,28.9,26.0
55,_result,0,2026-07-25 09:33:36.488961+00:00,2026-07-25 12:33:36.488961+00:00,2026-07-25 10:03:22.417496+00:00,ambiente,raspberry_pi_4,camera,27.6,28.9,26.0
56,_result,0,2026-07-25 09:33:36.488961+00:00,2026-07-25 12:33:36.488961+00:00,2026-07-25 10:03:27.677665+00:00,ambiente,raspberry_pi_4,camera,27.6,28.9,26.0
57,_result,0,2026-07-25 09:33:36.488961+00:00,2026-07-25 12:33:36.488961+00:00,2026-07-25 10:03:32.946911+00:00,ambiente,raspberry_pi_4,camera,27.6,28.9,26.0
58,_result,0,2026-07-25 09:33:36.488961+00:00,2026-07-25 12:33:36.488961+00:00,2026-07-25 10:03:38.207135+00:00,ambiente,raspberry_pi_4,camera,27.6,28.9,26.0
59,_result,0,2026-07-25 09:33:36.488961+00:00,2026-07-25 12:33:36.488961+00:00,2026-07-25 10:03:43.477797+00:00,ambiente,raspberry_pi_4,camera,27.6,28.9,26.0
60,_result,0,2026-07-25 09:33:36.488961+00:00,2026-07-25 12:33:36.488961+00:00,2026-07-25 10:03:48.740641+00:00,ambiente,raspberry_pi_4,camera,27.6,28.9,26.0
61,_result,0,2026-07-25 09:33:36.488961+00:00,2026-07-25 12:33:36.488961+00:00,2026-07-25 10:03:54.010311+00:00,ambiente,raspberry_pi_4,camera,27.5,28.9,25.0
62,_result,0,2026-07-25 09:33:36.488961+00:00,2026-07-25 12:33:36.488961+00:00,2026-07-25 10:03:59.271560+00:00,ambiente,raspberry_pi_4,camera,27.6,28.9,26.0
63,_result,0,2026-07-25 09:33:36.488961+00:00,2026-07-25 12:33:36.488961+00:00,2026-07-25 10:04:04.541571+00:00,ambiente,raspberry_pi_4,camera,27.5,28.9,25.0
64,_result,0,2026-07-25 09:33:36.488961+00:00,2026-07-25 12:33:36.488961+00:00,2026-07-25 10:04:09.801603+00:00,ambiente,raspberry_pi_4,camera,27.6,28.9,26.0
65,_result,0,2026-07-25 09:33:36.488961+00:00,2026-07-25 12:33:36.488961+00:00,2026-07-25 10:04:15.073959+00:00,ambiente,raspberry_pi_4,camera,27.5,28.9,25.0
66,_result,0,2026-07-25 09:33:36.488961+00:00,2026-07-25 12:33:36.488961+00:00,2026-07-25 10:04:20.333994+00:00,ambiente,raspberry_pi_4,camera,27.5,28.9,25.0
67,_result,0,2026-07-25 09:33:36.488961+00:00,2026-07-25 12:33:36.488961+00:00,2026-07-25 10:04:25.604242+00:00,ambiente,raspberry_pi_4,camera,27.6,28.9,26.0
68,_result,0,2026-07-25 09:33:36.488961+00:00,2026-07-25 12:33:36.488961+00:00,2026-07-25 10:04:30.864214+00:00,ambiente,raspberry_pi_4,camera,27.6,28.9,26.0
69,_result,0,2026-07-25 09:33:36.488961+00:00,2026-07-25 12:33:36.488961+00:00,2026-07-25 10:04:36.133793+00:00,ambiente,raspberry_pi_4,camera,27.6,28.9,26.0
70,_result,0,2026-07-25 09:33:36.488961+00:00,2026-07-25 12:33:36.488961+00:00,2026-07-25 10:04:41.395689+00:00,ambiente,raspberry_pi_4,camera,27.5,28.9,25.0
71,_result,0,2026-07-25 09:33:36.488961+00:00,2026-07-25 12:33:36.488961+00:00,2026-07-25 10:04:46.665190+00:00,ambiente,raspberry_pi_4,camera,27.6,28.9,26.0
72,_result,0,2026-07-25 09:33:36.488961+00:00,2026-07-25 12:33:36.488961+00:00,2026-07-25 10:04:51.925324+00:00,ambiente,raspberry_pi_4,camera,27.6,28.9,26.0
73,_result,0,2026-07-25 09:33:36.488961+00:00,2026-07-25 12:33:36.488961+00:00,2026-07-25 10:04:57.195060+00:00,ambiente,raspberry_pi_4,camera,27.5,28.9,25.0
74,_result,0,2026-07-25 09:33:36.488961+00:00,2026-07-25 12:33:36.488961+00:00,2026-07-25 10:05:02.455011+00:00,ambiente,raspberry_pi_4,camera,27.7,29.0,26.0
75,_result,0,2026-07-25 09:33:36.488961+00:00,2026-07-25 12:33:36.488961+00:00,2026-07-25 10:05:07.724822+00:00,ambiente,raspberry_pi_4,camera,27.7,29.0,26.0
76,_result,0,2026-07-25 09:33:36.488961+00:00,2026-07-25 12:33:36.488961+00:00,2026-07-25 10:05:12.986761+00:00,ambiente,raspberry_pi_4,camera,27.6,29.0,25.0
77,_result,0,2026-07-25 09:33:36.488961+00:00,2026-07-25 12:33:36.488961+00:00,2026-07-25 10:05:18.256339+00:00,ambiente,raspberry_pi_4,camera,27.6,29.0,25.0
78,_result,0,2026-07-25 09:33:36.488961+00:00,2026-07-25 12:33:36.488961+00:00,2026-07-25 10:05:23.516448+00:00,ambiente,raspberry_pi_4,camera,27.7,29.1,25.0
79,_result,0,2026-07-25 09:33:36.488961+00:00,2026-07-25 12:33:36.488961+00:00,2026-07-25 10:05:28.786024+00:00,ambiente,raspberry_pi_4,camera,27.6,29.0,25.0
80,_result,0,2026-07-25 09:33:36.488961+00:00,2026-07-25 12:33:36.488961+00:00,2026-07-25 10:05:34.046054+00:00,ambiente,raspberry_pi_4,camera,27.6,29.0,25.0
81,_result,0,2026-07-25 09:33:36.488961+00:00,2026-07-25 12:33:36.488961+00:00,2026-07-25 10:05:39.317216+00:00,ambiente,raspberry_pi_4,camera,27.6,29.0,25.0
82,_result,0,2026-07-25 09:33:36.488961+00:00,2026-07-25 12:33:36.488961+00:00,2026-07-25 10:05:44.577203+00:00,ambiente,raspberry_pi_4,camera,27.7,29.1,25.0
83,_result,0,2026-07-25 09:33:36.488961+00:00,2026-07-25 12:33:36.488961+00:00,2026-07-25 10:05:49.848162+00:00,ambiente,raspberry_pi_4,camera,27.6,29.0,25.0
84,_result,0,2026-07-25 09:33:36.488961+00:00,2026-07-25 12:33:36.488961+00:00,2026-07-25 10:05:55.108362+00:00,ambiente,raspberry_pi_4,camera,27.6,29.0,25.0
85,_result,0,2026-07-25 09:33:36.488961+00:00,2026-07-25 12:33:36.488961+00:00,2026-07-25 10:06:00.377587+00:00,ambiente,raspberry_pi_4,camera,27.7,29.1,25.0
86,_result,0,2026-07-25 09:33:36.488961+00:00,2026-07-25 12:33:36.488961+00:00,2026-07-25 10:06:10.902968+00:00,ambiente,raspberry_pi_4,camera,27.6,29.0,25.0
87,_result,0,2026-07-25 09:33:36.488961+00:00,2026-07-25 12:33:36.488961+00:00,2026-07-25 10:06:16.163207+00:00,ambiente,raspberry_pi_4,camera,27.6,29.0,25.0
88,_result,0,2026-07-25 09:33:36.488961+00:00,2026-07-25 12:33:36.488961+00:00,2026-07-25 10:06:21.432811+00:00,ambiente,raspberry_pi_4,camera,27.7,29.1,25.0
89,_result,0,2026-07-25 09:33:36.488961+00:00,2026-07-25 12:33:36.488961+00:00,2026-07-25 10:06:26.692797+00:00,ambiente,raspberry_pi_4,camera,27.7,29.1,25.0
90,_result,0,2026-07-25 09:33:36.488961+00:00,2026-07-25 12:33:36.488961+00:00,2026-07-25 10:06:37.216937+00:00,ambiente,raspberry_pi_4,camera,27.6,29.0,25.0
91,_result,0,2026-07-25 09:33:36.488961+00:00,2026-07-25 12:33:36.488961+00:00,2026-07-25 10:06:42.487720+00:00,ambiente,raspberry_pi_4,camera,27.6,29.0,25.0
92,_result,0,2026-07-25 09:33:36.488961+00:00,2026-07-25 12:33:36.488961+00:00,2026-07-25 10:06:47.748021+00:00,ambiente,raspberry_pi_4,camera,27.7,29.1,25.0
93,_result,0,2026-07-25 09:33:36.488961+00:00,2026-07-25 12:33:36.488961+00:00,2026-07-25 10:06:53.017807+00:00,ambiente,raspberry_pi_4,camera,27.6,29.0,25.0
94,_result,0,2026-07-25 09:33:36.488961+00:00,2026-07-25 12:33:36.488961+00:00,2026-07-25 10:06:58.277837+00:00,ambiente,raspberry_pi_4,camera,27.7,29.1,25.0
95,_result,0,2026-07-25 09:33:36.488961+00:00,2026-07-25 12:33:36.488961+00:00,2026-07-25 10:07:03.547420+00:00,ambiente,raspberry_pi_4,camera,27.6,29.0,25.0
96,_result,0,2026-07-25 09:33:36.488961+00:00,2026-07-25 12:33:36.488961+00:00,2026-07-25 10:07:08.809364+00:00,ambiente,raspberry_pi_4,camera,27.7,29.1,25.0
97,_result,0,2026-07-25 09:33:36.488961+00:00,2026-07-25 12:33:36.488961+00:00,2026-07-25 10:07:14.080684+00:00,ambiente,raspberry_pi_4,camera,27.7,29.1,25.0
98,_result,0,2026-07-25 09:33:36.488961+00:00,2026-07-25 12:33:36.488961+00:00,2026-07-25 10:07:19.340683+00:00,ambiente,raspberry_pi_4,camera,27.7,29.1,25.0
99,_result,0,2026-07-25 09:33:36.488961+00:00,2026-07-25 12:33:36.488961+00:00,2026-07-25 10:07:24.610359+00:00,ambiente,raspberry_pi_4,camera,27.8,29.2,25.0
100,_result,0,2026-07-25 09:33:36.488961+00:00,2026-07-25 12:33:36.488961+00:00,2026-07-25 10:07:29.870659+00:00,ambiente,raspberry_pi_4,camera,27.8,29.2,25.0
101,_result,0,2026-07-25 09:33:36.488961+00:00,2026-07-25 12:33:36.488961+00:00,2026-07-25 10:07:35.139866+00:00,ambiente,raspberry_pi_4,camera,27.8,29.2,25.0
102,_result,0,2026-07-25 09:33:36.488961+00:00,2026-07-25 12:33:36.488961+00:00,2026-07-25 10:07:40.401718+00:00,ambiente,raspberry_pi_4,camera,27.8,29.2,25.0
103,_result,0,2026-07-25 09:33:36.488961+00:00,2026-07-25 12:33:36.488961+00:00,2026-07-25 10:07:45.695487+00:00,ambiente,raspberry_pi_4,camera,27.8,29.2,25.0
104,_result,0,2026-07-25 09:33:36.488961+00:00,2026-07-25 12:33:36.488961+00:00,2026-07-25 10:07:50.955480+00:00,ambiente,raspberry_pi_4,camera,27.9,29.3,25.0
105,_result,0,2026-07-25 09:33:36.488961+00:00,2026-07-25 12:33:36.488961+00:00,2026-07-25 10:07:56.225747+00:00,ambiente,raspberry_pi_4,camera,27.9,29.3,25.0
106,_result,0,2026-07-25 09:33:36.488961+00:00,2026-07-25 12:33:36.488961+00:00,2026-07-25 10:08:01.485773+00:00,ambiente,raspberry_pi_4,camera,27.8,29.2,25.0
107,_result,0,2026-07-25 09:33:36.488961+00:00,2026-07-25 12:33:36.488961+00:00,2026-07-25 10:08:06.755360+00:00,ambiente,raspberry_pi_4,camera,27.9,29.3,25.0
108,_result,0,2026-07-25 09:33:36.488961+00:00,2026-07-25 12:33:36.488961+00:00,2026-07-25 10:08:12.017051+00:00,ambiente,raspberry_pi_4,camera,27.9,29.3,25.0
109,_result,0,2026-07-25 09:33:36.488961+00:00,2026-07-25 12:33:36.488961+00:00,2026-07-25 10:08:17.287493+00:00,ambiente,raspberry_pi_4,camera,27.9,29.3,25.0
110,_result,0,2026-07-25 09:33:36.488961+00:00,2026-07-25 12:33:36.488961+00:00,2026-07-25 10:08:22.547475+00:00,ambiente,raspberry_pi_4,camera,27.9,29.3,25.0
111,_result,0,2026-07-25 09:33:36.488961+00:00,2026-07-25 12:33:36.488961+00:00,2026-07-25 10:08:27.819690+00:00,ambiente,raspberry_pi_4,camera,27.9,29.3,25.0
112,_result,0,2026-07-25 09:33:36.488961+00:00,2026-07-25 12:33:36.488961+00:00,2026-07-25 10:08:33.079630+00:00,ambiente,raspberry_pi_4,camera,27.9,29.3,25.0
113,_result,0,2026-07-25 09:33:36.488961+00:00,2026-07-25 12:33:36.488961+00:00,2026-07-25 10:08:38.349224+00:00,ambiente,raspberry_pi_4,camera,27.9,29.3,25.0
114,_result,0,2026-07-25 09:33:36.488961+00:00,2026-07-25 12:33:36.488961+00:00,2026-07-25 10:08:43.610891+00:00,ambiente,raspberry_pi_4,camera,27.9,29.3,25.0
115,_result,0,2026-07-25 09:33:36.488961+00:00,2026-07-25 12:33:36.488961+00:00,2026-07-25 10:08:48.880599+00:00,ambiente,raspberry_pi_4,camera,27.9,29.3,25.0
116,_result,0,2026-07-25 09:33:36.488961+00:00,2026-07-25 12:33:36.488961+00:00,2026-07-25 10:08:54.140990+00:00,ambiente,raspberry_pi_4,camera,27.9,29.3,25.0
117,_result,0,2026-07-25 09:33:36.488961+00:00,2026-07-25 12:33:36.488961+00:00,2026-07-25 10:08:59.411193+00:00,ambiente,raspberry_pi_4,camera,27.9,29.3,25.0
118,_result,0,2026-07-25 09:33:36.488961+00:00,2026-07-25 12:33:36.488961+00:00,2026-07-25 10:09:04.671172+00:00,ambiente,raspberry_pi_4,camera,27.9,29.3,25.0
119,_result,0,2026-07-25 09:33:36.488961+00:00,2026-07-25 12:33:36.488961+00:00,2026-07-25 10:09:09.943431+00:00,ambiente,raspberry_pi_4,camera,27.9,29.3,25.0
120,_result,0,2026-07-25 09:33:36.488961+00:00,2026-07-25 12:33:36.488961+00:00,2026-07-25 10:09:15.203151+00:00,ambiente,raspberry_pi_4,camera,27.9,29.3,25.0
121,_result,0,2026-07-25 09:33:36.488961+00:00,2026-07-25 12:33:36.488961+00:00,2026-07-25 10:09:20.472714+00:00,ambiente,raspberry_pi_4,camera,27.9,29.3,26.0
122,_result,0,2026-07-25 09:33:36.488961+00:00,2026-07-25 12:33:36.488961+00:00,2026-07-25 10:09:25.732576+00:00,ambiente,raspberry_pi_4,camera,27.9,29.3,26.0
123,_result,0,2026-07-25 09:33:36.488961+00:00,2026-07-25 12:33:36.488961+00:00,2026-07-25 10:09:31.001932+00:00,ambiente,raspberry_pi_4,camera,27.9,29.3,26.0
124,_result,0,2026-07-25 09:33:36.488961+00:00,2026-07-25 12:33:36.488961+00:00,2026-07-25 10:09:36.263580+00:00,ambiente,raspberry_pi_4,camera,27.9,29.3,26.0
125,_result,0,2026-07-25 09:33:36.488961+00:00,2026-07-25 12:33:36.488961+00:00,2026-07-25 10:09:46.788738+00:00,ambiente,raspberry_pi_4,camera,27.9,29.3,25.0
126,_result,0,2026-07-25 09:33:36.488961+00:00,2026-07-25 12:33:36.488961+00:00,2026-07-25 10:09:52.057742+00:00,ambiente,raspberry_pi_4,camera,27.9,29.3,25.0
127,_result,0,2026-07-25 09:33:36.488961+00:00,2026-07-25 12:33:36.488961+00:00,2026-07-25 10:09:57.317611+00:00,ambiente,raspberry_pi_4,camera,27.9,29.3,25.0
128,_result,0,2026-07-25 09:33:36.488961+00:00,2026-07-25 12:33:36.488961+00:00,2026-07-25 10:10:02.587152+00:00,ambiente,raspberry_pi_4,camera,27.9,29.3,25.0
129,_result,0,2026-07-25 09:33:36.488961+00:00,2026-07-25 12:33:36.488961+00:00,2026-07-25 10:10:07.847191+00:00,ambiente,raspberry_pi_4,camera,27.9,29.3,25.0
130,_result,0,2026-07-25 09:33:36.488961+00:00,2026-07-25 12:33:36.488961+00:00,2026-07-25 10:10:13.182396+00:00,ambiente,raspberry_pi_4,camera,27.9,29.3,25.0
131,_result,0,2026-07-25 09:33:36.488961+00:00,2026-07-25 12:33:36.488961+00:00,2026-07-25 10:10:18.442693+00:00,ambiente,raspberry_pi_4,camera,27.9,29.3,25.0
132,_result,0,2026-07-25 09:33:36.488961+00:00,2026-07-25 12:33:36.488961+00:00,2026-07-25 10:10:23.711790+00:00,ambiente,raspberry_pi_4,camera,27.9,29.3,25.0
133,_result,0,2026-07-25 09:33:36.488961+00:00,2026-07-25 12:33:36.488961+00:00,2026-07-25 10:10:28.971747+00:00,ambiente,raspberry_pi_4,camera,27.9,29.3,26.0
134,_result,0,2026-07-25 09:33:36.488961+00:00,2026-07-25 12:33:36.488961+00:00,2026-07-25 10:10:34.241093+00:00,ambiente,raspberry_pi_4,camera,27.9,29.3,25.0
135,_result,0,2026-07-25 09:33:36.488961+00:00,2026-07-25 12:33:36.488961+00:00,2026-07-25 10:10:39.501162+00:00,ambiente,raspberry_pi_4,camera,27.9,29.3,25.0
136,_result,0,2026-07-25 09:33:36.488961+00:00,2026-07-25 12:33:36.488961+00:00,2026-07-25 10:10:44.772708+00:00,ambiente,raspberry_pi_4,camera,27.9,29.3,25.0
137,_result,0,2026-07-25 09:33:36.488961+00:00,2026-07-25 12:33:36.488961+00:00,2026-07-25 10:10:55.297111+00:00,ambiente,raspberry_pi_4,camera,27.9,29.3,25.0
138,_result,0,2026-07-25 09:33:36.488961+00:00,2026-07-25 12:33:36.488961+00:00,2026-07-25 10:11:00.557246+00:00,ambiente,raspberry_pi_4,camera,27.9,29.3,25.0
139,_result,0,2026-07-25 09:33:36.488961+00:00,2026-07-25 12:33:36.488961+00:00,2026-07-25 10:11:05.826597+00:00,ambiente,raspberry_pi_4,camera,27.9,29.3,25.0
140,_result,0,2026-07-25 09:33:36.488961+00:00,2026-07-25 12:33:36.488961+00:00,2026-07-25 10:11:11.088385+00:00,ambiente,raspberry_pi_4,camera,27.9,29.3,25.0
141,_result,0,2026-07-25 09:33:36.488961+00:00,2026-07-25 12:33:36.488961+00:00,2026-07-25 10:11:16.358162+00:00,ambiente,raspberry_pi_4,camera,27.9,29.3,25.0
142,_result,0,2026-07-25 09:33:36.488961+00:00,2026-07-25 12:33:36.488961+00:00,2026-07-25 10:11:21.618451+00:00,ambiente,raspberry_pi_4,camera,27.9,29.3,25.0
143,_result,0,2026-07-25 09:33:36.488961+00:00,2026-07-25 12:33:36.488961+00:00,2026-07-25 10:11:26.887646+00:00,ambiente,raspberry_pi_4,camera,27.9,29.3,25.0
144,_result,0,2026-07-25 09:33:36.488961+00:00,2026-07-25 12:33:36.488961+00:00,2026-07-25 10:11:32.149097+00:00,ambiente,raspberry_pi_4,camera,27.9,29.3,25.0
145,_result,0,2026-07-25 09:33:36.488961+00:00,2026-07-25 12:33:36.488961+00:00,2026-07-25 10:11:37.418416+00:00,ambiente,raspberry_pi_4,camera,27.9,29.3,25.0
146,_result,0,2026-07-25 09:33:36.488961+00:00,2026-07-25 12:33:36.488961+00:00,2026-07-25 10:11:42.680502+00:00,ambiente,raspberry_pi_4,camera,27.9,29.3,25.0
147,_result,0,2026-07-25 09:33:36.488961+00:00,2026-07-25 12:33:36.488961+00:00,2026-07-25 10:11:47.949636+00:00,ambiente,raspberry_pi_4,camera,27.9,29.3,25.0
148,_result,0,2026-07-25 09:33:36.488961+00:00,2026-07-25 12:33:36.488961+00:00,2026-07-25 10:11:53.209709+00:00,ambiente,raspberry_pi_4,camera,27.9,29.3,25.0
149,_result,0,2026-07-25 09:33:36.488961+00:00,2026-07-25 12:33:36.488961+00:00,2026-07-25 10:11:58.479573+00:00,ambiente,raspberry_pi_4,camera,27.9,29.3,25.0
150,_result,0,2026-07-25 09:33:36.488961+00:00,2026-07-25 12:33:36.488961+00:00,2026-07-25 10:12:03.739563+00:00,ambiente,raspberry_pi_4,camera,27.9,29.3,25.0
151,_result,0,2026-07-25 09:33:36.488961+00:00,2026-07-25 12:33:36.488961+00:00,2026-07-25 10:12:09.009193+00:00,ambiente,raspberry_pi_4,camera,27.9,29.3,25.0
152,_result,0,2026-07-25 09:33:36.488961+00:00,2026-07-25 12:33:36.488961+00:00,2026-07-25 10:12:14.270688+00:00,ambiente,raspberry_pi_4,camera,27.9,29.3,25.0
153,_result,0,2026-07-25 09:33:36.488961+00:00,2026-07-25 12:33:36.488961+00:00,2026-07-25 10:12:19.540301+00:00,ambiente,raspberry_pi_4,camera,27.9,29.3,25.0
154,_result,0,2026-07-25 09:33:36.488961+00:00,2026-07-25 12:33:36.488961+00:00,2026-07-25 10:12:24.800232+00:00,ambiente,raspberry_pi_4,camera,27.9,29.3,25.0
155,_result,0,2026-07-25 09:33:36.488961+00:00,2026-07-25 12:33:36.488961+00:00,2026-07-25 10:12:30.070245+00:00,ambiente,raspberry_pi_4,camera,27.9,29.3,25.0
156,_result,0,2026-07-25 09:33:36.488961+00:00,2026-07-25 12:33:36.488961+00:00,2026-07-25 10:12:35.330240+00:00,ambiente,raspberry_pi_4,camera,27.9,29.3,25.0
157,_result,0,2026-07-25 09:33:36.488961+00:00,2026-07-25 12:33:36.488961+00:00,2026-07-25 10:12:45.863151+00:00,ambiente,raspberry_pi_4,camera,27.9,29.3,26.0
158,_result,0,2026-07-25 09:33:36.488961+00:00,2026-07-25 12:33:36.488961+00:00,2026-07-25 10:12:51.132886+00:00,ambiente,raspberry_pi_4,camera,27.9,29.3,26.0
159,_result,0,2026-07-25 09:33:36.488961+00:00,2026-07-25 12:33:36.488961+00:00,2026-07-25 10:12:56.392827+00:00,ambiente,raspberry_pi_4,camera,27.9,29.3,26.0
160,_result,0,2026-07-25 09:33:36.488961+00:00,2026-07-25 12:33:36.488961+00:00,2026-07-25 10:13:01.662501+00:00,ambiente,raspberry_pi_4,camera,27.9,29.3,26.0
161,_result,0,2026-07-25 09:33:36.488961+00:00,2026-07-25 12:33:36.488961+00:00,2026-07-25 10:13:06.922358+00:00,ambiente,raspberry_pi_4,camera,27.9,29.3,26.0
162,_result,0,2026-07-25 09:33:36.488961+00:00,2026-07-25 12:33:36.488961+00:00,2026-07-25 10:13:12.193356+00:00,ambiente,raspberry_pi_4,camera,27.9,29.3,26.0
163,_result,0,2026-07-25 09:33:36.488961+00:00,2026-07-25 12:33:36.488961+00:00,2026-07-25 10:13:17.453472+00:00,ambiente,raspberry_pi_4,camera,27.9,29.3,26.0
164,_result,0,2026-07-25 09:33:36.488961+00:00,2026-07-25 12:33:36.488961+00:00,2026-07-25 10:13:22.723839+00:00,ambiente,raspberry_pi_4,camera,27.9,29.3,26.0
165,_result,0,2026-07-25 09:33:36.488961+00:00,2026-07-25 12:33:36.488961+00:00,2026-07-25 10:13:27.984222+00:00,ambiente,raspberry_pi_4,camera,27.9,29.3,26.0
166,_result,0,2026-07-25 09:33:36.488961+00:00,2026-07-25 12:33:36.488961+00:00,2026-07-25 10:13:33.253574+00:00,ambiente,raspberry_pi_4,camera,27.9,29.3,26.0
167,_result,0,2026-07-25 09:33:36.488961+00:00,2026-07-25 12:33:36.488961+00:00,2026-07-25 10:13:38.513786+00:00,ambiente,raspberry_pi_4,camera,27.9,29.3,26.0
168,_result,0,2026-07-25 09:33:36.488961+00:00,2026-07-25 12:33:36.488961+00:00,2026-07-25 10:13:43.785111+00:00,ambiente,raspberry_pi_4,camera,27.9,29.3,26.0
169,_result,0,2026-07-25 09:33:36.488961+00:00,2026-07-25 12:33:36.488961+00:00,2026-07-25 10:13:49.045114+00:00,ambiente,raspberry_pi_4,camera,27.9,29.3,26.0
170,_result,0,2026-07-25 09:33:36.488961+00:00,2026-07-25 12:33:36.488961+00:00,2026-07-25 10:13:54.314757+00:00,ambiente,raspberry_pi_4,camera,27.9,29.3,26.0
171,_result,0,2026-07-25 09:33:36.488961+00:00,2026-07-25 12:33:36.488961+00:00,2026-07-25 10:13:59.575333+00:00,ambiente,raspberry_pi_4,camera,27.9,29.3,26.0
172,_result,0,2026-07-25 09:33:36.488961+00:00,2026-07-25 12:33:36.488961+00:00,2026-07-25 10:14:04.844817+00:00,ambiente,raspberry_pi_4,camera,27.9,29.3,26.0
173,_result,0,2026-07-25 09:33:36.488961+00:00,2026-07-25 12:33:36.488961+00:00,2026-07-25 10:14:15.369946+00:00,ambiente,raspberry_pi_4,camera,27.9,29.3,26.0
174,_result,0,2026-07-25 09:33:36.488961+00:00,2026-07-25 12:33:36.488961+00:00,2026-07-25 10:14:20.630125+00:00,ambiente,raspberry_pi_4,camera,27.9,29.3,26.0
175,_result,0,2026-07-25 09:33:36.488961+00:00,2026-07-25 12:33:36.488961+00:00,2026-07-25 10:14:25.899379+00:00,ambiente,raspberry_pi_4,camera,27.9,29.3,26.0
176,_result,0,2026-07-25 09:33:36.488961+00:00,2026-07-25 12:33:36.488961+00:00,2026-07-25 10:14:31.159377+00:00,ambiente,raspberry_pi_4,camera,27.9,29.3,26.0
177,_result,0,2026-07-25 09:33:36.488961+00:00,2026-07-25 12:33:36.488961+00:00,2026-07-25 10:14:36.429090+00:00,ambiente,raspberry_pi_4,camera,27.9,29.3,26.0
178,_result,0,2026-07-25 09:33:36.488961+00:00,2026-07-25 12:33:36.488961+00:00,2026-07-25 10:14:41.690770+00:00,ambiente,raspberry_pi_4,camera,27.9,29.3,26.0
179,_result,0,2026-07-25 09:33:36.488961+00:00,2026-07-25 12:33:36.488961+00:00,2026-07-25 10:14:46.960572+00:00,ambiente,raspberry_pi_4,camera,27.9,29.3,26.0
180,_result,0,2026-07-25 09:33:36.488961+00:00,2026-07-25 12:33:36.488961+00:00,2026-07-25 10:14:52.220514+00:00,ambiente,raspberry_pi_4,camera,27.9,29.3,26.0
181,_result,0,2026-07-25 09:33:36.488961+00:00,2026-07-25 12:33:36.488961+00:00,2026-07-25 10:14:57.489855+00:00,ambiente,raspberry_pi_4,camera,27.9,29.3,26.0
182,_result,0,2026-07-25 09:33:36.488961+00:00,2026-07-25 12:33:36.488961+00:00,2026-07-25 10:15:02.750092+00:00,ambiente,raspberry_pi_4,camera,27.9,29.3,26.0
183,_result,0,2026-07-25 09:33:36.488961+00:00,2026-07-25 12:33:36.488961+00:00,2026-07-25 10:15:08.019417+00:00,ambiente,raspberry_pi_4,camera,27.9,29.3,26.0
184,_result,0,2026-07-25 09:33:36.488961+00:00,2026-07-25 12:33:36.488961+00:00,2026-07-25 10:15:13.281139+00:00,ambiente,raspberry_pi_4,camera,27.9,29.3,26.0
185,_result,0,2026-07-25 09:33:36.488961+00:00,2026-07-25 12:33:36.488961+00:00,2026-07-25 10:15:18.552081+00:00,ambiente,raspberry_pi_4,camera,27.9,29.3,26.0
186,_result,0,2026-07-25 09:33:36.488961+00:00,2026-07-25 12:33:36.488961+00:00,2026-07-25 10:15:23.812029+00:00,ambiente,raspberry_pi_4,camera,27.9,29.3,26.0
187,_result,0,2026-07-25 09:33:36.488961+00:00,2026-07-25 12:33:36.488961+00:00,2026-07-25 10:15:29.081627+00:00,ambiente,raspberry_pi_4,camera,27.9,29.3,26.0
188,_result,0,2026-07-25 09:33:36.488961+00:00,2026-07-25 12:33:36.488961+00:00,2026-07-25 10:15:34.341547+00:00,ambiente,raspberry_pi_4,camera,27.9,29.3,26.0
189,_result,0,2026-07-25 09:33:36.488961+00:00,2026-07-25 12:33:36.488961+00:00,2026-07-25 10:15:39.614333+00:00,ambiente,raspberry_pi_4,camera,27.9,29.3,26.0
190,_result,0,2026-07-25 09:33:36.488961+00:00,2026-07-25 12:33:36.488961+00:00,2026-07-25 10:15:44.874323+00:00,ambiente,raspberry_pi_4,camera,27.9,29.3,26.0
191,_result,0,2026-07-25 09:33:36.488961+00:00,2026-07-25 12:33:36.488961+00:00,2026-07-25 10:15:50.144434+00:00,ambiente,raspberry_pi_4,camera,27.9,29.3,26.0
192,_result,0,2026-07-25 09:33:36.488961+00:00,2026-07-25 12:33:36.488961+00:00,2026-07-25 10:15:55.404335+00:00,ambiente,raspberry_pi_4,camera,27.8,29.2,26.0
193,_result,0,2026-07-25 09:33:36.488961+00:00,2026-07-25 12:33:36.488961+00:00,2026-07-25 10:16:05.928215+00:00,ambiente,raspberry_pi_4,camera,27.8,29.2,26.0
194,_result,0,2026-07-25 09:33:36.488961+00:00,2026-07-25 12:33:36.488961+00:00,2026-07-25 10:16:11.199303+00:00,ambiente,raspberry_pi_4,camera,27.8,29.2,26.0
195,_result,0,2026-07-25 09:33:36.488961+00:00,2026-07-25 12:33:36.488961+00:00,2026-07-25 10:16:16.459189+00:00,ambiente,raspberry_pi_4,camera,27.8,29.2,26.0
196,_result,0,2026-07-25 09:33:36.488961+00:00,2026-07-25 12:33:36.488961+00:00,2026-07-25 10:16:21.729019+00:00,ambiente,raspberry_pi_4,camera,27.8,29.2,26.0
197,_result,0,2026-07-25 09:33:36.488961+00:00,2026-07-25 12:33:36.488961+00:00,2026-07-25 10:16:26.989096+00:00,ambiente,raspberry_pi_4,camera,27.8,29.2,26.0
198,_result,0,2026-07-25 09:33:36.488961+00:00,2026-07-25 12:33:36.488961+00:00,2026-07-25 10:16:32.258437+00:00,ambiente,raspberry_pi_4,camera,27.8,29.2,26.0
199,_result,0,2026-07-25 09:33:36.488961+00:00,2026-07-25 12:33:36.488961+00:00,2026-07-25 10:16:37.518881+00:00,ambiente,raspberry_pi_4,camera,27.8,29.2,26.0
200,_result,0,2026-07-25 09:33:36.488961+00:00,2026-07-25 12:33:36.488961+00:00,2026-07-25 10:16:42.789808+00:00,ambiente,raspberry_pi_4,camera,27.8,29.2,26.0
201,_result,0,2026-07-25 09:33:36.488961+00:00,2026-07-25 12:33:36.488961+00:00,2026-07-25 10:16:53.314021+00:00,ambiente,raspberry_pi_4,camera,27.8,29.2,26.0
202,_result,0,2026-07-25 09:33:36.488961+00:00,2026-07-25 12:33:36.488961+00:00,2026-07-25 10:16:58.574016+00:00,ambiente,raspberry_pi_4,camera,27.8,29.2,26.0
203,_result,0,2026-07-25 09:33:36.488961+00:00,2026-07-25 12:33:36.488961+00:00,2026-07-25 10:17:03.843477+00:00,ambiente,raspberry_pi_4,camera,27.9,29.3,26.0
204,_result,0,2026-07-25 09:33:36.488961+00:00,2026-07-25 12:33:36.488961+00:00,2026-07-25 10:17:09.103973+00:00,ambiente,raspberry_pi_4,camera,27.9,29.3,26.0
205,_result,0,2026-07-25 09:33:36.488961+00:00,2026-07-25 12:33:36.488961+00:00,2026-07-25 10:17:14.375924+00:00,ambiente,raspberry_pi_4,camera,27.9,29.3,26.0
206,_result,0,2026-07-25 09:33:36.488961+00:00,2026-07-25 12:33:36.488961+00:00,2026-07-25 10:17:19.635912+00:00,ambiente,raspberry_pi_4,camera,27.9,29.3,26.0
207,_result,0,2026-07-25 09:33:36.488961+00:00,2026-07-25 12:33:36.488961+00:00,2026-07-25 10:17:24.905612+00:00,ambiente,raspberry_pi_4,camera,27.9,29.3,26.0
208,_result,0,2026-07-25 09:33:36.488961+00:00,2026-07-25 12:33:36.488961+00:00,2026-07-25 10:17:30.165568+00:00,ambiente,raspberry_pi_4,camera,27.9,29.3,26.0
209,_result,0,2026-07-25 09:33:36.488961+00:00,2026-07-25 12:33:36.488961+00:00,2026-07-25 10:17:35.434927+00:00,ambiente,raspberry_pi_4,camera,27.9,29.3,26.0
210,_result,0,2026-07-25 09:33:36.488961+00:00,2026-07-25 12:33:36.488961+00:00,2026-07-25 10:17:40.696568+00:00,ambiente,raspberry_pi_4,camera,27.9,29.3,26.0
211,_result,0,2026-07-25 09:33:36.488961+00:00,2026-07-25 12:33:36.488961+00:00,2026-07-25 10:17:45.966061+00:00,ambiente,raspberry_pi_4,camera,27.9,29.3,26.0
212,_result,0,2026-07-25 09:33:36.488961+00:00,2026-07-25 12:33:36.488961+00:00,2026-07-25 10:17:51.225817+00:00,ambiente,raspberry_pi_4,camera,27.9,29.3,26.0
213,_result,0,2026-07-25 09:33:36.488961+00:00,2026-07-25 12:33:36.488961+00:00,2026-07-25 10:17:56.495417+00:00,ambiente,raspberry_pi_4,camera,27.9,29.3,26.0
214,_result,0,2026-07-25 09:33:36.488961+00:00,2026-07-25 12:33:36.488961+00:00,2026-07-25 10:18:01.755315+00:00,ambiente,raspberry_pi_4,camera,27.9,29.3,26.0
215,_result,0,2026-07-25 09:33:36.488961+00:00,2026-07-25 12:33:36.488961+00:00,2026-07-25 10:18:07.024626+00:00,ambiente,raspberry_pi_4,camera,28.0,29.3,27.0
216,_result,0,2026-07-25 09:33:36.488961+00:00,2026-07-25 12:33:36.488961+00:00,2026-07-25 10:18:17.550359+00:00,ambiente,raspberry_pi_4,camera,28.0,29.3,27.0
217,_result,0,2026-07-25 09:33:36.488961+00:00,2026-07-25 12:33:36.488961+00:00,2026-07-25 10:18:22.810090+00:00,ambiente,raspberry_pi_4,camera,28.0,29.3,27.0
218,_result,0,2026-07-25 09:33:36.488961+00:00,2026-07-25 12:33:36.488961+00:00,2026-07-25 10:18:28.079318+00:00,ambiente,raspberry_pi_4,camera,28.0,29.3,27.0
219,_result,0,2026-07-25 09:33:36.488961+00:00,2026-07-25 12:33:36.488961+00:00,2026-07-25 10:18:33.339628+00:00,ambiente,raspberry_pi_4,camera,27.9,29.3,26.0
220,_result,0,2026-07-25 09:33:36.488961+00:00,2026-07-25 12:33:36.488961+00:00,2026-07-25 10:18:38.608584+00:00,ambiente,raspberry_pi_4,camera,28.0,29.3,27.0
221,_result,0,2026-07-25 09:33:36.488961+00:00,2026-07-25 12:33:36.488961+00:00,2026-07-25 10:18:43.870285+00:00,ambiente,raspberry_pi_4,camera,28.0,29.3,27.0
222,_result,0,2026-07-25 09:33:36.488961+00:00,2026-07-25 12:33:36.488961+00:00,2026-07-25 10:18:49.139869+00:00,ambiente,raspberry_pi_4,camera,28.0,29.3,27.0
223,_result,0,2026-07-25 09:33:36.488961+00:00,2026-07-25 12:33:36.488961+00:00,2026-07-25 10:18:54.399803+00:00,ambiente,raspberry_pi_4,camera,27.9,29.3,26.0
224,_result,0,2026-07-25 09:33:36.488961+00:00,2026-07-25 12:33:36.488961+00:00,2026-07-25 10:18:59.669279+00:00,ambiente,raspberry_pi_4,camera,27.9,29.3,26.0
225,_result,0,2026-07-25 09:33:36.488961+00:00,2026-07-25 12:33:36.488961+00:00,2026-07-25 10:19:04.930422+00:00,ambiente,raspberry_pi_4,camera,27.9,29.3,26.0
226,_result,0,2026-07-25 09:33:36.488961+00:00,2026-07-25 12:33:36.488961+00:00,2026-07-25 10:19:10.201613+00:00,ambiente,raspberry_pi_4,camera,27.9,29.3,26.0
227,_result,0,2026-07-25 09:33:36.488961+00:00,2026-07-25 12:33:36.488961+00:00,2026-07-25 10:19:15.461904+00:00,ambiente,raspberry_pi_4,camera,27.9,29.3,26.0
228,_result,0,2026-07-25 09:33:36.488961+00:00,2026-07-25 12:33:36.488961+00:00,2026-07-25 10:19:20.733091+00:00,ambiente,raspberry_pi_4,camera,27.9,29.3,26.0
229,_result,0,2026-07-25 09:33:36.488961+00:00,2026-07-25 12:33:36.488961+00:00,2026-07-25 10:19:25.993223+00:00,ambiente,raspberry_pi_4,camera,27.9,29.3,26.0
230,_result,0,2026-07-25 09:33:36.488961+00:00,2026-07-25 12:33:36.488961+00:00,2026-07-25 10:19:31.263059+00:00,ambiente,raspberry_pi_4,camera,27.9,29.3,26.0
231,_result,0,2026-07-25 09:33:36.488961+00:00,2026-07-25 12:33:36.488961+00:00,2026-07-25 10:19:36.523710+00:00,ambiente,raspberry_pi_4,camera,27.9,29.3,26.0
232,_result,0,2026-07-25 09:33:36.488961+00:00,2026-07-25 12:33:36.488961+00:00,2026-07-25 10:19:41.794763+00:00,ambiente,raspberry_pi_4,camera,27.9,29.3,26.0
233,_result,0,2026-07-25 09:33:36.488961+00:00,2026-07-25 12:33:36.488961+00:00,2026-07-25 10:19:47.054877+00:00,ambiente,raspberry_pi_4,camera,27.9,29.3,26.0
234,_result,0,2026-07-25 09:33:36.488961+00:00,2026-07-25 12:33:36.488961+00:00,2026-07-25 10:19:52.325342+00:00,ambiente,raspberry_pi_4,camera,27.9,29.3,26.0
235,_result,0,2026-07-25 09:33:36.488961+00:00,2026-07-25 12:33:36.488961+00:00,2026-07-25 10:19:57.585389+00:00,ambiente,raspberry_pi_4,camera,27.9,29.3,26.0
236,_result,0,2026-07-25 09:33:36.488961+00:00,2026-07-25 12:33:36.488961+00:00,2026-07-25 10:20:08.108894+00:00,ambiente,raspberry_pi_4,camera,27.9,29.3,26.0
237,_result,0,2026-07-25 09:33:36.488961+00:00,2026-07-25 12:33:36.488961+00:00,2026-07-25 10:20:13.380546+00:00,ambiente,raspberry_pi_4,camera,27.9,29.3,26.0
238,_result,0,2026-07-25 09:33:36.488961+00:00,2026-07-25 12:33:36.488961+00:00,2026-07-25 10:20:18.640812+00:00,ambiente,raspberry_pi_4,camera,27.9,29.3,26.0
239,_result,0,2026-07-25 09:33:36.488961+00:00,2026-07-25 12:33:36.488961+00:00,2026-07-25 10:20:23.910425+00:00,ambiente,raspberry_pi_4,camera,27.9,29.3,26.0
240,_result,0,2026-07-25 09:33:36.488961+00:00,2026-07-25 12:33:36.488961+00:00,2026-07-25 10:20:29.170964+00:00,ambiente,raspberry_pi_4,camera,27.9,29.3,26.0
241,_result,0,2026-07-25 09:33:36.488961+00:00,2026-07-25 12:33:36.488961+00:00,2026-07-25 10:20:34.440458+00:00,ambiente,raspberry_pi_4,camera,27.9,29.3,26.0
242,_result,0,2026-07-25 09:33:36.488961+00:00,2026-07-25 12:33:36.488961+00:00,2026-07-25 10:20:39.700634+00:00,ambiente,raspberry_pi_4,camera,27.9,29.3,26.0
243,_result,0,2026-07-25 09:33:36.488961+00:00,2026-07-25 12:33:36.488961+00:00,2026-07-25 10:20:44.972103+00:00,ambiente,raspberry_pi_4,camera,27.9,29.3,26.0
244,_result,0,2026-07-25 09:33:36.488961+00:00,2026-07-25 12:33:36.488961+00:00,2026-07-25 10:20:50.232120+00:00,ambiente,raspberry_pi_4,camera,27.9,29.3,26.0
245,_result,0,2026-07-25 09:33:36.488961+00:00,2026-07-25 12:33:36.488961+00:00,2026-07-25 10:20:55.508665+00:00,ambiente,raspberry_pi_4,camera,27.9,29.3,26.0
246,_result,0,2026-07-25 09:33:36.488961+00:00,2026-07-25 12:33:36.488961+00:00,2026-07-25 10:21:00.770331+00:00,ambiente,raspberry_pi_4,camera,27.9,29.3,26.0
247,_result,0,2026-07-25 09:33:36.488961+00:00,2026-07-25 12:33:36.488961+00:00,2026-07-25 10:21:06.040319+00:00,ambiente,raspberry_pi_4,camera,27.9,29.3,26.0
248,_result,0,2026-07-25 09:33:36.488961+00:00,2026-07-25 12:33:36.488961+00:00,2026-07-25 10:21:11.302116+00:00,ambiente,raspberry_pi_4,camera,27.9,29.3,26.0
249,_result,0,2026-07-25 09:33:36.488961+00:00,2026-07-25 12:33:36.488961+00:00,2026-07-25 10:21:16.571682+00:00,ambiente,raspberry_pi_4,camera,27.9,29.3,26.0
250,_result,0,2026-07-25 09:33:36.488961+00:00,2026-07-25 12:33:36.488961+00:00,2026-07-25 10:21:21.832307+00:00,ambiente,raspberry_pi_4,camera,27.9,29.3,26.0
251,_result,0,2026-07-25 09:33:36.488961+00:00,2026-07-25 12:33:36.488961+00:00,2026-07-25 10:21:27.101741+00:00,ambiente,raspberry_pi_4,camera,27.9,29.3,26.0
252,_result,0,2026-07-25 09:33:36.488961+00:00,2026-07-25 12:33:36.488961+00:00,2026-07-25 10:21:32.361796+00:00,ambiente,raspberry_pi_4,camera,27.9,29.3,26.0
253,_result,0,2026-07-25 09:33:36.488961+00:00,2026-07-25 12:33:36.488961+00:00,2026-07-25 10:21:37.631417+00:00,ambiente,raspberry_pi_4,camera,27.9,29.3,26.0
254,_result,0,2026-07-25 09:33:36.488961+00:00,2026-07-25 12:33:36.488961+00:00,2026-07-25 10:21:42.893369+00:00,ambiente,raspberry_pi_4,camera,27.9,29.3,26.0
255,_result,0,2026-07-25 09:33:36.488961+00:00,2026-07-25 12:33:36.488961+00:00,2026-07-25 10:21:48.162631+00:00,ambiente,raspberry_pi_4,camera,27.9,29.3,26.0
256,_result,0,2026-07-25 09:33:36.488961+00:00,2026-07-25 12:33:36.488961+00:00,2026-07-25 10:21:53.422956+00:00,ambiente,raspberry_pi_4,camera,27.9,29.3,26.0
257,_result,0,2026-07-25 09:33:36.488961+00:00,2026-07-25 12:33:36.488961+00:00,2026-07-25 10:21:58.692250+00:00,ambiente,raspberry_pi_4,camera,27.9,29.3,26.0
258,_result,0,2026-07-25 09:33:36.488961+00:00,2026-07-25 12:33:36.488961+00:00,2026-07-25 10:22:03.952345+00:00,ambiente,raspberry_pi_4,camera,27.9,29.3,26.0
259,_result,0,2026-07-25 09:33:36.488961+00:00,2026-07-25 12:33:36.488961+00:00,2026-07-25 10:22:09.224925+00:00,ambiente,raspberry_pi_4,camera,27.9,29.3,26.0
260,_result,0,2026-07-25 09:33:36.488961+00:00,2026-07-25 12:33:36.488961+00:00,2026-07-25 10:22:14.485277+00:00,ambiente,raspberry_pi_4,camera,27.9,29.3,26.0
261,_result,0,2026-07-25 09:33:36.488961+00:00,2026-07-25 12:33:36.488961+00:00,2026-07-25 10:22:19.754676+00:00,ambiente,raspberry_pi_4,camera,27.9,29.3,26.0
262,_result,0,2026-07-25 09:33:36.488961+00:00,2026-07-25 12:33:36.488961+00:00,2026-07-25 10:22:25.014791+00:00,ambiente,raspberry_pi_4,camera,27.9,29.3,26.0
263,_result,0,2026-07-25 09:33:36.488961+00:00,2026-07-25 12:33:36.488961+00:00,2026-07-25 10:22:30.284546+00:00,ambiente,raspberry_pi_4,camera,27.9,29.3,26.0
264,_result,0,2026-07-25 09:33:36.488961+00:00,2026-07-25 12:33:36.488961+00:00,2026-07-25 10:22:35.544460+00:00,ambiente,raspberry_pi_4,camera,27.9,29.3,26.0
265,_result,0,2026-07-25 09:33:36.488961+00:00,2026-07-25 12:33:36.488961+00:00,2026-07-25 10:22:40.815337+00:00,ambiente,raspberry_pi_4,camera,27.9,29.3,26.0
266,_result,0,2026-07-25 09:33:36.488961+00:00,2026-07-25 12:33:36.488961+00:00,2026-07-25 10:22:46.075513+00:00,ambiente,raspberry_pi_4,camera,27.9,29.3,26.0
267,_result,0,2026-07-25 09:33:36.488961+00:00,2026-07-25 12:33:36.488961+00:00,2026-07-25 10:22:51.345914+00:00,ambiente,raspberry_pi_4,camera,27.9,29.3,26.0
268,_result,0,2026-07-25 09:33:36.488961+00:00,2026-07-25 12:33:36.488961+00:00,2026-07-25 10:22:56.606062+00:00,ambiente,raspberry_pi_4,camera,27.9,29.3,26.0
269,_result,0,2026-07-25 09:33:36.488961+00:00,2026-07-25 12:33:36.488961+00:00,2026-07-25 10:23:07.129575+00:00,ambiente,raspberry_pi_4,camera,27.9,29.3,26.0
270,_result,0,2026-07-25 09:33:36.488961+00:00,2026-07-25 12:33:36.488961+00:00,2026-07-25 10:23:12.407905+00:00,ambiente,raspberry_pi_4,camera,27.9,29.3,26.0
271,_result,0,2026-07-25 09:33:36.488961+00:00,2026-07-25 12:33:36.488961+00:00,2026-07-25 10:23:17.672143+00:00,ambiente,raspberry_pi_4,camera,27.9,29.3,26.0
272,_result,0,2026-07-25 09:33:36.488961+00:00,2026-07-25 12:33:36.488961+00:00,2026-07-25 10:23:22.941059+00:00,ambiente,raspberry_pi_4,camera,27.9,29.3,26.0
273,_result,0,2026-07-25 09:33:36.488961+00:00,2026-07-25 12:33:36.488961+00:00,2026-07-25 10:23:28.200944+00:00,ambiente,raspberry_pi_4,camera,27.9,29.3,26.0
274,_result,0,2026-07-25 09:33:36.488961+00:00,2026-07-25 12:33:36.488961+00:00,2026-07-25 10:23:33.470268+00:00,ambiente,raspberry_pi_4,camera,27.9,29.3,26.0
275,_result,0,2026-07-25 09:33:36.488961+00:00,2026-07-25 12:33:36.488961+00:00,2026-07-25 10:23:38.730306+00:00,ambiente,raspberry_pi_4,camera,27.9,29.3,26.0
276,_result,0,2026-07-25 09:33:36.488961+00:00,2026-07-25 12:33:36.488961+00:00,2026-07-25 10:23:44.001385+00:00,ambiente,raspberry_pi_4,camera,27.9,29.3,26.0
277,_result,0,2026-07-25 09:33:36.488961+00:00,2026-07-25 12:33:36.488961+00:00,2026-07-25 10:23:49.263273+00:00,ambiente,raspberry_pi_4,camera,27.9,29.3,26.0
278,_result,0,2026-07-25 09:33:36.488961+00:00,2026-07-25 12:33:36.488961+00:00,2026-07-25 10:23:54.532989+00:00,ambiente,raspberry_pi_4,camera,27.9,29.3,26.0
279,_result,0,2026-07-25 09:33:36.488961+00:00,2026-07-25 12:33:36.488961+00:00,2026-07-25 10:23:59.793189+00:00,ambiente,raspberry_pi_4,camera,27.9,29.3,26.0
280,_result,0,2026-07-25 09:33:36.488961+00:00,2026-07-25 12:33:36.488961+00:00,2026-07-25 10:24:05.064877+00:00,ambiente,raspberry_pi_4,camera,27.9,29.3,26.0
281,_result,0,2026-07-25 09:33:36.488961+00:00,2026-07-25 12:33:36.488961+00:00,2026-07-25 10:24:10.326632+00:00,ambiente,raspberry_pi_4,camera,27.9,29.3,26.0
282,_result,0,2026-07-25 09:33:36.488961+00:00,2026-07-25 12:33:36.488961+00:00,2026-07-25 10:24:15.596095+00:00,ambiente,raspberry_pi_4,camera,27.9,29.3,26.0
283,_result,0,2026-07-25 09:33:36.488961+00:00,2026-07-25 12:33:36.488961+00:00,2026-07-25 10:24:20.855921+00:00,ambiente,raspberry_pi_4,camera,27.9,29.3,26.0
284,_result,0,2026-07-25 09:33:36.488961+00:00,2026-07-25 12:33:36.488961+00:00,2026-07-25 10:24:31.379891+00:00,ambiente,raspberry_pi_4,camera,27.9,29.3,26.0
285,_result,0,2026-07-25 09:33:36.488961+00:00,2026-07-25 12:33:36.488961+00:00,2026-07-25 10:24:36.649064+00:00,ambiente,raspberry_pi_4,camera,27.9,29.3,26.0
286,_result,0,2026-07-25 09:33:36.488961+00:00,2026-07-25 12:33:36.488961+00:00,2026-07-25 10:24:41.911778+00:00,ambiente,raspberry_pi_4,camera,27.9,29.3,26.0
287,_result,0,2026-07-25 09:33:36.488961+00:00,2026-07-25 12:33:36.488961+00:00,2026-07-25 10:24:47.184112+00:00,ambiente,raspberry_pi_4,camera,27.9,29.3,26.0
288,_result,0,2026-07-25 09:33:36.488961+00:00,2026-07-25 12:33:36.488961+00:00,2026-07-25 10:24:52.444390+00:00,ambiente,raspberry_pi_4,camera,27.9,29.3,26.0
289,_result,0,2026-07-25 09:33:36.488961+00:00,2026-07-25 12:33:36.488961+00:00,2026-07-25 10:24:57.713796+00:00,ambiente,raspberry_pi_4,camera,27.9,29.3,26.0
290,_result,0,2026-07-25 09:33:36.488961+00:00,2026-07-25 12:33:36.488961+00:00,2026-07-25 10:25:02.974040+00:00,ambiente,raspberry_pi_4,camera,27.9,29.3,26.0
291,_result,0,2026-07-25 09:33:36.488961+00:00,2026-07-25 12:33:36.488961+00:00,2026-07-25 10:25:08.244826+00:00,ambiente,raspberry_pi_4,camera,27.9,29.3,26.0
292,_result,0,2026-07-25 09:33:36.488961+00:00,2026-07-25 12:33:36.488961+00:00,2026-07-25 10:25:13.506460+00:00,ambiente,raspberry_pi_4,camera,28.0,29.3,27.0
293,_result,0,2026-07-25 09:33:36.488961+00:00,2026-07-25 12:33:36.488961+00:00,2026-07-25 10:25:18.775960+00:00,ambiente,raspberry_pi_4,camera,27.9,29.3,26.0
294,_result,0,2026-07-25 09:33:36.488961+00:00,2026-07-25 12:33:36.488961+00:00,2026-07-25 10:25:24.036220+00:00,ambiente,raspberry_pi_4,camera,28.0,29.3,27.0
295,_result,0,2026-07-25 09:33:36.488961+00:00,2026-07-25 12:33:36.488961+00:00,2026-07-25 10:25:29.305614+00:00,ambiente,raspberry_pi_4,camera,28.0,29.3,27.0
296,_result,0,2026-07-25 09:33:36.488961+00:00,2026-07-25 12:33:36.488961+00:00,2026-07-25 10:25:34.565712+00:00,ambiente,raspberry_pi_4,camera,28.0,29.3,27.0
297,_result,0,2026-07-25 09:33:36.488961+00:00,2026-07-25 12:33:36.488961+00:00,2026-07-25 10:25:39.841735+00:00,ambiente,raspberry_pi_4,camera,28.0,29.3,27.0
298,_result,0,2026-07-25 09:33:36.488961+00:00,2026-07-25 12:33:36.488961+00:00,2026-07-25 10:25:45.101637+00:00,ambiente,raspberry_pi_4,camera,28.0,29.3,27.0
299,_result,0,2026-07-25 09:33:36.488961+00:00,2026-07-25 12:33:36.488961+00:00,2026-07-25 10:25:50.371170+00:00,ambiente,raspberry_pi_4,camera,28.0,29.3,27.0
300,_result,0,2026-07-25 09:33:36.488961+00:00,2026-07-25 12:33:36.488961+00:00,2026-07-25 10:25:55.631298+00:00,ambiente,raspberry_pi_4,camera,28.0,29.3,27.0
301,_result,0,2026-07-25 09:33:36.488961+00:00,2026-07-25 12:33:36.488961+00:00,2026-07-25 10:26:00.900823+00:00,ambiente,raspberry_pi_4,camera,28.0,29.3,27.0
302,_result,0,2026-07-25 09:33:36.488961+00:00,2026-07-25 12:33:36.488961+00:00,2026-07-25 10:26:06.161130+00:00,ambiente,raspberry_pi_4,camera,28.0,29.3,27.0
303,_result,0,2026-07-25 09:33:36.488961+00:00,2026-07-25 12:33:36.488961+00:00,2026-07-25 10:26:11.432150+00:00,ambiente,raspberry_pi_4,camera,28.0,29.3,27.0
304,_result,0,2026-07-25 09:33:36.488961+00:00,2026-07-25 12:33:36.488961+00:00,2026-07-25 10:26:16.692458+00:00,ambiente,raspberry_pi_4,camera,28.0,29.3,27.0
305,_result,0,2026-07-25 09:33:36.488961+00:00,2026-07-25 12:33:36.488961+00:00,2026-07-25 10:26:21.961879+00:00,ambiente,raspberry_pi_4,camera,28.0,29.3,27.0
306,_result,0,2026-07-25 09:33:36.488961+00:00,2026-07-25 12:33:36.488961+00:00,2026-07-25 10:26:27.222103+00:00,ambiente,raspberry_pi_4,camera,28.0,29.3,27.0
307,_result,0,2026-07-25 09:33:36.488961+00:00,2026-07-25 12:33:36.488961+00:00,2026-07-25 10:26:32.492809+00:00,ambiente,raspberry_pi_4,camera,28.0,29.3,27.0
308,_result,0,2026-07-25 09:33:36.488961+00:00,2026-07-25 12:33:36.488961+00:00,2026-07-25 10:26:37.753433+00:00,ambiente,raspberry_pi_4,camera,28.0,29.3,27.0
309,_result,0,2026-07-25 09:33:36.488961+00:00,2026-07-25 12:33:36.488961+00:00,2026-07-25 10:26:43.024809+00:00,ambiente,raspberry_pi_4,camera,28.0,29.3,27.0
310,_result,0,2026-07-25 09:33:36.488961+00:00,2026-07-25 12:33:36.488961+00:00,2026-07-25 10:26:48.284879+00:00,ambiente,raspberry_pi_4,camera,28.0,29.3,27.0
311,_result,0,2026-07-25 09:33:36.488961+00:00,2026-07-25 12:33:36.488961+00:00,2026-07-25 10:26:53.554486+00:00,ambiente,raspberry_pi_4,camera,28.0,29.3,27.0
312,_result,0,2026-07-25 09:33:36.488961+00:00,2026-07-25 12:33:36.488961+00:00,2026-07-25 10:26:58.814828+00:00,ambiente,raspberry_pi_4,camera,28.0,29.3,27.0
313,_result,0,2026-07-25 09:33:36.488961+00:00,2026-07-25 12:33:36.488961+00:00,2026-07-25 10:27:04.084265+00:00,ambiente,raspberry_pi_4,camera,28.0,29.3,27.0
314,_result,0,2026-07-25 09:33:36.488961+00:00,2026-07-25 12:33:36.488961+00:00,2026-07-25 10:27:09.344552+00:00,ambiente,raspberry_pi_4,camera,28.0,29.3,27.0
315,_result,0,2026-07-25 09:33:36.488961+00:00,2026-07-25 12:33:36.488961+00:00,2026-07-25 10:27:14.616239+00:00,ambiente,raspberry_pi_4,camera,28.0,29.3,27.0
316,_result,0,2026-07-25 09:33:36.488961+00:00,2026-07-25 12:33:36.488961+00:00,2026-07-25 10:27:19.876370+00:00,ambiente,raspberry_pi_4,camera,28.0,29.3,27.0
317,_result,0,2026-07-25 09:33:36.488961+00:00,2026-07-25 12:33:36.488961+00:00,2026-07-25 10:27:25.145891+00:00,ambiente,raspberry_pi_4,camera,28.0,29.3,27.0
318,_result,0,2026-07-25 09:33:36.488961+00:00,2026-07-25 12:33:36.488961+00:00,2026-07-25 10:27:30.406306+00:00,ambiente,raspberry_pi_4,camera,28.0,29.3,27.0
319,_result,0,2026-07-25 09:33:36.488961+00:00,2026-07-25 12:33:36.488961+00:00,2026-07-25 10:27:35.675932+00:00,ambiente,raspberry_pi_4,camera,28.0,29.3,27.0
320,_result,0,2026-07-25 09:33:36.488961+00:00,2026-07-25 12:33:36.488961+00:00,2026-07-25 10:27:40.937593+00:00,ambiente,raspberry_pi_4,camera,28.0,29.3,27.0
321,_result,0,2026-07-25 09:33:36.488961+00:00,2026-07-25 12:33:36.488961+00:00,2026-07-25 10:27:46.207330+00:00,ambiente,raspberry_pi_4,camera,28.0,29.3,27.0
322,_result,0,2026-07-25 09:33:36.488961+00:00,2026-07-25 12:33:36.488961+00:00,2026-07-25 10:27:51.467484+00:00,ambiente,raspberry_pi_4,camera,28.0,29.3,27.0
323,_result,0,2026-07-25 09:33:36.488961+00:00,2026-07-25 12:33:36.488961+00:00,2026-07-25 10:27:56.737053+00:00,ambiente,raspberry_pi_4,camera,28.0,29.3,27.0
324,_result,0,2026-07-25 09:33:36.488961+00:00,2026-07-25 12:33:36.488961+00:00,2026-07-25 10:28:01.997388+00:00,ambiente,raspberry_pi_4,camera,28.0,29.3,27.0
325,_result,0,2026-07-25 09:33:36.488961+00:00,2026-07-25 12:33:36.488961+00:00,2026-07-25 10:28:07.266702+00:00,ambiente,raspberry_pi_4,camera,28.0,29.3,27.0
326,_result,0,2026-07-25 09:33:36.488961+00:00,2026-07-25 12:33:36.488961+00:00,2026-07-25 10:28:12.528504+00:00,ambiente,raspberry_pi_4,camera,28.0,29.3,27.0
327,_result,0,2026-07-25 09:33:36.488961+00:00,2026-07-25 12:33:36.488961+00:00,2026-07-25 10:28:17.799741+00:00,ambiente,raspberry_pi_4,camera,28.0,29.3,27.0
328,_result,0,2026-07-25 09:33:36.488961+00:00,2026-07-25 12:33:36.488961+00:00,2026-07-25 10:28:23.064038+00:00,ambiente,raspberry_pi_4,camera,28.0,29.3,27.0
329,_result,0,2026-07-25 09:33:36.488961+00:00,2026-07-25 12:33:36.488961+00:00,2026-07-25 10:28:28.333733+00:00,ambiente,raspberry_pi_4,camera,28.0,29.3,27.0
330,_result,0,2026-07-25 09:33:36.488961+00:00,2026-07-25 12:33:36.488961+00:00,2026-07-25 10:28:33.594070+00:00,ambiente,raspberry_pi_4,camera,28.0,29.3,27.0
331,_result,0,2026-07-25 09:33:36.488961+00:00,2026-07-25 12:33:36.488961+00:00,2026-07-25 10:28:38.863718+00:00,ambiente,raspberry_pi_4,camera,28.0,29.3,27.0
332,_result,0,2026-07-25 09:33:36.488961+00:00,2026-07-25 12:33:36.488961+00:00,2026-07-25 10:28:44.125739+00:00,ambiente,raspberry_pi_4,camera,28.0,29.3,27.0
333,_result,0,2026-07-25 09:33:36.488961+00:00,2026-07-25 12:33:36.488961+00:00,2026-07-25 10:28:49.395239+00:00,ambiente,raspberry_pi_4,camera,28.0,29.3,27.0
334,_result,0,2026-07-25 09:33:36.488961+00:00,2026-07-25 12:33:36.488961+00:00,2026-07-25 10:28:54.655626+00:00,ambiente,raspberry_pi_4,camera,28.0,29.3,27.0
335,_result,0,2026-07-25 09:33:36.488961+00:00,2026-07-25 12:33:36.488961+00:00,2026-07-25 10:28:59.926245+00:00,ambiente,raspberry_pi_4,camera,28.0,29.3,27.0
336,_result,0,2026-07-25 09:33:36.488961+00:00,2026-07-25 12:33:36.488961+00:00,2026-07-25 10:29:05.187510+00:00,ambiente,raspberry_pi_4,camera,28.0,29.3,27.0
337,_result,0,2026-07-25 09:33:36.488961+00:00,2026-07-25 12:33:36.488961+00:00,2026-07-25 10:29:10.458933+00:00,ambiente,raspberry_pi_4,camera,28.0,29.3,27.0
338,_result,0,2026-07-25 09:33:36.488961+00:00,2026-07-25 12:33:36.488961+00:00,2026-07-25 10:29:15.719122+00:00,ambiente,raspberry_pi_4,camera,28.0,29.3,27.0
339,_result,0,2026-07-25 09:33:36.488961+00:00,2026-07-25 12:33:36.488961+00:00,2026-07-25 10:29:26.243400+00:00,ambiente,raspberry_pi_4,camera,28.0,29.3,27.0
340,_result,0,2026-07-25 09:33:36.488961+00:00,2026-07-25 12:33:36.488961+00:00,2026-07-25 10:29:31.512877+00:00,ambiente,raspberry_pi_4,camera,28.0,29.3,27.0
341,_result,0,2026-07-25 09:33:36.488961+00:00,2026-07-25 12:33:36.488961+00:00,2026-07-25 10:29:36.773111+00:00,ambiente,raspberry_pi_4,camera,28.0,29.3,28.0
342,_result,0,2026-07-25 09:33:36.488961+00:00,2026-07-25 12:33:36.488961+00:00,2026-07-25 10:29:42.044710+00:00,ambiente,raspberry_pi_4,camera,28.0,29.3,28.0
343,_result,0,2026-07-25 09:33:36.488961+00:00,2026-07-25 12:33:36.488961+00:00,2026-07-25 10:29:47.305332+00:00,ambiente,raspberry_pi_4,camera,28.0,29.3,28.0
344,_result,0,2026-07-25 09:33:36.488961+00:00,2026-07-25 12:33:36.488961+00:00,2026-07-25 10:29:52.575231+00:00,ambiente,raspberry_pi_4,camera,28.0,29.3,28.0
345,_result,0,2026-07-25 09:33:36.488961+00:00,2026-07-25 12:33:36.488961+00:00,2026-07-25 10:29:57.835289+00:00,ambiente,raspberry_pi_4,camera,28.0,29.3,27.0
346,_result,0,2026-07-25 09:33:36.488961+00:00,2026-07-25 12:33:36.488961+00:00,2026-07-25 10:30:03.105383+00:00,ambiente,raspberry_pi_4,camera,28.0,29.3,28.0
347,_result,0,2026-07-25 09:33:36.488961+00:00,2026-07-25 12:33:36.488961+00:00,2026-07-25 10:30:13.631088+00:00,ambiente,raspberry_pi_4,camera,28.0,29.3,28.0
348,_result,0,2026-07-25 09:33:36.488961+00:00,2026-07-25 12:33:36.488961+00:00,2026-07-25 10:30:18.892398+00:00,ambiente,raspberry_pi_4,camera,28.0,29.3,28.0
349,_result,0,2026-07-25 09:33:36.488961+00:00,2026-07-25 12:33:36.488961+00:00,2026-07-25 10:30:29.416420+00:00,ambiente,raspberry_pi_4,camera,28.0,29.3,28.0
350,_result,0,2026-07-25 09:33:36.488961+00:00,2026-07-25 12:33:36.488961+00:00,2026-07-25 10:30:34.685718+00:00,ambiente,raspberry_pi_4,camera,28.0,29.3,28.0
351,_result,0,2026-07-25 09:33:36.488961+00:00,2026-07-25 12:33:36.488961+00:00,2026-07-25 10:30:39.946106+00:00,ambiente,raspberry_pi_4,camera,28.0,29.3,28.0
352,_result,0,2026-07-25 09:33:36.488961+00:00,2026-07-25 12:33:36.488961+00:00,2026-07-25 10:30:45.226397+00:00,ambiente,raspberry_pi_4,camera,28.0,29.3,28.0
353,_result,0,2026-07-25 09:33:36.488961+00:00,2026-07-25 12:33:36.488961+00:00,2026-07-25 10:30:50.486462+00:00,ambiente,raspberry_pi_4,camera,28.0,29.3,28.0
354,_result,0,2026-07-25 09:33:36.488961+00:00,2026-07-25 12:33:36.488961+00:00,2026-07-25 10:30:55.758092+00:00,ambiente,raspberry_pi_4,camera,28.0,29.3,28.0
355,_result,0,2026-07-25 09:33:36.488961+00:00,2026-07-25 12:33:36.488961+00:00,2026-07-25 10:31:01.018092+00:00,ambiente,raspberry_pi_4,camera,28.0,29.3,28.0
356,_result,0,2026-07-25 09:33:36.488961+00:00,2026-07-25 12:33:36.488961+00:00,2026-07-25 10:31:06.291799+00:00,ambiente,raspberry_pi_4,camera,28.0,29.3,28.0
357,_result,0,2026-07-25 09:33:36.488961+00:00,2026-07-25 12:33:36.488961+00:00,2026-07-25 10:31:11.553613+00:00,ambiente,raspberry_pi_4,camera,28.0,29.3,28.0
358,_result,0,2026-07-25 09:33:36.488961+00:00,2026-07-25 12:33:36.488961+00:00,2026-07-25 10:31:16.822954+00:00,ambiente,raspberry_pi_4,camera,28.0,29.3,28.0
359,_result,0,2026-07-25 09:33:36.488961+00:00,2026-07-25 12:33:36.488961+00:00,2026-07-25 10:31:22.083422+00:00,ambiente,raspberry_pi_4,camera,28.0,29.3,28.0
360,_result,0,2026-07-25 09:33:36.488961+00:00,2026-07-25 12:33:36.488961+00:00,2026-07-25 10:31:27.352832+00:00,ambiente,raspberry_pi_4,camera,28.0,29.3,28.0
361,_result,0,2026-07-25 09:33:36.488961+00:00,2026-07-25 12:33:36.488961+00:00,2026-07-25 10:31:32.612841+00:00,ambiente,raspberry_pi_4,camera,28.0,29.3,28.0
362,_result,0,2026-07-25 09:33:36.488961+00:00,2026-07-25 12:33:36.488961+00:00,2026-07-25 10:31:37.882744+00:00,ambiente,raspberry_pi_4,camera,28.0,29.3,28.0
363,_result,0,2026-07-25 09:33:36.488961+00:00,2026-07-25 12:33:36.488961+00:00,2026-07-25 10:31:43.144568+00:00,ambiente,raspberry_pi_4,camera,28.0,29.3,28.0
364,_result,0,2026-07-25 09:33:36.488961+00:00,2026-07-25 12:33:36.488961+00:00,2026-07-25 10:31:48.414376+00:00,ambiente,raspberry_pi_4,camera,28.0,29.3,28.0
365,_result,0,2026-07-25 09:33:36.488961+00:00,2026-07-25 12:33:36.488961+00:00,2026-07-25 10:31:53.674441+00:00,ambiente,raspberry_pi_4,camera,28.0,29.3,28.0
366,_result,0,2026-07-25 09:33:36.488961+00:00,2026-07-25 12:33:36.488961+00:00,2026-07-25 10:31:58.944110+00:00,ambiente,raspberry_pi_4,camera,28.0,29.3,28.0
367,_result,0,2026-07-25 09:33:36.488961+00:00,2026-07-25 12:33:36.488961+00:00,2026-07-25 10:32:04.204506+00:00,ambiente,raspberry_pi_4,camera,28.0,29.3,28.0
368,_result,0,2026-07-25 09:33:36.488961+00:00,2026-07-25 12:33:36.488961+00:00,2026-07-25 10:32:09.475430+00:00,ambiente,raspberry_pi_4,camera,28.0,29.3,28.0
369,_result,0,2026-07-25 09:33:36.488961+00:00,2026-07-25 12:33:36.488961+00:00,2026-07-25 10:32:14.735590+00:00,ambiente,raspberry_pi_4,camera,28.0,29.3,28.0
370,_result,0,2026-07-25 09:33:36.488961+00:00,2026-07-25 12:33:36.488961+00:00,2026-07-25 10:32:20.005858+00:00,ambiente,raspberry_pi_4,camera,28.0,29.3,28.0
371,_result,0,2026-07-25 09:33:36.488961+00:00,2026-07-25 12:33:36.488961+00:00,2026-07-25 10:32:25.265882+00:00,ambiente,raspberry_pi_4,camera,28.0,29.3,28.0
372,_result,0,2026-07-25 09:33:36.488961+00:00,2026-07-25 12:33:36.488961+00:00,2026-07-25 10:32:30.535757+00:00,ambiente,raspberry_pi_4,camera,28.0,29.3,28.0
373,_result,0,2026-07-25 09:33:36.488961+00:00,2026-07-25 12:33:36.488961+00:00,2026-07-25 10:32:35.795836+00:00,ambiente,raspberry_pi_4,camera,28.0,29.3,28.0
374,_result,0,2026-07-25 09:33:36.488961+00:00,2026-07-25 12:33:36.488961+00:00,2026-07-25 10:32:46.321051+00:00,ambiente,raspberry_pi_4,camera,28.0,29.3,28.0
375,_result,0,2026-07-25 09:33:36.488961+00:00,2026-07-25 12:33:36.488961+00:00,2026-07-25 10:32:51.590650+00:00,ambiente,raspberry_pi_4,camera,28.0,29.3,28.0
376,_result,0,2026-07-25 09:33:36.488961+00:00,2026-07-25 12:33:36.488961+00:00,2026-07-25 10:32:56.850759+00:00,ambiente,raspberry_pi_4,camera,28.0,29.3,28.0
377,_result,0,2026-07-25 09:33:36.488961+00:00,2026-07-25 12:33:36.488961+00:00,2026-07-25 10:33:02.120569+00:00,ambiente,raspberry_pi_4,camera,28.0,29.3,28.0
378,_result,0,2026-07-25 09:33:36.488961+00:00,2026-07-25 12:33:36.488961+00:00,2026-07-25 10:33:07.380535+00:00,ambiente,raspberry_pi_4,camera,28.0,29.3,28.0
379,_result,0,2026-07-25 09:33:36.488961+00:00,2026-07-25 12:33:36.488961+00:00,2026-07-25 10:33:12.652446+00:00,ambiente,raspberry_pi_4,camera,28.0,29.3,28.0
380,_result,0,2026-07-25 09:33:36.488961+00:00,2026-07-25 12:33:36.488961+00:00,2026-07-25 10:33:17.912752+00:00,ambiente,raspberry_pi_4,camera,28.0,29.3,28.0
381,_result,0,2026-07-25 09:33:36.488961+00:00,2026-07-25 12:33:36.488961+00:00,2026-07-25 10:33:23.186233+00:00,ambiente,raspberry_pi_4,camera,28.0,29.3,28.0
382,_result,0,2026-07-25 09:33:36.488961+00:00,2026-07-25 12:33:36.488961+00:00,2026-07-25 10:33:28.446265+00:00,ambiente,raspberry_pi_4,camera,28.0,29.3,28.0
383,_result,0,2026-07-25 09:33:36.488961+00:00,2026-07-25 12:33:36.488961+00:00,2026-07-25 10:33:33.716299+00:00,ambiente,raspberry_pi_4,camera,28.0,29.3,28.0
384,_result,0,2026-07-25 09:33:36.488961+00:00,2026-07-25 12:33:36.488961+00:00,2026-07-25 10:33:38.976369+00:00,ambiente,raspberry_pi_4,camera,28.0,29.3,28.0
385,_result,0,2026-07-25 09:33:36.488961+00:00,2026-07-25 12:33:36.488961+00:00,2026-07-25 10:33:44.248035+00:00,ambiente,raspberry_pi_4,camera,28.0,29.3,28.0
386,_result,0,2026-07-25 09:33:36.488961+00:00,2026-07-25 12:33:36.488961+00:00,2026-07-25 10:33:49.508016+00:00,ambiente,raspberry_pi_4,camera,28.0,29.3,28.0
387,_result,0,2026-07-25 09:33:36.488961+00:00,2026-07-25 12:33:36.488961+00:00,2026-07-25 10:34:00.031696+00:00,ambiente,raspberry_pi_4,camera,28.0,29.3,28.0
388,_result,0,2026-07-25 09:33:36.488961+00:00,2026-07-25 12:33:36.488961+00:00,2026-07-25 10:34:05.301937+00:00,ambiente,raspberry_pi_4,camera,28.0,29.3,28.0
389,_result,0,2026-07-25 09:33:36.488961+00:00,2026-07-25 12:33:36.488961+00:00,2026-07-25 10:34:10.563590+00:00,ambiente,raspberry_pi_4,camera,28.0,29.3,28.0
390,_result,0,2026-07-25 09:33:36.488961+00:00,2026-07-25 12:33:36.488961+00:00,2026-07-25 10:34:15.833546+00:00,ambiente,raspberry_pi_4,camera,28.0,29.3,28.0
391,_result,0,2026-07-25 09:33:36.488961+00:00,2026-07-25 12:33:36.488961+00:00,2026-07-25 10:34:21.093687+00:00,ambiente,raspberry_pi_4,camera,28.0,29.3,28.0
392,_result,0,2026-07-25 09:33:36.488961+00:00,2026-07-25 12:33:36.488961+00:00,2026-07-25 10:34:26.363053+00:00,ambiente,raspberry_pi_4,camera,28.0,29.3,28.0
393,_result,0,2026-07-25 09:33:36.488961+00:00,2026-07-25 12:33:36.488961+00:00,2026-07-25 10:34:31.623378+00:00,ambiente,raspberry_pi_4,camera,28.0,29.3,28.0
394,_result,0,2026-07-25 09:33:36.488961+00:00,2026-07-25 12:33:36.488961+00:00,2026-07-25 10:34:36.893366+00:00,ambiente,raspberry_pi_4,camera,28.0,29.3,28.0
395,_result,0,2026-07-25 09:33:36.488961+00:00,2026-07-25 12:33:36.488961+00:00,2026-07-25 10:34:42.154660+00:00,ambiente,raspberry_pi_4,camera,28.0,29.3,28.0
396,_result,0,2026-07-25 09:33:36.488961+00:00,2026-07-25 12:33:36.488961+00:00,2026-07-25 10:34:47.423911+00:00,ambiente,raspberry_pi_4,camera,28.0,29.3,28.0
397,_result,0,2026-07-25 09:33:36.488961+00:00,2026-07-25 12:33:36.488961+00:00,2026-07-25 10:34:52.684139+00:00,ambiente,raspberry_pi_4,camera,28.0,29.3,28.0
398,_result,0,2026-07-25 09:33:36.488961+00:00,2026-07-25 12:33:36.488961+00:00,2026-07-25 10:34:57.953480+00:00,ambiente,raspberry_pi_4,camera,28.0,29.3,28.0
399,_result,0,2026-07-25 09:33:36.488961+00:00,2026-07-25 12:33:36.488961+00:00,2026-07-25 10:35:03.213436+00:00,ambiente,raspberry_pi_4,camera,28.0,29.3,28.0
400,_result,0,2026-07-25 09:33:36.488961+00:00,2026-07-25 12:33:36.488961+00:00,2026-07-25 10:35:08.483308+00:00,ambiente,raspberry_pi_4,camera,28.0,29.3,28.0
401,_result,0,2026-07-25 09:33:36.488961+00:00,2026-07-25 12:33:36.488961+00:00,2026-07-25 10:35:13.744882+00:00,ambiente,raspberry_pi_4,camera,28.0,29.3,28.0
402,_result,0,2026-07-25 09:33:36.488961+00:00,2026-07-25 12:33:36.488961+00:00,2026-07-25 10:35:19.014665+00:00,ambiente,raspberry_pi_4,camera,28.0,29.3,28.0
403,_result,0,2026-07-25 09:33:36.488961+00:00,2026-07-25 12:33:36.488961+00:00,2026-07-25 10:35:24.274695+00:00,ambiente,raspberry_pi_4,camera,28.0,29.3,28.0
404,_result,0,2026-07-25 09:33:36.488961+00:00,2026-07-25 12:33:36.488961+00:00,2026-07-25 10:35:29.543972+00:00,ambiente,raspberry_pi_4,camera,28.0,29.3,28.0
405,_result,0,2026-07-25 09:33:36.488961+00:00,2026-07-25 12:33:36.488961+00:00,2026-07-25 10:35:34.804326+00:00,ambiente,raspberry_pi_4,camera,28.0,29.3,28.0
406,_result,0,2026-07-25 09:33:36.488961+00:00,2026-07-25 12:33:36.488961+00:00,2026-07-25 10:35:40.075560+00:00,ambiente,raspberry_pi_4,camera,28.0,29.3,28.0
407,_result,0,2026-07-25 09:33:36.488961+00:00,2026-07-25 12:33:36.488961+00:00,2026-07-25 10:35:45.335666+00:00,ambiente,raspberry_pi_4,camera,28.0,29.3,28.0
408,_result,0,2026-07-25 09:33:36.488961+00:00,2026-07-25 12:33:36.488961+00:00,2026-07-25 10:35:50.607025+00:00,ambiente,raspberry_pi_4,camera,28.0,29.3,28.0
409,_result,0,2026-07-25 09:33:36.488961+00:00,2026-07-25 12:33:36.488961+00:00,2026-07-25 10:35:55.867088+00:00,ambiente,raspberry_pi_4,camera,28.0,29.3,28.0
410,_result,0,2026-07-25 09:33:36.488961+00:00,2026-07-25 12:33:36.488961+00:00,2026-07-25 10:36:01.136421+00:00,ambiente,raspberry_pi_4,camera,28.0,29.3,28.0
411,_result,0,2026-07-25 09:33:36.488961+00:00,2026-07-25 12:33:36.488961+00:00,2026-07-25 10:36:06.396745+00:00,ambiente,raspberry_pi_4,camera,28.0,29.3,28.0
412,_result,0,2026-07-25 09:33:36.488961+00:00,2026-07-25 12:33:36.488961+00:00,2026-07-25 10:36:11.668829+00:00,ambiente,raspberry_pi_4,camera,28.0,29.3,28.0
413,_result,0,2026-07-25 09:33:36.488961+00:00,2026-07-25 12:33:36.488961+00:00,2026-07-25 10:36:16.929343+00:00,ambiente,raspberry_pi_4,camera,28.0,29.3,28.0
414,_result,0,2026-07-25 09:33:36.488961+00:00,2026-07-25 12:33:36.488961+00:00,2026-07-25 10:36:22.199024+00:00,ambiente,raspberry_pi_4,camera,28.0,29.3,28.0
415,_result,0,2026-07-25 09:33:36.488961+00:00,2026-07-25 12:33:36.488961+00:00,2026-07-25 10:36:27.459474+00:00,ambiente,raspberry_pi_4,camera,28.0,29.3,28.0
416,_result,0,2026-07-25 09:33:36.488961+00:00,2026-07-25 12:33:36.488961+00:00,2026-07-25 10:36:37.983147+00:00,ambiente,raspberry_pi_4,camera,28.0,29.3,28.0
417,_result,0,2026-07-25 09:33:36.488961+00:00,2026-07-25 12:33:36.488961+00:00,2026-07-25 10:36:43.255747+00:00,ambiente,raspberry_pi_4,camera,28.0,29.3,28.0
418,_result,0,2026-07-25 09:33:36.488961+00:00,2026-07-25 12:33:36.488961+00:00,2026-07-25 10:36:48.515839+00:00,ambiente,raspberry_pi_4,camera,28.0,29.3,28.0
419,_result,0,2026-07-25 09:33:36.488961+00:00,2026-07-25 12:33:36.488961+00:00,2026-07-25 10:36:53.785368+00:00,ambiente,raspberry_pi_4,camera,28.0,29.3,28.0
420,_result,0,2026-07-25 09:33:36.488961+00:00,2026-07-25 12:33:36.488961+00:00,2026-07-25 10:36:59.045811+00:00,ambiente,raspberry_pi_4,camera,28.0,29.3,28.0
421,_result,0,2026-07-25 09:33:36.488961+00:00,2026-07-25 12:33:36.488961+00:00,2026-07-25 10:37:04.315179+00:00,ambiente,raspberry_pi_4,camera,28.0,29.3,28.0
422,_result,0,2026-07-25 09:33:36.488961+00:00,2026-07-25 12:33:36.488961+00:00,2026-07-25 10:37:09.575212+00:00,ambiente,raspberry_pi_4,camera,28.0,29.3,28.0
423,_result,0,2026-07-25 09:33:36.488961+00:00,2026-07-25 12:33:36.488961+00:00,2026-07-25 10:37:14.846083+00:00,ambiente,raspberry_pi_4,camera,28.0,29.3,28.0
424,_result,0,2026-07-25 09:33:36.488961+00:00,2026-07-25 12:33:36.488961+00:00,2026-07-25 10:37:20.106524+00:00,ambiente,raspberry_pi_4,camera,28.0,29.3,28.0
425,_result,0,2026-07-25 09:33:36.488961+00:00,2026-07-25 12:33:36.488961+00:00,2026-07-25 10:37:25.375974+00:00,ambiente,raspberry_pi_4,camera,28.0,29.3,28.0
426,_result,0,2026-07-25 09:33:36.488961+00:00,2026-07-25 12:33:36.488961+00:00,2026-07-25 10:37:30.636070+00:00,ambiente,raspberry_pi_4,camera,28.0,29.3,28.0
427,_result,0,2026-07-25 09:33:36.488961+00:00,2026-07-25 12:33:36.488961+00:00,2026-07-25 10:37:35.906021+00:00,ambiente,raspberry_pi_4,camera,28.0,29.3,28.0
428,_result,0,2026-07-25 09:33:36.488961+00:00,2026-07-25 12:33:36.488961+00:00,2026-07-25 10:37:41.168558+00:00,ambiente,raspberry_pi_4,camera,28.0,29.3,28.0
429,_result,0,2026-07-25 09:33:36.488961+00:00,2026-07-25 12:33:36.488961+00:00,2026-07-25 10:37:46.438029+00:00,ambiente,raspberry_pi_4,camera,28.0,29.3,28.0
430,_result,0,2026-07-25 09:33:36.488961+00:00,2026-07-25 12:33:36.488961+00:00,2026-07-25 10:37:51.698214+00:00,ambiente,raspberry_pi_4,camera,28.0,29.3,28.0
431,_result,0,2026-07-25 09:33:36.488961+00:00,2026-07-25 12:33:36.488961+00:00,2026-07-25 10:37:56.968282+00:00,ambiente,raspberry_pi_4,camera,28.0,29.3,28.0
432,_result,0,2026-07-25 09:33:36.488961+00:00,2026-07-25 12:33:36.488961+00:00,2026-07-25 10:38:02.228310+00:00,ambiente,raspberry_pi_4,camera,28.0,29.3,28.0
433,_result,0,2026-07-25 09:33:36.488961+00:00,2026-07-25 12:33:36.488961+00:00,2026-07-25 10:38:07.498597+00:00,ambiente,raspberry_pi_4,camera,28.0,29.3,28.0
434,_result,0,2026-07-25 09:33:36.488961+00:00,2026-07-25 12:33:36.488961+00:00,2026-07-25 10:38:12.760192+00:00,ambiente,raspberry_pi_4,camera,28.0,29.3,28.0
435,_result,0,2026-07-25 09:33:36.488961+00:00,2026-07-25 12:33:36.488961+00:00,2026-07-25 10:38:18.029696+00:00,ambiente,raspberry_pi_4,camera,28.0,29.3,28.0
436,_result,0,2026-07-25 09:33:36.488961+00:00,2026-07-25 12:33:36.488961+00:00,2026-07-25 10:38:23.290089+00:00,ambiente,raspberry_pi_4,camera,28.0,29.3,28.0
437,_result,0,2026-07-25 09:33:36.488961+00:00,2026-07-25 12:33:36.488961+00:00,2026-07-25 10:38:28.559405+00:00,ambiente,raspberry_pi_4,camera,28.0,29.3,28.0
438,_result,0,2026-07-25 09:33:36.488961+00:00,2026-07-25 12:33:36.488961+00:00,2026-07-25 10:38:33.819499+00:00,ambiente,raspberry_pi_4,camera,28.0,29.3,28.0
439,_result,0,2026-07-25 09:33:36.488961+00:00,2026-07-25 12:33:36.488961+00:00,2026-07-25 10:38:39.090895+00:00,ambiente,raspberry_pi_4,camera,28.0,29.3,28.0
440,_result,0,2026-07-25 09:33:36.488961+00:00,2026-07-25 12:33:36.488961+00:00,2026-07-25 10:38:44.351432+00:00,ambiente,raspberry_pi_4,camera,28.0,29.3,28.0
441,_result,0,2026-07-25 09:33:36.488961+00:00,2026-07-25 12:33:36.488961+00:00,2026-07-25 10:38:49.621527+00:00,ambiente,raspberry_pi_4,camera,28.0,29.3,28.0
442,_result,0,2026-07-25 09:33:36.488961+00:00,2026-07-25 12:33:36.488961+00:00,2026-07-25 10:39:00.145120+00:00,ambiente,raspberry_pi_4,camera,28.0,29.3,28.0
443,_result,0,2026-07-25 09:33:36.488961+00:00,2026-07-25 12:33:36.488961+00:00,2026-07-25 10:39:05.405267+00:00,ambiente,raspberry_pi_4,camera,28.0,29.3,28.0
444,_result,0,2026-07-25 09:33:36.488961+00:00,2026-07-25 12:33:36.488961+00:00,2026-07-25 10:39:10.677875+00:00,ambiente,raspberry_pi_4,camera,28.0,29.3,28.0
445,_result,0,2026-07-25 09:33:36.488961+00:00,2026-07-25 12:33:36.488961+00:00,2026-07-25 10:39:15.937863+00:00,ambiente,raspberry_pi_4,camera,28.0,29.3,28.0
446,_result,0,2026-07-25 09:33:36.488961+00:00,2026-07-25 12:33:36.488961+00:00,2026-07-25 10:39:21.207298+00:00,ambiente,raspberry_pi_4,camera,28.0,29.3,28.0
447,_result,0,2026-07-25 09:33:36.488961+00:00,2026-07-25 12:33:36.488961+00:00,2026-07-25 10:39:26.467800+00:00,ambiente,raspberry_pi_4,camera,28.0,29.3,28.0
448,_result,0,2026-07-25 09:33:36.488961+00:00,2026-07-25 12:33:36.488961+00:00,2026-07-25 10:39:31.737095+00:00,ambiente,raspberry_pi_4,camera,28.0,29.3,28.0
449,_result,0,2026-07-25 09:33:36.488961+00:00,2026-07-25 12:33:36.488961+00:00,2026-07-25 10:39:36.997405+00:00,ambiente,raspberry_pi_4,camera,28.0,29.3,28.0
450,_result,0,2026-07-25 09:33:36.488961+00:00,2026-07-25 12:33:36.488961+00:00,2026-07-25 10:39:42.270442+00:00,ambiente,raspberry_pi_4,camera,28.0,29.3,28.0
451,_result,0,2026-07-25 09:33:36.488961+00:00,2026-07-25 12:33:36.488961+00:00,2026-07-25 10:39:47.530578+00:00,ambiente,raspberry_pi_4,camera,28.0,29.3,28.0
452,_result,0,2026-07-25 09:33:36.488961+00:00,2026-07-25 12:33:36.488961+00:00,2026-07-25 10:39:52.800056+00:00,ambiente,raspberry_pi_4,camera,28.0,29.3,28.0
453,_result,0,2026-07-25 09:33:36.488961+00:00,2026-07-25 12:33:36.488961+00:00,2026-07-25 10:39:58.060642+00:00,ambiente,raspberry_pi_4,camera,28.0,29.3,28.0
454,_result,0,2026-07-25 09:33:36.488961+00:00,2026-07-25 12:33:36.488961+00:00,2026-07-25 10:40:03.330108+00:00,ambiente,raspberry_pi_4,camera,28.0,29.3,28.0
455,_result,0,2026-07-25 09:33:36.488961+00:00,2026-07-25 12:33:36.488961+00:00,2026-07-25 10:40:08.591170+00:00,ambiente,raspberry_pi_4,camera,28.0,29.3,28.0
456,_result,0,2026-07-25 09:33:36.488961+00:00,2026-07-25 12:33:36.488961+00:00,2026-07-25 10:40:13.862097+00:00,ambiente,raspberry_pi_4,camera,28.0,29.3,28.0
457,_result,0,2026-07-25 09:33:36.488961+00:00,2026-07-25 12:33:36.488961+00:00,2026-07-25 10:40:24.385848+00:00,ambiente,raspberry_pi_4,camera,28.0,29.3,28.0
458,_result,0,2026-07-25 09:33:36.488961+00:00,2026-07-25 12:33:36.488961+00:00,2026-07-25 10:40:29.645787+00:00,ambiente,raspberry_pi_4,camera,28.0,29.3,28.0
459,_result,0,2026-07-25 09:33:36.488961+00:00,2026-07-25 12:33:36.488961+00:00,2026-07-25 10:40:34.917115+00:00,ambiente,raspberry_pi_4,camera,28.0,29.3,28.0
460,_result,0,2026-07-25 09:33:36.488961+00:00,2026-07-25 12:33:36.488961+00:00,2026-07-25 10:40:40.179032+00:00,ambiente,raspberry_pi_4,camera,28.0,29.3,28.0
461,_result,0,2026-07-25 09:33:36.488961+00:00,2026-07-25 12:33:36.488961+00:00,2026-07-25 10:40:45.448626+00:00,ambiente,raspberry_pi_4,camera,28.0,29.3,28.0
462,_result,0,2026-07-25 09:33:36.488961+00:00,2026-07-25 12:33:36.488961+00:00,2026-07-25 10:40:50.708715+00:00,ambiente,raspberry_pi_4,camera,28.0,29.3,28.0
463,_result,0,2026-07-25 09:33:36.488961+00:00,2026-07-25 12:33:36.488961+00:00,2026-07-25 10:40:55.978550+00:00,ambiente,raspberry_pi_4,camera,28.0,29.3,28.0
464,_result,0,2026-07-25 09:33:36.488961+00:00,2026-07-25 12:33:36.488961+00:00,2026-07-25 10:41:01.238637+00:00,ambiente,raspberry_pi_4,camera,28.0,29.3,28.0
465,_result,0,2026-07-25 09:33:36.488961+00:00,2026-07-25 12:33:36.488961+00:00,2026-07-25 10:41:06.508712+00:00,ambiente,raspberry_pi_4,camera,28.0,29.3,28.0
466,_result,0,2026-07-25 09:33:36.488961+00:00,2026-07-25 12:33:36.488961+00:00,2026-07-25 10:41:11.770677+00:00,ambiente,raspberry_pi_4,camera,28.0,29.3,28.0
467,_result,0,2026-07-25 09:33:36.488961+00:00,2026-07-25 12:33:36.488961+00:00,2026-07-25 10:41:17.040066+00:00,ambiente,raspberry_pi_4,camera,28.0,29.3,28.0
468,_result,0,2026-07-25 09:33:36.488961+00:00,2026-07-25 12:33:36.488961+00:00,2026-07-25 10:41:22.300432+00:00,ambiente,raspberry_pi_4,camera,28.0,29.3,28.0
469,_result,0,2026-07-25 09:33:36.488961+00:00,2026-07-25 12:33:36.488961+00:00,2026-07-25 10:41:32.823970+00:00,ambiente,raspberry_pi_4,camera,28.0,29.3,28.0
470,_result,0,2026-07-25 09:33:36.488961+00:00,2026-07-25 12:33:36.488961+00:00,2026-07-25 10:41:38.094904+00:00,ambiente,raspberry_pi_4,camera,28.0,29.3,28.0
471,_result,0,2026-07-25 09:33:36.488961+00:00,2026-07-25 12:33:36.488961+00:00,2026-07-25 10:41:43.357626+00:00,ambiente,raspberry_pi_4,camera,28.1,29.3,29.0
472,_result,0,2026-07-25 09:33:36.488961+00:00,2026-07-25 12:33:36.488961+00:00,2026-07-25 10:41:48.626979+00:00,ambiente,raspberry_pi_4,camera,28.0,29.3,28.0
473,_result,0,2026-07-25 09:33:36.488961+00:00,2026-07-25 12:33:36.488961+00:00,2026-07-25 10:41:53.887118+00:00,ambiente,raspberry_pi_4,camera,28.1,29.3,29.0
474,_result,0,2026-07-25 09:33:36.488961+00:00,2026-07-25 12:33:36.488961+00:00,2026-07-25 10:41:59.156935+00:00,ambiente,raspberry_pi_4,camera,28.0,29.3,28.0
475,_result,0,2026-07-25 09:33:36.488961+00:00,2026-07-25 12:33:36.488961+00:00,2026-07-25 10:42:04.416863+00:00,ambiente,raspberry_pi_4,camera,28.1,29.3,29.0
476,_result,0,2026-07-25 09:33:36.488961+00:00,2026-07-25 12:33:36.488961+00:00,2026-07-25 10:42:09.688851+00:00,ambiente,raspberry_pi_4,camera,28.1,29.3,29.0
477,_result,0,2026-07-25 09:33:36.488961+00:00,2026-07-25 12:33:36.488961+00:00,2026-07-25 10:42:14.948945+00:00,ambiente,raspberry_pi_4,camera,28.1,29.3,29.0
478,_result,0,2026-07-25 09:33:36.488961+00:00,2026-07-25 12:33:36.488961+00:00,2026-07-25 10:42:20.218636+00:00,ambiente,raspberry_pi_4,camera,28.1,29.3,29.0
479,_result,0,2026-07-25 09:33:36.488961+00:00,2026-07-25 12:33:36.488961+00:00,2026-07-25 10:42:25.478586+00:00,ambiente,raspberry_pi_4,camera,28.1,29.3,29.0
480,_result,0,2026-07-25 09:33:36.488961+00:00,2026-07-25 12:33:36.488961+00:00,2026-07-25 10:42:30.747859+00:00,ambiente,raspberry_pi_4,camera,28.1,29.3,29.0
481,_result,0,2026-07-25 09:33:36.488961+00:00,2026-07-25 12:33:36.488961+00:00,2026-07-25 10:42:36.008086+00:00,ambiente,raspberry_pi_4,camera,28.1,29.3,29.0
482,_result,0,2026-07-25 09:33:36.488961+00:00,2026-07-25 12:33:36.488961+00:00,2026-07-25 10:42:41.278755+00:00,ambiente,raspberry_pi_4,camera,28.1,29.3,29.0
483,_result,0,2026-07-25 09:33:36.488961+00:00,2026-07-25 12:33:36.488961+00:00,2026-07-25 10:42:51.802693+00:00,ambiente,raspberry_pi_4,camera,28.1,29.3,29.0
484,_result,0,2026-07-25 09:33:36.488961+00:00,2026-07-25 12:33:36.488961+00:00,2026-07-25 10:42:57.062583+00:00,ambiente,raspberry_pi_4,camera,28.1,29.3,29.0
485,_result,0,2026-07-25 09:33:36.488961+00:00,2026-07-25 12:33:36.488961+00:00,2026-07-25 10:43:02.331981+00:00,ambiente,raspberry_pi_4,camera,28.1,29.3,29.0
486,_result,0,2026-07-25 09:33:36.488961+00:00,2026-07-25 12:33:36.488961+00:00,2026-07-25 10:43:07.592239+00:00,ambiente,raspberry_pi_4,camera,28.1,29.3,29.0
487,_result,0,2026-07-25 09:33:36.488961+00:00,2026-07-25 12:33:36.488961+00:00,2026-07-25 10:43:12.863401+00:00,ambiente,raspberry_pi_4,camera,28.1,29.3,29.0
488,_result,0,2026-07-25 09:33:36.488961+00:00,2026-07-25 12:33:36.488961+00:00,2026-07-25 10:43:18.123288+00:00,ambiente,raspberry_pi_4,camera,28.1,29.3,29.0
489,_result,0,2026-07-25 09:33:36.488961+00:00,2026-07-25 12:33:36.488961+00:00,2026-07-25 10:43:23.392726+00:00,ambiente,raspberry_pi_4,camera,28.1,29.3,29.0
490,_result,0,2026-07-25 09:33:36.488961+00:00,2026-07-25 12:33:36.488961+00:00,2026-07-25 10:43:28.652963+00:00,ambiente,raspberry_pi_4,camera,28.1,29.3,29.0
491,_result,0,2026-07-25 09:33:36.488961+00:00,2026-07-25 12:33:36.488961+00:00,2026-07-25 10:43:33.922182+00:00,ambiente,raspberry_pi_4,camera,28.1,29.3,29.0
492,_result,0,2026-07-25 09:33:36.488961+00:00,2026-07-25 12:33:36.488961+00:00,2026-07-25 10:43:39.183175+00:00,ambiente,raspberry_pi_4,camera,28.1,29.3,29.0
493,_result,0,2026-07-25 09:33:36.488961+00:00,2026-07-25 12:33:36.488961+00:00,2026-07-25 10:43:44.455172+00:00,ambiente,raspberry_pi_4,camera,28.1,29.3,29.0
494,_result,0,2026-07-25 09:33:36.488961+00:00,2026-07-25 12:33:36.488961+00:00,2026-07-25 10:43:49.715183+00:00,ambiente,raspberry_pi_4,camera,28.1,29.3,29.0
495,_result,0,2026-07-25 09:33:36.488961+00:00,2026-07-25 12:33:36.488961+00:00,2026-07-25 10:43:54.985230+00:00,ambiente,raspberry_pi_4,camera,28.1,29.3,29.0
496,_result,0,2026-07-25 09:33:36.488961+00:00,2026-07-25 12:33:36.488961+00:00,2026-07-25 10:44:00.246267+00:00,ambiente,raspberry_pi_4,camera,28.1,29.3,29.0
497,_result,0,2026-07-25 09:33:36.488961+00:00,2026-07-25 12:33:36.488961+00:00,2026-07-25 10:44:05.515941+00:00,ambiente,raspberry_pi_4,camera,28.1,29.3,29.0
498,_result,0,2026-07-25 09:33:36.488961+00:00,2026-07-25 12:33:36.488961+00:00,2026-07-25 10:44:10.777935+00:00,ambiente,raspberry_pi_4,camera,28.1,29.3,29.0
499,_result,0,2026-07-25 09:33:36.488961+00:00,2026-07-25 12:33:36.488961+00:00,2026-07-25 10:44:16.047380+00:00,ambiente,raspberry_pi_4,camera,28.1,29.3,29.0
500,_result,0,2026-07-25 09:33:36.488961+00:00,2026-07-25 12:33:36.488961+00:00,2026-07-25 10:44:21.307589+00:00,ambiente,raspberry_pi_4,camera,28.1,29.3,29.0
501,_result,0,2026-07-25 09:33:36.488961+00:00,2026-07-25 12:33:36.488961+00:00,2026-07-25 10:44:26.577710+00:00,ambiente,raspberry_pi_4,camera,28.1,29.3,29.0
502,_result,0,2026-07-25 09:33:36.488961+00:00,2026-07-25 12:33:36.488961+00:00,2026-07-25 10:44:31.837792+00:00,ambiente,raspberry_pi_4,camera,28.1,29.3,29.0
503,_result,0,2026-07-25 09:33:36.488961+00:00,2026-07-25 12:33:36.488961+00:00,2026-07-25 10:44:37.107489+00:00,ambiente,raspberry_pi_4,camera,28.1,29.3,29.0
504,_result,0,2026-07-25 09:33:36.488961+00:00,2026-07-25 12:33:36.488961+00:00,2026-07-25 10:44:42.369161+00:00,ambiente,raspberry_pi_4,camera,28.1,29.3,29.0
505,_result,0,2026-07-25 09:33:36.488961+00:00,2026-07-25 12:33:36.488961+00:00,2026-07-25 10:44:47.638757+00:00,ambiente,raspberry_pi_4,camera,28.1,29.3,29.0
506,_result,0,2026-07-25 09:33:36.488961+00:00,2026-07-25 12:33:36.488961+00:00,2026-07-25 10:44:52.898937+00:00,ambiente,raspberry_pi_4,camera,28.1,29.3,29.0
507,_result,0,2026-07-25 09:33:36.488961+00:00,2026-07-25 12:33:36.488961+00:00,2026-07-25 10:45:03.423065+00:00,ambiente,raspberry_pi_4,camera,28.1,29.3,29.0
508,_result,0,2026-07-25 09:33:36.488961+00:00,2026-07-25 12:33:36.488961+00:00,2026-07-25 10:45:08.692603+00:00,ambiente,raspberry_pi_4,camera,28.1,29.3,29.0
509,_result,0,2026-07-25 09:33:36.488961+00:00,2026-07-25 12:33:36.488961+00:00,2026-07-25 10:45:13.954456+00:00,ambiente,raspberry_pi_4,camera,28.1,29.3,29.0
510,_result,0,2026-07-25 09:33:36.488961+00:00,2026-07-25 12:33:36.488961+00:00,2026-07-25 10:45:19.224404+00:00,ambiente,raspberry_pi_4,camera,28.1,29.3,29.0
511,_result,0,2026-07-25 09:33:36.488961+00:00,2026-07-25 12:33:36.488961+00:00,2026-07-25 10:45:29.748381+00:00,ambiente,raspberry_pi_4,camera,28.1,29.3,29.0
512,_result,0,2026-07-25 09:33:36.488961+00:00,2026-07-25 12:33:36.488961+00:00,2026-07-25 10:45:35.008803+00:00,ambiente,raspberry_pi_4,camera,28.1,29.3,29.0
513,_result,0,2026-07-25 09:33:36.488961+00:00,2026-07-25 12:33:36.488961+00:00,2026-07-25 10:45:40.279863+00:00,ambiente,raspberry_pi_4,camera,28.1,29.3,29.0
514,_result,0,2026-07-25 09:33:36.488961+00:00,2026-07-25 12:33:36.488961+00:00,2026-07-25 10:45:45.540255+00:00,ambiente,raspberry_pi_4,camera,28.1,29.3,29.0
515,_result,0,2026-07-25 09:33:36.488961+00:00,2026-07-25 12:33:36.488961+00:00,2026-07-25 10:45:50.810073+00:00,ambiente,raspberry_pi_4,camera,28.1,29.3,29.0
516,_result,0,2026-07-25 09:33:36.488961+00:00,2026-07-25 12:33:36.488961+00:00,2026-07-25 10:45:56.070287+00:00,ambiente,raspberry_pi_4,camera,28.1,29.3,29.0
517,_result,0,2026-07-25 09:33:36.488961+00:00,2026-07-25 12:33:36.488961+00:00,2026-07-25 10:46:01.340655+00:00,ambiente,raspberry_pi_4,camera,28.1,29.3,29.0
518,_result,0,2026-07-25 09:33:36.488961+00:00,2026-07-25 12:33:36.488961+00:00,2026-07-25 10:46:06.600611+00:00,ambiente,raspberry_pi_4,camera,28.1,29.3,29.0
519,_result,0,2026-07-25 09:33:36.488961+00:00,2026-07-25 12:33:36.488961+00:00,2026-07-25 10:46:11.872107+00:00,ambiente,raspberry_pi_4,camera,28.1,29.3,29.0
520,_result,0,2026-07-25 09:33:36.488961+00:00,2026-07-25 12:33:36.488961+00:00,2026-07-25 10:46:17.132150+00:00,ambiente,raspberry_pi_4,camera,28.1,29.3,29.0
521,_result,0,2026-07-25 09:33:36.488961+00:00,2026-07-25 12:33:36.488961+00:00,2026-07-25 10:46:22.401731+00:00,ambiente,raspberry_pi_4,camera,28.1,29.3,29.0
522,_result,0,2026-07-25 09:33:36.488961+00:00,2026-07-25 12:33:36.488961+00:00,2026-07-25 10:46:27.662067+00:00,ambiente,raspberry_pi_4,camera,28.1,29.3,29.0
523,_result,0,2026-07-25 09:33:36.488961+00:00,2026-07-25 12:33:36.488961+00:00,2026-07-25 10:46:32.931657+00:00,ambiente,raspberry_pi_4,camera,28.1,29.3,29.0
524,_result,0,2026-07-25 09:33:36.488961+00:00,2026-07-25 12:33:36.488961+00:00,2026-07-25 10:46:38.191832+00:00,ambiente,raspberry_pi_4,camera,28.1,29.3,29.0
525,_result,0,2026-07-25 09:33:36.488961+00:00,2026-07-25 12:33:36.488961+00:00,2026-07-25 10:46:43.463214+00:00,ambiente,raspberry_pi_4,camera,28.1,29.3,29.0
526,_result,0,2026-07-25 09:33:36.488961+00:00,2026-07-25 12:33:36.488961+00:00,2026-07-25 10:46:48.723336+00:00,ambiente,raspberry_pi_4,camera,28.1,29.3,29.0
527,_result,0,2026-07-25 09:33:36.488961+00:00,2026-07-25 12:33:36.488961+00:00,2026-07-25 10:46:53.993128+00:00,ambiente,raspberry_pi_4,camera,28.1,29.3,29.0
528,_result,0,2026-07-25 09:33:36.488961+00:00,2026-07-25 12:33:36.488961+00:00,2026-07-25 10:46:59.253623+00:00,ambiente,raspberry_pi_4,camera,28.1,29.3,30.0
529,_result,0,2026-07-25 09:33:36.488961+00:00,2026-07-25 12:33:36.488961+00:00,2026-07-25 10:47:04.523388+00:00,ambiente,raspberry_pi_4,camera,28.1,29.3,29.0
530,_result,0,2026-07-25 09:33:36.488961+00:00,2026-07-25 12:33:36.488961+00:00,2026-07-25 10:47:09.783676+00:00,ambiente,raspberry_pi_4,camera,28.1,29.3,29.0
531,_result,0,2026-07-25 09:33:36.488961+00:00,2026-07-25 12:33:36.488961+00:00,2026-07-25 10:47:15.056181+00:00,ambiente,raspberry_pi_4,camera,28.1,29.3,30.0
532,_result,0,2026-07-25 09:33:36.488961+00:00,2026-07-25 12:33:36.488961+00:00,2026-07-25 10:47:20.316223+00:00,ambiente,raspberry_pi_4,camera,28.1,29.3,30.0
533,_result,0,2026-07-25 09:33:36.488961+00:00,2026-07-25 12:33:36.488961+00:00,2026-07-25 10:47:25.585874+00:00,ambiente,raspberry_pi_4,camera,28.1,29.3,29.0
534,_result,0,2026-07-25 09:33:36.488961+00:00,2026-07-25 12:33:36.488961+00:00,2026-07-25 10:47:30.845974+00:00,ambiente,raspberry_pi_4,camera,28.1,29.3,30.0
535,_result,0,2026-07-25 09:33:36.488961+00:00,2026-07-25 12:33:36.488961+00:00,2026-07-25 10:47:36.115627+00:00,ambiente,raspberry_pi_4,camera,28.1,29.3,30.0
536,_result,0,2026-07-25 09:33:36.488961+00:00,2026-07-25 12:33:36.488961+00:00,2026-07-25 10:47:41.377647+00:00,ambiente,raspberry_pi_4,camera,28.1,29.3,30.0
537,_result,0,2026-07-25 09:33:36.488961+00:00,2026-07-25 12:33:36.488961+00:00,2026-07-25 10:47:46.648098+00:00,ambiente,raspberry_pi_4,camera,28.1,29.3,30.0
538,_result,0,2026-07-25 09:33:36.488961+00:00,2026-07-25 12:33:36.488961+00:00,2026-07-25 10:47:51.908351+00:00,ambiente,raspberry_pi_4,camera,28.1,29.3,30.0
539,_result,0,2026-07-25 09:33:36.488961+00:00,2026-07-25 12:33:36.488961+00:00,2026-07-25 10:47:57.178028+00:00,ambiente,raspberry_pi_4,camera,28.1,29.3,30.0
540,_result,0,2026-07-25 09:33:36.488961+00:00,2026-07-25 12:33:36.488961+00:00,2026-07-25 10:48:02.438129+00:00,ambiente,raspberry_pi_4,camera,28.1,29.3,29.0
541,_result,0,2026-07-25 09:33:36.488961+00:00,2026-07-25 12:33:36.488961+00:00,2026-07-25 10:48:07.707936+00:00,ambiente,raspberry_pi_4,camera,28.1,29.3,30.0
542,_result,0,2026-07-25 09:33:36.488961+00:00,2026-07-25 12:33:36.488961+00:00,2026-07-25 10:48:12.969631+00:00,ambiente,raspberry_pi_4,camera,28.1,29.3,30.0
543,_result,0,2026-07-25 09:33:36.488961+00:00,2026-07-25 12:33:36.488961+00:00,2026-07-25 10:48:18.238867+00:00,ambiente,raspberry_pi_4,camera,28.1,29.3,30.0
544,_result,0,2026-07-25 09:33:36.488961+00:00,2026-07-25 12:33:36.488961+00:00,2026-07-25 10:48:23.499060+00:00,ambiente,raspberry_pi_4,camera,28.1,29.3,30.0
545,_result,0,2026-07-25 09:33:36.488961+00:00,2026-07-25 12:33:36.488961+00:00,2026-07-25 10:48:28.768725+00:00,ambiente,raspberry_pi_4,camera,28.1,29.3,30.0
546,_result,0,2026-07-25 09:33:36.488961+00:00,2026-07-25 12:33:36.488961+00:00,2026-07-25 10:48:34.028738+00:00,ambiente,raspberry_pi_4,camera,28.1,29.3,30.0
547,_result,0,2026-07-25 09:33:36.488961+00:00,2026-07-25 12:33:36.488961+00:00,2026-07-25 10:48:39.300023+00:00,ambiente,raspberry_pi_4,camera,28.1,29.3,30.0
548,_result,0,2026-07-25 09:33:36.488961+00:00,2026-07-25 12:33:36.488961+00:00,2026-07-25 10:48:44.560512+00:00,ambiente,raspberry_pi_4,camera,28.1,29.3,30.0
549,_result,0,2026-07-25 09:33:36.488961+00:00,2026-07-25 12:33:36.488961+00:00,2026-07-25 10:48:49.830407+00:00,ambiente,raspberry_pi_4,camera,28.1,29.3,30.0
550,_result,0,2026-07-25 09:33:36.488961+00:00,2026-07-25 12:33:36.488961+00:00,2026-07-25 10:48:55.090298+00:00,ambiente,raspberry_pi_4,camera,28.1,29.3,30.0
551,_result,0,2026-07-25 09:33:36.488961+00:00,2026-07-25 12:33:36.488961+00:00,2026-07-25 10:49:00.360107+00:00,ambiente,raspberry_pi_4,camera,28.1,29.3,30.0
552,_result,0,2026-07-25 09:33:36.488961+00:00,2026-07-25 12:33:36.488961+00:00,2026-07-25 10:49:05.620165+00:00,ambiente,raspberry_pi_4,camera,28.1,29.3,30.0
553,_result,0,2026-07-25 09:33:36.488961+00:00,2026-07-25 12:33:36.488961+00:00,2026-07-25 10:49:10.891185+00:00,ambiente,raspberry_pi_4,camera,28.1,29.3,30.0
554,_result,0,2026-07-25 09:33:36.488961+00:00,2026-07-25 12:33:36.488961+00:00,2026-07-25 10:49:16.151190+00:00,ambiente,raspberry_pi_4,camera,28.1,29.3,30.0
555,_result,0,2026-07-25 09:33:36.488961+00:00,2026-07-25 12:33:36.488961+00:00,2026-07-25 10:49:21.421068+00:00,ambiente,raspberry_pi_4,camera,28.1,29.3,30.0
556,_result,0,2026-07-25 09:33:36.488961+00:00,2026-07-25 12:33:36.488961+00:00,2026-07-25 10:49:26.680973+00:00,ambiente,raspberry_pi_4,camera,28.1,29.3,29.0
557,_result,0,2026-07-25 09:33:36.488961+00:00,2026-07-25 12:33:36.488961+00:00,2026-07-25 10:49:31.950584+00:00,ambiente,raspberry_pi_4,camera,28.1,29.3,30.0
558,_result,0,2026-07-25 09:33:36.488961+00:00,2026-07-25 12:33:36.488961+00:00,2026-07-25 10:49:37.211286+00:00,ambiente,raspberry_pi_4,camera,28.1,29.3,29.0
559,_result,0,2026-07-25 09:33:36.488961+00:00,2026-07-25 12:33:36.488961+00:00,2026-07-25 10:49:42.482744+00:00,ambiente,raspberry_pi_4,camera,28.1,29.3,29.0
560,_result,0,2026-07-25 09:33:36.488961+00:00,2026-07-25 12:33:36.488961+00:00,2026-07-25 10:49:47.742773+00:00,ambiente,raspberry_pi_4,camera,28.1,29.3,29.0
561,_result,0,2026-07-25 09:33:36.488961+00:00,2026-07-25 12:33:36.488961+00:00,2026-07-25 10:49:53.012120+00:00,ambiente,raspberry_pi_4,camera,28.1,29.3,29.0
562,_result,0,2026-07-25 09:33:36.488961+00:00,2026-07-25 12:33:36.488961+00:00,2026-07-25 10:49:58.272396+00:00,ambiente,raspberry_pi_4,camera,28.1,29.3,29.0
563,_result,0,2026-07-25 09:33:36.488961+00:00,2026-07-25 12:33:36.488961+00:00,2026-07-25 10:50:03.541738+00:00,ambiente,raspberry_pi_4,camera,28.1,29.3,29.0
564,_result,0,2026-07-25 09:33:36.488961+00:00,2026-07-25 12:33:36.488961+00:00,2026-07-25 10:50:08.801785+00:00,ambiente,raspberry_pi_4,camera,28.1,29.3,29.0
565,_result,0,2026-07-25 09:33:36.488961+00:00,2026-07-25 12:33:36.488961+00:00,2026-07-25 10:50:14.072602+00:00,ambiente,raspberry_pi_4,camera,28.1,29.3,29.0
566,_result,0,2026-07-25 09:33:36.488961+00:00,2026-07-25 12:33:36.488961+00:00,2026-07-25 10:50:19.332469+00:00,ambiente,raspberry_pi_4,camera,28.1,29.3,29.0
567,_result,0,2026-07-25 09:33:36.488961+00:00,2026-07-25 12:33:36.488961+00:00,2026-07-25 10:50:24.602131+00:00,ambiente,raspberry_pi_4,camera,28.1,29.3,29.0
568,_result,0,2026-07-25 09:33:36.488961+00:00,2026-07-25 12:33:36.488961+00:00,2026-07-25 10:50:29.861983+00:00,ambiente,raspberry_pi_4,camera,28.1,29.3,29.0
569,_result,0,2026-07-25 09:33:36.488961+00:00,2026-07-25 12:33:36.488961+00:00,2026-07-25 10:50:35.131688+00:00,ambiente,raspberry_pi_4,camera,28.1,29.3,30.0
570,_result,0,2026-07-25 09:33:36.488961+00:00,2026-07-25 12:33:36.488961+00:00,2026-07-25 10:50:40.393452+00:00,ambiente,raspberry_pi_4,camera,28.1,29.3,30.0
571,_result,0,2026-07-25 09:33:36.488961+00:00,2026-07-25 12:33:36.488961+00:00,2026-07-25 10:50:45.662737+00:00,ambiente,raspberry_pi_4,camera,28.1,29.3,29.0
572,_result,0,2026-07-25 09:33:36.488961+00:00,2026-07-25 12:33:36.488961+00:00,2026-07-25 10:50:50.922725+00:00,ambiente,raspberry_pi_4,camera,28.1,29.3,29.0
573,_result,0,2026-07-25 09:33:36.488961+00:00,2026-07-25 12:33:36.488961+00:00,2026-07-25 10:50:56.193395+00:00,ambiente,raspberry_pi_4,camera,28.1,29.3,29.0
574,_result,0,2026-07-25 09:33:36.488961+00:00,2026-07-25 12:33:36.488961+00:00,2026-07-25 10:51:01.453264+00:00,ambiente,raspberry_pi_4,camera,28.1,29.3,29.0
575,_result,0,2026-07-25 09:33:36.488961+00:00,2026-07-25 12:33:36.488961+00:00,2026-07-25 10:51:06.722970+00:00,ambiente,raspberry_pi_4,camera,28.1,29.3,29.0
576,_result,0,2026-07-25 09:33:36.488961+00:00,2026-07-25 12:33:36.488961+00:00,2026-07-25 10:51:11.984628+00:00,ambiente,raspberry_pi_4,camera,28.1,29.3,29.0
577,_result,0,2026-07-25 09:33:36.488961+00:00,2026-07-25 12:33:36.488961+00:00,2026-07-25 10:51:17.254887+00:00,ambiente,raspberry_pi_4,camera,28.1,29.3,29.0
578,_result,0,2026-07-25 09:33:36.488961+00:00,2026-07-25 12:33:36.488961+00:00,2026-07-25 10:51:22.522324+00:00,ambiente,raspberry_pi_4,camera,28.1,29.3,29.0
579,_result,0,2026-07-25 09:33:36.488961+00:00,2026-07-25 12:33:36.488961+00:00,2026-07-25 10:51:27.793387+00:00,ambiente,raspberry_pi_4,camera,28.1,29.3,29.0
580,_result,0,2026-07-25 09:33:36.488961+00:00,2026-07-25 12:33:36.488961+00:00,2026-07-25 10:51:33.054260+00:00,ambiente,raspberry_pi_4,camera,28.1,29.3,29.0
581,_result,0,2026-07-25 09:33:36.488961+00:00,2026-07-25 12:33:36.488961+00:00,2026-07-25 10:51:38.323722+00:00,ambiente,raspberry_pi_4,camera,28.1,29.3,29.0
582,_result,0,2026-07-25 09:33:36.488961+00:00,2026-07-25 12:33:36.488961+00:00,2026-07-25 10:51:48.849508+00:00,ambiente,raspberry_pi_4,camera,28.1,29.3,29.0
583,_result,0,2026-07-25 09:33:36.488961+00:00,2026-07-25 12:33:36.488961+00:00,2026-07-25 10:51:54.109751+00:00,ambiente,raspberry_pi_4,camera,28.1,29.3,29.0
584,_result,0,2026-07-25 09:33:36.488961+00:00,2026-07-25 12:33:36.488961+00:00,2026-07-25 10:51:59.379727+00:00,ambiente,raspberry_pi_4,camera,28.1,29.3,29.0
585,_result,0,2026-07-25 09:33:36.488961+00:00,2026-07-25 12:33:36.488961+00:00,2026-07-25 10:52:04.639955+00:00,ambiente,raspberry_pi_4,camera,28.1,29.3,29.0
586,_result,0,2026-07-25 09:33:36.488961+00:00,2026-07-25 12:33:36.488961+00:00,2026-07-25 10:52:09.911764+00:00,ambiente,raspberry_pi_4,camera,28.1,29.3,29.0
587,_result,0,2026-07-25 09:33:36.488961+00:00,2026-07-25 12:33:36.488961+00:00,2026-07-25 10:52:15.172040+00:00,ambiente,raspberry_pi_4,camera,28.1,29.3,29.0
588,_result,0,2026-07-25 09:33:36.488961+00:00,2026-07-25 12:33:36.488961+00:00,2026-07-25 10:52:20.441501+00:00,ambiente,raspberry_pi_4,camera,28.1,29.3,29.0
589,_result,0,2026-07-25 09:33:36.488961+00:00,2026-07-25 12:33:36.488961+00:00,2026-07-25 10:52:25.701941+00:00,ambiente,raspberry_pi_4,camera,28.1,29.3,29.0
590,_result,0,2026-07-25 09:33:36.488961+00:00,2026-07-25 12:33:36.488961+00:00,2026-07-25 10:52:30.971424+00:00,ambiente,raspberry_pi_4,camera,28.1,29.3,29.0
591,_result,0,2026-07-25 09:33:36.488961+00:00,2026-07-25 12:33:36.488961+00:00,2026-07-25 10:52:36.231654+00:00,ambiente,raspberry_pi_4,camera,28.1,29.3,29.0
592,_result,0,2026-07-25 09:33:36.488961+00:00,2026-07-25 12:33:36.488961+00:00,2026-07-25 10:52:41.503439+00:00,ambiente,raspberry_pi_4,camera,28.1,29.3,29.0
593,_result,0,2026-07-25 09:33:36.488961+00:00,2026-07-25 12:33:36.488961+00:00,2026-07-25 10:52:46.763570+00:00,ambiente,raspberry_pi_4,camera,28.1,29.3,29.0
594,_result,0,2026-07-25 09:33:36.488961+00:00,2026-07-25 12:33:36.488961+00:00,2026-07-25 10:52:52.032978+00:00,ambiente,raspberry_pi_4,camera,28.1,29.3,30.0
595,_result,0,2026-07-25 09:33:36.488961+00:00,2026-07-25 12:33:36.488961+00:00,2026-07-25 10:52:57.293410+00:00,ambiente,raspberry_pi_4,camera,28.1,29.3,30.0
596,_result,0,2026-07-25 09:33:36.488961+00:00,2026-07-25 12:33:36.488961+00:00,2026-07-25 10:53:02.562868+00:00,ambiente,raspberry_pi_4,camera,28.1,29.3,30.0
597,_result,0,2026-07-25 09:33:36.488961+00:00,2026-07-25 12:33:36.488961+00:00,2026-07-25 10:53:07.823147+00:00,ambiente,raspberry_pi_4,camera,28.1,29.3,30.0
598,_result,0,2026-07-25 09:33:36.488961+00:00,2026-07-25 12:33:36.488961+00:00,2026-07-25 10:53:13.094671+00:00,ambiente,raspberry_pi_4,camera,28.1,29.3,30.0
599,_result,0,2026-07-25 09:33:36.488961+00:00,2026-07-25 12:33:36.488961+00:00,2026-07-25 10:53:18.354685+00:00,ambiente,raspberry_pi_4,camera,28.1,29.3,29.0
600,_result,0,2026-07-25 09:33:36.488961+00:00,2026-07-25 12:33:36.488961+00:00,2026-07-25 10:53:23.625378+00:00,ambiente,raspberry_pi_4,camera,28.1,29.3,29.0
601,_result,0,2026-07-25 09:33:36.488961+00:00,2026-07-25 12:33:36.488961+00:00,2026-07-25 10:53:28.885332+00:00,ambiente,raspberry_pi_4,camera,28.1,29.3,29.0
602,_result,0,2026-07-25 09:33:36.488961+00:00,2026-07-25 12:33:36.488961+00:00,2026-07-25 10:53:34.155175+00:00,ambiente,raspberry_pi_4,camera,28.1,29.3,29.0
603,_result,0,2026-07-25 09:33:36.488961+00:00,2026-07-25 12:33:36.488961+00:00,2026-07-25 10:53:39.415400+00:00,ambiente,raspberry_pi_4,camera,28.1,29.3,29.0
604,_result,0,2026-07-25 09:33:36.488961+00:00,2026-07-25 12:33:36.488961+00:00,2026-07-25 10:53:44.686812+00:00,ambiente,raspberry_pi_4,camera,28.1,29.3,29.0
605,_result,0,2026-07-25 09:33:36.488961+00:00,2026-07-25 12:33:36.488961+00:00,2026-07-25 10:53:49.946769+00:00,ambiente,raspberry_pi_4,camera,28.1,29.3,29.0
606,_result,0,2026-07-25 09:33:36.488961+00:00,2026-07-25 12:33:36.488961+00:00,2026-07-25 10:53:55.216744+00:00,ambiente,raspberry_pi_4,camera,28.1,29.3,29.0
607,_result,0,2026-07-25 09:33:36.488961+00:00,2026-07-25 12:33:36.488961+00:00,2026-07-25 10:54:00.476844+00:00,ambiente,raspberry_pi_4,camera,28.1,29.3,29.0
608,_result,0,2026-07-25 09:33:36.488961+00:00,2026-07-25 12:33:36.488961+00:00,2026-07-25 10:54:11.000489+00:00,ambiente,raspberry_pi_4,camera,28.1,29.3,29.0
609,_result,0,2026-07-25 09:33:36.488961+00:00,2026-07-25 12:33:36.488961+00:00,2026-07-25 10:54:16.269879+00:00,ambiente,raspberry_pi_4,camera,28.1,29.3,29.0
610,_result,0,2026-07-25 09:33:36.488961+00:00,2026-07-25 12:33:36.488961+00:00,2026-07-25 10:54:21.530348+00:00,ambiente,raspberry_pi_4,camera,28.1,29.3,29.0
611,_result,0,2026-07-25 09:33:36.488961+00:00,2026-07-25 12:33:36.488961+00:00,2026-07-25 10:54:26.799975+00:00,ambiente,raspberry_pi_4,camera,28.1,29.3,29.0
612,_result,0,2026-07-25 09:33:36.488961+00:00,2026-07-25 12:33:36.488961+00:00,2026-07-25 10:54:32.060256+00:00,ambiente,raspberry_pi_4,camera,28.1,29.3,29.0
613,_result,0,2026-07-25 09:33:36.488961+00:00,2026-07-25 12:33:36.488961+00:00,2026-07-25 10:54:37.329913+00:00,ambiente,raspberry_pi_4,camera,28.1,29.3,29.0
614,_result,0,2026-07-25 09:33:36.488961+00:00,2026-07-25 12:33:36.488961+00:00,2026-07-25 10:54:42.591580+00:00,ambiente,raspberry_pi_4,camera,28.1,29.3,29.0
615,_result,0,2026-07-25 09:33:36.488961+00:00,2026-07-25 12:33:36.488961+00:00,2026-07-25 10:54:47.861321+00:00,ambiente,raspberry_pi_4,camera,28.1,29.3,29.0
616,_result,0,2026-07-25 09:33:36.488961+00:00,2026-07-25 12:33:36.488961+00:00,2026-07-25 10:54:53.121280+00:00,ambiente,raspberry_pi_4,camera,28.1,29.3,29.0
617,_result,0,2026-07-25 09:33:36.488961+00:00,2026-07-25 12:33:36.488961+00:00,2026-07-25 10:54:58.390923+00:00,ambiente,raspberry_pi_4,camera,28.1,29.3,29.0
618,_result,0,2026-07-25 09:33:36.488961+00:00,2026-07-25 12:33:36.488961+00:00,2026-07-25 10:55:03.651399+00:00,ambiente,raspberry_pi_4,camera,28.1,29.3,29.0
619,_result,0,2026-07-25 09:33:36.488961+00:00,2026-07-25 12:33:36.488961+00:00,2026-07-25 10:55:08.921955+00:00,ambiente,raspberry_pi_4,camera,28.1,29.3,29.0
620,_result,0,2026-07-25 09:33:36.488961+00:00,2026-07-25 12:33:36.488961+00:00,2026-07-25 10:55:14.184897+00:00,ambiente,raspberry_pi_4,camera,28.1,29.3,29.0
621,_result,0,2026-07-25 09:33:36.488961+00:00,2026-07-25 12:33:36.488961+00:00,2026-07-25 10:55:19.454386+00:00,ambiente,raspberry_pi_4,camera,28.1,29.3,29.0
622,_result,0,2026-07-25 09:33:36.488961+00:00,2026-07-25 12:33:36.488961+00:00,2026-07-25 10:55:24.714282+00:00,ambiente,raspberry_pi_4,camera,28.1,29.3,29.0
623,_result,0,2026-07-25 09:33:36.488961+00:00,2026-07-25 12:33:36.488961+00:00,2026-07-25 10:55:29.983998+00:00,ambiente,raspberry_pi_4,camera,28.1,29.3,29.0
624,_result,0,2026-07-25 09:33:36.488961+00:00,2026-07-25 12:33:36.488961+00:00,2026-07-25 10:55:35.244275+00:00,ambiente,raspberry_pi_4,camera,28.1,29.3,29.0
625,_result,0,2026-07-25 09:33:36.488961+00:00,2026-07-25 12:33:36.488961+00:00,2026-07-25 10:55:40.516573+00:00,ambiente,raspberry_pi_4,camera,28.1,29.3,29.0
626,_result,0,2026-07-25 09:33:36.488961+00:00,2026-07-25 12:33:36.488961+00:00,2026-07-25 10:55:45.777111+00:00,ambiente,raspberry_pi_4,camera,28.1,29.3,30.0
627,_result,0,2026-07-25 09:33:36.488961+00:00,2026-07-25 12:33:36.488961+00:00,2026-07-25 10:55:51.047000+00:00,ambiente,raspberry_pi_4,camera,28.1,29.3,30.0
628,_result,0,2026-07-25 09:33:36.488961+00:00,2026-07-25 12:33:36.488961+00:00,2026-07-25 10:55:56.307265+00:00,ambiente,raspberry_pi_4,camera,28.1,29.3,30.0
629,_result,0,2026-07-25 09:33:36.488961+00:00,2026-07-25 12:33:36.488961+00:00,2026-07-25 10:56:01.576793+00:00,ambiente,raspberry_pi_4,camera,28.1,29.3,30.0
630,_result,0,2026-07-25 09:33:36.488961+00:00,2026-07-25 12:33:36.488961+00:00,2026-07-25 10:56:06.836852+00:00,ambiente,raspberry_pi_4,camera,28.1,29.3,30.0
631,_result,0,2026-07-25 09:33:36.488961+00:00,2026-07-25 12:33:36.488961+00:00,2026-07-25 10:56:12.108590+00:00,ambiente,raspberry_pi_4,camera,28.1,29.3,30.0
632,_result,0,2026-07-25 09:33:36.488961+00:00,2026-07-25 12:33:36.488961+00:00,2026-07-25 10:56:17.368702+00:00,ambiente,raspberry_pi_4,camera,28.1,29.3,30.0
633,_result,0,2026-07-25 09:33:36.488961+00:00,2026-07-25 12:33:36.488961+00:00,2026-07-25 10:56:22.641569+00:00,ambiente,raspberry_pi_4,camera,28.1,29.3,30.0
634,_result,0,2026-07-25 09:33:36.488961+00:00,2026-07-25 12:33:36.488961+00:00,2026-07-25 10:56:27.901920+00:00,ambiente,raspberry_pi_4,camera,28.1,29.3,30.0
635,_result,0,2026-07-25 09:33:36.488961+00:00,2026-07-25 12:33:36.488961+00:00,2026-07-25 10:56:33.172233+00:00,ambiente,raspberry_pi_4,camera,28.1,29.3,30.0
636,_result,0,2026-07-25 09:33:36.488961+00:00,2026-07-25 12:33:36.488961+00:00,2026-07-25 10:56:38.432222+00:00,ambiente,raspberry_pi_4,camera,28.1,29.3,29.0
637,_result,0,2026-07-25 09:33:36.488961+00:00,2026-07-25 12:33:36.488961+00:00,2026-07-25 10:56:43.703622+00:00,ambiente,raspberry_pi_4,camera,28.1,29.3,30.0
638,_result,0,2026-07-25 09:33:36.488961+00:00,2026-07-25 12:33:36.488961+00:00,2026-07-25 10:56:48.963703+00:00,ambiente,raspberry_pi_4,camera,28.1,29.3,30.0
639,_result,0,2026-07-25 09:33:36.488961+00:00,2026-07-25 12:33:36.488961+00:00,2026-07-25 10:56:54.233452+00:00,ambiente,raspberry_pi_4,camera,28.1,29.3,29.0
640,_result,0,2026-07-25 09:33:36.488961+00:00,2026-07-25 12:33:36.488961+00:00,2026-07-25 10:57:04.757337+00:00,ambiente,raspberry_pi_4,camera,28.1,29.3,30.0
641,_result,0,2026-07-25 09:33:36.488961+00:00,2026-07-25 12:33:36.488961+00:00,2026-07-25 10:57:10.021252+00:00,ambiente,raspberry_pi_4,camera,28.1,29.3,30.0
642,_result,0,2026-07-25 09:33:36.488961+00:00,2026-07-25 12:33:36.488961+00:00,2026-07-25 10:57:15.290568+00:00,ambiente,raspberry_pi_4,camera,28.1,29.3,30.0
643,_result,0,2026-07-25 09:33:36.488961+00:00,2026-07-25 12:33:36.488961+00:00,2026-07-25 10:57:25.814446+00:00,ambiente,raspberry_pi_4,camera,28.1,29.3,30.0
644,_result,0,2026-07-25 09:33:36.488961+00:00,2026-07-25 12:33:36.488961+00:00,2026-07-25 10:57:31.074247+00:00,ambiente,raspberry_pi_4,camera,28.1,29.3,30.0
645,_result,0,2026-07-25 09:33:36.488961+00:00,2026-07-25 12:33:36.488961+00:00,2026-07-25 10:57:36.343996+00:00,ambiente,raspberry_pi_4,camera,28.1,29.3,30.0
646,_result,0,2026-07-25 09:33:36.488961+00:00,2026-07-25 12:33:36.488961+00:00,2026-07-25 10:57:41.605659+00:00,ambiente,raspberry_pi_4,camera,28.1,29.3,30.0
647,_result,0,2026-07-25 09:33:36.488961+00:00,2026-07-25 12:33:36.488961+00:00,2026-07-25 10:57:46.874978+00:00,ambiente,raspberry_pi_4,camera,28.1,29.3,30.0
648,_result,0,2026-07-25 09:33:36.488961+00:00,2026-07-25 12:33:36.488961+00:00,2026-07-25 10:57:52.135256+00:00,ambiente,raspberry_pi_4,camera,28.1,29.3,30.0
649,_result,0,2026-07-25 09:33:36.488961+00:00,2026-07-25 12:33:36.488961+00:00,2026-07-25 10:57:57.404638+00:00,ambiente,raspberry_pi_4,camera,28.1,29.3,30.0
650,_result,0,2026-07-25 09:33:36.488961+00:00,2026-07-25 12:33:36.488961+00:00,2026-07-25 10:58:02.664746+00:00,ambiente,raspberry_pi_4,camera,28.1,29.3,30.0
651,_result,0,2026-07-25 09:33:36.488961+00:00,2026-07-25 12:33:36.488961+00:00,2026-07-25 10:58:13.188198+00:00,ambiente,raspberry_pi_4,camera,28.1,29.3,30.0
652,_result,0,2026-07-25 09:33:36.488961+00:00,2026-07-25 12:33:36.488961+00:00,2026-07-25 10:58:18.457874+00:00,ambiente,raspberry_pi_4,camera,28.1,29.3,30.0
653,_result,0,2026-07-25 09:33:36.488961+00:00,2026-07-25 12:33:36.488961+00:00,2026-07-25 10:58:23.717704+00:00,ambiente,raspberry_pi_4,camera,28.2,29.3,31.0
654,_result,0,2026-07-25 09:33:36.488961+00:00,2026-07-25 12:33:36.488961+00:00,2026-07-25 10:58:28.986991+00:00,ambiente,raspberry_pi_4,camera,28.1,29.3,30.0
655,_result,0,2026-07-25 09:33:36.488961+00:00,2026-07-25 12:33:36.488961+00:00,2026-07-25 10:58:34.247116+00:00,ambiente,raspberry_pi_4,camera,28.1,29.3,30.0
656,_result,0,2026-07-25 09:33:36.488961+00:00,2026-07-25 12:33:36.488961+00:00,2026-07-25 10:58:39.518225+00:00,ambiente,raspberry_pi_4,camera,28.1,29.3,30.0
657,_result,0,2026-07-25 09:33:36.488961+00:00,2026-07-25 12:33:36.488961+00:00,2026-07-25 10:58:44.778208+00:00,ambiente,raspberry_pi_4,camera,28.1,29.3,30.0
658,_result,0,2026-07-25 09:33:36.488961+00:00,2026-07-25 12:33:36.488961+00:00,2026-07-25 10:58:50.048091+00:00,ambiente,raspberry_pi_4,camera,28.1,29.3,30.0
659,_result,0,2026-07-25 09:33:36.488961+00:00,2026-07-25 12:33:36.488961+00:00,2026-07-25 10:58:55.308098+00:00,ambiente,raspberry_pi_4,camera,28.1,29.3,30.0
660,_result,0,2026-07-25 09:33:36.488961+00:00,2026-07-25 12:33:36.488961+00:00,2026-07-25 10:59:00.577712+00:00,ambiente,raspberry_pi_4,camera,28.1,29.3,30.0
661,_result,0,2026-07-25 09:33:36.488961+00:00,2026-07-25 12:33:36.488961+00:00,2026-07-25 10:59:05.839389+00:00,ambiente,raspberry_pi_4,camera,28.1,29.3,30.0
662,_result,0,2026-07-25 09:33:36.488961+00:00,2026-07-25 12:33:36.488961+00:00,2026-07-25 10:59:11.110875+00:00,ambiente,raspberry_pi_4,camera,28.1,29.3,30.0
663,_result,0,2026-07-25 09:33:36.488961+00:00,2026-07-25 12:33:36.488961+00:00,2026-07-25 10:59:16.371333+00:00,ambiente,raspberry_pi_4,camera,28.1,29.3,30.0
664,_result,0,2026-07-25 09:33:36.488961+00:00,2026-07-25 12:33:36.488961+00:00,2026-07-25 10:59:21.642189+00:00,ambiente,raspberry_pi_4,camera,28.1,29.3,30.0
665,_result,0,2026-07-25 09:33:36.488961+00:00,2026-07-25 12:33:36.488961+00:00,2026-07-25 10:59:26.902160+00:00,ambiente,raspberry_pi_4,camera,28.1,29.3,30.0
666,_result,0,2026-07-25 09:33:36.488961+00:00,2026-07-25 12:33:36.488961+00:00,2026-07-25 10:59:32.172595+00:00,ambiente,raspberry_pi_4,camera,28.1,29.3,30.0
667,_result,0,2026-07-25 09:33:36.488961+00:00,2026-07-25 12:33:36.488961+00:00,2026-07-25 10:59:37.432652+00:00,ambiente,raspberry_pi_4,camera,28.1,29.3,30.0
668,_result,0,2026-07-25 09:33:36.488961+00:00,2026-07-25 12:33:36.488961+00:00,2026-07-25 10:59:42.704465+00:00,ambiente,raspberry_pi_4,camera,28.1,29.3,30.0
669,_result,0,2026-07-25 09:33:36.488961+00:00,2026-07-25 12:33:36.488961+00:00,2026-07-25 10:59:47.964657+00:00,ambiente,raspberry_pi_4,camera,28.1,29.3,30.0
670,_result,0,2026-07-25 09:33:36.488961+00:00,2026-07-25 12:33:36.488961+00:00,2026-07-25 10:59:53.234230+00:00,ambiente,raspberry_pi_4,camera,28.1,29.3,30.0
671,_result,0,2026-07-25 09:33:36.488961+00:00,2026-07-25 12:33:36.488961+00:00,2026-07-25 10:59:58.494855+00:00,ambiente,raspberry_pi_4,camera,28.1,29.3,30.0
672,_result,0,2026-07-25 09:33:36.488961+00:00,2026-07-25 12:33:36.488961+00:00,2026-07-25 11:00:03.764385+00:00,ambiente,raspberry_pi_4,camera,28.1,29.3,30.0
673,_result,0,2026-07-25 09:33:36.488961+00:00,2026-07-25 12:33:36.488961+00:00,2026-07-25 11:00:09.024525+00:00,ambiente,raspberry_pi_4,camera,28.1,29.3,30.0
674,_result,0,2026-07-25 09:33:36.488961+00:00,2026-07-25 12:33:36.488961+00:00,2026-07-25 11:00:14.296151+00:00,ambiente,raspberry_pi_4,camera,28.1,29.3,30.0
675,_result,0,2026-07-25 09:33:36.488961+00:00,2026-07-25 12:33:36.488961+00:00,2026-07-25 11:00:19.556735+00:00,ambiente,raspberry_pi_4,camera,28.1,29.3,30.0
676,_result,0,2026-07-25 09:33:36.488961+00:00,2026-07-25 12:33:36.488961+00:00,2026-07-25 11:00:24.826323+00:00,ambiente,raspberry_pi_4,camera,28.1,29.3,30.0
677,_result,0,2026-07-25 09:33:36.488961+00:00,2026-07-25 12:33:36.488961+00:00,2026-07-25 11:00:30.086601+00:00,ambiente,raspberry_pi_4,camera,28.1,29.3,30.0
678,_result,0,2026-07-25 09:33:36.488961+00:00,2026-07-25 12:33:36.488961+00:00,2026-07-25 11:00:35.356418+00:00,ambiente,raspberry_pi_4,camera,28.1,29.3,30.0
679,_result,0,2026-07-25 09:33:36.488961+00:00,2026-07-25 12:33:36.488961+00:00,2026-07-25 11:00:45.882556+00:00,ambiente,raspberry_pi_4,camera,28.1,29.3,30.0
680,_result,0,2026-07-25 09:33:36.488961+00:00,2026-07-25 12:33:36.488961+00:00,2026-07-25 11:00:51.143087+00:00,ambiente,raspberry_pi_4,camera,28.1,29.3,30.0
681,_result,0,2026-07-25 09:33:36.488961+00:00,2026-07-25 12:33:36.488961+00:00,2026-07-25 11:00:56.412581+00:00,ambiente,raspberry_pi_4,camera,28.1,29.3,30.0
682,_result,0,2026-07-25 09:33:36.488961+00:00,2026-07-25 12:33:36.488961+00:00,2026-07-25 11:01:01.673660+00:00,ambiente,raspberry_pi_4,camera,28.1,29.3,30.0
683,_result,0,2026-07-25 09:33:36.488961+00:00,2026-07-25 12:33:36.488961+00:00,2026-07-25 11:01:06.943136+00:00,ambiente,raspberry_pi_4,camera,28.1,29.3,30.0
684,_result,0,2026-07-25 09:33:36.488961+00:00,2026-07-25 12:33:36.488961+00:00,2026-07-25 11:01:12.204611+00:00,ambiente,raspberry_pi_4,camera,28.1,29.3,30.0
685,_result,0,2026-07-25 09:33:36.488961+00:00,2026-07-25 12:33:36.488961+00:00,2026-07-25 11:01:17.474064+00:00,ambiente,raspberry_pi_4,camera,28.1,29.3,30.0
686,_result,0,2026-07-25 09:33:36.488961+00:00,2026-07-25 12:33:36.488961+00:00,2026-07-25 11:01:22.734502+00:00,ambiente,raspberry_pi_4,camera,28.1,29.3,30.0
687,_result,0,2026-07-25 09:33:36.488961+00:00,2026-07-25 12:33:36.488961+00:00,2026-07-25 11:01:28.004028+00:00,ambiente,raspberry_pi_4,camera,28.1,29.3,30.0
688,_result,0,2026-07-25 09:33:36.488961+00:00,2026-07-25 12:33:36.488961+00:00,2026-07-25 11:01:33.264077+00:00,ambiente,raspberry_pi_4,camera,28.1,29.3,30.0
689,_result,0,2026-07-25 09:33:36.488961+00:00,2026-07-25 12:33:36.488961+00:00,2026-07-25 11:01:38.533719+00:00,ambiente,raspberry_pi_4,camera,28.1,29.3,30.0
690,_result,0,2026-07-25 09:33:36.488961+00:00,2026-07-25 12:33:36.488961+00:00,2026-07-25 11:01:43.795382+00:00,ambiente,raspberry_pi_4,camera,28.1,29.3,30.0
691,_result,0,2026-07-25 09:33:36.488961+00:00,2026-07-25 12:33:36.488961+00:00,2026-07-25 11:01:49.065215+00:00,ambiente,raspberry_pi_4,camera,28.1,29.3,30.0
692,_result,0,2026-07-25 09:33:36.488961+00:00,2026-07-25 12:33:36.488961+00:00,2026-07-25 11:01:54.325220+00:00,ambiente,raspberry_pi_4,camera,28.1,29.3,30.0
693,_result,0,2026-07-25 09:33:36.488961+00:00,2026-07-25 12:33:36.488961+00:00,2026-07-25 11:01:59.595117+00:00,ambiente,raspberry_pi_4,camera,28.1,29.3,30.0
694,_result,0,2026-07-25 09:33:36.488961+00:00,2026-07-25 12:33:36.488961+00:00,2026-07-25 11:02:04.855267+00:00,ambiente,raspberry_pi_4,camera,28.1,29.3,30.0
695,_result,0,2026-07-25 09:33:36.488961+00:00,2026-07-25 12:33:36.488961+00:00,2026-07-25 11:02:10.126491+00:00,ambiente,raspberry_pi_4,camera,28.1,29.3,30.0
696,_result,0,2026-07-25 09:33:36.488961+00:00,2026-07-25 12:33:36.488961+00:00,2026-07-25 11:02:20.650286+00:00,ambiente,raspberry_pi_4,camera,28.1,29.3,30.0
697,_result,0,2026-07-25 09:33:36.488961+00:00,2026-07-25 12:33:36.488961+00:00,2026-07-25 11:02:25.910689+00:00,ambiente,raspberry_pi_4,camera,28.1,29.3,30.0
698,_result,0,2026-07-25 09:33:36.488961+00:00,2026-07-25 12:33:36.488961+00:00,2026-07-25 11:02:31.184563+00:00,ambiente,raspberry_pi_4,camera,28.1,29.3,30.0
699,_result,0,2026-07-25 09:33:36.488961+00:00,2026-07-25 12:33:36.488961+00:00,2026-07-25 11:02:36.444663+00:00,ambiente,raspberry_pi_4,camera,28.1,29.3,30.0
700,_result,0,2026-07-25 09:33:36.488961+00:00,2026-07-25 12:33:36.488961+00:00,2026-07-25 11:02:41.715995+00:00,ambiente,raspberry_pi_4,camera,28.1,29.3,30.0
701,_result,0,2026-07-25 09:33:36.488961+00:00,2026-07-25 12:33:36.488961+00:00,2026-07-25 11:02:46.976144+00:00,ambiente,raspberry_pi_4,camera,28.1,29.3,30.0
702,_result,0,2026-07-25 09:33:36.488961+00:00,2026-07-25 12:33:36.488961+00:00,2026-07-25 11:02:52.246158+00:00,ambiente,raspberry_pi_4,camera,28.1,29.3,30.0
703,_result,0,2026-07-25 09:33:36.488961+00:00,2026-07-25 12:33:36.488961+00:00,2026-07-25 11:02:57.506110+00:00,ambiente,raspberry_pi_4,camera,28.1,29.3,30.0
704,_result,0,2026-07-25 09:33:36.488961+00:00,2026-07-25 12:33:36.488961+00:00,2026-07-25 11:03:02.776097+00:00,ambiente,raspberry_pi_4,camera,28.1,29.3,30.0
705,_result,0,2026-07-25 09:33:36.488961+00:00,2026-07-25 12:33:36.488961+00:00,2026-07-25 11:03:08.036153+00:00,ambiente,raspberry_pi_4,camera,28.1,29.3,30.0
706,_result,0,2026-07-25 09:33:36.488961+00:00,2026-07-25 12:33:36.488961+00:00,2026-07-25 11:03:13.307044+00:00,ambiente,raspberry_pi_4,camera,28.1,29.3,30.0
707,_result,0,2026-07-25 09:33:36.488961+00:00,2026-07-25 12:33:36.488961+00:00,2026-07-25 11:03:18.567209+00:00,ambiente,raspberry_pi_4,camera,28.1,29.3,30.0
708,_result,0,2026-07-25 09:33:36.488961+00:00,2026-07-25 12:33:36.488961+00:00,2026-07-25 11:03:23.836715+00:00,ambiente,raspberry_pi_4,camera,28.1,29.3,30.0
709,_result,0,2026-07-25 09:33:36.488961+00:00,2026-07-25 12:33:36.488961+00:00,2026-07-25 11:03:29.096736+00:00,ambiente,raspberry_pi_4,camera,28.1,29.3,30.0
710,_result,0,2026-07-25 09:33:36.488961+00:00,2026-07-25 12:33:36.488961+00:00,2026-07-25 11:03:34.366533+00:00,ambiente,raspberry_pi_4,camera,28.1,29.3,30.0
711,_result,0,2026-07-25 09:33:36.488961+00:00,2026-07-25 12:33:36.488961+00:00,2026-07-25 11:03:39.626736+00:00,ambiente,raspberry_pi_4,camera,28.1,29.3,30.0
712,_result,0,2026-07-25 09:33:36.488961+00:00,2026-07-25 12:33:36.488961+00:00,2026-07-25 11:03:44.897864+00:00,ambiente,raspberry_pi_4,camera,28.1,29.3,30.0
713,_result,0,2026-07-25 09:33:36.488961+00:00,2026-07-25 12:33:36.488961+00:00,2026-07-25 11:03:50.158154+00:00,ambiente,raspberry_pi_4,camera,28.1,29.3,30.0
714,_result,0,2026-07-25 09:33:36.488961+00:00,2026-07-25 12:33:36.488961+00:00,2026-07-25 11:03:55.427398+00:00,ambiente,raspberry_pi_4,camera,28.1,29.3,30.0
715,_result,0,2026-07-25 09:33:36.488961+00:00,2026-07-25 12:33:36.488961+00:00,2026-07-25 11:04:00.687404+00:00,ambiente,raspberry_pi_4,camera,28.1,29.3,30.0
716,_result,0,2026-07-25 09:33:36.488961+00:00,2026-07-25 12:33:36.488961+00:00,2026-07-25 11:04:05.957032+00:00,ambiente,raspberry_pi_4,camera,28.1,29.3,30.0
717,_result,0,2026-07-25 09:33:36.488961+00:00,2026-07-25 12:33:36.488961+00:00,2026-07-25 11:04:11.218635+00:00,ambiente,raspberry_pi_4,camera,28.1,29.3,30.0
718,_result,0,2026-07-25 09:33:36.488961+00:00,2026-07-25 12:33:36.488961+00:00,2026-07-25 11:04:16.488364+00:00,ambiente,raspberry_pi_4,camera,28.1,29.3,30.0
719,_result,0,2026-07-25 09:33:36.488961+00:00,2026-07-25 12:33:36.488961+00:00,2026-07-25 11:04:21.748369+00:00,ambiente,raspberry_pi_4,camera,28.1,29.3,30.0
720,_result,0,2026-07-25 09:33:36.488961+00:00,2026-07-25 12:33:36.488961+00:00,2026-07-25 11:04:27.017612+00:00,ambiente,raspberry_pi_4,camera,28.1,29.3,30.0
721,_result,0,2026-07-25 09:33:36.488961+00:00,2026-07-25 12:33:36.488961+00:00,2026-07-25 11:04:32.277984+00:00,ambiente,raspberry_pi_4,camera,28.1,29.3,30.0
722,_result,0,2026-07-25 09:33:36.488961+00:00,2026-07-25 12:33:36.488961+00:00,2026-07-25 11:04:37.547290+00:00,ambiente,raspberry_pi_4,camera,28.1,29.3,30.0
723,_result,0,2026-07-25 09:33:36.488961+00:00,2026-07-25 12:33:36.488961+00:00,2026-07-25 11:04:42.809510+00:00,ambiente,raspberry_pi_4,camera,28.1,29.3,30.0
724,_result,0,2026-07-25 09:33:36.488961+00:00,2026-07-25 12:33:36.488961+00:00,2026-07-25 11:04:48.078941+00:00,ambiente,raspberry_pi_4,camera,28.1,29.3,30.0
725,_result,0,2026-07-25 09:33:36.488961+00:00,2026-07-25 12:33:36.488961+00:00,2026-07-25 11:04:53.339308+00:00,ambiente,raspberry_pi_4,camera,28.1,29.3,30.0
726,_result,0,2026-07-25 09:33:36.488961+00:00,2026-07-25 12:33:36.488961+00:00,2026-07-25 11:04:58.608491+00:00,ambiente,raspberry_pi_4,camera,28.1,29.3,30.0
727,_result,0,2026-07-25 09:33:36.488961+00:00,2026-07-25 12:33:36.488961+00:00,2026-07-25 11:05:03.868451+00:00,ambiente,raspberry_pi_4,camera,28.1,29.3,30.0
728,_result,0,2026-07-25 09:33:36.488961+00:00,2026-07-25 12:33:36.488961+00:00,2026-07-25 11:05:09.140091+00:00,ambiente,raspberry_pi_4,camera,28.1,29.3,30.0
729,_result,0,2026-07-25 09:33:36.488961+00:00,2026-07-25 12:33:36.488961+00:00,2026-07-25 11:05:14.400046+00:00,ambiente,raspberry_pi_4,camera,28.1,29.3,30.0
730,_result,0,2026-07-25 09:33:36.488961+00:00,2026-07-25 12:33:36.488961+00:00,2026-07-25 11:05:19.669366+00:00,ambiente,raspberry_pi_4,camera,28.1,29.3,30.0
731,_result,0,2026-07-25 09:33:36.488961+00:00,2026-07-25 12:33:36.488961+00:00,2026-07-25 11:05:24.929845+00:00,ambiente,raspberry_pi_4,camera,28.1,29.3,30.0
732,_result,0,2026-07-25 09:33:36.488961+00:00,2026-07-25 12:33:36.488961+00:00,2026-07-25 11:05:30.199580+00:00,ambiente,raspberry_pi_4,camera,28.1,29.3,30.0
733,_result,0,2026-07-25 09:33:36.488961+00:00,2026-07-25 12:33:36.488961+00:00,2026-07-25 11:05:35.466678+00:00,ambiente,raspberry_pi_4,camera,28.1,29.3,30.0
734,_result,0,2026-07-25 09:33:36.488961+00:00,2026-07-25 12:33:36.488961+00:00,2026-07-25 11:05:40.737892+00:00,ambiente,raspberry_pi_4,camera,28.1,29.3,30.0
735,_result,0,2026-07-25 09:33:36.488961+00:00,2026-07-25 12:33:36.488961+00:00,2026-07-25 11:05:45.997960+00:00,ambiente,raspberry_pi_4,camera,28.1,29.3,30.0
736,_result,0,2026-07-25 09:33:36.488961+00:00,2026-07-25 12:33:36.488961+00:00,2026-07-25 11:05:51.267254+00:00,ambiente,raspberry_pi_4,camera,28.1,29.3,30.0
737,_result,0,2026-07-25 09:33:36.488961+00:00,2026-07-25 12:33:36.488961+00:00,2026-07-25 11:05:56.527532+00:00,ambiente,raspberry_pi_4,camera,28.1,29.3,30.0
738,_result,0,2026-07-25 09:33:36.488961+00:00,2026-07-25 12:33:36.488961+00:00,2026-07-25 11:06:01.796758+00:00,ambiente,raspberry_pi_4,camera,28.1,29.3,30.0
739,_result,0,2026-07-25 09:33:36.488961+00:00,2026-07-25 12:33:36.488961+00:00,2026-07-25 11:06:07.056803+00:00,ambiente,raspberry_pi_4,camera,28.1,29.3,30.0
740,_result,0,2026-07-25 09:33:36.488961+00:00,2026-07-25 12:33:36.488961+00:00,2026-07-25 11:06:12.327882+00:00,ambiente,raspberry_pi_4,camera,28.1,29.3,30.0
741,_result,0,2026-07-25 09:33:36.488961+00:00,2026-07-25 12:33:36.488961+00:00,2026-07-25 11:06:17.587935+00:00,ambiente,raspberry_pi_4,camera,28.1,29.3,30.0
742,_result,0,2026-07-25 09:33:36.488961+00:00,2026-07-25 12:33:36.488961+00:00,2026-07-25 11:06:22.857416+00:00,ambiente,raspberry_pi_4,camera,28.1,29.3,30.0
743,_result,0,2026-07-25 09:33:36.488961+00:00,2026-07-25 12:33:36.488961+00:00,2026-07-25 11:06:28.117303+00:00,ambiente,raspberry_pi_4,camera,28.1,29.3,30.0
744,_result,0,2026-07-25 09:33:36.488961+00:00,2026-07-25 12:33:36.488961+00:00,2026-07-25 11:06:33.388477+00:00,ambiente,raspberry_pi_4,camera,28.1,29.3,30.0
745,_result,0,2026-07-25 09:33:36.488961+00:00,2026-07-25 12:33:36.488961+00:00,2026-07-25 11:06:38.648751+00:00,ambiente,raspberry_pi_4,camera,28.1,29.3,30.0
746,_result,0,2026-07-25 09:33:36.488961+00:00,2026-07-25 12:33:36.488961+00:00,2026-07-25 11:06:43.919999+00:00,ambiente,raspberry_pi_4,camera,28.2,29.3,31.0
747,_result,0,2026-07-25 09:33:36.488961+00:00,2026-07-25 12:33:36.488961+00:00,2026-07-25 11:06:49.180475+00:00,ambiente,raspberry_pi_4,camera,28.2,29.3,31.0
748,_result,0,2026-07-25 09:33:36.488961+00:00,2026-07-25 12:33:36.488961+00:00,2026-07-25 11:06:54.449966+00:00,ambiente,raspberry_pi_4,camera,28.2,29.3,31.0
749,_result,0,2026-07-25 09:33:36.488961+00:00,2026-07-25 12:33:36.488961+00:00,2026-07-25 11:06:59.710194+00:00,ambiente,raspberry_pi_4,camera,28.2,29.3,31.0
750,_result,0,2026-07-25 09:33:36.488961+00:00,2026-07-25 12:33:36.488961+00:00,2026-07-25 11:07:04.979997+00:00,ambiente,raspberry_pi_4,camera,28.2,29.3,31.0
751,_result,0,2026-07-25 09:33:36.488961+00:00,2026-07-25 12:33:36.488961+00:00,2026-07-25 11:07:10.241852+00:00,ambiente,raspberry_pi_4,camera,28.2,29.3,31.0
752,_result,0,2026-07-25 09:33:36.488961+00:00,2026-07-25 12:33:36.488961+00:00,2026-07-25 11:07:15.511305+00:00,ambiente,raspberry_pi_4,camera,28.2,29.3,31.0
753,_result,0,2026-07-25 09:33:36.488961+00:00,2026-07-25 12:33:36.488961+00:00,2026-07-25 11:07:20.771583+00:00,ambiente,raspberry_pi_4,camera,28.1,29.3,30.0
754,_result,0,2026-07-25 09:33:36.488961+00:00,2026-07-25 12:33:36.488961+00:00,2026-07-25 11:07:26.041410+00:00,ambiente,raspberry_pi_4,camera,28.1,29.3,30.0
755,_result,0,2026-07-25 09:33:36.488961+00:00,2026-07-25 12:33:36.488961+00:00,2026-07-25 11:07:31.301576+00:00,ambiente,raspberry_pi_4,camera,28.1,29.3,30.0
756,_result,0,2026-07-25 09:33:36.488961+00:00,2026-07-25 12:33:36.488961+00:00,2026-07-25 11:07:36.571535+00:00,ambiente,raspberry_pi_4,camera,28.1,29.3,30.0
757,_result,0,2026-07-25 09:33:36.488961+00:00,2026-07-25 12:33:36.488961+00:00,2026-07-25 11:07:41.833365+00:00,ambiente,raspberry_pi_4,camera,28.1,29.3,30.0
758,_result,0,2026-07-25 09:33:36.488961+00:00,2026-07-25 12:33:36.488961+00:00,2026-07-25 11:07:47.103026+00:00,ambiente,raspberry_pi_4,camera,28.1,29.3,30.0
759,_result,0,2026-07-25 09:33:36.488961+00:00,2026-07-25 12:33:36.488961+00:00,2026-07-25 11:07:52.363531+00:00,ambiente,raspberry_pi_4,camera,28.1,29.3,30.0
760,_result,0,2026-07-25 09:33:36.488961+00:00,2026-07-25 12:33:36.488961+00:00,2026-07-25 11:07:57.633113+00:00,ambiente,raspberry_pi_4,camera,28.1,29.3,30.0
761,_result,0,2026-07-25 09:33:36.488961+00:00,2026-07-25 12:33:36.488961+00:00,2026-07-25 11:08:02.893257+00:00,ambiente,raspberry_pi_4,camera,28.1,29.3,30.0
762,_result,0,2026-07-25 09:33:36.488961+00:00,2026-07-25 12:33:36.488961+00:00,2026-07-25 11:08:08.163023+00:00,ambiente,raspberry_pi_4,camera,28.1,29.3,30.0
763,_result,0,2026-07-25 09:33:36.488961+00:00,2026-07-25 12:33:36.488961+00:00,2026-07-25 11:08:13.424759+00:00,ambiente,raspberry_pi_4,camera,28.1,29.3,30.0
764,_result,0,2026-07-25 09:33:36.488961+00:00,2026-07-25 12:33:36.488961+00:00,2026-07-25 11:08:23.949432+00:00,ambiente,raspberry_pi_4,camera,28.1,29.3,30.0
765,_result,0,2026-07-25 09:33:36.488961+00:00,2026-07-25 12:33:36.488961+00:00,2026-07-25 11:08:29.219339+00:00,ambiente,raspberry_pi_4,camera,28.1,29.3,30.0
766,_result,0,2026-07-25 09:33:36.488961+00:00,2026-07-25 12:33:36.488961+00:00,2026-07-25 11:08:34.479679+00:00,ambiente,raspberry_pi_4,camera,28.1,29.3,30.0
767,_result,0,2026-07-25 09:33:36.488961+00:00,2026-07-25 12:33:36.488961+00:00,2026-07-25 11:08:39.750458+00:00,ambiente,raspberry_pi_4,camera,28.1,29.3,30.0
768,_result,0,2026-07-25 09:33:36.488961+00:00,2026-07-25 12:33:36.488961+00:00,2026-07-25 11:08:45.011339+00:00,ambiente,raspberry_pi_4,camera,28.1,29.3,30.0
769,_result,0,2026-07-25 09:33:36.488961+00:00,2026-07-25 12:33:36.488961+00:00,2026-07-25 11:08:50.281132+00:00,ambiente,raspberry_pi_4,camera,28.1,29.3,30.0
770,_result,0,2026-07-25 09:33:36.488961+00:00,2026-07-25 12:33:36.488961+00:00,2026-07-25 11:08:55.541116+00:00,ambiente,raspberry_pi_4,camera,28.1,29.3,30.0
771,_result,0,2026-07-25 09:33:36.488961+00:00,2026-07-25 12:33:36.488961+00:00,2026-07-25 11:09:00.810965+00:00,ambiente,raspberry_pi_4,camera,28.1,29.3,30.0
772,_result,0,2026-07-25 09:33:36.488961+00:00,2026-07-25 12:33:36.488961+00:00,2026-07-25 11:09:06.071127+00:00,ambiente,raspberry_pi_4,camera,28.1,29.3,30.0
773,_result,0,2026-07-25 09:33:36.488961+00:00,2026-07-25 12:33:36.488961+00:00,2026-07-25 11:09:11.343339+00:00,ambiente,raspberry_pi_4,camera,28.1,29.3,30.0
774,_result,0,2026-07-25 09:33:36.488961+00:00,2026-07-25 12:33:36.488961+00:00,2026-07-25 11:09:16.603332+00:00,ambiente,raspberry_pi_4,camera,28.1,29.3,30.0
775,_result,0,2026-07-25 09:33:36.488961+00:00,2026-07-25 12:33:36.488961+00:00,2026-07-25 11:09:21.873087+00:00,ambiente,raspberry_pi_4,camera,28.1,29.3,30.0
776,_result,0,2026-07-25 09:33:36.488961+00:00,2026-07-25 12:33:36.488961+00:00,2026-07-25 11:09:27.133199+00:00,ambiente,raspberry_pi_4,camera,28.2,29.3,31.0
777,_result,0,2026-07-25 09:33:36.488961+00:00,2026-07-25 12:33:36.488961+00:00,2026-07-25 11:09:32.402635+00:00,ambiente,raspberry_pi_4,camera,28.2,29.3,31.0
778,_result,0,2026-07-25 09:33:36.488961+00:00,2026-07-25 12:33:36.488961+00:00,2026-07-25 11:09:37.662925+00:00,ambiente,raspberry_pi_4,camera,28.2,29.3,31.0
779,_result,0,2026-07-25 09:33:36.488961+00:00,2026-07-25 12:33:36.488961+00:00,2026-07-25 11:09:42.933871+00:00,ambiente,raspberry_pi_4,camera,28.2,29.3,31.0
780,_result,0,2026-07-25 09:33:36.488961+00:00,2026-07-25 12:33:36.488961+00:00,2026-07-25 11:09:48.194138+00:00,ambiente,raspberry_pi_4,camera,28.1,29.3,30.0
781,_result,0,2026-07-25 09:33:36.488961+00:00,2026-07-25 12:33:36.488961+00:00,2026-07-25 11:09:53.463983+00:00,ambiente,raspberry_pi_4,camera,28.1,29.3,30.0
782,_result,0,2026-07-25 09:33:36.488961+00:00,2026-07-25 12:33:36.488961+00:00,2026-07-25 11:09:58.724088+00:00,ambiente,raspberry_pi_4,camera,28.1,29.3,30.0
783,_result,0,2026-07-25 09:33:36.488961+00:00,2026-07-25 12:33:36.488961+00:00,2026-07-25 11:10:03.994042+00:00,ambiente,raspberry_pi_4,camera,28.1,29.3,30.0
784,_result,0,2026-07-25 09:33:36.488961+00:00,2026-07-25 12:33:36.488961+00:00,2026-07-25 11:10:09.254165+00:00,ambiente,raspberry_pi_4,camera,28.1,29.3,30.0
785,_result,0,2026-07-25 09:33:36.488961+00:00,2026-07-25 12:33:36.488961+00:00,2026-07-25 11:10:14.526201+00:00,ambiente,raspberry_pi_4,camera,28.1,29.3,30.0
786,_result,0,2026-07-25 09:33:36.488961+00:00,2026-07-25 12:33:36.488961+00:00,2026-07-25 11:10:19.786529+00:00,ambiente,raspberry_pi_4,camera,28.1,29.3,30.0
787,_result,0,2026-07-25 09:33:36.488961+00:00,2026-07-25 12:33:36.488961+00:00,2026-07-25 11:10:25.056469+00:00,ambiente,raspberry_pi_4,camera,28.1,29.3,30.0
788,_result,0,2026-07-25 09:33:36.488961+00:00,2026-07-25 12:33:36.488961+00:00,2026-07-25 11:10:30.316391+00:00,ambiente,raspberry_pi_4,camera,28.1,29.3,30.0
789,_result,0,2026-07-25 09:33:36.488961+00:00,2026-07-25 12:33:36.488961+00:00,2026-07-25 11:10:35.586062+00:00,ambiente,raspberry_pi_4,camera,28.1,29.3,30.0
790,_result,0,2026-07-25 09:33:36.488961+00:00,2026-07-25 12:33:36.488961+00:00,2026-07-25 11:10:40.847608+00:00,ambiente,raspberry_pi_4,camera,28.1,29.3,30.0
791,_result,0,2026-07-25 09:33:36.488961+00:00,2026-07-25 12:33:36.488961+00:00,2026-07-25 11:10:46.117446+00:00,ambiente,raspberry_pi_4,camera,28.1,29.3,30.0
792,_result,0,2026-07-25 09:33:36.488961+00:00,2026-07-25 12:33:36.488961+00:00,2026-07-25 11:10:51.377511+00:00,ambiente,raspberry_pi_4,camera,28.1,29.3,30.0
793,_result,0,2026-07-25 09:33:36.488961+00:00,2026-07-25 12:33:36.488961+00:00,2026-07-25 11:10:56.647127+00:00,ambiente,raspberry_pi_4,camera,28.1,29.3,30.0
794,_result,0,2026-07-25 09:33:36.488961+00:00,2026-07-25 12:33:36.488961+00:00,2026-07-25 11:11:01.907296+00:00,ambiente,raspberry_pi_4,camera,28.1,29.3,30.0
795,_result,0,2026-07-25 09:33:36.488961+00:00,2026-07-25 12:33:36.488961+00:00,2026-07-25 11:11:07.178508+00:00,ambiente,raspberry_pi_4,camera,28.1,29.3,30.0
796,_result,0,2026-07-25 09:33:36.488961+00:00,2026-07-25 12:33:36.488961+00:00,2026-07-25 11:11:12.440037+00:00,ambiente,raspberry_pi_4,camera,28.1,29.3,30.0
797,_result,0,2026-07-25 09:33:36.488961+00:00,2026-07-25 12:33:36.488961+00:00,2026-07-25 11:11:17.709586+00:00,ambiente,raspberry_pi_4,camera,28.1,29.3,30.0
798,_result,0,2026-07-25 09:33:36.488961+00:00,2026-07-25 12:33:36.488961+00:00,2026-07-25 11:11:22.969956+00:00,ambiente,raspberry_pi_4,camera,28.1,29.3,30.0
799,_result,0,2026-07-25 09:33:36.488961+00:00,2026-07-25 12:33:36.488961+00:00,2026-07-25 11:11:28.239258+00:00,ambiente,raspberry_pi_4,camera,28.1,29.3,30.0
800,_result,0,2026-07-25 09:33:36.488961+00:00,2026-07-25 12:33:36.488961+00:00,2026-07-25 11:11:33.499362+00:00,ambiente,raspberry_pi_4,camera,28.1,29.3,30.0
801,_result,0,2026-07-25 09:33:36.488961+00:00,2026-07-25 12:33:36.488961+00:00,2026-07-25 11:11:38.768951+00:00,ambiente,raspberry_pi_4,camera,28.1,29.3,30.0
802,_result,0,2026-07-25 09:33:36.488961+00:00,2026-07-25 12:33:36.488961+00:00,2026-07-25 11:11:44.030722+00:00,ambiente,raspberry_pi_4,camera,28.1,29.3,30.0
803,_result,0,2026-07-25 09:33:36.488961+00:00,2026-07-25 12:33:36.488961+00:00,2026-07-25 11:11:54.555611+00:00,ambiente,raspberry_pi_4,camera,28.1,29.3,30.0
804,_result,0,2026-07-25 09:33:36.488961+00:00,2026-07-25 12:33:36.488961+00:00,2026-07-25 11:11:59.824896+00:00,ambiente,raspberry_pi_4,camera,28.1,29.3,30.0
805,_result,0,2026-07-25 09:33:36.488961+00:00,2026-07-25 12:33:36.488961+00:00,2026-07-25 11:12:05.085020+00:00,ambiente,raspberry_pi_4,camera,28.1,29.3,30.0
806,_result,0,2026-07-25 09:33:36.488961+00:00,2026-07-25 12:33:36.488961+00:00,2026-07-25 11:12:10.356665+00:00,ambiente,raspberry_pi_4,camera,28.1,29.3,30.0
807,_result,0,2026-07-25 09:33:36.488961+00:00,2026-07-25 12:33:36.488961+00:00,2026-07-25 11:12:15.617059+00:00,ambiente,raspberry_pi_4,camera,28.1,29.3,30.0
808,_result,0,2026-07-25 09:33:36.488961+00:00,2026-07-25 12:33:36.488961+00:00,2026-07-25 11:12:20.886396+00:00,ambiente,raspberry_pi_4,camera,28.1,29.3,30.0
809,_result,0,2026-07-25 09:33:36.488961+00:00,2026-07-25 12:33:36.488961+00:00,2026-07-25 11:12:26.146439+00:00,ambiente,raspberry_pi_4,camera,28.1,29.3,30.0
810,_result,0,2026-07-25 09:33:36.488961+00:00,2026-07-25 12:33:36.488961+00:00,2026-07-25 11:12:31.416277+00:00,ambiente,raspberry_pi_4,camera,28.1,29.3,30.0
811,_result,0,2026-07-25 09:33:36.488961+00:00,2026-07-25 12:33:36.488961+00:00,2026-07-25 11:12:36.676358+00:00,ambiente,raspberry_pi_4,camera,28.1,29.3,30.0
812,_result,0,2026-07-25 09:33:36.488961+00:00,2026-07-25 12:33:36.488961+00:00,2026-07-25 11:12:41.947220+00:00,ambiente,raspberry_pi_4,camera,28.1,29.3,30.0
813,_result,0,2026-07-25 09:33:36.488961+00:00,2026-07-25 12:33:36.488961+00:00,2026-07-25 11:12:47.207483+00:00,ambiente,raspberry_pi_4,camera,28.2,29.3,31.0
814,_result,0,2026-07-25 09:33:36.488961+00:00,2026-07-25 12:33:36.488961+00:00,2026-07-25 11:12:52.476599+00:00,ambiente,raspberry_pi_4,camera,28.2,29.3,31.0
815,_result,0,2026-07-25 09:33:36.488961+00:00,2026-07-25 12:33:36.488961+00:00,2026-07-25 11:12:57.736774+00:00,ambiente,raspberry_pi_4,camera,28.2,29.3,31.0
816,_result,0,2026-07-25 09:33:36.488961+00:00,2026-07-25 12:33:36.488961+00:00,2026-07-25 11:13:03.006312+00:00,ambiente,raspberry_pi_4,camera,28.2,29.3,31.0
817,_result,0,2026-07-25 09:33:36.488961+00:00,2026-07-25 12:33:36.488961+00:00,2026-07-25 11:13:08.266066+00:00,ambiente,raspberry_pi_4,camera,28.2,29.3,31.0
818,_result,0,2026-07-25 09:33:36.488961+00:00,2026-07-25 12:33:36.488961+00:00,2026-07-25 11:13:13.537163+00:00,ambiente,raspberry_pi_4,camera,28.2,29.3,31.0
819,_result,0,2026-07-25 09:33:36.488961+00:00,2026-07-25 12:33:36.488961+00:00,2026-07-25 11:13:18.797180+00:00,ambiente,raspberry_pi_4,camera,28.2,29.3,31.0
820,_result,0,2026-07-25 09:33:36.488961+00:00,2026-07-25 12:33:36.488961+00:00,2026-07-25 11:13:24.066402+00:00,ambiente,raspberry_pi_4,camera,28.1,29.3,30.0
821,_result,0,2026-07-25 09:33:36.488961+00:00,2026-07-25 12:33:36.488961+00:00,2026-07-25 11:13:29.326651+00:00,ambiente,raspberry_pi_4,camera,28.1,29.3,30.0
822,_result,0,2026-07-25 09:33:36.488961+00:00,2026-07-25 12:33:36.488961+00:00,2026-07-25 11:13:34.596249+00:00,ambiente,raspberry_pi_4,camera,28.2,29.3,31.0
823,_result,0,2026-07-25 09:33:36.488961+00:00,2026-07-25 12:33:36.488961+00:00,2026-07-25 11:13:39.856264+00:00,ambiente,raspberry_pi_4,camera,28.1,29.3,30.0
824,_result,0,2026-07-25 09:33:36.488961+00:00,2026-07-25 12:33:36.488961+00:00,2026-07-25 11:13:45.128748+00:00,ambiente,raspberry_pi_4,camera,28.1,29.3,30.0
825,_result,0,2026-07-25 09:33:36.488961+00:00,2026-07-25 12:33:36.488961+00:00,2026-07-25 11:13:50.388743+00:00,ambiente,raspberry_pi_4,camera,28.1,29.3,30.0
826,_result,0,2026-07-25 09:33:36.488961+00:00,2026-07-25 12:33:36.488961+00:00,2026-07-25 11:13:55.659768+00:00,ambiente,raspberry_pi_4,camera,28.1,29.3,30.0
827,_result,0,2026-07-25 09:33:36.488961+00:00,2026-07-25 12:33:36.488961+00:00,2026-07-25 11:14:00.920060+00:00,ambiente,raspberry_pi_4,camera,28.1,29.3,30.0
828,_result,0,2026-07-25 09:33:36.488961+00:00,2026-07-25 12:33:36.488961+00:00,2026-07-25 11:14:06.191066+00:00,ambiente,raspberry_pi_4,camera,28.1,29.3,30.0
829,_result,0,2026-07-25 09:33:36.488961+00:00,2026-07-25 12:33:36.488961+00:00,2026-07-25 11:14:11.452922+00:00,ambiente,raspberry_pi_4,camera,28.1,29.3,30.0
830,_result,0,2026-07-25 09:33:36.488961+00:00,2026-07-25 12:33:36.488961+00:00,2026-07-25 11:14:16.722796+00:00,ambiente,raspberry_pi_4,camera,28.1,29.3,30.0
831,_result,0,2026-07-25 09:33:36.488961+00:00,2026-07-25 12:33:36.488961+00:00,2026-07-25 11:14:21.982707+00:00,ambiente,raspberry_pi_4,camera,28.1,29.3,30.0
832,_result,0,2026-07-25 09:33:36.488961+00:00,2026-07-25 12:33:36.488961+00:00,2026-07-25 11:14:27.253719+00:00,ambiente,raspberry_pi_4,camera,28.1,29.3,30.0
833,_result,0,2026-07-25 09:33:36.488961+00:00,2026-07-25 12:33:36.488961+00:00,2026-07-25 11:14:32.514205+00:00,ambiente,raspberry_pi_4,camera,28.1,29.3,30.0
834,_result,0,2026-07-25 09:33:36.488961+00:00,2026-07-25 12:33:36.488961+00:00,2026-07-25 11:14:37.783757+00:00,ambiente,raspberry_pi_4,camera,28.1,29.3,30.0
835,_result,0,2026-07-25 09:33:36.488961+00:00,2026-07-25 12:33:36.488961+00:00,2026-07-25 11:14:43.045541+00:00,ambiente,raspberry_pi_4,camera,28.1,29.3,30.0
836,_result,0,2026-07-25 09:33:36.488961+00:00,2026-07-25 12:33:36.488961+00:00,2026-07-25 11:14:48.315525+00:00,ambiente,raspberry_pi_4,camera,28.1,29.3,30.0
837,_result,0,2026-07-25 09:33:36.488961+00:00,2026-07-25 12:33:36.488961+00:00,2026-07-25 11:14:53.575663+00:00,ambiente,raspberry_pi_4,camera,28.1,29.3,30.0
838,_result,0,2026-07-25 09:33:36.488961+00:00,2026-07-25 12:33:36.488961+00:00,2026-07-25 11:14:58.845446+00:00,ambiente,raspberry_pi_4,camera,28.1,29.3,30.0
839,_result,0,2026-07-25 09:33:36.488961+00:00,2026-07-25 12:33:36.488961+00:00,2026-07-25 11:15:04.105870+00:00,ambiente,raspberry_pi_4,camera,28.1,29.3,30.0
840,_result,0,2026-07-25 09:33:36.488961+00:00,2026-07-25 12:33:36.488961+00:00,2026-07-25 11:15:14.631102+00:00,ambiente,raspberry_pi_4,camera,28.1,29.3,30.0
841,_result,0,2026-07-25 09:33:36.488961+00:00,2026-07-25 12:33:36.488961+00:00,2026-07-25 11:15:19.901041+00:00,ambiente,raspberry_pi_4,camera,28.1,29.3,30.0
842,_result,0,2026-07-25 09:33:36.488961+00:00,2026-07-25 12:33:36.488961+00:00,2026-07-25 11:15:25.161082+00:00,ambiente,raspberry_pi_4,camera,28.1,29.3,30.0
843,_result,0,2026-07-25 09:33:36.488961+00:00,2026-07-25 12:33:36.488961+00:00,2026-07-25 11:15:30.430432+00:00,ambiente,raspberry_pi_4,camera,28.1,29.3,30.0
844,_result,0,2026-07-25 09:33:36.488961+00:00,2026-07-25 12:33:36.488961+00:00,2026-07-25 11:15:35.690907+00:00,ambiente,raspberry_pi_4,camera,28.1,29.3,30.0
845,_result,0,2026-07-25 09:33:36.488961+00:00,2026-07-25 12:33:36.488961+00:00,2026-07-25 11:15:40.962018+00:00,ambiente,raspberry_pi_4,camera,28.1,29.3,30.0
846,_result,0,2026-07-25 09:33:36.488961+00:00,2026-07-25 12:33:36.488961+00:00,2026-07-25 11:15:46.222985+00:00,ambiente,raspberry_pi_4,camera,28.2,29.3,31.0
847,_result,0,2026-07-25 09:33:36.488961+00:00,2026-07-25 12:33:36.488961+00:00,2026-07-25 11:15:51.494627+00:00,ambiente,raspberry_pi_4,camera,28.2,29.3,31.0
848,_result,0,2026-07-25 09:33:36.488961+00:00,2026-07-25 12:33:36.488961+00:00,2026-07-25 11:15:56.754767+00:00,ambiente,raspberry_pi_4,camera,28.2,29.3,31.0
849,_result,0,2026-07-25 09:33:36.488961+00:00,2026-07-25 12:33:36.488961+00:00,2026-07-25 11:16:02.024624+00:00,ambiente,raspberry_pi_4,camera,28.1,29.3,30.0
850,_result,0,2026-07-25 09:33:36.488961+00:00,2026-07-25 12:33:36.488961+00:00,2026-07-25 11:16:07.284630+00:00,ambiente,raspberry_pi_4,camera,28.1,29.3,30.0
851,_result,0,2026-07-25 09:33:36.488961+00:00,2026-07-25 12:33:36.488961+00:00,2026-07-25 11:16:12.555633+00:00,ambiente,raspberry_pi_4,camera,28.1,29.3,30.0
852,_result,0,2026-07-25 09:33:36.488961+00:00,2026-07-25 12:33:36.488961+00:00,2026-07-25 11:16:17.816066+00:00,ambiente,raspberry_pi_4,camera,28.1,29.3,30.0
853,_result,0,2026-07-25 09:33:36.488961+00:00,2026-07-25 12:33:36.488961+00:00,2026-07-25 11:16:23.085665+00:00,ambiente,raspberry_pi_4,camera,28.1,29.3,30.0
854,_result,0,2026-07-25 09:33:36.488961+00:00,2026-07-25 12:33:36.488961+00:00,2026-07-25 11:16:28.345709+00:00,ambiente,raspberry_pi_4,camera,28.1,29.3,30.0
855,_result,0,2026-07-25 09:33:36.488961+00:00,2026-07-25 12:33:36.488961+00:00,2026-07-25 11:16:33.615733+00:00,ambiente,raspberry_pi_4,camera,28.1,29.3,30.0
856,_result,0,2026-07-25 09:33:36.488961+00:00,2026-07-25 12:33:36.488961+00:00,2026-07-25 11:16:38.875795+00:00,ambiente,raspberry_pi_4,camera,28.1,29.3,30.0
857,_result,0,2026-07-25 09:33:36.488961+00:00,2026-07-25 12:33:36.488961+00:00,2026-07-25 11:16:44.147013+00:00,ambiente,raspberry_pi_4,camera,28.1,29.3,30.0
858,_result,0,2026-07-25 09:33:36.488961+00:00,2026-07-25 12:33:36.488961+00:00,2026-07-25 11:16:49.407197+00:00,ambiente,raspberry_pi_4,camera,28.1,29.3,30.0
859,_result,0,2026-07-25 09:33:36.488961+00:00,2026-07-25 12:33:36.488961+00:00,2026-07-25 11:16:54.676929+00:00,ambiente,raspberry_pi_4,camera,28.1,29.3,30.0
860,_result,0,2026-07-25 09:33:36.488961+00:00,2026-07-25 12:33:36.488961+00:00,2026-07-25 11:16:59.936944+00:00,ambiente,raspberry_pi_4,camera,28.1,29.3,30.0
861,_result,0,2026-07-25 09:33:36.488961+00:00,2026-07-25 12:33:36.488961+00:00,2026-07-25 11:17:05.206537+00:00,ambiente,raspberry_pi_4,camera,28.1,29.3,30.0
862,_result,0,2026-07-25 09:33:36.488961+00:00,2026-07-25 12:33:36.488961+00:00,2026-07-25 11:17:10.468484+00:00,ambiente,raspberry_pi_4,camera,28.1,29.3,30.0
863,_result,0,2026-07-25 09:33:36.488961+00:00,2026-07-25 12:33:36.488961+00:00,2026-07-25 11:17:15.737657+00:00,ambiente,raspberry_pi_4,camera,28.1,29.3,30.0
864,_result,0,2026-07-25 09:33:36.488961+00:00,2026-07-25 12:33:36.488961+00:00,2026-07-25 11:17:20.997912+00:00,ambiente,raspberry_pi_4,camera,28.1,29.3,30.0
865,_result,0,2026-07-25 09:33:36.488961+00:00,2026-07-25 12:33:36.488961+00:00,2026-07-25 11:17:26.267792+00:00,ambiente,raspberry_pi_4,camera,28.1,29.3,30.0
866,_result,0,2026-07-25 09:33:36.488961+00:00,2026-07-25 12:33:36.488961+00:00,2026-07-25 11:17:31.527964+00:00,ambiente,raspberry_pi_4,camera,28.1,29.3,30.0
867,_result,0,2026-07-25 09:33:36.488961+00:00,2026-07-25 12:33:36.488961+00:00,2026-07-25 11:17:36.797896+00:00,ambiente,raspberry_pi_4,camera,28.1,29.3,30.0
868,_result,0,2026-07-25 09:33:36.488961+00:00,2026-07-25 12:33:36.488961+00:00,2026-07-25 11:17:42.060464+00:00,ambiente,raspberry_pi_4,camera,28.1,29.3,30.0
869,_result,0,2026-07-25 09:33:36.488961+00:00,2026-07-25 12:33:36.488961+00:00,2026-07-25 11:17:47.330514+00:00,ambiente,raspberry_pi_4,camera,28.1,29.3,30.0
870,_result,0,2026-07-25 09:33:36.488961+00:00,2026-07-25 12:33:36.488961+00:00,2026-07-25 11:17:52.590426+00:00,ambiente,raspberry_pi_4,camera,28.1,29.3,30.0
871,_result,0,2026-07-25 09:33:36.488961+00:00,2026-07-25 12:33:36.488961+00:00,2026-07-25 11:17:57.860200+00:00,ambiente,raspberry_pi_4,camera,28.1,29.3,30.0
872,_result,0,2026-07-25 09:33:36.488961+00:00,2026-07-25 12:33:36.488961+00:00,2026-07-25 11:18:03.120379+00:00,ambiente,raspberry_pi_4,camera,28.1,29.3,30.0
873,_result,0,2026-07-25 09:33:36.488961+00:00,2026-07-25 12:33:36.488961+00:00,2026-07-25 11:18:08.389949+00:00,ambiente,raspberry_pi_4,camera,28.1,29.3,30.0
874,_result,0,2026-07-25 09:33:36.488961+00:00,2026-07-25 12:33:36.488961+00:00,2026-07-25 11:18:13.651757+00:00,ambiente,raspberry_pi_4,camera,28.1,29.3,30.0
875,_result,0,2026-07-25 09:33:36.488961+00:00,2026-07-25 12:33:36.488961+00:00,2026-07-25 11:18:18.921353+00:00,ambiente,raspberry_pi_4,camera,28.1,29.3,30.0
876,_result,0,2026-07-25 09:33:36.488961+00:00,2026-07-25 12:33:36.488961+00:00,2026-07-25 11:18:24.181888+00:00,ambiente,raspberry_pi_4,camera,28.2,29.3,31.0
877,_result,0,2026-07-25 09:33:36.488961+00:00,2026-07-25 12:33:36.488961+00:00,2026-07-25 11:18:29.451723+00:00,ambiente,raspberry_pi_4,camera,28.1,29.3,30.0
878,_result,0,2026-07-25 09:33:36.488961+00:00,2026-07-25 12:33:36.488961+00:00,2026-07-25 11:18:34.711649+00:00,ambiente,raspberry_pi_4,camera,28.2,29.3,31.0
879,_result,0,2026-07-25 09:33:36.488961+00:00,2026-07-25 12:33:36.488961+00:00,2026-07-25 11:18:39.982702+00:00,ambiente,raspberry_pi_4,camera,28.1,29.3,30.0
880,_result,0,2026-07-25 09:33:36.488961+00:00,2026-07-25 12:33:36.488961+00:00,2026-07-25 11:18:45.242589+00:00,ambiente,raspberry_pi_4,camera,28.1,29.3,30.0
881,_result,0,2026-07-25 09:33:36.488961+00:00,2026-07-25 12:33:36.488961+00:00,2026-07-25 11:18:50.512504+00:00,ambiente,raspberry_pi_4,camera,28.1,29.3,30.0
882,_result,0,2026-07-25 09:33:36.488961+00:00,2026-07-25 12:33:36.488961+00:00,2026-07-25 11:18:55.772518+00:00,ambiente,raspberry_pi_4,camera,28.1,29.3,30.0
883,_result,0,2026-07-25 09:33:36.488961+00:00,2026-07-25 12:33:36.488961+00:00,2026-07-25 11:19:01.041839+00:00,ambiente,raspberry_pi_4,camera,28.1,29.3,30.0
884,_result,0,2026-07-25 09:33:36.488961+00:00,2026-07-25 12:33:36.488961+00:00,2026-07-25 11:19:06.302181+00:00,ambiente,raspberry_pi_4,camera,28.1,29.3,30.0
885,_result,0,2026-07-25 09:33:36.488961+00:00,2026-07-25 12:33:36.488961+00:00,2026-07-25 11:19:11.573268+00:00,ambiente,raspberry_pi_4,camera,28.1,29.3,30.0
886,_result,0,2026-07-25 09:33:36.488961+00:00,2026-07-25 12:33:36.488961+00:00,2026-07-25 11:19:16.833276+00:00,ambiente,raspberry_pi_4,camera,28.1,29.3,30.0
887,_result,0,2026-07-25 09:33:36.488961+00:00,2026-07-25 12:33:36.488961+00:00,2026-07-25 11:19:22.103156+00:00,ambiente,raspberry_pi_4,camera,28.1,29.3,30.0
888,_result,0,2026-07-25 09:33:36.488961+00:00,2026-07-25 12:33:36.488961+00:00,2026-07-25 11:19:27.363003+00:00,ambiente,raspberry_pi_4,camera,28.1,29.3,30.0
889,_result,0,2026-07-25 09:33:36.488961+00:00,2026-07-25 12:33:36.488961+00:00,2026-07-25 11:19:32.633508+00:00,ambiente,raspberry_pi_4,camera,28.1,29.3,30.0
890,_result,0,2026-07-25 09:33:36.488961+00:00,2026-07-25 12:33:36.488961+00:00,2026-07-25 11:19:37.893327+00:00,ambiente,raspberry_pi_4,camera,28.1,29.3,30.0
891,_result,0,2026-07-25 09:33:36.488961+00:00,2026-07-25 12:33:36.488961+00:00,2026-07-25 11:19:43.163909+00:00,ambiente,raspberry_pi_4,camera,28.1,29.3,30.0
892,_result,0,2026-07-25 09:33:36.488961+00:00,2026-07-25 12:33:36.488961+00:00,2026-07-25 11:19:48.424067+00:00,ambiente,raspberry_pi_4,camera,28.2,29.3,31.0
893,_result,0,2026-07-25 09:33:36.488961+00:00,2026-07-25 12:33:36.488961+00:00,2026-07-25 11:19:53.695649+00:00,ambiente,raspberry_pi_4,camera,28.1,29.3,30.0
894,_result,0,2026-07-25 09:33:36.488961+00:00,2026-07-25 12:33:36.488961+00:00,2026-07-25 11:19:58.955441+00:00,ambiente,raspberry_pi_4,camera,28.1,29.3,30.0
895,_result,0,2026-07-25 09:33:36.488961+00:00,2026-07-25 12:33:36.488961+00:00,2026-07-25 11:20:04.225053+00:00,ambiente,raspberry_pi_4,camera,28.1,29.3,30.0
896,_result,0,2026-07-25 09:33:36.488961+00:00,2026-07-25 12:33:36.488961+00:00,2026-07-25 11:20:09.484988+00:00,ambiente,raspberry_pi_4,camera,28.1,29.3,30.0
897,_result,0,2026-07-25 09:33:36.488961+00:00,2026-07-25 12:33:36.488961+00:00,2026-07-25 11:20:20.009920+00:00,ambiente,raspberry_pi_4,camera,28.1,29.3,30.0
898,_result,0,2026-07-25 09:33:36.488961+00:00,2026-07-25 12:33:36.488961+00:00,2026-07-25 11:20:25.279227+00:00,ambiente,raspberry_pi_4,camera,28.0,29.2,30.0
899,_result,0,2026-07-25 09:33:36.488961+00:00,2026-07-25 12:33:36.488961+00:00,2026-07-25 11:20:30.539736+00:00,ambiente,raspberry_pi_4,camera,28.0,29.1,30.0
900,_result,0,2026-07-25 09:33:36.488961+00:00,2026-07-25 12:33:36.488961+00:00,2026-07-25 11:20:35.809237+00:00,ambiente,raspberry_pi_4,camera,28.0,29.1,30.0
901,_result,0,2026-07-25 09:33:36.488961+00:00,2026-07-25 12:33:36.488961+00:00,2026-07-25 11:20:41.070540+00:00,ambiente,raspberry_pi_4,camera,28.0,29.1,30.0
902,_result,0,2026-07-25 09:33:36.488961+00:00,2026-07-25 12:33:36.488961+00:00,2026-07-25 11:20:46.339836+00:00,ambiente,raspberry_pi_4,camera,27.9,29.0,30.0
903,_result,0,2026-07-25 09:33:36.488961+00:00,2026-07-25 12:33:36.488961+00:00,2026-07-25 11:20:51.600179+00:00,ambiente,raspberry_pi_4,camera,27.9,29.0,30.0
904,_result,0,2026-07-25 09:33:36.488961+00:00,2026-07-25 12:33:36.488961+00:00,2026-07-25 11:20:56.869718+00:00,ambiente,raspberry_pi_4,camera,27.9,29.0,30.0
905,_result,0,2026-07-25 09:33:36.488961+00:00,2026-07-25 12:33:36.488961+00:00,2026-07-25 11:21:02.129652+00:00,ambiente,raspberry_pi_4,camera,27.9,29.0,30.0
906,_result,0,2026-07-25 09:33:36.488961+00:00,2026-07-25 12:33:36.488961+00:00,2026-07-25 11:21:07.399262+00:00,ambiente,raspberry_pi_4,camera,27.9,29.0,30.0
907,_result,0,2026-07-25 09:33:36.488961+00:00,2026-07-25 12:33:36.488961+00:00,2026-07-25 11:21:12.660764+00:00,ambiente,raspberry_pi_4,camera,27.9,29.0,30.0
908,_result,0,2026-07-25 09:33:36.488961+00:00,2026-07-25 12:33:36.488961+00:00,2026-07-25 11:21:17.930158+00:00,ambiente,raspberry_pi_4,camera,27.9,29.0,30.0
909,_result,0,2026-07-25 09:33:36.488961+00:00,2026-07-25 12:33:36.488961+00:00,2026-07-25 11:21:23.191400+00:00,ambiente,raspberry_pi_4,camera,27.9,29.0,30.0
910,_result,0,2026-07-25 09:33:36.488961+00:00,2026-07-25 12:33:36.488961+00:00,2026-07-25 11:21:28.460956+00:00,ambiente,raspberry_pi_4,camera,27.8,28.9,30.0
911,_result,0,2026-07-25 09:33:36.488961+00:00,2026-07-25 12:33:36.488961+00:00,2026-07-25 11:21:33.721402+00:00,ambiente,raspberry_pi_4,camera,27.9,29.0,30.0
912,_result,0,2026-07-25 09:33:36.488961+00:00,2026-07-25 12:33:36.488961+00:00,2026-07-25 11:21:44.245320+00:00,ambiente,raspberry_pi_4,camera,27.8,28.9,30.0
913,_result,0,2026-07-25 09:33:36.488961+00:00,2026-07-25 12:33:36.488961+00:00,2026-07-25 11:21:49.515189+00:00,ambiente,raspberry_pi_4,camera,27.8,28.9,30.0
914,_result,0,2026-07-25 09:33:36.488961+00:00,2026-07-25 12:33:36.488961+00:00,2026-07-25 11:21:54.775439+00:00,ambiente,raspberry_pi_4,camera,27.8,28.9,30.0
915,_result,0,2026-07-25 09:33:36.488961+00:00,2026-07-25 12:33:36.488961+00:00,2026-07-25 11:22:00.045472+00:00,ambiente,raspberry_pi_4,camera,27.8,28.9,30.0
916,_result,0,2026-07-25 09:33:36.488961+00:00,2026-07-25 12:33:36.488961+00:00,2026-07-25 11:22:05.305611+00:00,ambiente,raspberry_pi_4,camera,27.8,28.9,30.0
917,_result,0,2026-07-25 09:33:36.488961+00:00,2026-07-25 12:33:36.488961+00:00,2026-07-25 11:22:10.576818+00:00,ambiente,raspberry_pi_4,camera,27.8,28.9,30.0
918,_result,0,2026-07-25 09:33:36.488961+00:00,2026-07-25 12:33:36.488961+00:00,2026-07-25 11:22:15.837254+00:00,ambiente,raspberry_pi_4,camera,27.8,28.9,30.0
919,_result,0,2026-07-25 09:33:36.488961+00:00,2026-07-25 12:33:36.488961+00:00,2026-07-25 11:22:21.106673+00:00,ambiente,raspberry_pi_4,camera,27.8,28.9,30.0
920,_result,0,2026-07-25 09:33:36.488961+00:00,2026-07-25 12:33:36.488961+00:00,2026-07-25 11:22:26.366756+00:00,ambiente,raspberry_pi_4,camera,27.8,28.9,30.0
921,_result,0,2026-07-25 09:33:36.488961+00:00,2026-07-25 12:33:36.488961+00:00,2026-07-25 11:22:31.636559+00:00,ambiente,raspberry_pi_4,camera,27.8,28.9,30.0
922,_result,0,2026-07-25 09:33:36.488961+00:00,2026-07-25 12:33:36.488961+00:00,2026-07-25 11:22:36.896637+00:00,ambiente,raspberry_pi_4,camera,27.8,28.9,30.0
923,_result,0,2026-07-25 09:33:36.488961+00:00,2026-07-25 12:33:36.488961+00:00,2026-07-25 11:22:42.168241+00:00,ambiente,raspberry_pi_4,camera,27.8,28.9,30.0
924,_result,0,2026-07-25 09:33:36.488961+00:00,2026-07-25 12:33:36.488961+00:00,2026-07-25 11:22:47.428289+00:00,ambiente,raspberry_pi_4,camera,27.8,28.9,30.0
925,_result,0,2026-07-25 09:33:36.488961+00:00,2026-07-25 12:33:36.488961+00:00,2026-07-25 11:22:52.697877+00:00,ambiente,raspberry_pi_4,camera,27.8,28.9,30.0
926,_result,0,2026-07-25 09:33:36.488961+00:00,2026-07-25 12:33:36.488961+00:00,2026-07-25 11:22:57.958165+00:00,ambiente,raspberry_pi_4,camera,27.8,28.9,30.0
927,_result,0,2026-07-25 09:33:36.488961+00:00,2026-07-25 12:33:36.488961+00:00,2026-07-25 11:23:03.227626+00:00,ambiente,raspberry_pi_4,camera,27.8,28.9,30.0
928,_result,0,2026-07-25 09:33:36.488961+00:00,2026-07-25 12:33:36.488961+00:00,2026-07-25 11:23:08.487890+00:00,ambiente,raspberry_pi_4,camera,27.8,28.9,30.0
929,_result,0,2026-07-25 09:33:36.488961+00:00,2026-07-25 12:33:36.488961+00:00,2026-07-25 11:23:13.760222+00:00,ambiente,raspberry_pi_4,camera,27.8,28.9,30.0
930,_result,0,2026-07-25 09:33:36.488961+00:00,2026-07-25 12:33:36.488961+00:00,2026-07-25 11:23:19.020430+00:00,ambiente,raspberry_pi_4,camera,27.8,28.9,30.0
931,_result,0,2026-07-25 09:33:36.488961+00:00,2026-07-25 12:33:36.488961+00:00,2026-07-25 11:23:24.290242+00:00,ambiente,raspberry_pi_4,camera,27.8,28.9,30.0
932,_result,0,2026-07-25 09:33:36.488961+00:00,2026-07-25 12:33:36.488961+00:00,2026-07-25 11:23:29.550261+00:00,ambiente,raspberry_pi_4,camera,27.8,28.9,30.0
933,_result,0,2026-07-25 09:33:36.488961+00:00,2026-07-25 12:33:36.488961+00:00,2026-07-25 11:23:34.819957+00:00,ambiente,raspberry_pi_4,camera,27.8,28.9,30.0
934,_result,0,2026-07-25 09:33:36.488961+00:00,2026-07-25 12:33:36.488961+00:00,2026-07-25 11:23:45.345475+00:00,ambiente,raspberry_pi_4,camera,27.8,28.9,30.0
935,_result,0,2026-07-25 09:33:36.488961+00:00,2026-07-25 12:33:36.488961+00:00,2026-07-25 11:23:50.606046+00:00,ambiente,raspberry_pi_4,camera,27.8,28.9,30.0
936,_result,0,2026-07-25 09:33:36.488961+00:00,2026-07-25 12:33:36.488961+00:00,2026-07-25 11:23:55.876099+00:00,ambiente,raspberry_pi_4,camera,27.8,28.9,30.0
937,_result,0,2026-07-25 09:33:36.488961+00:00,2026-07-25 12:33:36.488961+00:00,2026-07-25 11:24:01.136135+00:00,ambiente,raspberry_pi_4,camera,27.8,28.9,30.0
938,_result,0,2026-07-25 09:33:36.488961+00:00,2026-07-25 12:33:36.488961+00:00,2026-07-25 11:24:06.406013+00:00,ambiente,raspberry_pi_4,camera,27.8,28.9,30.0
939,_result,0,2026-07-25 09:33:36.488961+00:00,2026-07-25 12:33:36.488961+00:00,2026-07-25 11:24:11.667817+00:00,ambiente,raspberry_pi_4,camera,27.8,28.9,30.0
940,_result,0,2026-07-25 09:33:36.488961+00:00,2026-07-25 12:33:36.488961+00:00,2026-07-25 11:24:16.937060+00:00,ambiente,raspberry_pi_4,camera,27.8,28.9,30.0
941,_result,0,2026-07-25 09:33:36.488961+00:00,2026-07-25 12:33:36.488961+00:00,2026-07-25 11:24:22.197124+00:00,ambiente,raspberry_pi_4,camera,27.8,28.9,30.0
942,_result,0,2026-07-25 09:33:36.488961+00:00,2026-07-25 12:33:36.488961+00:00,2026-07-25 11:24:27.466703+00:00,ambiente,raspberry_pi_4,camera,27.8,28.9,30.0
943,_result,0,2026-07-25 09:33:36.488961+00:00,2026-07-25 12:33:36.488961+00:00,2026-07-25 11:24:32.726695+00:00,ambiente,raspberry_pi_4,camera,27.8,28.9,30.0
944,_result,0,2026-07-25 09:33:36.488961+00:00,2026-07-25 12:33:36.488961+00:00,2026-07-25 11:24:37.996944+00:00,ambiente,raspberry_pi_4,camera,27.8,28.9,30.0
945,_result,0,2026-07-25 09:33:36.488961+00:00,2026-07-25 12:33:36.488961+00:00,2026-07-25 11:24:43.258503+00:00,ambiente,raspberry_pi_4,camera,27.8,28.9,30.0
946,_result,0,2026-07-25 09:33:36.488961+00:00,2026-07-25 12:33:36.488961+00:00,2026-07-25 11:24:48.528072+00:00,ambiente,raspberry_pi_4,camera,27.8,28.9,30.0
947,_result,0,2026-07-25 09:33:36.488961+00:00,2026-07-25 12:33:36.488961+00:00,2026-07-25 11:24:53.788564+00:00,ambiente,raspberry_pi_4,camera,27.8,28.9,30.0
948,_result,0,2026-07-25 09:33:36.488961+00:00,2026-07-25 12:33:36.488961+00:00,2026-07-25 11:24:59.057875+00:00,ambiente,raspberry_pi_4,camera,27.8,28.9,30.0
949,_result,0,2026-07-25 09:33:36.488961+00:00,2026-07-25 12:33:36.488961+00:00,2026-07-25 11:25:04.318032+00:00,ambiente,raspberry_pi_4,camera,27.8,28.9,30.0
950,_result,0,2026-07-25 09:33:36.488961+00:00,2026-07-25 12:33:36.488961+00:00,2026-07-25 11:25:09.589728+00:00,ambiente,raspberry_pi_4,camera,27.8,28.9,30.0
951,_result,0,2026-07-25 09:33:36.488961+00:00,2026-07-25 12:33:36.488961+00:00,2026-07-25 11:25:14.849837+00:00,ambiente,raspberry_pi_4,camera,27.8,28.9,30.0
952,_result,0,2026-07-25 09:33:36.488961+00:00,2026-07-25 12:33:36.488961+00:00,2026-07-25 11:25:20.119763+00:00,ambiente,raspberry_pi_4,camera,27.9,29.0,30.0
953,_result,0,2026-07-25 09:33:36.488961+00:00,2026-07-25 12:33:36.488961+00:00,2026-07-25 11:25:25.379569+00:00,ambiente,raspberry_pi_4,camera,27.9,29.0,30.0
954,_result,0,2026-07-25 09:33:36.488961+00:00,2026-07-25 12:33:36.488961+00:00,2026-07-25 11:25:30.648900+00:00,ambiente,raspberry_pi_4,camera,27.9,29.0,30.0
955,_result,0,2026-07-25 09:33:36.488961+00:00,2026-07-25 12:33:36.488961+00:00,2026-07-25 11:25:35.909285+00:00,ambiente,raspberry_pi_4,camera,27.9,29.0,30.0
956,_result,0,2026-07-25 09:33:36.488961+00:00,2026-07-25 12:33:36.488961+00:00,2026-07-25 11:25:41.184513+00:00,ambiente,raspberry_pi_4,camera,27.9,29.0,30.0
957,_result,0,2026-07-25 09:33:36.488961+00:00,2026-07-25 12:33:36.488961+00:00,2026-07-25 11:25:46.444491+00:00,ambiente,raspberry_pi_4,camera,28.0,29.1,30.0
958,_result,0,2026-07-25 09:33:36.488961+00:00,2026-07-25 12:33:36.488961+00:00,2026-07-25 11:25:51.714352+00:00,ambiente,raspberry_pi_4,camera,27.9,29.0,30.0
959,_result,0,2026-07-25 09:33:36.488961+00:00,2026-07-25 12:33:36.488961+00:00,2026-07-25 11:25:56.974387+00:00,ambiente,raspberry_pi_4,camera,27.9,29.0,30.0
960,_result,0,2026-07-25 09:33:36.488961+00:00,2026-07-25 12:33:36.488961+00:00,2026-07-25 11:26:02.243614+00:00,ambiente,raspberry_pi_4,camera,27.9,29.0,30.0
961,_result,0,2026-07-25 09:33:36.488961+00:00,2026-07-25 12:33:36.488961+00:00,2026-07-25 11:26:07.504042+00:00,ambiente,raspberry_pi_4,camera,28.0,29.1,30.0
962,_result,0,2026-07-25 09:33:36.488961+00:00,2026-07-25 12:33:36.488961+00:00,2026-07-25 11:26:12.774892+00:00,ambiente,raspberry_pi_4,camera,27.9,29.0,30.0
963,_result,0,2026-07-25 09:33:36.488961+00:00,2026-07-25 12:33:36.488961+00:00,2026-07-25 11:26:18.035282+00:00,ambiente,raspberry_pi_4,camera,27.9,29.0,30.0
964,_result,0,2026-07-25 09:33:36.488961+00:00,2026-07-25 12:33:36.488961+00:00,2026-07-25 11:26:23.304566+00:00,ambiente,raspberry_pi_4,camera,27.9,29.0,30.0
965,_result,0,2026-07-25 09:33:36.488961+00:00,2026-07-25 12:33:36.488961+00:00,2026-07-25 11:26:28.564802+00:00,ambiente,raspberry_pi_4,camera,28.0,29.1,30.0
966,_result,0,2026-07-25 09:33:36.488961+00:00,2026-07-25 12:33:36.488961+00:00,2026-07-25 11:26:39.088752+00:00,ambiente,raspberry_pi_4,camera,27.9,29.0,30.0
967,_result,0,2026-07-25 09:33:36.488961+00:00,2026-07-25 12:33:36.488961+00:00,2026-07-25 11:26:44.359782+00:00,ambiente,raspberry_pi_4,camera,28.0,29.1,30.0
968,_result,0,2026-07-25 09:33:36.488961+00:00,2026-07-25 12:33:36.488961+00:00,2026-07-25 11:26:49.619947+00:00,ambiente,raspberry_pi_4,camera,27.9,29.0,30.0
969,_result,0,2026-07-25 09:33:36.488961+00:00,2026-07-25 12:33:36.488961+00:00,2026-07-25 11:26:54.889710+00:00,ambiente,raspberry_pi_4,camera,27.9,29.0,30.0
970,_result,0,2026-07-25 09:33:36.488961+00:00,2026-07-25 12:33:36.488961+00:00,2026-07-25 11:27:00.149743+00:00,ambiente,raspberry_pi_4,camera,27.9,29.0,30.0
971,_result,0,2026-07-25 09:33:36.488961+00:00,2026-07-25 12:33:36.488961+00:00,2026-07-25 11:27:05.420389+00:00,ambiente,raspberry_pi_4,camera,28.0,29.1,30.0
972,_result,0,2026-07-25 09:33:36.488961+00:00,2026-07-25 12:33:36.488961+00:00,2026-07-25 11:27:10.682429+00:00,ambiente,raspberry_pi_4,camera,27.9,29.0,30.0
973,_result,0,2026-07-25 09:33:36.488961+00:00,2026-07-25 12:33:36.488961+00:00,2026-07-25 11:27:15.951423+00:00,ambiente,raspberry_pi_4,camera,27.9,29.0,30.0
974,_result,0,2026-07-25 09:33:36.488961+00:00,2026-07-25 12:33:36.488961+00:00,2026-07-25 11:27:21.211579+00:00,ambiente,raspberry_pi_4,camera,28.0,29.1,30.0
975,_result,0,2026-07-25 09:33:36.488961+00:00,2026-07-25 12:33:36.488961+00:00,2026-07-25 11:27:26.480793+00:00,ambiente,raspberry_pi_4,camera,28.0,29.1,30.0
976,_result,0,2026-07-25 09:33:36.488961+00:00,2026-07-25 12:33:36.488961+00:00,2026-07-25 11:27:31.740758+00:00,ambiente,raspberry_pi_4,camera,28.0,29.1,30.0
977,_result,0,2026-07-25 09:33:36.488961+00:00,2026-07-25 12:33:36.488961+00:00,2026-07-25 11:27:37.010500+00:00,ambiente,raspberry_pi_4,camera,28.0,29.1,30.0
978,_result,0,2026-07-25 09:33:36.488961+00:00,2026-07-25 12:33:36.488961+00:00,2026-07-25 11:27:42.272066+00:00,ambiente,raspberry_pi_4,camera,28.0,29.1,30.0
979,_result,0,2026-07-25 09:33:36.488961+00:00,2026-07-25 12:33:36.488961+00:00,2026-07-25 11:27:47.542697+00:00,ambiente,raspberry_pi_4,camera,28.0,29.1,30.0
980,_result,0,2026-07-25 09:33:36.488961+00:00,2026-07-25 12:33:36.488961+00:00,2026-07-25 11:27:52.803641+00:00,ambiente,raspberry_pi_4,camera,27.9,29.0,30.0
981,_result,0,2026-07-25 09:33:36.488961+00:00,2026-07-25 12:33:36.488961+00:00,2026-07-25 11:27:58.073116+00:00,ambiente,raspberry_pi_4,camera,27.9,29.0,30.0
982,_result,0,2026-07-25 09:33:36.488961+00:00,2026-07-25 12:33:36.488961+00:00,2026-07-25 11:28:03.333070+00:00,ambiente,raspberry_pi_4,camera,28.0,29.1,30.0
983,_result,0,2026-07-25 09:33:36.488961+00:00,2026-07-25 12:33:36.488961+00:00,2026-07-25 11:28:08.602888+00:00,ambiente,raspberry_pi_4,camera,27.9,29.0,30.0
984,_result,0,2026-07-25 09:33:36.488961+00:00,2026-07-25 12:33:36.488961+00:00,2026-07-25 11:28:13.864567+00:00,ambiente,raspberry_pi_4,camera,28.0,29.1,30.0
985,_result,0,2026-07-25 09:33:36.488961+00:00,2026-07-25 12:33:36.488961+00:00,2026-07-25 11:28:19.133858+00:00,ambiente,raspberry_pi_4,camera,28.0,29.2,30.0
986,_result,0,2026-07-25 09:33:36.488961+00:00,2026-07-25 12:33:36.488961+00:00,2026-07-25 11:28:24.394191+00:00,ambiente,raspberry_pi_4,camera,28.0,29.1,30.0
987,_result,0,2026-07-25 09:33:36.488961+00:00,2026-07-25 12:33:36.488961+00:00,2026-07-25 11:28:29.663875+00:00,ambiente,raspberry_pi_4,camera,28.0,29.2,30.0
988,_result,0,2026-07-25 09:33:36.488961+00:00,2026-07-25 12:33:36.488961+00:00,2026-07-25 11:28:34.923881+00:00,ambiente,raspberry_pi_4,camera,28.1,29.3,30.0
989,_result,0,2026-07-25 09:33:36.488961+00:00,2026-07-25 12:33:36.488961+00:00,2026-07-25 11:28:40.195305+00:00,ambiente,raspberry_pi_4,camera,28.0,29.1,30.0
990,_result,0,2026-07-25 09:33:36.488961+00:00,2026-07-25 12:33:36.488961+00:00,2026-07-25 11:28:45.455872+00:00,ambiente,raspberry_pi_4,camera,28.1,29.3,30.0
991,_result,0,2026-07-25 09:33:36.488961+00:00,2026-07-25 12:33:36.488961+00:00,2026-07-25 11:28:50.726280+00:00,ambiente,raspberry_pi_4,camera,28.0,29.2,30.0
992,_result,0,2026-07-25 09:33:36.488961+00:00,2026-07-25 12:33:36.488961+00:00,2026-07-25 11:28:55.986595+00:00,ambiente,raspberry_pi_4,camera,28.1,29.3,30.0
993,_result,0,2026-07-25 09:33:36.488961+00:00,2026-07-25 12:33:36.488961+00:00,2026-07-25 11:29:01.256492+00:00,ambiente,raspberry_pi_4,camera,28.0,29.2,30.0
994,_result,0,2026-07-25 09:33:36.488961+00:00,2026-07-25 12:33:36.488961+00:00,2026-07-25 11:29:06.516627+00:00,ambiente,raspberry_pi_4,camera,28.1,29.3,30.0
995,_result,0,2026-07-25 09:33:36.488961+00:00,2026-07-25 12:33:36.488961+00:00,2026-07-25 11:29:11.787582+00:00,ambiente,raspberry_pi_4,camera,28.1,29.3,30.0
996,_result,0,2026-07-25 09:33:36.488961+00:00,2026-07-25 12:33:36.488961+00:00,2026-07-25 11:29:17.047962+00:00,ambiente,raspberry_pi_4,camera,28.1,29.3,30.0
997,_result,0,2026-07-25 09:33:36.488961+00:00,2026-07-25 12:33:36.488961+00:00,2026-07-25 11:29:22.318029+00:00,ambiente,raspberry_pi_4,camera,28.1,29.3,30.0
998,_result,0,2026-07-25 09:33:36.488961+00:00,2026-07-25 12:33:36.488961+00:00,2026-07-25 11:29:27.578364+00:00,ambiente,raspberry_pi_4,camera,28.1,29.3,30.0
999,_result,0,2026-07-25 09:33:36.488961+00:00,2026-07-25 12:33:36.488961+00:00,2026-07-25 11:29:32.847782+00:00,ambiente,raspberry_pi_4,camera,28.1,29.3,30.0
1000,_result,0,2026-07-25 09:33:36.488961+00:00,2026-07-25 12:33:36.488961+00:00,2026-07-25 11:29:38.108161+00:00,ambiente,raspberry_pi_4,camera,28.0,29.2,30.0
1001,_result,0,2026-07-25 09:33:36.488961+00:00,2026-07-25 12:33:36.488961+00:00,2026-07-25 11:29:43.380331+00:00,ambiente,raspberry_pi_4,camera,28.1,29.3,30.0
1002,_result,0,2026-07-25 09:33:36.488961+00:00,2026-07-25 12:33:36.488961+00:00,2026-07-25 11:29:48.640543+00:00,ambiente,raspberry_pi_4,camera,28.0,29.2,30.0
1003,_result,0,2026-07-25 09:33:36.488961+00:00,2026-07-25 12:33:36.488961+00:00,2026-07-25 11:29:53.910304+00:00,ambiente,raspberry_pi_4,camera,28.0,29.2,30.0
1004,_result,0,2026-07-25 09:33:36.488961+00:00,2026-07-25 12:33:36.488961+00:00,2026-07-25 11:29:59.170886+00:00,ambiente,raspberry_pi_4,camera,28.0,29.2,30.0
1005,_result,0,2026-07-25 09:33:36.488961+00:00,2026-07-25 12:33:36.488961+00:00,2026-07-25 11:30:04.440596+00:00,ambiente,raspberry_pi_4,camera,27.9,29.0,30.0
1006,_result,0,2026-07-25 09:33:36.488961+00:00,2026-07-25 12:33:36.488961+00:00,2026-07-25 11:30:09.700906+00:00,ambiente,raspberry_pi_4,camera,27.9,29.0,30.0
1007,_result,0,2026-07-25 09:33:36.488961+00:00,2026-07-25 12:33:36.488961+00:00,2026-07-25 11:30:14.972397+00:00,ambiente,raspberry_pi_4,camera,28.0,29.1,30.0
1008,_result,0,2026-07-25 09:33:36.488961+00:00,2026-07-25 12:33:36.488961+00:00,2026-07-25 11:38:33.849494+00:00,ambiente,raspberry_pi_4,camera,28.6,29.8,30.0
1009,_result,0,2026-07-25 09:33:36.488961+00:00,2026-07-25 12:33:36.488961+00:00,2026-07-25 11:38:39.182154+00:00,ambiente,raspberry_pi_4,camera,28.6,29.8,30.0
1010,_result,0,2026-07-25 09:33:36.488961+00:00,2026-07-25 12:33:36.488961+00:00,2026-07-25 11:38:44.487791+00:00,ambiente,raspberry_pi_4,camera,28.6,29.8,30.0
1011,_result,0,2026-07-25 09:33:36.488961+00:00,2026-07-25 12:33:36.488961+00:00,2026-07-25 11:38:49.749932+00:00,ambiente,raspberry_pi_4,camera,28.6,29.8,30.0
1012,_result,0,2026-07-25 09:33:36.488961+00:00,2026-07-25 12:33:36.488961+00:00,2026-07-25 11:38:55.025154+00:00,ambiente,raspberry_pi_4,camera,28.6,29.8,30.0
1013,_result,0,2026-07-25 09:33:36.488961+00:00,2026-07-25 12:33:36.488961+00:00,2026-07-25 11:39:00.285570+00:00,ambiente,raspberry_pi_4,camera,28.6,29.8,30.0
1014,_result,0,2026-07-25 09:33:36.488961+00:00,2026-07-25 12:33:36.488961+00:00,2026-07-25 11:39:05.556562+00:00,ambiente,raspberry_pi_4,camera,28.6,29.8,30.0
1015,_result,0,2026-07-25 09:33:36.488961+00:00,2026-07-25 12:33:36.488961+00:00,2026-07-25 11:39:10.816822+00:00,ambiente,raspberry_pi_4,camera,28.6,29.8,30.0
1016,_result,0,2026-07-25 09:33:36.488961+00:00,2026-07-25 12:33:36.488961+00:00,2026-07-25 11:39:16.790539+00:00,ambiente,raspberry_pi_4,camera,28.6,29.8,30.0
1017,_result,0,2026-07-25 09:33:36.488961+00:00,2026-07-25 12:33:36.488961+00:00,2026-07-25 11:39:23.072079+00:00,ambiente,raspberry_pi_4,camera,28.6,29.8,30.0
1018,_result,0,2026-07-25 09:33:36.488961+00:00,2026-07-25 12:33:36.488961+00:00,2026-07-25 11:39:28.333435+00:00,ambiente,raspberry_pi_4,camera,28.6,29.8,30.0
1019,_result,0,2026-07-25 09:33:36.488961+00:00,2026-07-25 12:33:36.488961+00:00,2026-07-25 11:39:33.606044+00:00,ambiente,raspberry_pi_4,camera,28.5,29.7,30.0
1020,_result,0,2026-07-25 09:33:36.488961+00:00,2026-07-25 12:33:36.488961+00:00,2026-07-25 11:39:38.866142+00:00,ambiente,raspberry_pi_4,camera,28.5,29.7,30.0
1021,_result,0,2026-07-25 09:33:36.488961+00:00,2026-07-25 12:33:36.488961+00:00,2026-07-25 11:39:44.135977+00:00,ambiente,raspberry_pi_4,camera,28.5,29.7,30.0
1022,_result,0,2026-07-25 09:33:36.488961+00:00,2026-07-25 12:33:36.488961+00:00,2026-07-25 11:39:49.396352+00:00,ambiente,raspberry_pi_4,camera,28.5,29.7,30.0
1023,_result,0,2026-07-25 09:33:36.488961+00:00,2026-07-25 12:33:36.488961+00:00,2026-07-25 11:39:59.921703+00:00,ambiente,raspberry_pi_4,camera,28.4,29.6,30.0
1024,_result,0,2026-07-25 09:33:36.488961+00:00,2026-07-25 12:33:36.488961+00:00,2026-07-25 11:40:05.192810+00:00,ambiente,raspberry_pi_4,camera,28.4,29.6,30.0
1025,_result,0,2026-07-25 09:33:36.488961+00:00,2026-07-25 12:33:36.488961+00:00,2026-07-25 11:40:10.453156+00:00,ambiente,raspberry_pi_4,camera,28.4,29.6,30.0
1026,_result,0,2026-07-25 09:33:36.488961+00:00,2026-07-25 12:33:36.488961+00:00,2026-07-25 11:40:15.722490+00:00,ambiente,raspberry_pi_4,camera,28.3,29.5,30.0
1027,_result,0,2026-07-25 09:33:36.488961+00:00,2026-07-25 12:33:36.488961+00:00,2026-07-25 11:40:20.982641+00:00,ambiente,raspberry_pi_4,camera,28.4,29.6,30.0
1028,_result,0,2026-07-25 09:33:36.488961+00:00,2026-07-25 12:33:36.488961+00:00,2026-07-25 11:40:26.253753+00:00,ambiente,raspberry_pi_4,camera,28.4,29.6,30.0
1029,_result,0,2026-07-25 09:33:36.488961+00:00,2026-07-25 12:33:36.488961+00:00,2026-07-25 11:40:31.514009+00:00,ambiente,raspberry_pi_4,camera,28.4,29.6,30.0
1030,_result,0,2026-07-25 09:33:36.488961+00:00,2026-07-25 12:33:36.488961+00:00,2026-07-25 11:40:36.783454+00:00,ambiente,raspberry_pi_4,camera,28.3,29.5,30.0
1031,_result,0,2026-07-25 09:33:36.488961+00:00,2026-07-25 12:33:36.488961+00:00,2026-07-25 11:40:42.043508+00:00,ambiente,raspberry_pi_4,camera,28.3,29.5,30.0
1032,_result,0,2026-07-25 09:33:36.488961+00:00,2026-07-25 12:33:36.488961+00:00,2026-07-25 11:40:47.313956+00:00,ambiente,raspberry_pi_4,camera,28.3,29.5,30.0
1033,_result,0,2026-07-25 09:33:36.488961+00:00,2026-07-25 12:33:36.488961+00:00,2026-07-25 11:40:52.575627+00:00,ambiente,raspberry_pi_4,camera,28.3,29.5,30.0
1034,_result,0,2026-07-25 09:33:36.488961+00:00,2026-07-25 12:33:36.488961+00:00,2026-07-25 11:40:57.845489+00:00,ambiente,raspberry_pi_4,camera,28.2,29.4,30.0
1035,_result,0,2026-07-25 09:33:36.488961+00:00,2026-07-25 12:33:36.488961+00:00,2026-07-25 11:41:03.105338+00:00,ambiente,raspberry_pi_4,camera,28.2,29.4,30.0
1036,_result,0,2026-07-25 09:33:36.488961+00:00,2026-07-25 12:33:36.488961+00:00,2026-07-25 11:41:08.375072+00:00,ambiente,raspberry_pi_4,camera,28.2,29.4,30.0
1037,_result,0,2026-07-25 09:33:36.488961+00:00,2026-07-25 12:33:36.488961+00:00,2026-07-25 11:41:13.634984+00:00,ambiente,raspberry_pi_4,camera,28.1,29.3,30.0
1038,_result,0,2026-07-25 09:33:36.488961+00:00,2026-07-25 12:33:36.488961+00:00,2026-07-25 11:41:18.905970+00:00,ambiente,raspberry_pi_4,camera,28.1,29.3,29.0
1039,_result,0,2026-07-25 09:33:36.488961+00:00,2026-07-25 12:33:36.488961+00:00,2026-07-25 11:41:24.166236+00:00,ambiente,raspberry_pi_4,camera,28.1,29.3,29.0
1040,_result,0,2026-07-25 09:33:36.488961+00:00,2026-07-25 12:33:36.488961+00:00,2026-07-25 11:41:29.442704+00:00,ambiente,raspberry_pi_4,camera,28.1,29.3,29.0
1041,_result,0,2026-07-25 09:33:36.488961+00:00,2026-07-25 12:33:36.488961+00:00,2026-07-25 11:41:34.702701+00:00,ambiente,raspberry_pi_4,camera,28.1,29.3,29.0
1042,_result,0,2026-07-25 09:33:36.488961+00:00,2026-07-25 12:33:36.488961+00:00,2026-07-25 11:41:39.972847+00:00,ambiente,raspberry_pi_4,camera,28.1,29.3,29.0
1043,_result,0,2026-07-25 09:33:36.488961+00:00,2026-07-25 12:33:36.488961+00:00,2026-07-25 11:41:45.232928+00:00,ambiente,raspberry_pi_4,camera,28.1,29.3,30.0
1044,_result,0,2026-07-25 09:33:36.488961+00:00,2026-07-25 12:33:36.488961+00:00,2026-07-25 11:41:50.503689+00:00,ambiente,raspberry_pi_4,camera,28.1,29.3,30.0
1045,_result,0,2026-07-25 09:33:36.488961+00:00,2026-07-25 12:33:36.488961+00:00,2026-07-25 11:41:55.763651+00:00,ambiente,raspberry_pi_4,camera,28.1,29.3,30.0
1046,_result,0,2026-07-25 09:33:36.488961+00:00,2026-07-25 12:33:36.488961+00:00,2026-07-25 11:42:01.034150+00:00,ambiente,raspberry_pi_4,camera,28.1,29.3,30.0
1047,_result,0,2026-07-25 09:33:36.488961+00:00,2026-07-25 12:33:36.488961+00:00,2026-07-25 11:42:06.294232+00:00,ambiente,raspberry_pi_4,camera,28.1,29.3,29.0
1048,_result,0,2026-07-25 09:33:36.488961+00:00,2026-07-25 12:33:36.488961+00:00,2026-07-25 11:42:11.563949+00:00,ambiente,raspberry_pi_4,camera,28.1,29.3,29.0
1049,_result,0,2026-07-25 09:33:36.488961+00:00,2026-07-25 12:33:36.488961+00:00,2026-07-25 11:42:16.824181+00:00,ambiente,raspberry_pi_4,camera,28.1,29.3,29.0
1050,_result,0,2026-07-25 09:33:36.488961+00:00,2026-07-25 12:33:36.488961+00:00,2026-07-25 11:42:22.095506+00:00,ambiente,raspberry_pi_4,camera,28.1,29.3,29.0
1051,_result,0,2026-07-25 09:33:36.488961+00:00,2026-07-25 12:33:36.488961+00:00,2026-07-25 11:42:27.355874+00:00,ambiente,raspberry_pi_4,camera,28.1,29.3,29.0
1052,_result,0,2026-07-25 09:33:36.488961+00:00,2026-07-25 12:33:36.488961+00:00,2026-07-25 11:42:32.625476+00:00,ambiente,raspberry_pi_4,camera,28.1,29.3,29.0
1053,_result,0,2026-07-25 09:33:36.488961+00:00,2026-07-25 12:33:36.488961+00:00,2026-07-25 11:42:37.885594+00:00,ambiente,raspberry_pi_4,camera,28.1,29.3,29.0
1054,_result,0,2026-07-25 09:33:36.488961+00:00,2026-07-25 12:33:36.488961+00:00,2026-07-25 11:42:43.155838+00:00,ambiente,raspberry_pi_4,camera,28.1,29.3,29.0
1055,_result,0,2026-07-25 09:33:36.488961+00:00,2026-07-25 12:33:36.488961+00:00,2026-07-25 11:42:48.415937+00:00,ambiente,raspberry_pi_4,camera,28.1,29.3,30.0
1056,_result,0,2026-07-25 09:33:36.488961+00:00,2026-07-25 12:33:36.488961+00:00,2026-07-25 11:42:53.686735+00:00,ambiente,raspberry_pi_4,camera,28.1,29.3,30.0
1057,_result,0,2026-07-25 09:33:36.488961+00:00,2026-07-25 12:33:36.488961+00:00,2026-07-25 11:42:58.946835+00:00,ambiente,raspberry_pi_4,camera,28.1,29.3,30.0
1058,_result,0,2026-07-25 09:33:36.488961+00:00,2026-07-25 12:33:36.488961+00:00,2026-07-25 11:43:04.216562+00:00,ambiente,raspberry_pi_4,camera,28.1,29.3,30.0
1059,_result,0,2026-07-25 09:33:36.488961+00:00,2026-07-25 12:33:36.488961+00:00,2026-07-25 11:43:09.476563+00:00,ambiente,raspberry_pi_4,camera,28.1,29.3,30.0
1060,_result,0,2026-07-25 09:33:36.488961+00:00,2026-07-25 12:33:36.488961+00:00,2026-07-25 11:43:14.746648+00:00,ambiente,raspberry_pi_4,camera,28.1,29.3,30.0
1061,_result,0,2026-07-25 09:33:36.488961+00:00,2026-07-25 12:33:36.488961+00:00,2026-07-25 11:43:20.007180+00:00,ambiente,raspberry_pi_4,camera,28.1,29.3,30.0
1062,_result,0,2026-07-25 09:33:36.488961+00:00,2026-07-25 12:33:36.488961+00:00,2026-07-25 11:43:25.278056+00:00,ambiente,raspberry_pi_4,camera,28.1,29.3,29.0
1063,_result,0,2026-07-25 09:33:36.488961+00:00,2026-07-25 12:33:36.488961+00:00,2026-07-25 11:43:30.538033+00:00,ambiente,raspberry_pi_4,camera,28.1,29.3,29.0
1064,_result,0,2026-07-25 09:33:36.488961+00:00,2026-07-25 12:33:36.488961+00:00,2026-07-25 11:43:35.807485+00:00,ambiente,raspberry_pi_4,camera,28.1,29.3,29.0
1065,_result,0,2026-07-25 09:33:36.488961+00:00,2026-07-25 12:33:36.488961+00:00,2026-07-25 11:43:41.067387+00:00,ambiente,raspberry_pi_4,camera,28.1,29.3,29.0
1066,_result,0,2026-07-25 09:33:36.488961+00:00,2026-07-25 12:33:36.488961+00:00,2026-07-25 11:43:46.337073+00:00,ambiente,raspberry_pi_4,camera,28.1,29.3,29.0
1067,_result,0,2026-07-25 09:33:36.488961+00:00,2026-07-25 12:33:36.488961+00:00,2026-07-25 11:43:51.597399+00:00,ambiente,raspberry_pi_4,camera,28.1,29.3,29.0
1068,_result,0,2026-07-25 09:33:36.488961+00:00,2026-07-25 12:33:36.488961+00:00,2026-07-25 11:43:56.868109+00:00,ambiente,raspberry_pi_4,camera,28.1,29.3,29.0
1069,_result,0,2026-07-25 09:33:36.488961+00:00,2026-07-25 12:33:36.488961+00:00,2026-07-25 11:44:02.128291+00:00,ambiente,raspberry_pi_4,camera,28.1,29.3,29.0
1070,_result,0,2026-07-25 09:33:36.488961+00:00,2026-07-25 12:33:36.488961+00:00,2026-07-25 11:44:07.397744+00:00,ambiente,raspberry_pi_4,camera,28.1,29.3,29.0
1071,_result,0,2026-07-25 09:33:36.488961+00:00,2026-07-25 12:33:36.488961+00:00,2026-07-25 11:44:12.657986+00:00,ambiente,raspberry_pi_4,camera,28.1,29.3,30.0
1072,_result,0,2026-07-25 09:33:36.488961+00:00,2026-07-25 12:33:36.488961+00:00,2026-07-25 11:44:17.927367+00:00,ambiente,raspberry_pi_4,camera,28.1,29.3,30.0
1073,_result,0,2026-07-25 09:33:36.488961+00:00,2026-07-25 12:33:36.488961+00:00,2026-07-25 11:44:23.189064+00:00,ambiente,raspberry_pi_4,camera,28.1,29.3,30.0
1074,_result,0,2026-07-25 09:33:36.488961+00:00,2026-07-25 12:33:36.488961+00:00,2026-07-25 11:44:28.459864+00:00,ambiente,raspberry_pi_4,camera,28.1,29.3,30.0
1075,_result,0,2026-07-25 09:33:36.488961+00:00,2026-07-25 12:33:36.488961+00:00,2026-07-25 11:44:33.720292+00:00,ambiente,raspberry_pi_4,camera,28.1,29.3,30.0
1076,_result,0,2026-07-25 09:33:36.488961+00:00,2026-07-25 12:33:36.488961+00:00,2026-07-25 11:44:38.989952+00:00,ambiente,raspberry_pi_4,camera,28.1,29.3,30.0
1077,_result,0,2026-07-25 09:33:36.488961+00:00,2026-07-25 12:33:36.488961+00:00,2026-07-25 11:44:44.250139+00:00,ambiente,raspberry_pi_4,camera,28.1,29.3,30.0
1078,_result,0,2026-07-25 09:33:36.488961+00:00,2026-07-25 12:33:36.488961+00:00,2026-07-25 11:44:49.521841+00:00,ambiente,raspberry_pi_4,camera,28.1,29.3,30.0
1079,_result,0,2026-07-25 09:33:36.488961+00:00,2026-07-25 12:33:36.488961+00:00,2026-07-25 11:44:54.782225+00:00,ambiente,raspberry_pi_4,camera,28.1,29.3,30.0
1080,_result,0,2026-07-25 09:33:36.488961+00:00,2026-07-25 12:33:36.488961+00:00,2026-07-25 11:45:00.051855+00:00,ambiente,raspberry_pi_4,camera,28.1,29.3,30.0
1081,_result,0,2026-07-25 09:33:36.488961+00:00,2026-07-25 12:33:36.488961+00:00,2026-07-25 11:45:05.311912+00:00,ambiente,raspberry_pi_4,camera,28.1,29.3,30.0
1082,_result,0,2026-07-25 09:33:36.488961+00:00,2026-07-25 12:33:36.488961+00:00,2026-07-25 11:45:10.581766+00:00,ambiente,raspberry_pi_4,camera,28.1,29.3,30.0
1083,_result,0,2026-07-25 09:33:36.488961+00:00,2026-07-25 12:33:36.488961+00:00,2026-07-25 11:45:15.841879+00:00,ambiente,raspberry_pi_4,camera,28.1,29.3,30.0
1084,_result,0,2026-07-25 09:33:36.488961+00:00,2026-07-25 12:33:36.488961+00:00,2026-07-25 11:45:21.112984+00:00,ambiente,raspberry_pi_4,camera,28.1,29.3,30.0
1085,_result,0,2026-07-25 09:33:36.488961+00:00,2026-07-25 12:33:36.488961+00:00,2026-07-25 11:45:26.373408+00:00,ambiente,raspberry_pi_4,camera,28.1,29.3,30.0
1086,_result,0,2026-07-25 09:33:36.488961+00:00,2026-07-25 12:33:36.488961+00:00,2026-07-25 11:45:31.643183+00:00,ambiente,raspberry_pi_4,camera,28.1,29.3,30.0
1087,_result,0,2026-07-25 09:33:36.488961+00:00,2026-07-25 12:33:36.488961+00:00,2026-07-25 11:45:36.903284+00:00,ambiente,raspberry_pi_4,camera,28.1,29.3,30.0
1088,_result,0,2026-07-25 09:33:36.488961+00:00,2026-07-25 12:33:36.488961+00:00,2026-07-25 11:45:42.173207+00:00,ambiente,raspberry_pi_4,camera,28.1,29.3,30.0
1089,_result,0,2026-07-25 09:33:36.488961+00:00,2026-07-25 12:33:36.488961+00:00,2026-07-25 11:45:47.433317+00:00,ambiente,raspberry_pi_4,camera,28.1,29.3,30.0
1090,_result,0,2026-07-25 09:33:36.488961+00:00,2026-07-25 12:33:36.488961+00:00,2026-07-25 11:45:52.704658+00:00,ambiente,raspberry_pi_4,camera,28.1,29.3,30.0
1091,_result,0,2026-07-25 09:33:36.488961+00:00,2026-07-25 12:33:36.488961+00:00,2026-07-25 11:45:57.964735+00:00,ambiente,raspberry_pi_4,camera,28.1,29.3,30.0
1092,_result,0,2026-07-25 09:33:36.488961+00:00,2026-07-25 12:33:36.488961+00:00,2026-07-25 11:46:03.234897+00:00,ambiente,raspberry_pi_4,camera,28.1,29.3,30.0
1093,_result,0,2026-07-25 09:33:36.488961+00:00,2026-07-25 12:33:36.488961+00:00,2026-07-25 11:46:08.494961+00:00,ambiente,raspberry_pi_4,camera,28.1,29.3,30.0
1094,_result,0,2026-07-25 09:33:36.488961+00:00,2026-07-25 12:33:36.488961+00:00,2026-07-25 11:46:13.764542+00:00,ambiente,raspberry_pi_4,camera,28.1,29.3,30.0
1095,_result,0,2026-07-25 09:33:36.488961+00:00,2026-07-25 12:33:36.488961+00:00,2026-07-25 11:46:19.025435+00:00,ambiente,raspberry_pi_4,camera,28.1,29.3,30.0
1096,_result,0,2026-07-25 09:33:36.488961+00:00,2026-07-25 12:33:36.488961+00:00,2026-07-25 11:46:24.296747+00:00,ambiente,raspberry_pi_4,camera,28.1,29.3,30.0
1097,_result,0,2026-07-25 09:33:36.488961+00:00,2026-07-25 12:33:36.488961+00:00,2026-07-25 11:46:29.556730+00:00,ambiente,raspberry_pi_4,camera,28.1,29.3,30.0
1098,_result,0,2026-07-25 09:33:36.488961+00:00,2026-07-25 12:33:36.488961+00:00,2026-07-25 11:46:34.826205+00:00,ambiente,raspberry_pi_4,camera,28.1,29.3,30.0
1099,_result,0,2026-07-25 09:33:36.488961+00:00,2026-07-25 12:33:36.488961+00:00,2026-07-25 11:46:40.086609+00:00,ambiente,raspberry_pi_4,camera,28.1,29.3,30.0
1100,_result,0,2026-07-25 09:33:36.488961+00:00,2026-07-25 12:33:36.488961+00:00,2026-07-25 11:46:45.356157+00:00,ambiente,raspberry_pi_4,camera,28.1,29.3,30.0
1101,_result,0,2026-07-25 09:33:36.488961+00:00,2026-07-25 12:33:36.488961+00:00,2026-07-25 11:46:50.616162+00:00,ambiente,raspberry_pi_4,camera,28.1,29.3,30.0
1102,_result,0,2026-07-25 09:33:36.488961+00:00,2026-07-25 12:33:36.488961+00:00,2026-07-25 11:46:55.886892+00:00,ambiente,raspberry_pi_4,camera,28.1,29.3,30.0
1103,_result,0,2026-07-25 09:33:36.488961+00:00,2026-07-25 12:33:36.488961+00:00,2026-07-25 11:47:01.146920+00:00,ambiente,raspberry_pi_4,camera,28.1,29.3,30.0
1104,_result,0,2026-07-25 09:33:36.488961+00:00,2026-07-25 12:33:36.488961+00:00,2026-07-25 11:47:06.416810+00:00,ambiente,raspberry_pi_4,camera,28.1,29.3,30.0
1105,_result,0,2026-07-25 09:33:36.488961+00:00,2026-07-25 12:33:36.488961+00:00,2026-07-25 11:47:11.676915+00:00,ambiente,raspberry_pi_4,camera,28.1,29.3,30.0
1106,_result,0,2026-07-25 09:33:36.488961+00:00,2026-07-25 12:33:36.488961+00:00,2026-07-25 11:47:16.946885+00:00,ambiente,raspberry_pi_4,camera,28.1,29.3,30.0
1107,_result,0,2026-07-25 09:33:36.488961+00:00,2026-07-25 12:33:36.488961+00:00,2026-07-25 11:47:22.206918+00:00,ambiente,raspberry_pi_4,camera,28.1,29.3,30.0
1108,_result,0,2026-07-25 09:33:36.488961+00:00,2026-07-25 12:33:36.488961+00:00,2026-07-25 11:47:27.481189+00:00,ambiente,raspberry_pi_4,camera,28.1,29.3,30.0
1109,_result,0,2026-07-25 09:33:36.488961+00:00,2026-07-25 12:33:36.488961+00:00,2026-07-25 11:47:32.741367+00:00,ambiente,raspberry_pi_4,camera,28.1,29.3,30.0
1110,_result,0,2026-07-25 09:33:36.488961+00:00,2026-07-25 12:33:36.488961+00:00,2026-07-25 11:47:38.010968+00:00,ambiente,raspberry_pi_4,camera,28.1,29.3,30.0
1111,_result,0,2026-07-25 09:33:36.488961+00:00,2026-07-25 12:33:36.488961+00:00,2026-07-25 11:47:43.270930+00:00,ambiente,raspberry_pi_4,camera,28.1,29.3,30.0
1112,_result,0,2026-07-25 09:33:36.488961+00:00,2026-07-25 12:33:36.488961+00:00,2026-07-25 11:47:48.541896+00:00,ambiente,raspberry_pi_4,camera,28.1,29.3,30.0
1113,_result,0,2026-07-25 09:33:36.488961+00:00,2026-07-25 12:33:36.488961+00:00,2026-07-25 11:47:53.801927+00:00,ambiente,raspberry_pi_4,camera,28.1,29.3,30.0
1114,_result,0,2026-07-25 09:33:36.488961+00:00,2026-07-25 12:33:36.488961+00:00,2026-07-25 11:47:59.071574+00:00,ambiente,raspberry_pi_4,camera,28.1,29.3,30.0
1115,_result,0,2026-07-25 09:33:36.488961+00:00,2026-07-25 12:33:36.488961+00:00,2026-07-25 11:48:04.331596+00:00,ambiente,raspberry_pi_4,camera,28.1,29.3,30.0
1116,_result,0,2026-07-25 09:33:36.488961+00:00,2026-07-25 12:33:36.488961+00:00,2026-07-25 11:48:09.601981+00:00,ambiente,raspberry_pi_4,camera,28.1,29.3,30.0
1117,_result,0,2026-07-25 09:33:36.488961+00:00,2026-07-25 12:33:36.488961+00:00,2026-07-25 11:48:14.861905+00:00,ambiente,raspberry_pi_4,camera,28.1,29.3,30.0
1118,_result,0,2026-07-25 09:33:36.488961+00:00,2026-07-25 12:33:36.488961+00:00,2026-07-25 11:48:20.132699+00:00,ambiente,raspberry_pi_4,camera,28.1,29.3,30.0
1119,_result,0,2026-07-25 09:33:36.488961+00:00,2026-07-25 12:33:36.488961+00:00,2026-07-25 11:48:25.392696+00:00,ambiente,raspberry_pi_4,camera,28.1,29.3,30.0
1120,_result,0,2026-07-25 09:33:36.488961+00:00,2026-07-25 12:33:36.488961+00:00,2026-07-25 11:48:30.662348+00:00,ambiente,raspberry_pi_4,camera,28.1,29.3,30.0
1121,_result,0,2026-07-25 09:33:36.488961+00:00,2026-07-25 12:33:36.488961+00:00,2026-07-25 11:48:35.922208+00:00,ambiente,raspberry_pi_4,camera,28.1,29.3,30.0
1122,_result,0,2026-07-25 09:33:36.488961+00:00,2026-07-25 12:33:36.488961+00:00,2026-07-25 11:48:41.191900+00:00,ambiente,raspberry_pi_4,camera,28.1,29.3,30.0
1123,_result,0,2026-07-25 09:33:36.488961+00:00,2026-07-25 12:33:36.488961+00:00,2026-07-25 11:48:46.451711+00:00,ambiente,raspberry_pi_4,camera,28.1,29.3,30.0
1124,_result,0,2026-07-25 09:33:36.488961+00:00,2026-07-25 12:33:36.488961+00:00,2026-07-25 11:48:51.723051+00:00,ambiente,raspberry_pi_4,camera,28.1,29.3,30.0
1125,_result,0,2026-07-25 09:33:36.488961+00:00,2026-07-25 12:33:36.488961+00:00,2026-07-25 11:48:56.982904+00:00,ambiente,raspberry_pi_4,camera,28.1,29.3,30.0
1126,_result,0,2026-07-25 09:33:36.488961+00:00,2026-07-25 12:33:36.488961+00:00,2026-07-25 11:49:02.252748+00:00,ambiente,raspberry_pi_4,camera,28.1,29.3,30.0
1127,_result,0,2026-07-25 09:33:36.488961+00:00,2026-07-25 12:33:36.488961+00:00,2026-07-25 11:49:12.776150+00:00,ambiente,raspberry_pi_4,camera,28.1,29.3,30.0
1128,_result,0,2026-07-25 09:33:36.488961+00:00,2026-07-25 12:33:36.488961+00:00,2026-07-25 11:49:18.036165+00:00,ambiente,raspberry_pi_4,camera,28.1,29.3,30.0
1129,_result,0,2026-07-25 09:33:36.488961+00:00,2026-07-25 12:33:36.488961+00:00,2026-07-25 11:49:23.307043+00:00,ambiente,raspberry_pi_4,camera,28.1,29.3,30.0
1130,_result,0,2026-07-25 09:33:36.488961+00:00,2026-07-25 12:33:36.488961+00:00,2026-07-25 11:49:28.567073+00:00,ambiente,raspberry_pi_4,camera,28.1,29.3,30.0
1131,_result,0,2026-07-25 09:33:36.488961+00:00,2026-07-25 12:33:36.488961+00:00,2026-07-25 11:49:33.837025+00:00,ambiente,raspberry_pi_4,camera,28.1,29.3,30.0
1132,_result,0,2026-07-25 09:33:36.488961+00:00,2026-07-25 12:33:36.488961+00:00,2026-07-25 11:49:39.096934+00:00,ambiente,raspberry_pi_4,camera,28.1,29.3,30.0
1133,_result,0,2026-07-25 09:33:36.488961+00:00,2026-07-25 12:33:36.488961+00:00,2026-07-25 11:49:44.366675+00:00,ambiente,raspberry_pi_4,camera,28.1,29.3,30.0
1134,_result,0,2026-07-25 09:33:36.488961+00:00,2026-07-25 12:33:36.488961+00:00,2026-07-25 11:49:49.626707+00:00,ambiente,raspberry_pi_4,camera,28.1,29.3,30.0
1135,_result,0,2026-07-25 09:33:36.488961+00:00,2026-07-25 12:33:36.488961+00:00,2026-07-25 11:49:54.898052+00:00,ambiente,raspberry_pi_4,camera,28.1,29.3,30.0
1136,_result,0,2026-07-25 09:33:36.488961+00:00,2026-07-25 12:33:36.488961+00:00,2026-07-25 11:50:00.158796+00:00,ambiente,raspberry_pi_4,camera,28.1,29.3,30.0
1137,_result,0,2026-07-25 09:33:36.488961+00:00,2026-07-25 12:33:36.488961+00:00,2026-07-25 11:50:05.428670+00:00,ambiente,raspberry_pi_4,camera,28.1,29.3,30.0
1138,_result,0,2026-07-25 09:33:36.488961+00:00,2026-07-25 12:33:36.488961+00:00,2026-07-25 11:50:10.688648+00:00,ambiente,raspberry_pi_4,camera,28.1,29.3,30.0
1139,_result,0,2026-07-25 09:33:36.488961+00:00,2026-07-25 12:33:36.488961+00:00,2026-07-25 11:50:15.958277+00:00,ambiente,raspberry_pi_4,camera,28.1,29.3,30.0
1140,_result,0,2026-07-25 09:33:36.488961+00:00,2026-07-25 12:33:36.488961+00:00,2026-07-25 11:50:21.218341+00:00,ambiente,raspberry_pi_4,camera,28.1,29.3,30.0
1141,_result,0,2026-07-25 09:33:36.488961+00:00,2026-07-25 12:33:36.488961+00:00,2026-07-25 11:50:26.489664+00:00,ambiente,raspberry_pi_4,camera,28.1,29.3,30.0
1142,_result,0,2026-07-25 09:33:36.488961+00:00,2026-07-25 12:33:36.488961+00:00,2026-07-25 11:50:31.749695+00:00,ambiente,raspberry_pi_4,camera,28.1,29.3,30.0
1143,_result,0,2026-07-25 09:33:36.488961+00:00,2026-07-25 12:33:36.488961+00:00,2026-07-25 11:50:37.019100+00:00,ambiente,raspberry_pi_4,camera,28.1,29.3,30.0
1144,_result,0,2026-07-25 09:33:36.488961+00:00,2026-07-25 12:33:36.488961+00:00,2026-07-25 11:50:47.543962+00:00,ambiente,raspberry_pi_4,camera,28.1,29.3,30.0
1145,_result,0,2026-07-25 09:33:36.488961+00:00,2026-07-25 12:33:36.488961+00:00,2026-07-25 11:50:52.805659+00:00,ambiente,raspberry_pi_4,camera,28.1,29.3,30.0
1146,_result,0,2026-07-25 09:33:36.488961+00:00,2026-07-25 12:33:36.488961+00:00,2026-07-25 11:50:58.075337+00:00,ambiente,raspberry_pi_4,camera,28.1,29.3,30.0
1147,_result,0,2026-07-25 09:33:36.488961+00:00,2026-07-25 12:33:36.488961+00:00,2026-07-25 11:51:03.335142+00:00,ambiente,raspberry_pi_4,camera,28.1,29.3,30.0
1148,_result,0,2026-07-25 09:33:36.488961+00:00,2026-07-25 12:33:36.488961+00:00,2026-07-25 11:51:08.604905+00:00,ambiente,raspberry_pi_4,camera,28.1,29.3,30.0
1149,_result,0,2026-07-25 09:33:36.488961+00:00,2026-07-25 12:33:36.488961+00:00,2026-07-25 11:51:13.864922+00:00,ambiente,raspberry_pi_4,camera,28.1,29.3,30.0
1150,_result,0,2026-07-25 09:33:36.488961+00:00,2026-07-25 12:33:36.488961+00:00,2026-07-25 11:51:19.135766+00:00,ambiente,raspberry_pi_4,camera,28.1,29.3,30.0
1151,_result,0,2026-07-25 09:33:36.488961+00:00,2026-07-25 12:33:36.488961+00:00,2026-07-25 11:51:24.395883+00:00,ambiente,raspberry_pi_4,camera,28.1,29.3,30.0
1152,_result,0,2026-07-25 09:33:36.488961+00:00,2026-07-25 12:33:36.488961+00:00,2026-07-25 11:51:29.665726+00:00,ambiente,raspberry_pi_4,camera,28.1,29.3,30.0
1153,_result,0,2026-07-25 09:33:36.488961+00:00,2026-07-25 12:33:36.488961+00:00,2026-07-25 11:51:34.925766+00:00,ambiente,raspberry_pi_4,camera,28.1,29.3,30.0
1154,_result,0,2026-07-25 09:33:36.488961+00:00,2026-07-25 12:33:36.488961+00:00,2026-07-25 11:51:45.449448+00:00,ambiente,raspberry_pi_4,camera,28.1,29.3,30.0
1155,_result,0,2026-07-25 09:33:36.488961+00:00,2026-07-25 12:33:36.488961+00:00,2026-07-25 11:51:50.727321+00:00,ambiente,raspberry_pi_4,camera,28.1,29.3,30.0
1156,_result,0,2026-07-25 09:33:36.488961+00:00,2026-07-25 12:33:36.488961+00:00,2026-07-25 11:51:55.988656+00:00,ambiente,raspberry_pi_4,camera,28.1,29.3,30.0
1157,_result,0,2026-07-25 09:33:36.488961+00:00,2026-07-25 12:33:36.488961+00:00,2026-07-25 11:52:01.258916+00:00,ambiente,raspberry_pi_4,camera,28.1,29.3,30.0
1158,_result,0,2026-07-25 09:33:36.488961+00:00,2026-07-25 12:33:36.488961+00:00,2026-07-25 11:52:06.518915+00:00,ambiente,raspberry_pi_4,camera,28.1,29.3,30.0
1159,_result,0,2026-07-25 09:33:36.488961+00:00,2026-07-25 12:33:36.488961+00:00,2026-07-25 11:52:11.788793+00:00,ambiente,raspberry_pi_4,camera,28.1,29.3,30.0
1160,_result,0,2026-07-25 09:33:36.488961+00:00,2026-07-25 12:33:36.488961+00:00,2026-07-25 11:52:17.048778+00:00,ambiente,raspberry_pi_4,camera,28.1,29.3,30.0
1161,_result,0,2026-07-25 09:33:36.488961+00:00,2026-07-25 12:33:36.488961+00:00,2026-07-25 11:52:22.319916+00:00,ambiente,raspberry_pi_4,camera,28.1,29.3,30.0
1162,_result,0,2026-07-25 09:33:36.488961+00:00,2026-07-25 12:33:36.488961+00:00,2026-07-25 11:52:27.579943+00:00,ambiente,raspberry_pi_4,camera,28.1,29.3,30.0
1163,_result,0,2026-07-25 09:33:36.488961+00:00,2026-07-25 12:33:36.488961+00:00,2026-07-25 11:52:32.849511+00:00,ambiente,raspberry_pi_4,camera,28.1,29.3,30.0
1164,_result,0,2026-07-25 09:33:36.488961+00:00,2026-07-25 12:33:36.488961+00:00,2026-07-25 11:52:38.110026+00:00,ambiente,raspberry_pi_4,camera,28.1,29.3,30.0
1165,_result,0,2026-07-25 09:33:36.488961+00:00,2026-07-25 12:33:36.488961+00:00,2026-07-25 11:52:43.379584+00:00,ambiente,raspberry_pi_4,camera,28.1,29.3,30.0
1166,_result,0,2026-07-25 09:33:36.488961+00:00,2026-07-25 12:33:36.488961+00:00,2026-07-25 11:52:48.639609+00:00,ambiente,raspberry_pi_4,camera,28.1,29.3,30.0
1167,_result,0,2026-07-25 09:33:36.488961+00:00,2026-07-25 12:33:36.488961+00:00,2026-07-25 11:52:53.911342+00:00,ambiente,raspberry_pi_4,camera,28.1,29.3,30.0
1168,_result,0,2026-07-25 09:33:36.488961+00:00,2026-07-25 12:33:36.488961+00:00,2026-07-25 11:52:59.171331+00:00,ambiente,raspberry_pi_4,camera,28.1,29.3,30.0
1169,_result,0,2026-07-25 09:33:36.488961+00:00,2026-07-25 12:33:36.488961+00:00,2026-07-25 11:53:04.441280+00:00,ambiente,raspberry_pi_4,camera,28.1,29.3,30.0
1170,_result,0,2026-07-25 09:33:36.488961+00:00,2026-07-25 12:33:36.488961+00:00,2026-07-25 11:53:14.964705+00:00,ambiente,raspberry_pi_4,camera,28.1,29.3,30.0
1171,_result,0,2026-07-25 09:33:36.488961+00:00,2026-07-25 12:33:36.488961+00:00,2026-07-25 11:53:20.225155+00:00,ambiente,raspberry_pi_4,camera,28.1,29.3,30.0
1172,_result,0,2026-07-25 09:33:36.488961+00:00,2026-07-25 12:33:36.488961+00:00,2026-07-25 11:53:25.496462+00:00,ambiente,raspberry_pi_4,camera,28.1,29.3,30.0
1173,_result,0,2026-07-25 09:33:36.488961+00:00,2026-07-25 12:33:36.488961+00:00,2026-07-25 11:53:30.756465+00:00,ambiente,raspberry_pi_4,camera,28.1,29.3,30.0
1174,_result,0,2026-07-25 09:33:36.488961+00:00,2026-07-25 12:33:36.488961+00:00,2026-07-25 11:53:36.026182+00:00,ambiente,raspberry_pi_4,camera,28.1,29.3,30.0
1175,_result,0,2026-07-25 09:33:36.488961+00:00,2026-07-25 12:33:36.488961+00:00,2026-07-25 11:53:41.286694+00:00,ambiente,raspberry_pi_4,camera,28.1,29.3,30.0
1176,_result,0,2026-07-25 09:33:36.488961+00:00,2026-07-25 12:33:36.488961+00:00,2026-07-25 11:53:46.556187+00:00,ambiente,raspberry_pi_4,camera,28.1,29.3,30.0
1177,_result,0,2026-07-25 09:33:36.488961+00:00,2026-07-25 12:33:36.488961+00:00,2026-07-25 11:53:51.817321+00:00,ambiente,raspberry_pi_4,camera,28.1,29.3,30.0
1178,_result,0,2026-07-25 09:33:36.488961+00:00,2026-07-25 12:33:36.488961+00:00,2026-07-25 11:53:57.088256+00:00,ambiente,raspberry_pi_4,camera,28.1,29.3,30.0
1179,_result,0,2026-07-25 09:33:36.488961+00:00,2026-07-25 12:33:36.488961+00:00,2026-07-25 11:54:02.348465+00:00,ambiente,raspberry_pi_4,camera,28.1,29.3,30.0
1180,_result,0,2026-07-25 09:33:36.488961+00:00,2026-07-25 12:33:36.488961+00:00,2026-07-25 11:54:07.617707+00:00,ambiente,raspberry_pi_4,camera,28.1,29.3,30.0
1181,_result,0,2026-07-25 09:33:36.488961+00:00,2026-07-25 12:33:36.488961+00:00,2026-07-25 11:54:12.877797+00:00,ambiente,raspberry_pi_4,camera,28.1,29.3,30.0
1182,_result,0,2026-07-25 09:33:36.488961+00:00,2026-07-25 12:33:36.488961+00:00,2026-07-25 11:54:18.147474+00:00,ambiente,raspberry_pi_4,camera,28.1,29.3,30.0
1183,_result,0,2026-07-25 09:33:36.488961+00:00,2026-07-25 12:33:36.488961+00:00,2026-07-25 11:54:23.409154+00:00,ambiente,raspberry_pi_4,camera,28.1,29.3,30.0
1184,_result,0,2026-07-25 09:33:36.488961+00:00,2026-07-25 12:33:36.488961+00:00,2026-07-25 11:54:28.678449+00:00,ambiente,raspberry_pi_4,camera,28.1,29.3,30.0
1185,_result,0,2026-07-25 09:33:36.488961+00:00,2026-07-25 12:33:36.488961+00:00,2026-07-25 11:54:33.938557+00:00,ambiente,raspberry_pi_4,camera,28.1,29.3,30.0
1186,_result,0,2026-07-25 09:33:36.488961+00:00,2026-07-25 12:33:36.488961+00:00,2026-07-25 11:54:39.208231+00:00,ambiente,raspberry_pi_4,camera,28.1,29.3,30.0
1187,_result,0,2026-07-25 09:33:36.488961+00:00,2026-07-25 12:33:36.488961+00:00,2026-07-25 11:54:44.468173+00:00,ambiente,raspberry_pi_4,camera,28.1,29.3,30.0
1188,_result,0,2026-07-25 09:33:36.488961+00:00,2026-07-25 12:33:36.488961+00:00,2026-07-25 11:54:49.739100+00:00,ambiente,raspberry_pi_4,camera,28.1,29.3,30.0
1189,_result,0,2026-07-25 09:33:36.488961+00:00,2026-07-25 12:33:36.488961+00:00,2026-07-25 11:54:54.998942+00:00,ambiente,raspberry_pi_4,camera,28.1,29.3,30.0
1190,_result,0,2026-07-25 09:33:36.488961+00:00,2026-07-25 12:33:36.488961+00:00,2026-07-25 11:55:00.268588+00:00,ambiente,raspberry_pi_4,camera,28.1,29.3,30.0
1191,_result,0,2026-07-25 09:33:36.488961+00:00,2026-07-25 12:33:36.488961+00:00,2026-07-25 11:55:05.528897+00:00,ambiente,raspberry_pi_4,camera,28.1,29.3,30.0
1192,_result,0,2026-07-25 09:33:36.488961+00:00,2026-07-25 12:33:36.488961+00:00,2026-07-25 11:55:10.805470+00:00,ambiente,raspberry_pi_4,camera,28.1,29.3,30.0
1193,_result,0,2026-07-25 09:33:36.488961+00:00,2026-07-25 12:33:36.488961+00:00,2026-07-25 11:55:16.065614+00:00,ambiente,raspberry_pi_4,camera,28.1,29.3,30.0
1194,_result,0,2026-07-25 09:33:36.488961+00:00,2026-07-25 12:33:36.488961+00:00,2026-07-25 11:55:21.337025+00:00,ambiente,raspberry_pi_4,camera,28.1,29.3,30.0
1195,_result,0,2026-07-25 09:33:36.488961+00:00,2026-07-25 12:33:36.488961+00:00,2026-07-25 11:55:26.597191+00:00,ambiente,raspberry_pi_4,camera,28.1,29.3,30.0
1196,_result,0,2026-07-25 09:33:36.488961+00:00,2026-07-25 12:33:36.488961+00:00,2026-07-25 11:55:31.867098+00:00,ambiente,raspberry_pi_4,camera,28.1,29.3,30.0
1197,_result,0,2026-07-25 09:33:36.488961+00:00,2026-07-25 12:33:36.488961+00:00,2026-07-25 11:55:42.391540+00:00,ambiente,raspberry_pi_4,camera,28.1,29.3,30.0
1198,_result,0,2026-07-25 09:33:36.488961+00:00,2026-07-25 12:33:36.488961+00:00,2026-07-25 11:55:47.651550+00:00,ambiente,raspberry_pi_4,camera,28.1,29.3,30.0
1199,_result,0,2026-07-25 09:33:36.488961+00:00,2026-07-25 12:33:36.488961+00:00,2026-07-25 11:55:52.922533+00:00,ambiente,raspberry_pi_4,camera,28.1,29.3,30.0
1200,_result,0,2026-07-25 09:33:36.488961+00:00,2026-07-25 12:33:36.488961+00:00,2026-07-25 11:55:58.182512+00:00,ambiente,raspberry_pi_4,camera,28.1,29.3,30.0
1201,_result,0,2026-07-25 09:33:36.488961+00:00,2026-07-25 12:33:36.488961+00:00,2026-07-25 11:56:03.452444+00:00,ambiente,raspberry_pi_4,camera,28.1,29.3,30.0
1202,_result,0,2026-07-25 09:33:36.488961+00:00,2026-07-25 12:33:36.488961+00:00,2026-07-25 11:56:08.712421+00:00,ambiente,raspberry_pi_4,camera,28.1,29.3,30.0
1203,_result,0,2026-07-25 09:33:36.488961+00:00,2026-07-25 12:33:36.488961+00:00,2026-07-25 11:56:13.981764+00:00,ambiente,raspberry_pi_4,camera,28.1,29.3,30.0
1204,_result,0,2026-07-25 09:33:36.488961+00:00,2026-07-25 12:33:36.488961+00:00,2026-07-25 11:56:24.505549+00:00,ambiente,raspberry_pi_4,camera,28.1,29.3,30.0
1205,_result,0,2026-07-25 09:33:36.488961+00:00,2026-07-25 12:33:36.488961+00:00,2026-07-25 11:56:29.765440+00:00,ambiente,raspberry_pi_4,camera,28.1,29.3,30.0
1206,_result,0,2026-07-25 09:33:36.488961+00:00,2026-07-25 12:33:36.488961+00:00,2026-07-25 11:56:35.035440+00:00,ambiente,raspberry_pi_4,camera,28.1,29.3,30.0
1207,_result,0,2026-07-25 09:33:36.488961+00:00,2026-07-25 12:33:36.488961+00:00,2026-07-25 11:56:40.295416+00:00,ambiente,raspberry_pi_4,camera,28.1,29.3,30.0
1208,_result,0,2026-07-25 09:33:36.488961+00:00,2026-07-25 12:33:36.488961+00:00,2026-07-25 11:56:45.564791+00:00,ambiente,raspberry_pi_4,camera,28.1,29.3,30.0
1209,_result,0,2026-07-25 09:33:36.488961+00:00,2026-07-25 12:33:36.488961+00:00,2026-07-25 11:56:50.825145+00:00,ambiente,raspberry_pi_4,camera,28.1,29.3,30.0
1210,_result,0,2026-07-25 09:33:36.488961+00:00,2026-07-25 12:33:36.488961+00:00,2026-07-25 11:56:56.095939+00:00,ambiente,raspberry_pi_4,camera,28.1,29.3,30.0
1211,_result,0,2026-07-25 09:33:36.488961+00:00,2026-07-25 12:33:36.488961+00:00,2026-07-25 11:57:01.356186+00:00,ambiente,raspberry_pi_4,camera,28.1,29.3,30.0
1212,_result,0,2026-07-25 09:33:36.488961+00:00,2026-07-25 12:33:36.488961+00:00,2026-07-25 11:57:06.625400+00:00,ambiente,raspberry_pi_4,camera,28.1,29.3,30.0
1213,_result,0,2026-07-25 09:33:36.488961+00:00,2026-07-25 12:33:36.488961+00:00,2026-07-25 11:57:11.885674+00:00,ambiente,raspberry_pi_4,camera,28.1,29.3,30.0
1214,_result,0,2026-07-25 09:33:36.488961+00:00,2026-07-25 12:33:36.488961+00:00,2026-07-25 11:57:17.155676+00:00,ambiente,raspberry_pi_4,camera,28.1,29.3,30.0
1215,_result,0,2026-07-25 09:33:36.488961+00:00,2026-07-25 12:33:36.488961+00:00,2026-07-25 11:57:22.417315+00:00,ambiente,raspberry_pi_4,camera,28.1,29.3,30.0
1216,_result,0,2026-07-25 09:33:36.488961+00:00,2026-07-25 12:33:36.488961+00:00,2026-07-25 11:57:27.686650+00:00,ambiente,raspberry_pi_4,camera,28.1,29.3,30.0
1217,_result,0,2026-07-25 09:33:36.488961+00:00,2026-07-25 12:33:36.488961+00:00,2026-07-25 11:57:32.946760+00:00,ambiente,raspberry_pi_4,camera,28.1,29.3,30.0
1218,_result,0,2026-07-25 09:33:36.488961+00:00,2026-07-25 12:33:36.488961+00:00,2026-07-25 11:57:38.216920+00:00,ambiente,raspberry_pi_4,camera,28.1,29.3,30.0
1219,_result,0,2026-07-25 09:33:36.488961+00:00,2026-07-25 12:33:36.488961+00:00,2026-07-25 11:57:43.476891+00:00,ambiente,raspberry_pi_4,camera,28.1,29.3,30.0
1220,_result,0,2026-07-25 09:33:36.488961+00:00,2026-07-25 12:33:36.488961+00:00,2026-07-25 11:57:48.747811+00:00,ambiente,raspberry_pi_4,camera,28.1,29.3,30.0
1221,_result,0,2026-07-25 09:33:36.488961+00:00,2026-07-25 12:33:36.488961+00:00,2026-07-25 11:57:54.007771+00:00,ambiente,raspberry_pi_4,camera,28.1,29.3,30.0
1222,_result,0,2026-07-25 09:33:36.488961+00:00,2026-07-25 12:33:36.488961+00:00,2026-07-25 11:57:59.277309+00:00,ambiente,raspberry_pi_4,camera,28.1,29.3,30.0
1223,_result,0,2026-07-25 09:33:36.488961+00:00,2026-07-25 12:33:36.488961+00:00,2026-07-25 11:58:04.537224+00:00,ambiente,raspberry_pi_4,camera,28.1,29.3,30.0
1224,_result,0,2026-07-25 09:33:36.488961+00:00,2026-07-25 12:33:36.488961+00:00,2026-07-25 11:58:09.807073+00:00,ambiente,raspberry_pi_4,camera,28.1,29.3,30.0
1225,_result,0,2026-07-25 09:33:36.488961+00:00,2026-07-25 12:33:36.488961+00:00,2026-07-25 11:58:15.066867+00:00,ambiente,raspberry_pi_4,camera,28.1,29.3,30.0
1226,_result,0,2026-07-25 09:33:36.488961+00:00,2026-07-25 12:33:36.488961+00:00,2026-07-25 11:58:20.337464+00:00,ambiente,raspberry_pi_4,camera,28.1,29.3,30.0
1227,_result,0,2026-07-25 09:33:36.488961+00:00,2026-07-25 12:33:36.488961+00:00,2026-07-25 11:58:25.597201+00:00,ambiente,raspberry_pi_4,camera,28.1,29.3,30.0
1228,_result,0,2026-07-25 09:33:36.488961+00:00,2026-07-25 12:33:36.488961+00:00,2026-07-25 11:58:30.866904+00:00,ambiente,raspberry_pi_4,camera,28.1,29.3,30.0
1229,_result,0,2026-07-25 09:33:36.488961+00:00,2026-07-25 12:33:36.488961+00:00,2026-07-25 11:58:36.126774+00:00,ambiente,raspberry_pi_4,camera,28.1,29.3,30.0
1230,_result,0,2026-07-25 09:33:36.488961+00:00,2026-07-25 12:33:36.488961+00:00,2026-07-25 11:58:41.395935+00:00,ambiente,raspberry_pi_4,camera,28.1,29.3,30.0
1231,_result,0,2026-07-25 09:33:36.488961+00:00,2026-07-25 12:33:36.488961+00:00,2026-07-25 11:58:46.656004+00:00,ambiente,raspberry_pi_4,camera,28.1,29.3,30.0
1232,_result,0,2026-07-25 09:33:36.488961+00:00,2026-07-25 12:33:36.488961+00:00,2026-07-25 11:58:51.926744+00:00,ambiente,raspberry_pi_4,camera,28.1,29.3,30.0
1233,_result,0,2026-07-25 09:33:36.488961+00:00,2026-07-25 12:33:36.488961+00:00,2026-07-25 11:58:57.186963+00:00,ambiente,raspberry_pi_4,camera,28.1,29.3,30.0
1234,_result,0,2026-07-25 09:33:36.488961+00:00,2026-07-25 12:33:36.488961+00:00,2026-07-25 11:59:02.455997+00:00,ambiente,raspberry_pi_4,camera,28.1,29.3,30.0
1235,_result,0,2026-07-25 09:33:36.488961+00:00,2026-07-25 12:33:36.488961+00:00,2026-07-25 11:59:07.715994+00:00,ambiente,raspberry_pi_4,camera,28.1,29.3,30.0
1236,_result,0,2026-07-25 09:33:36.488961+00:00,2026-07-25 12:33:36.488961+00:00,2026-07-25 11:59:12.985586+00:00,ambiente,raspberry_pi_4,camera,28.1,29.3,30.0
1237,_result,0,2026-07-25 09:33:36.488961+00:00,2026-07-25 12:33:36.488961+00:00,2026-07-25 11:59:18.245548+00:00,ambiente,raspberry_pi_4,camera,28.1,29.3,30.0
1238,_result,0,2026-07-25 09:33:36.488961+00:00,2026-07-25 12:33:36.488961+00:00,2026-07-25 11:59:23.517853+00:00,ambiente,raspberry_pi_4,camera,28.1,29.3,30.0
1239,_result,0,2026-07-25 09:33:36.488961+00:00,2026-07-25 12:33:36.488961+00:00,2026-07-25 11:59:28.777956+00:00,ambiente,raspberry_pi_4,camera,28.1,29.3,30.0
1240,_result,0,2026-07-25 09:33:36.488961+00:00,2026-07-25 12:33:36.488961+00:00,2026-07-25 11:59:34.047742+00:00,ambiente,raspberry_pi_4,camera,28.1,29.3,30.0
1241,_result,0,2026-07-25 09:33:36.488961+00:00,2026-07-25 12:33:36.488961+00:00,2026-07-25 11:59:39.307650+00:00,ambiente,raspberry_pi_4,camera,28.1,29.3,30.0
1242,_result,0,2026-07-25 09:33:36.488961+00:00,2026-07-25 12:33:36.488961+00:00,2026-07-25 11:59:44.577470+00:00,ambiente,raspberry_pi_4,camera,28.1,29.3,30.0
1243,_result,0,2026-07-25 09:33:36.488961+00:00,2026-07-25 12:33:36.488961+00:00,2026-07-25 11:59:49.837491+00:00,ambiente,raspberry_pi_4,camera,28.1,29.3,30.0
1244,_result,0,2026-07-25 09:33:36.488961+00:00,2026-07-25 12:33:36.488961+00:00,2026-07-25 11:59:55.108715+00:00,ambiente,raspberry_pi_4,camera,28.1,29.3,30.0
1245,_result,0,2026-07-25 09:33:36.488961+00:00,2026-07-25 12:33:36.488961+00:00,2026-07-25 12:00:00.369487+00:00,ambiente,raspberry_pi_4,camera,28.1,29.3,30.0
1246,_result,0,2026-07-25 09:33:36.488961+00:00,2026-07-25 12:33:36.488961+00:00,2026-07-25 12:00:05.639196+00:00,ambiente,raspberry_pi_4,camera,28.1,29.3,30.0
1247,_result,0,2026-07-25 09:33:36.488961+00:00,2026-07-25 12:33:36.488961+00:00,2026-07-25 12:00:10.899659+00:00,ambiente,raspberry_pi_4,camera,28.1,29.3,30.0
1248,_result,0,2026-07-25 09:33:36.488961+00:00,2026-07-25 12:33:36.488961+00:00,2026-07-25 12:00:16.169237+00:00,ambiente,raspberry_pi_4,camera,28.1,29.3,30.0
1249,_result,0,2026-07-25 09:33:36.488961+00:00,2026-07-25 12:33:36.488961+00:00,2026-07-25 12:00:21.429227+00:00,ambiente,raspberry_pi_4,camera,28.1,29.3,30.0
1250,_result,0,2026-07-25 09:33:36.488961+00:00,2026-07-25 12:33:36.488961+00:00,2026-07-25 12:00:26.700521+00:00,ambiente,raspberry_pi_4,camera,28.1,29.3,30.0
1251,_result,0,2026-07-25 09:33:36.488961+00:00,2026-07-25 12:33:36.488961+00:00,2026-07-25 12:00:31.960819+00:00,ambiente,raspberry_pi_4,camera,28.1,29.3,30.0
1252,_result,0,2026-07-25 09:33:36.488961+00:00,2026-07-25 12:33:36.488961+00:00,2026-07-25 12:00:37.230044+00:00,ambiente,raspberry_pi_4,camera,28.1,29.3,30.0
1253,_result,0,2026-07-25 09:33:36.488961+00:00,2026-07-25 12:33:36.488961+00:00,2026-07-25 12:00:42.490240+00:00,ambiente,raspberry_pi_4,camera,28.1,29.3,30.0
1254,_result,0,2026-07-25 09:33:36.488961+00:00,2026-07-25 12:33:36.488961+00:00,2026-07-25 12:00:47.759987+00:00,ambiente,raspberry_pi_4,camera,28.1,29.3,30.0
1255,_result,0,2026-07-25 09:33:36.488961+00:00,2026-07-25 12:33:36.488961+00:00,2026-07-25 12:00:53.021739+00:00,ambiente,raspberry_pi_4,camera,28.1,29.3,30.0
1256,_result,0,2026-07-25 09:33:36.488961+00:00,2026-07-25 12:33:36.488961+00:00,2026-07-25 12:00:58.292285+00:00,ambiente,raspberry_pi_4,camera,28.1,29.3,30.0
1257,_result,0,2026-07-25 09:33:36.488961+00:00,2026-07-25 12:33:36.488961+00:00,2026-07-25 12:01:03.552324+00:00,ambiente,raspberry_pi_4,camera,28.1,29.3,30.0
1258,_result,0,2026-07-25 09:33:36.488961+00:00,2026-07-25 12:33:36.488961+00:00,2026-07-25 12:01:08.822363+00:00,ambiente,raspberry_pi_4,camera,28.1,29.3,30.0
1259,_result,0,2026-07-25 09:33:36.488961+00:00,2026-07-25 12:33:36.488961+00:00,2026-07-25 12:01:14.082357+00:00,ambiente,raspberry_pi_4,camera,28.1,29.3,30.0
1260,_result,0,2026-07-25 09:33:36.488961+00:00,2026-07-25 12:33:36.488961+00:00,2026-07-25 12:01:19.354172+00:00,ambiente,raspberry_pi_4,camera,28.1,29.3,30.0
1261,_result,0,2026-07-25 09:33:36.488961+00:00,2026-07-25 12:33:36.488961+00:00,2026-07-25 12:01:24.614275+00:00,ambiente,raspberry_pi_4,camera,28.1,29.3,30.0
1262,_result,0,2026-07-25 09:33:36.488961+00:00,2026-07-25 12:33:36.488961+00:00,2026-07-25 12:01:29.884005+00:00,ambiente,raspberry_pi_4,camera,28.1,29.3,30.0
1263,_result,0,2026-07-25 09:33:36.488961+00:00,2026-07-25 12:33:36.488961+00:00,2026-07-25 12:01:35.144064+00:00,ambiente,raspberry_pi_4,camera,28.1,29.3,30.0
1264,_result,0,2026-07-25 09:33:36.488961+00:00,2026-07-25 12:33:36.488961+00:00,2026-07-25 12:01:40.414010+00:00,ambiente,raspberry_pi_4,camera,28.1,29.3,30.0
1265,_result,0,2026-07-25 09:33:36.488961+00:00,2026-07-25 12:33:36.488961+00:00,2026-07-25 12:01:45.673999+00:00,ambiente,raspberry_pi_4,camera,28.1,29.3,30.0
1266,_result,0,2026-07-25 09:33:36.488961+00:00,2026-07-25 12:33:36.488961+00:00,2026-07-25 12:01:56.198981+00:00,ambiente,raspberry_pi_4,camera,28.1,29.3,30.0
1267,_result,0,2026-07-25 09:33:36.488961+00:00,2026-07-25 12:33:36.488961+00:00,2026-07-25 12:02:01.468631+00:00,ambiente,raspberry_pi_4,camera,28.1,29.3,30.0
1268,_result,0,2026-07-25 09:33:36.488961+00:00,2026-07-25 12:33:36.488961+00:00,2026-07-25 12:02:06.728948+00:00,ambiente,raspberry_pi_4,camera,28.1,29.3,30.0
1269,_result,0,2026-07-25 09:33:36.488961+00:00,2026-07-25 12:33:36.488961+00:00,2026-07-25 12:02:11.998486+00:00,ambiente,raspberry_pi_4,camera,28.1,29.3,30.0
1270,_result,0,2026-07-25 09:33:36.488961+00:00,2026-07-25 12:33:36.488961+00:00,2026-07-25 12:02:17.258536+00:00,ambiente,raspberry_pi_4,camera,28.1,29.3,30.0
1271,_result,0,2026-07-25 09:33:36.488961+00:00,2026-07-25 12:33:36.488961+00:00,2026-07-25 12:02:22.529526+00:00,ambiente,raspberry_pi_4,camera,28.1,29.3,30.0
1272,_result,0,2026-07-25 09:33:36.488961+00:00,2026-07-25 12:33:36.488961+00:00,2026-07-25 12:02:27.789633+00:00,ambiente,raspberry_pi_4,camera,28.1,29.3,30.0
1273,_result,0,2026-07-25 09:33:36.488961+00:00,2026-07-25 12:33:36.488961+00:00,2026-07-25 12:02:33.059287+00:00,ambiente,raspberry_pi_4,camera,28.1,29.3,30.0
1274,_result,0,2026-07-25 09:33:36.488961+00:00,2026-07-25 12:33:36.488961+00:00,2026-07-25 12:02:48.836794+00:00,ambiente,raspberry_pi_4,camera,28.1,29.3,30.0
1275,_result,0,2026-07-25 09:33:36.488961+00:00,2026-07-25 12:33:36.488961+00:00,2026-07-25 12:02:54.107937+00:00,ambiente,raspberry_pi_4,camera,28.1,29.3,30.0
1276,_result,0,2026-07-25 09:33:36.488961+00:00,2026-07-25 12:33:36.488961+00:00,2026-07-25 12:02:59.368209+00:00,ambiente,raspberry_pi_4,camera,28.1,29.3,30.0
1277,_result,0,2026-07-25 09:33:36.488961+00:00,2026-07-25 12:33:36.488961+00:00,2026-07-25 12:03:04.637565+00:00,ambiente,raspberry_pi_4,camera,28.1,29.3,30.0
1278,_result,0,2026-07-25 09:33:36.488961+00:00,2026-07-25 12:33:36.488961+00:00,2026-07-25 12:03:09.897684+00:00,ambiente,raspberry_pi_4,camera,28.1,29.3,30.0
1279,_result,0,2026-07-25 09:33:36.488961+00:00,2026-07-25 12:33:36.488961+00:00,2026-07-25 12:03:15.168197+00:00,ambiente,raspberry_pi_4,camera,28.1,29.3,30.0
1280,_result,0,2026-07-25 09:33:36.488961+00:00,2026-07-25 12:33:36.488961+00:00,2026-07-25 12:03:20.428167+00:00,ambiente,raspberry_pi_4,camera,28.1,29.3,30.0
1281,_result,0,2026-07-25 09:33:36.488961+00:00,2026-07-25 12:33:36.488961+00:00,2026-07-25 12:03:25.699162+00:00,ambiente,raspberry_pi_4,camera,28.1,29.3,30.0
1282,_result,0,2026-07-25 09:33:36.488961+00:00,2026-07-25 12:33:36.488961+00:00,2026-07-25 12:03:30.959362+00:00,ambiente,raspberry_pi_4,camera,28.1,29.3,30.0
1283,_result,0,2026-07-25 09:33:36.488961+00:00,2026-07-25 12:33:36.488961+00:00,2026-07-25 12:03:36.228955+00:00,ambiente,raspberry_pi_4,camera,28.1,29.3,30.0
1284,_result,0,2026-07-25 09:33:36.488961+00:00,2026-07-25 12:33:36.488961+00:00,2026-07-25 12:03:41.489036+00:00,ambiente,raspberry_pi_4,camera,28.1,29.3,30.0
1285,_result,0,2026-07-25 09:33:36.488961+00:00,2026-07-25 12:33:36.488961+00:00,2026-07-25 12:03:46.758653+00:00,ambiente,raspberry_pi_4,camera,28.1,29.3,30.0
1286,_result,0,2026-07-25 09:33:36.488961+00:00,2026-07-25 12:33:36.488961+00:00,2026-07-25 12:03:52.018676+00:00,ambiente,raspberry_pi_4,camera,28.1,29.3,30.0
1287,_result,0,2026-07-25 09:33:36.488961+00:00,2026-07-25 12:33:36.488961+00:00,2026-07-25 12:03:57.289740+00:00,ambiente,raspberry_pi_4,camera,28.1,29.3,30.0
1288,_result,0,2026-07-25 09:33:36.488961+00:00,2026-07-25 12:33:36.488961+00:00,2026-07-25 12:04:02.549773+00:00,ambiente,raspberry_pi_4,camera,28.1,29.3,30.0
1289,_result,0,2026-07-25 09:33:36.488961+00:00,2026-07-25 12:33:36.488961+00:00,2026-07-25 12:04:07.819663+00:00,ambiente,raspberry_pi_4,camera,28.1,29.3,30.0
1290,_result,0,2026-07-25 09:33:36.488961+00:00,2026-07-25 12:33:36.488961+00:00,2026-07-25 12:04:13.079597+00:00,ambiente,raspberry_pi_4,camera,28.1,29.3,30.0
1291,_result,0,2026-07-25 09:33:36.488961+00:00,2026-07-25 12:33:36.488961+00:00,2026-07-25 12:04:18.351182+00:00,ambiente,raspberry_pi_4,camera,28.1,29.3,30.0
1292,_result,0,2026-07-25 09:33:36.488961+00:00,2026-07-25 12:33:36.488961+00:00,2026-07-25 12:04:23.611008+00:00,ambiente,raspberry_pi_4,camera,28.1,29.3,30.0
1293,_result,0,2026-07-25 09:33:36.488961+00:00,2026-07-25 12:33:36.488961+00:00,2026-07-25 12:04:28.880831+00:00,ambiente,raspberry_pi_4,camera,28.1,29.3,30.0
1294,_result,0,2026-07-25 09:33:36.488961+00:00,2026-07-25 12:33:36.488961+00:00,2026-07-25 12:04:34.140744+00:00,ambiente,raspberry_pi_4,camera,28.1,29.3,30.0
1295,_result,0,2026-07-25 09:33:36.488961+00:00,2026-07-25 12:33:36.488961+00:00,2026-07-25 12:04:39.410195+00:00,ambiente,raspberry_pi_4,camera,28.1,29.3,30.0
1296,_result,0,2026-07-25 09:33:36.488961+00:00,2026-07-25 12:33:36.488961+00:00,2026-07-25 12:04:44.670415+00:00,ambiente,raspberry_pi_4,camera,28.1,29.3,30.0
1297,_result,0,2026-07-25 09:33:36.488961+00:00,2026-07-25 12:33:36.488961+00:00,2026-07-25 12:04:49.941291+00:00,ambiente,raspberry_pi_4,camera,28.1,29.3,30.0
1298,_result,0,2026-07-25 09:33:36.488961+00:00,2026-07-25 12:33:36.488961+00:00,2026-07-25 12:04:55.201579+00:00,ambiente,raspberry_pi_4,camera,28.1,29.3,30.0
1299,_result,0,2026-07-25 09:33:36.488961+00:00,2026-07-25 12:33:36.488961+00:00,2026-07-25 12:05:00.470923+00:00,ambiente,raspberry_pi_4,camera,28.1,29.3,30.0
1300,_result,0,2026-07-25 09:33:36.488961+00:00,2026-07-25 12:33:36.488961+00:00,2026-07-25 12:05:05.731736+00:00,ambiente,raspberry_pi_4,camera,28.1,29.3,30.0
1301,_result,0,2026-07-25 09:33:36.488961+00:00,2026-07-25 12:33:36.488961+00:00,2026-07-25 12:05:11.001328+00:00,ambiente,raspberry_pi_4,camera,28.1,29.3,30.0
1302,_result,0,2026-07-25 09:33:36.488961+00:00,2026-07-25 12:33:36.488961+00:00,2026-07-25 12:05:16.261141+00:00,ambiente,raspberry_pi_4,camera,28.1,29.3,30.0
1303,_result,0,2026-07-25 09:33:36.488961+00:00,2026-07-25 12:33:36.488961+00:00,2026-07-25 12:05:21.531916+00:00,ambiente,raspberry_pi_4,camera,28.1,29.3,30.0
1304,_result,0,2026-07-25 09:33:36.488961+00:00,2026-07-25 12:33:36.488961+00:00,2026-07-25 12:05:26.792025+00:00,ambiente,raspberry_pi_4,camera,28.1,29.3,30.0
1305,_result,0,2026-07-25 09:33:36.488961+00:00,2026-07-25 12:33:36.488961+00:00,2026-07-25 12:05:32.061720+00:00,ambiente,raspberry_pi_4,camera,28.1,29.3,30.0
1306,_result,0,2026-07-25 09:33:36.488961+00:00,2026-07-25 12:33:36.488961+00:00,2026-07-25 12:05:37.321663+00:00,ambiente,raspberry_pi_4,camera,28.1,29.3,30.0
1307,_result,0,2026-07-25 09:33:36.488961+00:00,2026-07-25 12:33:36.488961+00:00,2026-07-25 12:05:42.591227+00:00,ambiente,raspberry_pi_4,camera,28.1,29.3,30.0
1308,_result,0,2026-07-25 09:33:36.488961+00:00,2026-07-25 12:33:36.488961+00:00,2026-07-25 12:05:47.851014+00:00,ambiente,raspberry_pi_4,camera,28.1,29.3,30.0
1309,_result,0,2026-07-25 09:33:36.488961+00:00,2026-07-25 12:33:36.488961+00:00,2026-07-25 12:05:53.122107+00:00,ambiente,raspberry_pi_4,camera,28.1,29.3,30.0
1310,_result,0,2026-07-25 09:33:36.488961+00:00,2026-07-25 12:33:36.488961+00:00,2026-07-25 12:05:58.382042+00:00,ambiente,raspberry_pi_4,camera,28.1,29.3,30.0
1311,_result,0,2026-07-25 09:33:36.488961+00:00,2026-07-25 12:33:36.488961+00:00,2026-07-25 12:06:03.651502+00:00,ambiente,raspberry_pi_4,camera,28.1,29.3,30.0
1312,_result,0,2026-07-25 09:33:36.488961+00:00,2026-07-25 12:33:36.488961+00:00,2026-07-25 12:06:08.911344+00:00,ambiente,raspberry_pi_4,camera,28.1,29.3,30.0
1313,_result,0,2026-07-25 09:33:36.488961+00:00,2026-07-25 12:33:36.488961+00:00,2026-07-25 12:06:14.180501+00:00,ambiente,raspberry_pi_4,camera,28.1,29.3,30.0
1314,_result,0,2026-07-25 09:33:36.488961+00:00,2026-07-25 12:33:36.488961+00:00,2026-07-25 12:06:19.440721+00:00,ambiente,raspberry_pi_4,camera,28.1,29.3,30.0
1315,_result,0,2026-07-25 09:33:36.488961+00:00,2026-07-25 12:33:36.488961+00:00,2026-07-25 12:06:24.711288+00:00,ambiente,raspberry_pi_4,camera,28.1,29.3,30.0
1316,_result,0,2026-07-25 09:33:36.488961+00:00,2026-07-25 12:33:36.488961+00:00,2026-07-25 12:06:29.971523+00:00,ambiente,raspberry_pi_4,camera,28.1,29.3,30.0
1317,_result,0,2026-07-25 09:33:36.488961+00:00,2026-07-25 12:33:36.488961+00:00,2026-07-25 12:06:35.240556+00:00,ambiente,raspberry_pi_4,camera,28.1,29.3,30.0
1318,_result,0,2026-07-25 09:33:36.488961+00:00,2026-07-25 12:33:36.488961+00:00,2026-07-25 12:06:45.764513+00:00,ambiente,raspberry_pi_4,camera,28.1,29.3,30.0
1319,_result,0,2026-07-25 09:33:36.488961+00:00,2026-07-25 12:33:36.488961+00:00,2026-07-25 12:06:51.024497+00:00,ambiente,raspberry_pi_4,camera,28.1,29.3,30.0
1320,_result,0,2026-07-25 09:33:36.488961+00:00,2026-07-25 12:33:36.488961+00:00,2026-07-25 12:06:56.295426+00:00,ambiente,raspberry_pi_4,camera,28.1,29.3,30.0
1321,_result,0,2026-07-25 09:33:36.488961+00:00,2026-07-25 12:33:36.488961+00:00,2026-07-25 12:07:01.556760+00:00,ambiente,raspberry_pi_4,camera,28.1,29.3,30.0
1322,_result,0,2026-07-25 09:33:36.488961+00:00,2026-07-25 12:33:36.488961+00:00,2026-07-25 12:07:06.826403+00:00,ambiente,raspberry_pi_4,camera,28.1,29.3,30.0
1323,_result,0,2026-07-25 09:33:36.488961+00:00,2026-07-25 12:33:36.488961+00:00,2026-07-25 12:07:12.086521+00:00,ambiente,raspberry_pi_4,camera,28.1,29.3,30.0
1324,_result,0,2026-07-25 09:33:36.488961+00:00,2026-07-25 12:33:36.488961+00:00,2026-07-25 12:07:17.356498+00:00,ambiente,raspberry_pi_4,camera,28.1,29.3,30.0
1325,_result,0,2026-07-25 09:33:36.488961+00:00,2026-07-25 12:33:36.488961+00:00,2026-07-25 12:07:22.617910+00:00,ambiente,raspberry_pi_4,camera,28.1,29.3,30.0
1326,_result,0,2026-07-25 09:33:36.488961+00:00,2026-07-25 12:33:36.488961+00:00,2026-07-25 12:07:27.888058+00:00,ambiente,raspberry_pi_4,camera,28.1,29.3,30.0
1327,_result,0,2026-07-25 09:33:36.488961+00:00,2026-07-25 12:33:36.488961+00:00,2026-07-25 12:07:33.148073+00:00,ambiente,raspberry_pi_4,camera,28.1,29.3,30.0
1328,_result,0,2026-07-25 09:33:36.488961+00:00,2026-07-25 12:33:36.488961+00:00,2026-07-25 12:07:38.417610+00:00,ambiente,raspberry_pi_4,camera,28.2,29.3,31.0
1329,_result,0,2026-07-25 09:33:36.488961+00:00,2026-07-25 12:33:36.488961+00:00,2026-07-25 12:07:43.677941+00:00,ambiente,raspberry_pi_4,camera,28.1,29.3,30.0
1330,_result,0,2026-07-25 09:33:36.488961+00:00,2026-07-25 12:33:36.488961+00:00,2026-07-25 12:07:48.949455+00:00,ambiente,raspberry_pi_4,camera,28.1,29.3,30.0
1331,_result,0,2026-07-25 09:33:36.488961+00:00,2026-07-25 12:33:36.488961+00:00,2026-07-25 12:07:54.209627+00:00,ambiente,raspberry_pi_4,camera,28.1,29.3,30.0
1332,_result,0,2026-07-25 09:33:36.488961+00:00,2026-07-25 12:33:36.488961+00:00,2026-07-25 12:08:04.733217+00:00,ambiente,raspberry_pi_4,camera,28.1,29.3,30.0
1333,_result,0,2026-07-25 09:33:36.488961+00:00,2026-07-25 12:33:36.488961+00:00,2026-07-25 12:08:10.003002+00:00,ambiente,raspberry_pi_4,camera,28.1,29.3,30.0
1334,_result,0,2026-07-25 09:33:36.488961+00:00,2026-07-25 12:33:36.488961+00:00,2026-07-25 12:08:15.263068+00:00,ambiente,raspberry_pi_4,camera,28.1,29.3,30.0
1335,_result,0,2026-07-25 09:33:36.488961+00:00,2026-07-25 12:33:36.488961+00:00,2026-07-25 12:08:20.534375+00:00,ambiente,raspberry_pi_4,camera,28.1,29.3,30.0
1336,_result,0,2026-07-25 09:33:36.488961+00:00,2026-07-25 12:33:36.488961+00:00,2026-07-25 12:08:25.794741+00:00,ambiente,raspberry_pi_4,camera,28.1,29.3,30.0
1337,_result,0,2026-07-25 09:33:36.488961+00:00,2026-07-25 12:33:36.488961+00:00,2026-07-25 12:08:31.064484+00:00,ambiente,raspberry_pi_4,camera,28.1,29.3,30.0
1338,_result,0,2026-07-25 09:33:36.488961+00:00,2026-07-25 12:33:36.488961+00:00,2026-07-25 12:08:36.324437+00:00,ambiente,raspberry_pi_4,camera,28.1,29.3,30.0
1339,_result,0,2026-07-25 09:33:36.488961+00:00,2026-07-25 12:33:36.488961+00:00,2026-07-25 12:08:41.594606+00:00,ambiente,raspberry_pi_4,camera,28.1,29.3,30.0
1340,_result,0,2026-07-25 09:33:36.488961+00:00,2026-07-25 12:33:36.488961+00:00,2026-07-25 12:08:52.119498+00:00,ambiente,raspberry_pi_4,camera,28.1,29.3,30.0
1341,_result,0,2026-07-25 09:33:36.488961+00:00,2026-07-25 12:33:36.488961+00:00,2026-07-25 12:08:57.380582+00:00,ambiente,raspberry_pi_4,camera,28.1,29.3,30.0
1342,_result,0,2026-07-25 09:33:36.488961+00:00,2026-07-25 12:33:36.488961+00:00,2026-07-25 12:09:02.649901+00:00,ambiente,raspberry_pi_4,camera,28.1,29.3,30.0
1343,_result,0,2026-07-25 09:33:36.488961+00:00,2026-07-25 12:33:36.488961+00:00,2026-07-25 12:09:07.910006+00:00,ambiente,raspberry_pi_4,camera,28.1,29.3,30.0
1344,_result,0,2026-07-25 09:33:36.488961+00:00,2026-07-25 12:33:36.488961+00:00,2026-07-25 12:09:13.179817+00:00,ambiente,raspberry_pi_4,camera,28.1,29.3,30.0
1345,_result,0,2026-07-25 09:33:36.488961+00:00,2026-07-25 12:33:36.488961+00:00,2026-07-25 12:09:18.440534+00:00,ambiente,raspberry_pi_4,camera,28.1,29.3,30.0
1346,_result,0,2026-07-25 09:33:36.488961+00:00,2026-07-25 12:33:36.488961+00:00,2026-07-25 12:09:23.712418+00:00,ambiente,raspberry_pi_4,camera,28.1,29.3,30.0
1347,_result,0,2026-07-25 09:33:36.488961+00:00,2026-07-25 12:33:36.488961+00:00,2026-07-25 12:09:28.972482+00:00,ambiente,raspberry_pi_4,camera,28.1,29.3,30.0
1348,_result,0,2026-07-25 09:33:36.488961+00:00,2026-07-25 12:33:36.488961+00:00,2026-07-25 12:09:34.242214+00:00,ambiente,raspberry_pi_4,camera,28.1,29.3,30.0
1349,_result,0,2026-07-25 09:33:36.488961+00:00,2026-07-25 12:33:36.488961+00:00,2026-07-25 12:09:39.502609+00:00,ambiente,raspberry_pi_4,camera,28.1,29.3,30.0
1350,_result,0,2026-07-25 09:33:36.488961+00:00,2026-07-25 12:33:36.488961+00:00,2026-07-25 12:09:44.771957+00:00,ambiente,raspberry_pi_4,camera,28.1,29.3,30.0
1351,_result,0,2026-07-25 09:33:36.488961+00:00,2026-07-25 12:33:36.488961+00:00,2026-07-25 12:09:50.032190+00:00,ambiente,raspberry_pi_4,camera,28.2,29.3,31.0
1352,_result,0,2026-07-25 09:33:36.488961+00:00,2026-07-25 12:33:36.488961+00:00,2026-07-25 12:09:55.302923+00:00,ambiente,raspberry_pi_4,camera,28.2,29.3,31.0
1353,_result,0,2026-07-25 09:33:36.488961+00:00,2026-07-25 12:33:36.488961+00:00,2026-07-25 12:10:00.562893+00:00,ambiente,raspberry_pi_4,camera,28.2,29.3,31.0
1354,_result,0,2026-07-25 09:33:36.488961+00:00,2026-07-25 12:33:36.488961+00:00,2026-07-25 12:10:05.832850+00:00,ambiente,raspberry_pi_4,camera,28.2,29.3,31.0
1355,_result,0,2026-07-25 09:33:36.488961+00:00,2026-07-25 12:33:36.488961+00:00,2026-07-25 12:10:11.092993+00:00,ambiente,raspberry_pi_4,camera,28.2,29.3,31.0
1356,_result,0,2026-07-25 09:33:36.488961+00:00,2026-07-25 12:33:36.488961+00:00,2026-07-25 12:10:16.362969+00:00,ambiente,raspberry_pi_4,camera,28.2,29.3,31.0
1357,_result,0,2026-07-25 09:33:36.488961+00:00,2026-07-25 12:33:36.488961+00:00,2026-07-25 12:10:21.622995+00:00,ambiente,raspberry_pi_4,camera,28.2,29.3,31.0
1358,_result,0,2026-07-25 09:33:36.488961+00:00,2026-07-25 12:33:36.488961+00:00,2026-07-25 12:10:26.894675+00:00,ambiente,raspberry_pi_4,camera,28.2,29.3,31.0
1359,_result,0,2026-07-25 09:33:36.488961+00:00,2026-07-25 12:33:36.488961+00:00,2026-07-25 12:10:32.154781+00:00,ambiente,raspberry_pi_4,camera,28.2,29.3,31.0
1360,_result,0,2026-07-25 09:33:36.488961+00:00,2026-07-25 12:33:36.488961+00:00,2026-07-25 12:10:37.424056+00:00,ambiente,raspberry_pi_4,camera,28.2,29.3,31.0
1361,_result,0,2026-07-25 09:33:36.488961+00:00,2026-07-25 12:33:36.488961+00:00,2026-07-25 12:10:42.684293+00:00,ambiente,raspberry_pi_4,camera,28.2,29.3,31.0
1362,_result,0,2026-07-25 09:33:36.488961+00:00,2026-07-25 12:33:36.488961+00:00,2026-07-25 12:10:47.954944+00:00,ambiente,raspberry_pi_4,camera,28.2,29.3,31.0
1363,_result,0,2026-07-25 09:33:36.488961+00:00,2026-07-25 12:33:36.488961+00:00,2026-07-25 12:10:53.216216+00:00,ambiente,raspberry_pi_4,camera,28.2,29.3,31.0
1364,_result,0,2026-07-25 09:33:36.488961+00:00,2026-07-25 12:33:36.488961+00:00,2026-07-25 12:10:58.485767+00:00,ambiente,raspberry_pi_4,camera,28.2,29.3,31.0
1365,_result,0,2026-07-25 09:33:36.488961+00:00,2026-07-25 12:33:36.488961+00:00,2026-07-25 12:11:03.746162+00:00,ambiente,raspberry_pi_4,camera,28.2,29.3,31.0
1366,_result,0,2026-07-25 09:33:36.488961+00:00,2026-07-25 12:33:36.488961+00:00,2026-07-25 12:11:09.015771+00:00,ambiente,raspberry_pi_4,camera,28.2,29.3,31.0
1367,_result,0,2026-07-25 09:33:36.488961+00:00,2026-07-25 12:33:36.488961+00:00,2026-07-25 12:11:14.275870+00:00,ambiente,raspberry_pi_4,camera,28.2,29.3,31.0
1368,_result,0,2026-07-25 09:33:36.488961+00:00,2026-07-25 12:33:36.488961+00:00,2026-07-25 12:11:19.547726+00:00,ambiente,raspberry_pi_4,camera,28.2,29.3,31.0
1369,_result,0,2026-07-25 09:33:36.488961+00:00,2026-07-25 12:33:36.488961+00:00,2026-07-25 12:11:24.807625+00:00,ambiente,raspberry_pi_4,camera,28.2,29.3,31.0
1370,_result,0,2026-07-25 09:33:36.488961+00:00,2026-07-25 12:33:36.488961+00:00,2026-07-25 12:11:30.077536+00:00,ambiente,raspberry_pi_4,camera,28.2,29.3,31.0
1371,_result,0,2026-07-25 09:33:36.488961+00:00,2026-07-25 12:33:36.488961+00:00,2026-07-25 12:11:35.337545+00:00,ambiente,raspberry_pi_4,camera,28.2,29.3,31.0
1372,_result,0,2026-07-25 09:33:36.488961+00:00,2026-07-25 12:33:36.488961+00:00,2026-07-25 12:11:40.607576+00:00,ambiente,raspberry_pi_4,camera,28.2,29.3,31.0
1373,_result,0,2026-07-25 09:33:36.488961+00:00,2026-07-25 12:33:36.488961+00:00,2026-07-25 12:11:45.867612+00:00,ambiente,raspberry_pi_4,camera,28.2,29.3,31.0
1374,_result,0,2026-07-25 09:33:36.488961+00:00,2026-07-25 12:33:36.488961+00:00,2026-07-25 12:11:51.138430+00:00,ambiente,raspberry_pi_4,camera,28.2,29.3,31.0
1375,_result,0,2026-07-25 09:33:36.488961+00:00,2026-07-25 12:33:36.488961+00:00,2026-07-25 12:11:56.398360+00:00,ambiente,raspberry_pi_4,camera,28.2,29.3,31.0
1376,_result,0,2026-07-25 09:33:36.488961+00:00,2026-07-25 12:33:36.488961+00:00,2026-07-25 12:12:01.667833+00:00,ambiente,raspberry_pi_4,camera,28.2,29.3,31.0
1377,_result,0,2026-07-25 09:33:36.488961+00:00,2026-07-25 12:33:36.488961+00:00,2026-07-25 12:12:06.927896+00:00,ambiente,raspberry_pi_4,camera,28.2,29.3,31.0
1378,_result,0,2026-07-25 09:33:36.488961+00:00,2026-07-25 12:33:36.488961+00:00,2026-07-25 12:12:12.197504+00:00,ambiente,raspberry_pi_4,camera,28.2,29.3,31.0
1379,_result,0,2026-07-25 09:33:36.488961+00:00,2026-07-25 12:33:36.488961+00:00,2026-07-25 12:12:17.457887+00:00,ambiente,raspberry_pi_4,camera,28.2,29.3,31.0
1380,_result,0,2026-07-25 09:33:36.488961+00:00,2026-07-25 12:33:36.488961+00:00,2026-07-25 12:12:22.728706+00:00,ambiente,raspberry_pi_4,camera,28.2,29.3,31.0
1381,_result,0,2026-07-25 09:33:36.488961+00:00,2026-07-25 12:33:36.488961+00:00,2026-07-25 12:12:27.989154+00:00,ambiente,raspberry_pi_4,camera,28.2,29.3,31.0
1382,_result,0,2026-07-25 09:33:36.488961+00:00,2026-07-25 12:33:36.488961+00:00,2026-07-25 12:12:33.258405+00:00,ambiente,raspberry_pi_4,camera,28.2,29.3,31.0
1383,_result,0,2026-07-25 09:33:36.488961+00:00,2026-07-25 12:33:36.488961+00:00,2026-07-25 12:12:43.782810+00:00,ambiente,raspberry_pi_4,camera,28.2,29.3,31.0
1384,_result,0,2026-07-25 09:33:36.488961+00:00,2026-07-25 12:33:36.488961+00:00,2026-07-25 12:12:49.042728+00:00,ambiente,raspberry_pi_4,camera,28.2,29.3,31.0
1385,_result,0,2026-07-25 09:33:36.488961+00:00,2026-07-25 12:33:36.488961+00:00,2026-07-25 12:12:54.313605+00:00,ambiente,raspberry_pi_4,camera,28.2,29.3,31.0
1386,_result,0,2026-07-25 09:33:36.488961+00:00,2026-07-25 12:33:36.488961+00:00,2026-07-25 12:12:59.573497+00:00,ambiente,raspberry_pi_4,camera,28.2,29.3,31.0
1387,_result,0,2026-07-25 09:33:36.488961+00:00,2026-07-25 12:33:36.488961+00:00,2026-07-25 12:13:04.842885+00:00,ambiente,raspberry_pi_4,camera,28.2,29.3,31.0
1388,_result,0,2026-07-25 09:33:36.488961+00:00,2026-07-25 12:33:36.488961+00:00,2026-07-25 12:13:10.102964+00:00,ambiente,raspberry_pi_4,camera,28.2,29.3,31.0
1389,_result,0,2026-07-25 09:33:36.488961+00:00,2026-07-25 12:33:36.488961+00:00,2026-07-25 12:13:15.372512+00:00,ambiente,raspberry_pi_4,camera,28.2,29.3,31.0
1390,_result,0,2026-07-25 09:33:36.488961+00:00,2026-07-25 12:33:36.488961+00:00,2026-07-25 12:13:20.632867+00:00,ambiente,raspberry_pi_4,camera,28.2,29.3,31.0
1391,_result,0,2026-07-25 09:33:36.488961+00:00,2026-07-25 12:33:36.488961+00:00,2026-07-25 12:13:25.904280+00:00,ambiente,raspberry_pi_4,camera,28.2,29.3,31.0
1392,_result,0,2026-07-25 09:33:36.488961+00:00,2026-07-25 12:33:36.488961+00:00,2026-07-25 12:13:31.164526+00:00,ambiente,raspberry_pi_4,camera,28.2,29.3,31.0
1393,_result,0,2026-07-25 09:33:36.488961+00:00,2026-07-25 12:33:36.488961+00:00,2026-07-25 12:13:36.433920+00:00,ambiente,raspberry_pi_4,camera,28.2,29.3,31.0
1394,_result,0,2026-07-25 09:33:36.488961+00:00,2026-07-25 12:33:36.488961+00:00,2026-07-25 12:13:41.694298+00:00,ambiente,raspberry_pi_4,camera,28.2,29.3,31.0
1395,_result,0,2026-07-25 09:33:36.488961+00:00,2026-07-25 12:33:36.488961+00:00,2026-07-25 12:13:46.964184+00:00,ambiente,raspberry_pi_4,camera,28.2,29.3,31.0
1396,_result,0,2026-07-25 09:33:36.488961+00:00,2026-07-25 12:33:36.488961+00:00,2026-07-25 12:13:52.224121+00:00,ambiente,raspberry_pi_4,camera,28.2,29.3,31.0
1397,_result,0,2026-07-25 09:33:36.488961+00:00,2026-07-25 12:33:36.488961+00:00,2026-07-25 12:13:57.496132+00:00,ambiente,raspberry_pi_4,camera,28.2,29.3,31.0
1398,_result,0,2026-07-25 09:33:36.488961+00:00,2026-07-25 12:33:36.488961+00:00,2026-07-25 12:14:02.756439+00:00,ambiente,raspberry_pi_4,camera,28.2,29.3,31.0
1399,_result,0,2026-07-25 09:33:36.488961+00:00,2026-07-25 12:33:36.488961+00:00,2026-07-25 12:14:08.025744+00:00,ambiente,raspberry_pi_4,camera,28.2,29.3,31.0
1400,_result,0,2026-07-25 09:33:36.488961+00:00,2026-07-25 12:33:36.488961+00:00,2026-07-25 12:14:13.285721+00:00,ambiente,raspberry_pi_4,camera,28.3,29.4,31.0
1401,_result,0,2026-07-25 09:33:36.488961+00:00,2026-07-25 12:33:36.488961+00:00,2026-07-25 12:14:18.556845+00:00,ambiente,raspberry_pi_4,camera,28.3,29.4,31.0
1402,_result,0,2026-07-25 09:33:36.488961+00:00,2026-07-25 12:33:36.488961+00:00,2026-07-25 12:14:23.817162+00:00,ambiente,raspberry_pi_4,camera,28.2,29.3,31.0
1403,_result,0,2026-07-25 09:33:36.488961+00:00,2026-07-25 12:33:36.488961+00:00,2026-07-25 12:14:29.088574+00:00,ambiente,raspberry_pi_4,camera,28.2,29.3,31.0
1404,_result,0,2026-07-25 09:33:36.488961+00:00,2026-07-25 12:33:36.488961+00:00,2026-07-25 12:14:34.348928+00:00,ambiente,raspberry_pi_4,camera,28.3,29.4,31.0
1405,_result,0,2026-07-25 09:33:36.488961+00:00,2026-07-25 12:33:36.488961+00:00,2026-07-25 12:14:39.618974+00:00,ambiente,raspberry_pi_4,camera,28.3,29.4,31.0
1406,_result,0,2026-07-25 09:33:36.488961+00:00,2026-07-25 12:33:36.488961+00:00,2026-07-25 12:14:44.878998+00:00,ambiente,raspberry_pi_4,camera,28.3,29.4,31.0
1407,_result,0,2026-07-25 09:33:36.488961+00:00,2026-07-25 12:33:36.488961+00:00,2026-07-25 12:14:50.150508+00:00,ambiente,raspberry_pi_4,camera,28.3,29.4,31.0
1408,_result,0,2026-07-25 09:33:36.488961+00:00,2026-07-25 12:33:36.488961+00:00,2026-07-25 12:14:55.410786+00:00,ambiente,raspberry_pi_4,camera,28.3,29.4,31.0
1409,_result,0,2026-07-25 09:33:36.488961+00:00,2026-07-25 12:33:36.488961+00:00,2026-07-25 12:15:05.934727+00:00,ambiente,raspberry_pi_4,camera,28.4,29.5,31.0
1410,_result,0,2026-07-25 09:33:36.488961+00:00,2026-07-25 12:33:36.488961+00:00,2026-07-25 12:15:11.207193+00:00,ambiente,raspberry_pi_4,camera,28.3,29.4,31.0
1411,_result,0,2026-07-25 09:33:36.488961+00:00,2026-07-25 12:33:36.488961+00:00,2026-07-25 12:15:16.467103+00:00,ambiente,raspberry_pi_4,camera,28.3,29.4,31.0
1412,_result,0,2026-07-25 09:33:36.488961+00:00,2026-07-25 12:33:36.488961+00:00,2026-07-25 12:15:21.738342+00:00,ambiente,raspberry_pi_4,camera,28.3,29.4,31.0
1413,_result,0,2026-07-25 09:33:36.488961+00:00,2026-07-25 12:33:36.488961+00:00,2026-07-25 12:15:26.998437+00:00,ambiente,raspberry_pi_4,camera,28.3,29.4,31.0
1414,_result,0,2026-07-25 09:33:36.488961+00:00,2026-07-25 12:33:36.488961+00:00,2026-07-25 12:15:32.268338+00:00,ambiente,raspberry_pi_4,camera,28.3,29.4,31.0
1415,_result,0,2026-07-25 09:33:36.488961+00:00,2026-07-25 12:33:36.488961+00:00,2026-07-25 12:15:37.528460+00:00,ambiente,raspberry_pi_4,camera,28.2,29.4,30.0
1416,_result,0,2026-07-25 09:33:36.488961+00:00,2026-07-25 12:33:36.488961+00:00,2026-07-25 12:15:42.798437+00:00,ambiente,raspberry_pi_4,camera,28.3,29.4,31.0
1417,_result,0,2026-07-25 09:33:36.488961+00:00,2026-07-25 12:33:36.488961+00:00,2026-07-25 12:15:48.058465+00:00,ambiente,raspberry_pi_4,camera,28.1,29.3,30.0
1418,_result,0,2026-07-25 09:33:36.488961+00:00,2026-07-25 12:33:36.488961+00:00,2026-07-25 12:15:53.329357+00:00,ambiente,raspberry_pi_4,camera,28.3,29.4,31.0
1419,_result,0,2026-07-25 09:33:36.488961+00:00,2026-07-25 12:33:36.488961+00:00,2026-07-25 12:15:58.589682+00:00,ambiente,raspberry_pi_4,camera,28.2,29.3,31.0
1420,_result,0,2026-07-25 09:33:36.488961+00:00,2026-07-25 12:33:36.488961+00:00,2026-07-25 12:16:03.859641+00:00,ambiente,raspberry_pi_4,camera,28.2,29.3,31.0
1421,_result,0,2026-07-25 09:33:36.488961+00:00,2026-07-25 12:33:36.488961+00:00,2026-07-25 12:16:09.120386+00:00,ambiente,raspberry_pi_4,camera,28.2,29.4,30.0
1422,_result,0,2026-07-25 09:33:36.488961+00:00,2026-07-25 12:33:36.488961+00:00,2026-07-25 12:16:14.390351+00:00,ambiente,raspberry_pi_4,camera,28.2,29.3,31.0
1423,_result,0,2026-07-25 09:33:36.488961+00:00,2026-07-25 12:33:36.488961+00:00,2026-07-25 12:16:19.650442+00:00,ambiente,raspberry_pi_4,camera,28.2,29.3,31.0
1424,_result,0,2026-07-25 09:33:36.488961+00:00,2026-07-25 12:33:36.488961+00:00,2026-07-25 12:16:24.922437+00:00,ambiente,raspberry_pi_4,camera,28.2,29.3,31.0
1425,_result,0,2026-07-25 09:33:36.488961+00:00,2026-07-25 12:33:36.488961+00:00,2026-07-25 12:16:30.182443+00:00,ambiente,raspberry_pi_4,camera,28.2,29.3,31.0
1426,_result,0,2026-07-25 09:33:36.488961+00:00,2026-07-25 12:33:36.488961+00:00,2026-07-25 12:16:35.452308+00:00,ambiente,raspberry_pi_4,camera,28.2,29.3,31.0
1427,_result,0,2026-07-25 09:33:36.488961+00:00,2026-07-25 12:33:36.488961+00:00,2026-07-25 12:16:40.712463+00:00,ambiente,raspberry_pi_4,camera,28.2,29.3,31.0
1428,_result,0,2026-07-25 09:33:36.488961+00:00,2026-07-25 12:33:36.488961+00:00,2026-07-25 12:16:45.982104+00:00,ambiente,raspberry_pi_4,camera,28.2,29.3,31.0
1429,_result,0,2026-07-25 09:33:36.488961+00:00,2026-07-25 12:33:36.488961+00:00,2026-07-25 12:16:51.242248+00:00,ambiente,raspberry_pi_4,camera,28.2,29.3,31.0
1430,_result,0,2026-07-25 09:33:36.488961+00:00,2026-07-25 12:33:36.488961+00:00,2026-07-25 12:16:56.513698+00:00,ambiente,raspberry_pi_4,camera,28.2,29.3,31.0
1431,_result,0,2026-07-25 09:33:36.488961+00:00,2026-07-25 12:33:36.488961+00:00,2026-07-25 12:17:01.773744+00:00,ambiente,raspberry_pi_4,camera,28.2,29.3,31.0
1432,_result,0,2026-07-25 09:33:36.488961+00:00,2026-07-25 12:33:36.488961+00:00,2026-07-25 12:17:07.043201+00:00,ambiente,raspberry_pi_4,camera,28.2,29.3,31.0
1433,_result,0,2026-07-25 09:33:36.488961+00:00,2026-07-25 12:33:36.488961+00:00,2026-07-25 12:17:12.303603+00:00,ambiente,raspberry_pi_4,camera,28.2,29.3,31.0
1434,_result,0,2026-07-25 09:33:36.488961+00:00,2026-07-25 12:33:36.488961+00:00,2026-07-25 12:17:17.574512+00:00,ambiente,raspberry_pi_4,camera,28.2,29.3,31.0
1435,_result,0,2026-07-25 09:33:36.488961+00:00,2026-07-25 12:33:36.488961+00:00,2026-07-25 12:17:22.835905+00:00,ambiente,raspberry_pi_4,camera,28.2,29.3,31.0
1436,_result,0,2026-07-25 09:33:36.488961+00:00,2026-07-25 12:33:36.488961+00:00,2026-07-25 12:17:28.105508+00:00,ambiente,raspberry_pi_4,camera,28.2,29.3,31.0
1437,_result,0,2026-07-25 09:33:36.488961+00:00,2026-07-25 12:33:36.488961+00:00,2026-07-25 12:17:33.365934+00:00,ambiente,raspberry_pi_4,camera,28.2,29.3,31.0
1438,_result,0,2026-07-25 09:33:36.488961+00:00,2026-07-25 12:33:36.488961+00:00,2026-07-25 12:17:38.635388+00:00,ambiente,raspberry_pi_4,camera,28.2,29.3,31.0
1439,_result,0,2026-07-25 09:33:36.488961+00:00,2026-07-25 12:33:36.488961+00:00,2026-07-25 12:17:43.895639+00:00,ambiente,raspberry_pi_4,camera,28.2,29.3,31.0
1440,_result,0,2026-07-25 09:33:36.488961+00:00,2026-07-25 12:33:36.488961+00:00,2026-07-25 12:17:49.167040+00:00,ambiente,raspberry_pi_4,camera,28.2,29.3,31.0
1441,_result,0,2026-07-25 09:33:36.488961+00:00,2026-07-25 12:33:36.488961+00:00,2026-07-25 12:17:54.426990+00:00,ambiente,raspberry_pi_4,camera,28.2,29.3,31.0
1442,_result,0,2026-07-25 09:33:36.488961+00:00,2026-07-25 12:33:36.488961+00:00,2026-07-25 12:17:59.696808+00:00,ambiente,raspberry_pi_4,camera,28.2,29.3,31.0
1443,_result,0,2026-07-25 09:33:36.488961+00:00,2026-07-25 12:33:36.488961+00:00,2026-07-25 12:18:04.956805+00:00,ambiente,raspberry_pi_4,camera,28.2,29.3,31.0
1444,_result,0,2026-07-25 09:33:36.488961+00:00,2026-07-25 12:33:36.488961+00:00,2026-07-25 12:18:10.226657+00:00,ambiente,raspberry_pi_4,camera,28.2,29.3,31.0
1445,_result,0,2026-07-25 09:33:36.488961+00:00,2026-07-25 12:33:36.488961+00:00,2026-07-25 12:18:20.752386+00:00,ambiente,raspberry_pi_4,camera,28.2,29.3,31.0
1446,_result,0,2026-07-25 09:33:36.488961+00:00,2026-07-25 12:33:36.488961+00:00,2026-07-25 12:18:26.012305+00:00,ambiente,raspberry_pi_4,camera,28.2,29.3,31.0
1447,_result,0,2026-07-25 09:33:36.488961+00:00,2026-07-25 12:33:36.488961+00:00,2026-07-25 12:18:31.282338+00:00,ambiente,raspberry_pi_4,camera,28.2,29.3,31.0
1448,_result,0,2026-07-25 09:33:36.488961+00:00,2026-07-25 12:33:36.488961+00:00,2026-07-25 12:18:36.542341+00:00,ambiente,raspberry_pi_4,camera,28.2,29.3,31.0
1449,_result,0,2026-07-25 09:33:36.488961+00:00,2026-07-25 12:33:36.488961+00:00,2026-07-25 12:18:41.811896+00:00,ambiente,raspberry_pi_4,camera,28.3,29.4,31.0
1450,_result,0,2026-07-25 09:33:36.488961+00:00,2026-07-25 12:33:36.488961+00:00,2026-07-25 12:18:47.072614+00:00,ambiente,raspberry_pi_4,camera,28.3,29.4,31.0
1451,_result,0,2026-07-25 09:33:36.488961+00:00,2026-07-25 12:33:36.488961+00:00,2026-07-25 12:18:52.345742+00:00,ambiente,raspberry_pi_4,camera,28.2,29.3,31.0
1452,_result,0,2026-07-25 09:33:36.488961+00:00,2026-07-25 12:33:36.488961+00:00,2026-07-25 12:18:57.606064+00:00,ambiente,raspberry_pi_4,camera,28.3,29.4,31.0
1453,_result,0,2026-07-25 09:33:36.488961+00:00,2026-07-25 12:33:36.488961+00:00,2026-07-25 12:19:02.875574+00:00,ambiente,raspberry_pi_4,camera,28.3,29.4,31.0
1454,_result,0,2026-07-25 09:33:36.488961+00:00,2026-07-25 12:33:36.488961+00:00,2026-07-25 12:19:08.135700+00:00,ambiente,raspberry_pi_4,camera,28.3,29.4,31.0
1455,_result,0,2026-07-25 09:33:36.488961+00:00,2026-07-25 12:33:36.488961+00:00,2026-07-25 12:19:13.405403+00:00,ambiente,raspberry_pi_4,camera,28.3,29.4,31.0
1456,_result,0,2026-07-25 09:33:36.488961+00:00,2026-07-25 12:33:36.488961+00:00,2026-07-25 12:19:18.665294+00:00,ambiente,raspberry_pi_4,camera,28.3,29.4,31.0
1457,_result,0,2026-07-25 09:33:36.488961+00:00,2026-07-25 12:33:36.488961+00:00,2026-07-25 12:19:23.936143+00:00,ambiente,raspberry_pi_4,camera,28.3,29.4,31.0
1458,_result,0,2026-07-25 09:33:36.488961+00:00,2026-07-25 12:33:36.488961+00:00,2026-07-25 12:19:29.196246+00:00,ambiente,raspberry_pi_4,camera,28.4,29.5,31.0
1459,_result,0,2026-07-25 09:33:36.488961+00:00,2026-07-25 12:33:36.488961+00:00,2026-07-25 12:19:34.465858+00:00,ambiente,raspberry_pi_4,camera,28.3,29.4,31.0
1460,_result,0,2026-07-25 09:33:36.488961+00:00,2026-07-25 12:33:36.488961+00:00,2026-07-25 12:19:39.726000+00:00,ambiente,raspberry_pi_4,camera,28.3,29.4,31.0
1461,_result,0,2026-07-25 09:33:36.488961+00:00,2026-07-25 12:33:36.488961+00:00,2026-07-25 12:19:44.995827+00:00,ambiente,raspberry_pi_4,camera,28.4,29.5,31.0
1462,_result,0,2026-07-25 09:33:36.488961+00:00,2026-07-25 12:33:36.488961+00:00,2026-07-25 12:19:50.255642+00:00,ambiente,raspberry_pi_4,camera,28.4,29.5,31.0
1463,_result,0,2026-07-25 09:33:36.488961+00:00,2026-07-25 12:33:36.488961+00:00,2026-07-25 12:19:55.526957+00:00,ambiente,raspberry_pi_4,camera,28.4,29.5,31.0
1464,_result,0,2026-07-25 09:33:36.488961+00:00,2026-07-25 12:33:36.488961+00:00,2026-07-25 12:20:00.786935+00:00,ambiente,raspberry_pi_4,camera,28.4,29.5,31.0
1465,_result,0,2026-07-25 09:33:36.488961+00:00,2026-07-25 12:33:36.488961+00:00,2026-07-25 12:20:06.056838+00:00,ambiente,raspberry_pi_4,camera,28.4,29.5,31.0
1466,_result,0,2026-07-25 09:33:36.488961+00:00,2026-07-25 12:33:36.488961+00:00,2026-07-25 12:20:11.317701+00:00,ambiente,raspberry_pi_4,camera,28.4,29.5,31.0
1467,_result,0,2026-07-25 09:33:36.488961+00:00,2026-07-25 12:33:36.488961+00:00,2026-07-25 12:20:16.587289+00:00,ambiente,raspberry_pi_4,camera,28.4,29.5,31.0
1468,_result,0,2026-07-25 09:33:36.488961+00:00,2026-07-25 12:33:36.488961+00:00,2026-07-25 12:20:21.847209+00:00,ambiente,raspberry_pi_4,camera,28.4,29.5,31.0
1469,_result,0,2026-07-25 09:33:36.488961+00:00,2026-07-25 12:33:36.488961+00:00,2026-07-25 12:20:27.118424+00:00,ambiente,raspberry_pi_4,camera,28.4,29.5,31.0
1470,_result,0,2026-07-25 09:33:36.488961+00:00,2026-07-25 12:33:36.488961+00:00,2026-07-25 12:20:32.378389+00:00,ambiente,raspberry_pi_4,camera,28.4,29.5,31.0
1471,_result,0,2026-07-25 09:33:36.488961+00:00,2026-07-25 12:33:36.488961+00:00,2026-07-25 12:20:37.649279+00:00,ambiente,raspberry_pi_4,camera,28.4,29.5,31.0
1472,_result,0,2026-07-25 09:33:36.488961+00:00,2026-07-25 12:33:36.488961+00:00,2026-07-25 12:20:42.909663+00:00,ambiente,raspberry_pi_4,camera,28.4,29.5,31.0
1473,_result,0,2026-07-25 09:33:36.488961+00:00,2026-07-25 12:33:36.488961+00:00,2026-07-25 12:20:48.179700+00:00,ambiente,raspberry_pi_4,camera,28.4,29.5,31.0
1474,_result,0,2026-07-25 09:33:36.488961+00:00,2026-07-25 12:33:36.488961+00:00,2026-07-25 12:20:53.441461+00:00,ambiente,raspberry_pi_4,camera,28.4,29.5,31.0
1475,_result,0,2026-07-25 09:33:36.488961+00:00,2026-07-25 12:33:36.488961+00:00,2026-07-25 12:20:58.710730+00:00,ambiente,raspberry_pi_4,camera,28.4,29.5,31.0
1476,_result,0,2026-07-25 09:33:36.488961+00:00,2026-07-25 12:33:36.488961+00:00,2026-07-25 12:21:09.234544+00:00,ambiente,raspberry_pi_4,camera,28.4,29.5,31.0
1477,_result,0,2026-07-25 09:33:36.488961+00:00,2026-07-25 12:33:36.488961+00:00,2026-07-25 12:21:14.494453+00:00,ambiente,raspberry_pi_4,camera,28.4,29.5,31.0
1478,_result,0,2026-07-25 09:33:36.488961+00:00,2026-07-25 12:33:36.488961+00:00,2026-07-25 12:21:19.765360+00:00,ambiente,raspberry_pi_4,camera,28.4,29.5,31.0
1479,_result,0,2026-07-25 09:33:36.488961+00:00,2026-07-25 12:33:36.488961+00:00,2026-07-25 12:21:25.025358+00:00,ambiente,raspberry_pi_4,camera,28.4,29.5,31.0
1480,_result,0,2026-07-25 09:33:36.488961+00:00,2026-07-25 12:33:36.488961+00:00,2026-07-25 12:21:30.295283+00:00,ambiente,raspberry_pi_4,camera,28.4,29.5,31.0
1481,_result,0,2026-07-25 09:33:36.488961+00:00,2026-07-25 12:33:36.488961+00:00,2026-07-25 12:21:35.555307+00:00,ambiente,raspberry_pi_4,camera,28.4,29.5,31.0
1482,_result,0,2026-07-25 09:33:36.488961+00:00,2026-07-25 12:33:36.488961+00:00,2026-07-25 12:21:40.826199+00:00,ambiente,raspberry_pi_4,camera,28.4,29.5,31.0
1483,_result,0,2026-07-25 09:33:36.488961+00:00,2026-07-25 12:33:36.488961+00:00,2026-07-25 12:21:46.086855+00:00,ambiente,raspberry_pi_4,camera,28.4,29.5,31.0
1484,_result,0,2026-07-25 09:33:36.488961+00:00,2026-07-25 12:33:36.488961+00:00,2026-07-25 12:21:51.359457+00:00,ambiente,raspberry_pi_4,camera,28.4,29.5,31.0
1485,_result,0,2026-07-25 09:33:36.488961+00:00,2026-07-25 12:33:36.488961+00:00,2026-07-25 12:21:56.619369+00:00,ambiente,raspberry_pi_4,camera,28.4,29.5,31.0
1486,_result,0,2026-07-25 09:33:36.488961+00:00,2026-07-25 12:33:36.488961+00:00,2026-07-25 12:22:01.890782+00:00,ambiente,raspberry_pi_4,camera,28.4,29.5,32.0
1487,_result,0,2026-07-25 09:33:36.488961+00:00,2026-07-25 12:33:36.488961+00:00,2026-07-25 12:22:07.151040+00:00,ambiente,raspberry_pi_4,camera,28.4,29.5,31.0
1488,_result,0,2026-07-25 09:33:36.488961+00:00,2026-07-25 12:33:36.488961+00:00,2026-07-25 12:22:12.424854+00:00,ambiente,raspberry_pi_4,camera,28.4,29.5,31.0
1489,_result,0,2026-07-25 09:33:36.488961+00:00,2026-07-25 12:33:36.488961+00:00,2026-07-25 12:22:17.685491+00:00,ambiente,raspberry_pi_4,camera,28.4,29.5,31.0
1490,_result,0,2026-07-25 09:33:36.488961+00:00,2026-07-25 12:33:36.488961+00:00,2026-07-25 12:22:22.957041+00:00,ambiente,raspberry_pi_4,camera,28.4,29.5,31.0
1491,_result,0,2026-07-25 09:33:36.488961+00:00,2026-07-25 12:33:36.488961+00:00,2026-07-25 12:22:28.217249+00:00,ambiente,raspberry_pi_4,camera,28.5,29.6,31.0
1492,_result,0,2026-07-25 09:33:36.488961+00:00,2026-07-25 12:33:36.488961+00:00,2026-07-25 12:22:33.487100+00:00,ambiente,raspberry_pi_4,camera,28.5,29.6,31.0
1493,_result,0,2026-07-25 09:33:36.488961+00:00,2026-07-25 12:33:36.488961+00:00,2026-07-25 12:22:38.747433+00:00,ambiente,raspberry_pi_4,camera,28.4,29.5,31.0
1494,_result,0,2026-07-25 09:33:36.488961+00:00,2026-07-25 12:33:36.488961+00:00,2026-07-25 12:22:44.017464+00:00,ambiente,raspberry_pi_4,camera,28.4,29.5,31.0
1495,_result,0,2026-07-25 09:33:36.488961+00:00,2026-07-25 12:33:36.488961+00:00,2026-07-25 12:22:49.277657+00:00,ambiente,raspberry_pi_4,camera,28.4,29.5,31.0
1496,_result,0,2026-07-25 09:33:36.488961+00:00,2026-07-25 12:33:36.488961+00:00,2026-07-25 12:22:54.548918+00:00,ambiente,raspberry_pi_4,camera,28.5,29.6,31.0
1497,_result,0,2026-07-25 09:33:36.488961+00:00,2026-07-25 12:33:36.488961+00:00,2026-07-25 12:22:59.808972+00:00,ambiente,raspberry_pi_4,camera,28.4,29.5,31.0
1498,_result,0,2026-07-25 09:33:36.488961+00:00,2026-07-25 12:33:36.488961+00:00,2026-07-25 12:23:05.079212+00:00,ambiente,raspberry_pi_4,camera,28.4,29.5,31.0
1499,_result,0,2026-07-25 09:33:36.488961+00:00,2026-07-25 12:33:36.488961+00:00,2026-07-25 12:23:10.339188+00:00,ambiente,raspberry_pi_4,camera,28.4,29.5,31.0
1500,_result,0,2026-07-25 09:33:36.488961+00:00,2026-07-25 12:33:36.488961+00:00,2026-07-25 12:23:15.609340+00:00,ambiente,raspberry_pi_4,camera,28.4,29.5,31.0
1501,_result,0,2026-07-25 09:33:36.488961+00:00,2026-07-25 12:33:36.488961+00:00,2026-07-25 12:23:20.869524+00:00,ambiente,raspberry_pi_4,camera,28.4,29.5,31.0
1502,_result,0,2026-07-25 09:33:36.488961+00:00,2026-07-25 12:33:36.488961+00:00,2026-07-25 12:23:26.140816+00:00,ambiente,raspberry_pi_4,camera,28.4,29.5,31.0
1503,_result,0,2026-07-25 09:33:36.488961+00:00,2026-07-25 12:33:36.488961+00:00,2026-07-25 12:23:31.400938+00:00,ambiente,raspberry_pi_4,camera,28.4,29.5,31.0
1504,_result,0,2026-07-25 09:33:36.488961+00:00,2026-07-25 12:33:36.488961+00:00,2026-07-25 12:23:36.670964+00:00,ambiente,raspberry_pi_4,camera,28.3,29.4,31.0
1505,_result,0,2026-07-25 09:33:36.488961+00:00,2026-07-25 12:33:36.488961+00:00,2026-07-25 12:23:41.930999+00:00,ambiente,raspberry_pi_4,camera,28.4,29.5,31.0
1506,_result,0,2026-07-25 09:33:36.488961+00:00,2026-07-25 12:33:36.488961+00:00,2026-07-25 12:23:47.200865+00:00,ambiente,raspberry_pi_4,camera,28.4,29.5,31.0
1507,_result,0,2026-07-25 09:33:36.488961+00:00,2026-07-25 12:33:36.488961+00:00,2026-07-25 12:23:52.463139+00:00,ambiente,raspberry_pi_4,camera,28.4,29.5,31.0
1508,_result,0,2026-07-25 09:33:36.488961+00:00,2026-07-25 12:33:36.488961+00:00,2026-07-25 12:23:57.733322+00:00,ambiente,raspberry_pi_4,camera,28.4,29.5,31.0
1509,_result,0,2026-07-25 09:33:36.488961+00:00,2026-07-25 12:33:36.488961+00:00,2026-07-25 12:24:02.993542+00:00,ambiente,raspberry_pi_4,camera,28.3,29.4,31.0
1510,_result,0,2026-07-25 09:33:36.488961+00:00,2026-07-25 12:33:36.488961+00:00,2026-07-25 12:24:08.263489+00:00,ambiente,raspberry_pi_4,camera,28.3,29.4,31.0
1511,_result,0,2026-07-25 09:33:36.488961+00:00,2026-07-25 12:33:36.488961+00:00,2026-07-25 12:24:18.788452+00:00,ambiente,raspberry_pi_4,camera,28.4,29.5,31.0
1512,_result,0,2026-07-25 09:33:36.488961+00:00,2026-07-25 12:33:36.488961+00:00,2026-07-25 12:24:24.048531+00:00,ambiente,raspberry_pi_4,camera,28.3,29.4,31.0
1513,_result,0,2026-07-25 09:33:36.488961+00:00,2026-07-25 12:33:36.488961+00:00,2026-07-25 12:24:29.318310+00:00,ambiente,raspberry_pi_4,camera,28.3,29.4,31.0
1514,_result,0,2026-07-25 09:33:36.488961+00:00,2026-07-25 12:33:36.488961+00:00,2026-07-25 12:24:34.578243+00:00,ambiente,raspberry_pi_4,camera,28.3,29.4,31.0
1515,_result,0,2026-07-25 09:33:36.488961+00:00,2026-07-25 12:33:36.488961+00:00,2026-07-25 12:24:39.847768+00:00,ambiente,raspberry_pi_4,camera,28.3,29.4,31.0
1516,_result,0,2026-07-25 09:33:36.488961+00:00,2026-07-25 12:33:36.488961+00:00,2026-07-25 12:24:45.108084+00:00,ambiente,raspberry_pi_4,camera,28.4,29.5,31.0
1517,_result,0,2026-07-25 09:33:36.488961+00:00,2026-07-25 12:33:36.488961+00:00,2026-07-25 12:24:50.378951+00:00,ambiente,raspberry_pi_4,camera,28.4,29.5,31.0
1518,_result,0,2026-07-25 09:33:36.488961+00:00,2026-07-25 12:33:36.488961+00:00,2026-07-25 12:24:55.639279+00:00,ambiente,raspberry_pi_4,camera,28.4,29.5,31.0
1519,_result,0,2026-07-25 09:33:36.488961+00:00,2026-07-25 12:33:36.488961+00:00,2026-07-25 12:25:00.908828+00:00,ambiente,raspberry_pi_4,camera,28.3,29.4,31.0
1520,_result,0,2026-07-25 09:33:36.488961+00:00,2026-07-25 12:33:36.488961+00:00,2026-07-25 12:25:06.168816+00:00,ambiente,raspberry_pi_4,camera,28.4,29.5,31.0
1521,_result,0,2026-07-25 09:33:36.488961+00:00,2026-07-25 12:33:36.488961+00:00,2026-07-25 12:25:11.438651+00:00,ambiente,raspberry_pi_4,camera,28.4,29.5,31.0
1522,_result,0,2026-07-25 09:33:36.488961+00:00,2026-07-25 12:33:36.488961+00:00,2026-07-25 12:25:16.699274+00:00,ambiente,raspberry_pi_4,camera,28.3,29.4,31.0
1523,_result,0,2026-07-25 09:33:36.488961+00:00,2026-07-25 12:33:36.488961+00:00,2026-07-25 12:25:21.970866+00:00,ambiente,raspberry_pi_4,camera,28.4,29.5,31.0
1524,_result,0,2026-07-25 09:33:36.488961+00:00,2026-07-25 12:33:36.488961+00:00,2026-07-25 12:25:27.230941+00:00,ambiente,raspberry_pi_4,camera,28.4,29.5,31.0
1525,_result,0,2026-07-25 09:33:36.488961+00:00,2026-07-25 12:33:36.488961+00:00,2026-07-25 12:25:32.501322+00:00,ambiente,raspberry_pi_4,camera,28.4,29.5,31.0
1526,_result,0,2026-07-25 09:33:36.488961+00:00,2026-07-25 12:33:36.488961+00:00,2026-07-25 12:25:37.761440+00:00,ambiente,raspberry_pi_4,camera,28.4,29.5,31.0
1527,_result,0,2026-07-25 09:33:36.488961+00:00,2026-07-25 12:33:36.488961+00:00,2026-07-25 12:25:43.030980+00:00,ambiente,raspberry_pi_4,camera,28.4,29.5,31.0
1528,_result,0,2026-07-25 09:33:36.488961+00:00,2026-07-25 12:33:36.488961+00:00,2026-07-25 12:25:48.291806+00:00,ambiente,raspberry_pi_4,camera,28.4,29.5,31.0
1529,_result,0,2026-07-25 09:33:36.488961+00:00,2026-07-25 12:33:36.488961+00:00,2026-07-25 12:25:53.563101+00:00,ambiente,raspberry_pi_4,camera,28.3,29.4,31.0
1530,_result,0,2026-07-25 09:33:36.488961+00:00,2026-07-25 12:33:36.488961+00:00,2026-07-25 12:25:58.823220+00:00,ambiente,raspberry_pi_4,camera,28.4,29.5,31.0
1531,_result,0,2026-07-25 09:33:36.488961+00:00,2026-07-25 12:33:36.488961+00:00,2026-07-25 12:26:04.092734+00:00,ambiente,raspberry_pi_4,camera,28.4,29.5,31.0
1532,_result,0,2026-07-25 09:33:36.488961+00:00,2026-07-25 12:33:36.488961+00:00,2026-07-25 12:26:09.352979+00:00,ambiente,raspberry_pi_4,camera,28.3,29.4,31.0
1533,_result,0,2026-07-25 09:33:36.488961+00:00,2026-07-25 12:33:36.488961+00:00,2026-07-25 12:26:14.622484+00:00,ambiente,raspberry_pi_4,camera,28.4,29.5,31.0
1534,_result,0,2026-07-25 09:33:36.488961+00:00,2026-07-25 12:33:36.488961+00:00,2026-07-25 12:26:19.882544+00:00,ambiente,raspberry_pi_4,camera,28.4,29.5,31.0
1535,_result,0,2026-07-25 09:33:36.488961+00:00,2026-07-25 12:33:36.488961+00:00,2026-07-25 12:26:25.153479+00:00,ambiente,raspberry_pi_4,camera,28.3,29.4,31.0
1536,_result,0,2026-07-25 09:33:36.488961+00:00,2026-07-25 12:33:36.488961+00:00,2026-07-25 12:26:30.414093+00:00,ambiente,raspberry_pi_4,camera,28.4,29.5,31.0
1537,_result,0,2026-07-25 09:33:36.488961+00:00,2026-07-25 12:33:36.488961+00:00,2026-07-25 12:26:35.683400+00:00,ambiente,raspberry_pi_4,camera,28.4,29.5,31.0
1538,_result,0,2026-07-25 09:33:36.488961+00:00,2026-07-25 12:33:36.488961+00:00,2026-07-25 12:26:40.943457+00:00,ambiente,raspberry_pi_4,camera,28.3,29.4,31.0
1539,_result,0,2026-07-25 09:33:36.488961+00:00,2026-07-25 12:33:36.488961+00:00,2026-07-25 12:26:46.213178+00:00,ambiente,raspberry_pi_4,camera,28.4,29.5,31.0
1540,_result,0,2026-07-25 09:33:36.488961+00:00,2026-07-25 12:33:36.488961+00:00,2026-07-25 12:26:51.473170+00:00,ambiente,raspberry_pi_4,camera,28.4,29.5,31.0
1541,_result,0,2026-07-25 09:33:36.488961+00:00,2026-07-25 12:33:36.488961+00:00,2026-07-25 12:26:56.744309+00:00,ambiente,raspberry_pi_4,camera,28.4,29.5,31.0
1542,_result,0,2026-07-25 09:33:36.488961+00:00,2026-07-25 12:33:36.488961+00:00,2026-07-25 12:27:02.004270+00:00,ambiente,raspberry_pi_4,camera,28.4,29.5,31.0
1543,_result,0,2026-07-25 09:33:36.488961+00:00,2026-07-25 12:33:36.488961+00:00,2026-07-25 12:27:07.274027+00:00,ambiente,raspberry_pi_4,camera,28.4,29.5,31.0
1544,_result,0,2026-07-25 09:33:36.488961+00:00,2026-07-25 12:33:36.488961+00:00,2026-07-25 12:27:12.533971+00:00,ambiente,raspberry_pi_4,camera,28.4,29.5,31.0
1545,_result,0,2026-07-25 09:33:36.488961+00:00,2026-07-25 12:33:36.488961+00:00,2026-07-25 12:27:17.803391+00:00,ambiente,raspberry_pi_4,camera,28.4,29.5,31.0
1546,_result,0,2026-07-25 09:33:36.488961+00:00,2026-07-25 12:33:36.488961+00:00,2026-07-25 12:27:23.064935+00:00,ambiente,raspberry_pi_4,camera,28.4,29.5,31.0
1547,_result,0,2026-07-25 09:33:36.488961+00:00,2026-07-25 12:33:36.488961+00:00,2026-07-25 12:27:28.334804+00:00,ambiente,raspberry_pi_4,camera,28.4,29.5,31.0
1548,_result,0,2026-07-25 09:33:36.488961+00:00,2026-07-25 12:33:36.488961+00:00,2026-07-25 12:27:33.594838+00:00,ambiente,raspberry_pi_4,camera,28.3,29.4,31.0
1549,_result,0,2026-07-25 09:33:36.488961+00:00,2026-07-25 12:33:36.488961+00:00,2026-07-25 12:27:38.865470+00:00,ambiente,raspberry_pi_4,camera,28.4,29.5,31.0
1550,_result,0,2026-07-25 09:33:36.488961+00:00,2026-07-25 12:33:36.488961+00:00,2026-07-25 12:27:44.125387+00:00,ambiente,raspberry_pi_4,camera,28.4,29.5,31.0
1551,_result,0,2026-07-25 09:33:36.488961+00:00,2026-07-25 12:33:36.488961+00:00,2026-07-25 12:27:49.396220+00:00,ambiente,raspberry_pi_4,camera,28.3,29.4,31.0
1552,_result,0,2026-07-25 09:33:36.488961+00:00,2026-07-25 12:33:36.488961+00:00,2026-07-25 12:27:54.656112+00:00,ambiente,raspberry_pi_4,camera,28.3,29.4,31.0
1553,_result,0,2026-07-25 09:33:36.488961+00:00,2026-07-25 12:33:36.488961+00:00,2026-07-25 12:27:59.925717+00:00,ambiente,raspberry_pi_4,camera,28.4,29.5,31.0
1554,_result,0,2026-07-25 09:33:36.488961+00:00,2026-07-25 12:33:36.488961+00:00,2026-07-25 12:28:05.185616+00:00,ambiente,raspberry_pi_4,camera,28.3,29.4,31.0
1555,_result,0,2026-07-25 09:33:36.488961+00:00,2026-07-25 12:33:36.488961+00:00,2026-07-25 12:28:15.709440+00:00,ambiente,raspberry_pi_4,camera,28.3,29.4,31.0
1556,_result,0,2026-07-25 09:33:36.488961+00:00,2026-07-25 12:33:36.488961+00:00,2026-07-25 12:28:20.980747+00:00,ambiente,raspberry_pi_4,camera,28.3,29.4,31.0
1557,_result,0,2026-07-25 09:33:36.488961+00:00,2026-07-25 12:33:36.488961+00:00,2026-07-25 12:28:26.240996+00:00,ambiente,raspberry_pi_4,camera,28.3,29.4,31.0
1558,_result,0,2026-07-25 09:33:36.488961+00:00,2026-07-25 12:33:36.488961+00:00,2026-07-25 12:28:31.517443+00:00,ambiente,raspberry_pi_4,camera,28.3,29.4,31.0
1559,_result,0,2026-07-25 09:33:36.488961+00:00,2026-07-25 12:33:36.488961+00:00,2026-07-25 12:28:36.777387+00:00,ambiente,raspberry_pi_4,camera,28.4,29.5,31.0
1560,_result,0,2026-07-25 09:33:36.488961+00:00,2026-07-25 12:33:36.488961+00:00,2026-07-25 12:28:47.301195+00:00,ambiente,raspberry_pi_4,camera,28.3,29.4,31.0
1561,_result,0,2026-07-25 09:33:36.488961+00:00,2026-07-25 12:33:36.488961+00:00,2026-07-25 12:28:52.572779+00:00,ambiente,raspberry_pi_4,camera,28.3,29.4,31.0
1562,_result,0,2026-07-25 09:33:36.488961+00:00,2026-07-25 12:33:36.488961+00:00,2026-07-25 12:28:57.832738+00:00,ambiente,raspberry_pi_4,camera,28.3,29.4,31.0
1563,_result,0,2026-07-25 09:33:36.488961+00:00,2026-07-25 12:33:36.488961+00:00,2026-07-25 12:29:08.356291+00:00,ambiente,raspberry_pi_4,camera,28.4,29.5,31.0
1564,_result,0,2026-07-25 09:33:36.488961+00:00,2026-07-25 12:33:36.488961+00:00,2026-07-25 12:29:13.626028+00:00,ambiente,raspberry_pi_4,camera,28.3,29.4,31.0
1565,_result,0,2026-07-25 09:33:36.488961+00:00,2026-07-25 12:33:36.488961+00:00,2026-07-25 12:29:18.885879+00:00,ambiente,raspberry_pi_4,camera,28.3,29.4,31.0
1566,_result,0,2026-07-25 09:33:36.488961+00:00,2026-07-25 12:33:36.488961+00:00,2026-07-25 12:29:24.157296+00:00,ambiente,raspberry_pi_4,camera,28.4,29.5,31.0
1567,_result,0,2026-07-25 09:33:36.488961+00:00,2026-07-25 12:33:36.488961+00:00,2026-07-25 12:29:29.417077+00:00,ambiente,raspberry_pi_4,camera,28.4,29.5,31.0
1568,_result,0,2026-07-25 09:33:36.488961+00:00,2026-07-25 12:33:36.488961+00:00,2026-07-25 12:29:34.686778+00:00,ambiente,raspberry_pi_4,camera,28.3,29.4,31.0
1569,_result,0,2026-07-25 09:33:36.488961+00:00,2026-07-25 12:33:36.488961+00:00,2026-07-25 12:29:39.948095+00:00,ambiente,raspberry_pi_4,camera,28.4,29.5,31.0
1570,_result,0,2026-07-25 09:33:36.488961+00:00,2026-07-25 12:33:36.488961+00:00,2026-07-25 12:29:45.218087+00:00,ambiente,raspberry_pi_4,camera,28.4,29.5,31.0
1571,_result,0,2026-07-25 09:33:36.488961+00:00,2026-07-25 12:33:36.488961+00:00,2026-07-25 12:29:50.478037+00:00,ambiente,raspberry_pi_4,camera,28.3,29.4,31.0
1572,_result,0,2026-07-25 09:33:36.488961+00:00,2026-07-25 12:33:36.488961+00:00,2026-07-25 12:29:55.749305+00:00,ambiente,raspberry_pi_4,camera,28.4,29.5,31.0
1573,_result,0,2026-07-25 09:33:36.488961+00:00,2026-07-25 12:33:36.488961+00:00,2026-07-25 12:30:01.009369+00:00,ambiente,raspberry_pi_4,camera,28.4,29.5,31.0
1574,_result,0,2026-07-25 09:33:36.488961+00:00,2026-07-25 12:33:36.488961+00:00,2026-07-25 12:30:11.533489+00:00,ambiente,raspberry_pi_4,camera,28.4,29.5,31.0
1575,_result,0,2026-07-25 09:33:36.488961+00:00,2026-07-25 12:33:36.488961+00:00,2026-07-25 12:30:16.802943+00:00,ambiente,raspberry_pi_4,camera,28.4,29.5,31.0
1576,_result,0,2026-07-25 09:33:36.488961+00:00,2026-07-25 12:33:36.488961+00:00,2026-07-25 12:30:22.063082+00:00,ambiente,raspberry_pi_4,camera,28.3,29.4,31.0
1577,_result,0,2026-07-25 09:33:36.488961+00:00,2026-07-25 12:33:36.488961+00:00,2026-07-25 12:30:27.333983+00:00,ambiente,raspberry_pi_4,camera,28.4,29.5,31.0
1578,_result,0,2026-07-25 09:33:36.488961+00:00,2026-07-25 12:33:36.488961+00:00,2026-07-25 12:30:32.594301+00:00,ambiente,raspberry_pi_4,camera,28.4,29.5,31.0
1579,_result,0,2026-07-25 09:33:36.488961+00:00,2026-07-25 12:33:36.488961+00:00,2026-07-25 12:30:37.864160+00:00,ambiente,raspberry_pi_4,camera,28.4,29.5,31.0
1580,_result,0,2026-07-25 09:33:36.488961+00:00,2026-07-25 12:33:36.488961+00:00,2026-07-25 12:30:43.124373+00:00,ambiente,raspberry_pi_4,camera,28.4,29.5,31.0
1581,_result,0,2026-07-25 09:33:36.488961+00:00,2026-07-25 12:33:36.488961+00:00,2026-07-25 12:30:48.395480+00:00,ambiente,raspberry_pi_4,camera,28.4,29.5,31.0
1582,_result,0,2026-07-25 09:33:36.488961+00:00,2026-07-25 12:33:36.488961+00:00,2026-07-25 12:30:53.655550+00:00,ambiente,raspberry_pi_4,camera,28.5,29.6,31.0
1583,_result,0,2026-07-25 09:33:36.488961+00:00,2026-07-25 12:33:36.488961+00:00,2026-07-25 12:30:58.925442+00:00,ambiente,raspberry_pi_4,camera,28.5,29.6,31.0
1584,_result,0,2026-07-25 09:33:36.488961+00:00,2026-07-25 12:33:36.488961+00:00,2026-07-25 12:31:04.185399+00:00,ambiente,raspberry_pi_4,camera,28.4,29.5,31.0
1585,_result,0,2026-07-25 09:33:36.488961+00:00,2026-07-25 12:33:36.488961+00:00,2026-07-25 12:31:09.455414+00:00,ambiente,raspberry_pi_4,camera,28.4,29.5,31.0
1586,_result,0,2026-07-25 09:33:36.488961+00:00,2026-07-25 12:33:36.488961+00:00,2026-07-25 12:31:14.715468+00:00,ambiente,raspberry_pi_4,camera,28.5,29.6,31.0
1587,_result,0,2026-07-25 09:33:36.488961+00:00,2026-07-25 12:33:36.488961+00:00,2026-07-25 12:31:19.986658+00:00,ambiente,raspberry_pi_4,camera,28.5,29.6,31.0
1588,_result,0,2026-07-25 09:33:36.488961+00:00,2026-07-25 12:33:36.488961+00:00,2026-07-25 12:31:25.246766+00:00,ambiente,raspberry_pi_4,camera,28.5,29.6,31.0
1589,_result,0,2026-07-25 09:33:36.488961+00:00,2026-07-25 12:33:36.488961+00:00,2026-07-25 12:31:30.517435+00:00,ambiente,raspberry_pi_4,camera,28.5,29.6,31.0
1590,_result,0,2026-07-25 09:33:36.488961+00:00,2026-07-25 12:33:36.488961+00:00,2026-07-25 12:31:35.777523+00:00,ambiente,raspberry_pi_4,camera,28.5,29.6,31.0
1591,_result,0,2026-07-25 09:33:36.488961+00:00,2026-07-25 12:33:36.488961+00:00,2026-07-25 12:31:41.047815+00:00,ambiente,raspberry_pi_4,camera,28.5,29.6,31.0
1592,_result,0,2026-07-25 09:33:36.488961+00:00,2026-07-25 12:33:36.488961+00:00,2026-07-25 12:31:46.307643+00:00,ambiente,raspberry_pi_4,camera,28.5,29.7,31.0
1593,_result,0,2026-07-25 09:33:36.488961+00:00,2026-07-25 12:33:36.488961+00:00,2026-07-25 12:31:51.578625+00:00,ambiente,raspberry_pi_4,camera,28.5,29.6,31.0
1594,_result,0,2026-07-25 09:33:36.488961+00:00,2026-07-25 12:33:36.488961+00:00,2026-07-25 12:31:56.838608+00:00,ambiente,raspberry_pi_4,camera,28.5,29.6,31.0
1595,_result,0,2026-07-25 09:33:36.488961+00:00,2026-07-25 12:33:36.488961+00:00,2026-07-25 12:32:02.108471+00:00,ambiente,raspberry_pi_4,camera,28.5,29.7,31.0
1596,_result,0,2026-07-25 09:33:36.488961+00:00,2026-07-25 12:33:36.488961+00:00,2026-07-25 12:32:07.368445+00:00,ambiente,raspberry_pi_4,camera,28.5,29.6,31.0
1597,_result,0,2026-07-25 09:33:36.488961+00:00,2026-07-25 12:33:36.488961+00:00,2026-07-25 12:32:12.637916+00:00,ambiente,raspberry_pi_4,camera,28.5,29.6,31.0
1598,_result,0,2026-07-25 09:33:36.488961+00:00,2026-07-25 12:33:36.488961+00:00,2026-07-25 12:32:17.898430+00:00,ambiente,raspberry_pi_4,camera,28.5,29.7,31.0
1599,_result,0,2026-07-25 09:33:36.488961+00:00,2026-07-25 12:33:36.488961+00:00,2026-07-25 12:32:23.169623+00:00,ambiente,raspberry_pi_4,camera,28.5,29.7,31.0
1600,_result,0,2026-07-25 09:33:36.488961+00:00,2026-07-25 12:33:36.488961+00:00,2026-07-25 12:32:28.429601+00:00,ambiente,raspberry_pi_4,camera,28.5,29.6,31.0
1601,_result,0,2026-07-25 09:33:36.488961+00:00,2026-07-25 12:33:36.488961+00:00,2026-07-25 12:32:33.699050+00:00,ambiente,raspberry_pi_4,camera,28.5,29.7,31.0
1602,_result,0,2026-07-25 09:33:36.488961+00:00,2026-07-25 12:33:36.488961+00:00,2026-07-25 12:32:38.959452+00:00,ambiente,raspberry_pi_4,camera,28.5,29.7,31.0
1603,_result,0,2026-07-25 09:33:36.488961+00:00,2026-07-25 12:33:36.488961+00:00,2026-07-25 12:32:44.228785+00:00,ambiente,raspberry_pi_4,camera,28.5,29.7,31.0
1604,_result,0,2026-07-25 09:33:36.488961+00:00,2026-07-25 12:33:36.488961+00:00,2026-07-25 12:32:54.752834+00:00,ambiente,raspberry_pi_4,camera,28.5,29.7,31.0
1605,_result,0,2026-07-25 09:33:36.488961+00:00,2026-07-25 12:33:36.488961+00:00,2026-07-25 12:33:00.012875+00:00,ambiente,raspberry_pi_4,camera,28.5,29.7,31.0
1606,_result,0,2026-07-25 09:33:36.488961+00:00,2026-07-25 12:33:36.488961+00:00,2026-07-25 12:33:05.282365+00:00,ambiente,raspberry_pi_4,camera,28.5,29.7,31.0
1607,_result,0,2026-07-25 09:33:36.488961+00:00,2026-07-25 12:33:36.488961+00:00,2026-07-25 12:33:10.542580+00:00,ambiente,raspberry_pi_4,camera,28.5,29.7,31.0
1608,_result,0,2026-07-25 09:33:36.488961+00:00,2026-07-25 12:33:36.488961+00:00,2026-07-25 12:33:15.812118+00:00,ambiente,raspberry_pi_4,camera,28.5,29.7,31.0
1609,_result,0,2026-07-25 09:33:36.488961+00:00,2026-07-25 12:33:36.488961+00:00,2026-07-25 12:33:21.072079+00:00,ambiente,raspberry_pi_4,camera,28.5,29.6,31.0
1610,_result,0,2026-07-25 09:33:36.488961+00:00,2026-07-25 12:33:36.488961+00:00,2026-07-25 12:33:26.344269+00:00,ambiente,raspberry_pi_4,camera,28.5,29.6,31.0
1611,_result,0,2026-07-25 09:33:36.488961+00:00,2026-07-25 12:33:36.488961+00:00,2026-07-25 12:33:31.604329+00:00,ambiente,raspberry_pi_4,camera,28.5,29.6,31.0
