,result,table,_start,_stop,_time,_measurement,host,stanza,percepita,temperatura,umidita
0,_result,0,2026-07-30 14:12:44.310056+00:00,2026-07-30 17:12:44.310056+00:00,2026-07-30 15:42:00.604391+00:00,ambiente,raspberry_pi_4,camera,37.6,34.7,43.0
1,_result,0,2026-07-30 14:12:44.310056+00:00,2026-07-30 17:12:44.310056+00:00,2026-07-30 15:42:07.328718+00:00,ambiente,raspberry_pi_4,camera,37.6,34.7,43.0
2,_result,0,2026-07-30 14:12:44.310056+00:00,2026-07-30 17:12:44.310056+00:00,2026-07-30 15:42:12.597040+00:00,ambiente,raspberry_pi_4,camera,37.6,34.7,43.0
3,_result,0,2026-07-30 14:12:44.310056+00:00,2026-07-30 17:12:44.310056+00:00,2026-07-30 15:42:23.124992+00:00,ambiente,raspberry_pi_4,camera,37.6,34.7,43.0
4,_result,0,2026-07-30 14:12:44.310056+00:00,2026-07-30 17:12:44.310056+00:00,2026-07-30 15:42:28.396898+00:00,ambiente,raspberry_pi_4,camera,37.6,34.7,43.0
5,_result,0,2026-07-30 14:12:44.310056+00:00,2026-07-30 17:12:44.310056+00:00,2026-07-30 15:42:33.657004+00:00,ambiente,raspberry_pi_4,camera,37.6,34.7,43.0
6,_result,0,2026-07-30 14:12:44.310056+00:00,2026-07-30 17:12:44.310056+00:00,2026-07-30 15:42:38.927411+00:00,ambiente,raspberry_pi_4,camera,37.6,34.7,43.0
7,_result,0,2026-07-30 14:12:44.310056+00:00,2026-07-30 17:12:44.310056+00:00,2026-07-30 15:42:44.352702+00:00,ambiente,raspberry_pi_4,camera,37.3,34.7,42.0
8,_result,0,2026-07-30 14:12:44.310056+00:00,2026-07-30 17:12:44.310056+00:00,2026-07-30 15:42:50.409669+00:00,ambiente,raspberry_pi_4,camera,37.3,34.7,42.0
9,_result,0,2026-07-30 14:12:44.310056+00:00,2026-07-30 17:12:44.310056+00:00,2026-07-30 15:42:55.669748+00:00,ambiente,raspberry_pi_4,camera,37.3,34.7,42.0
10,_result,0,2026-07-30 14:12:44.310056+00:00,2026-07-30 17:12:44.310056+00:00,2026-07-30 15:43:00.944308+00:00,ambiente,raspberry_pi_4,camera,37.3,34.7,42.0
11,_result,0,2026-07-30 14:12:44.310056+00:00,2026-07-30 17:12:44.310056+00:00,2026-07-30 15:43:11.467968+00:00,ambiente,raspberry_pi_4,camera,37.9,34.7,44.0
12,_result,0,2026-07-30 14:12:44.310056+00:00,2026-07-30 17:12:44.310056+00:00,2026-07-30 15:43:16.729412+00:00,ambiente,raspberry_pi_4,camera,37.9,34.7,44.0
13,_result,0,2026-07-30 14:12:44.310056+00:00,2026-07-30 17:12:44.310056+00:00,2026-07-30 15:43:22.000754+00:00,ambiente,raspberry_pi_4,camera,37.9,34.7,44.0
14,_result,0,2026-07-30 14:12:44.310056+00:00,2026-07-30 17:12:44.310056+00:00,2026-07-30 15:43:27.260887+00:00,ambiente,raspberry_pi_4,camera,37.9,34.7,44.0
15,_result,0,2026-07-30 14:12:44.310056+00:00,2026-07-30 17:12:44.310056+00:00,2026-07-30 15:43:32.530574+00:00,ambiente,raspberry_pi_4,camera,37.9,34.7,44.0
16,_result,0,2026-07-30 14:12:44.310056+00:00,2026-07-30 17:12:44.310056+00:00,2026-07-30 15:43:37.790577+00:00,ambiente,raspberry_pi_4,camera,37.9,34.7,44.0
17,_result,0,2026-07-30 14:12:44.310056+00:00,2026-07-30 17:12:44.310056+00:00,2026-07-30 15:43:43.060314+00:00,ambiente,raspberry_pi_4,camera,38.2,34.7,45.0
18,_result,0,2026-07-30 14:12:44.310056+00:00,2026-07-30 17:12:44.310056+00:00,2026-07-30 15:43:48.320368+00:00,ambiente,raspberry_pi_4,camera,38.2,34.7,45.0
19,_result,0,2026-07-30 14:12:44.310056+00:00,2026-07-30 17:12:44.310056+00:00,2026-07-30 15:43:53.591360+00:00,ambiente,raspberry_pi_4,camera,38.2,34.7,45.0
20,_result,0,2026-07-30 14:12:44.310056+00:00,2026-07-30 17:12:44.310056+00:00,2026-07-30 15:43:58.851552+00:00,ambiente,raspberry_pi_4,camera,37.9,34.7,44.0
21,_result,0,2026-07-30 14:12:44.310056+00:00,2026-07-30 17:12:44.310056+00:00,2026-07-30 15:44:04.122459+00:00,ambiente,raspberry_pi_4,camera,37.9,34.7,44.0
22,_result,0,2026-07-30 14:12:44.310056+00:00,2026-07-30 17:12:44.310056+00:00,2026-07-30 15:44:09.382902+00:00,ambiente,raspberry_pi_4,camera,37.6,34.7,43.0
23,_result,0,2026-07-30 14:12:44.310056+00:00,2026-07-30 17:12:44.310056+00:00,2026-07-30 15:44:14.665980+00:00,ambiente,raspberry_pi_4,camera,37.6,34.7,43.0
24,_result,0,2026-07-30 14:12:44.310056+00:00,2026-07-30 17:12:44.310056+00:00,2026-07-30 15:44:19.938834+00:00,ambiente,raspberry_pi_4,camera,37.6,34.7,43.0
25,_result,0,2026-07-30 14:12:44.310056+00:00,2026-07-30 17:12:44.310056+00:00,2026-07-30 15:44:25.210673+00:00,ambiente,raspberry_pi_4,camera,37.3,34.7,42.0
26,_result,0,2026-07-30 14:12:44.310056+00:00,2026-07-30 17:12:44.310056+00:00,2026-07-30 15:44:30.470866+00:00,ambiente,raspberry_pi_4,camera,37.3,34.7,42.0
27,_result,0,2026-07-30 14:12:44.310056+00:00,2026-07-30 17:12:44.310056+00:00,2026-07-30 15:44:35.740934+00:00,ambiente,raspberry_pi_4,camera,37.3,34.7,42.0
28,_result,0,2026-07-30 14:12:44.310056+00:00,2026-07-30 17:12:44.310056+00:00,2026-07-30 15:44:41.001115+00:00,ambiente,raspberry_pi_4,camera,37.3,34.7,42.0
29,_result,0,2026-07-30 14:12:44.310056+00:00,2026-07-30 17:12:44.310056+00:00,2026-07-30 15:44:46.270729+00:00,ambiente,raspberry_pi_4,camera,37.6,34.7,43.0
30,_result,0,2026-07-30 14:12:44.310056+00:00,2026-07-30 17:12:44.310056+00:00,2026-07-30 15:44:51.532387+00:00,ambiente,raspberry_pi_4,camera,37.6,34.7,43.0
31,_result,0,2026-07-30 14:12:44.310056+00:00,2026-07-30 17:12:44.310056+00:00,2026-07-30 15:44:56.802573+00:00,ambiente,raspberry_pi_4,camera,37.6,34.7,43.0
32,_result,0,2026-07-30 14:12:44.310056+00:00,2026-07-30 17:12:44.310056+00:00,2026-07-30 15:45:02.062646+00:00,ambiente,raspberry_pi_4,camera,37.3,34.7,42.0
33,_result,0,2026-07-30 14:12:44.310056+00:00,2026-07-30 17:12:44.310056+00:00,2026-07-30 15:45:07.332565+00:00,ambiente,raspberry_pi_4,camera,37.3,34.7,42.0
34,_result,0,2026-07-30 14:12:44.310056+00:00,2026-07-30 17:12:44.310056+00:00,2026-07-30 15:45:12.592996+00:00,ambiente,raspberry_pi_4,camera,37.3,34.7,42.0
35,_result,0,2026-07-30 14:12:44.310056+00:00,2026-07-30 17:12:44.310056+00:00,2026-07-30 15:45:17.864521+00:00,ambiente,raspberry_pi_4,camera,37.3,34.7,42.0
36,_result,0,2026-07-30 14:12:44.310056+00:00,2026-07-30 17:12:44.310056+00:00,2026-07-30 15:45:23.124997+00:00,ambiente,raspberry_pi_4,camera,37.3,34.7,42.0
37,_result,0,2026-07-30 14:12:44.310056+00:00,2026-07-30 17:12:44.310056+00:00,2026-07-30 15:45:28.394722+00:00,ambiente,raspberry_pi_4,camera,37.3,34.7,42.0
38,_result,0,2026-07-30 14:12:44.310056+00:00,2026-07-30 17:12:44.310056+00:00,2026-07-30 15:45:33.654888+00:00,ambiente,raspberry_pi_4,camera,37.3,34.7,42.0
39,_result,0,2026-07-30 14:12:44.310056+00:00,2026-07-30 17:12:44.310056+00:00,2026-07-30 15:45:38.924705+00:00,ambiente,raspberry_pi_4,camera,37.3,34.7,42.0
40,_result,0,2026-07-30 14:12:44.310056+00:00,2026-07-30 17:12:44.310056+00:00,2026-07-30 15:45:44.184806+00:00,ambiente,raspberry_pi_4,camera,37.6,34.7,43.0
41,_result,0,2026-07-30 14:12:44.310056+00:00,2026-07-30 17:12:44.310056+00:00,2026-07-30 15:45:49.457095+00:00,ambiente,raspberry_pi_4,camera,37.6,34.7,43.0
42,_result,0,2026-07-30 14:12:44.310056+00:00,2026-07-30 17:12:44.310056+00:00,2026-07-30 15:45:54.717276+00:00,ambiente,raspberry_pi_4,camera,37.6,34.7,43.0
43,_result,0,2026-07-30 14:12:44.310056+00:00,2026-07-30 17:12:44.310056+00:00,2026-07-30 15:45:59.986680+00:00,ambiente,raspberry_pi_4,camera,37.6,34.7,43.0
44,_result,0,2026-07-30 14:12:44.310056+00:00,2026-07-30 17:12:44.310056+00:00,2026-07-30 15:46:05.246718+00:00,ambiente,raspberry_pi_4,camera,37.6,34.7,43.0
45,_result,0,2026-07-30 14:12:44.310056+00:00,2026-07-30 17:12:44.310056+00:00,2026-07-30 15:46:10.516682+00:00,ambiente,raspberry_pi_4,camera,37.9,34.7,44.0
46,_result,0,2026-07-30 14:12:44.310056+00:00,2026-07-30 17:12:44.310056+00:00,2026-07-30 15:46:15.776605+00:00,ambiente,raspberry_pi_4,camera,37.6,34.7,43.0
47,_result,0,2026-07-30 14:12:44.310056+00:00,2026-07-30 17:12:44.310056+00:00,2026-07-30 15:46:21.047492+00:00,ambiente,raspberry_pi_4,camera,37.6,34.7,43.0
48,_result,0,2026-07-30 14:12:44.310056+00:00,2026-07-30 17:12:44.310056+00:00,2026-07-30 15:46:26.307583+00:00,ambiente,raspberry_pi_4,camera,37.6,34.7,43.0
49,_result,0,2026-07-30 14:12:44.310056+00:00,2026-07-30 17:12:44.310056+00:00,2026-07-30 15:46:31.586412+00:00,ambiente,raspberry_pi_4,camera,37.6,34.7,43.0
50,_result,0,2026-07-30 14:12:44.310056+00:00,2026-07-30 17:12:44.310056+00:00,2026-07-30 15:46:36.851208+00:00,ambiente,raspberry_pi_4,camera,37.3,34.7,42.0
51,_result,0,2026-07-30 14:12:44.310056+00:00,2026-07-30 17:12:44.310056+00:00,2026-07-30 15:46:42.120692+00:00,ambiente,raspberry_pi_4,camera,37.3,34.7,42.0
52,_result,0,2026-07-30 14:12:44.310056+00:00,2026-07-30 17:12:44.310056+00:00,2026-07-30 15:46:47.380990+00:00,ambiente,raspberry_pi_4,camera,37.3,34.7,42.0
53,_result,0,2026-07-30 14:12:44.310056+00:00,2026-07-30 17:12:44.310056+00:00,2026-07-30 15:46:52.651968+00:00,ambiente,raspberry_pi_4,camera,37.6,34.7,43.0
54,_result,0,2026-07-30 14:12:44.310056+00:00,2026-07-30 17:12:44.310056+00:00,2026-07-30 15:46:57.912070+00:00,ambiente,raspberry_pi_4,camera,37.6,34.7,43.0
55,_result,0,2026-07-30 14:12:44.310056+00:00,2026-07-30 17:12:44.310056+00:00,2026-07-30 15:47:03.181793+00:00,ambiente,raspberry_pi_4,camera,37.6,34.7,43.0
56,_result,0,2026-07-30 14:12:44.310056+00:00,2026-07-30 17:12:44.310056+00:00,2026-07-30 15:47:08.441681+00:00,ambiente,raspberry_pi_4,camera,37.6,34.7,43.0
57,_result,0,2026-07-30 14:12:44.310056+00:00,2026-07-30 17:12:44.310056+00:00,2026-07-30 15:47:13.711635+00:00,ambiente,raspberry_pi_4,camera,37.6,34.7,43.0
58,_result,0,2026-07-30 14:12:44.310056+00:00,2026-07-30 17:12:44.310056+00:00,2026-07-30 15:47:18.971585+00:00,ambiente,raspberry_pi_4,camera,37.6,34.7,43.0
59,_result,0,2026-07-30 14:12:44.310056+00:00,2026-07-30 17:12:44.310056+00:00,2026-07-30 15:47:29.497200+00:00,ambiente,raspberry_pi_4,camera,37.3,34.7,42.0
60,_result,0,2026-07-30 14:12:44.310056+00:00,2026-07-30 17:12:44.310056+00:00,2026-07-30 15:47:34.766620+00:00,ambiente,raspberry_pi_4,camera,37.3,34.7,42.0
61,_result,0,2026-07-30 14:12:44.310056+00:00,2026-07-30 17:12:44.310056+00:00,2026-07-30 15:47:40.026568+00:00,ambiente,raspberry_pi_4,camera,37.3,34.7,42.0
62,_result,0,2026-07-30 14:12:44.310056+00:00,2026-07-30 17:12:44.310056+00:00,2026-07-30 15:47:50.551667+00:00,ambiente,raspberry_pi_4,camera,37.3,34.7,42.0
63,_result,0,2026-07-30 14:12:44.310056+00:00,2026-07-30 17:12:44.310056+00:00,2026-07-30 15:47:55.823143+00:00,ambiente,raspberry_pi_4,camera,37.3,34.7,42.0
64,_result,0,2026-07-30 14:12:44.310056+00:00,2026-07-30 17:12:44.310056+00:00,2026-07-30 15:48:01.083158+00:00,ambiente,raspberry_pi_4,camera,37.3,34.7,42.0
65,_result,0,2026-07-30 14:12:44.310056+00:00,2026-07-30 17:12:44.310056+00:00,2026-07-30 15:48:06.352682+00:00,ambiente,raspberry_pi_4,camera,37.3,34.7,42.0
66,_result,0,2026-07-30 14:12:44.310056+00:00,2026-07-30 17:12:44.310056+00:00,2026-07-30 15:48:11.612768+00:00,ambiente,raspberry_pi_4,camera,37.3,34.7,42.0
67,_result,0,2026-07-30 14:12:44.310056+00:00,2026-07-30 17:12:44.310056+00:00,2026-07-30 15:48:16.882713+00:00,ambiente,raspberry_pi_4,camera,37.3,34.7,42.0
68,_result,0,2026-07-30 14:12:44.310056+00:00,2026-07-30 17:12:44.310056+00:00,2026-07-30 15:48:22.144360+00:00,ambiente,raspberry_pi_4,camera,37.6,34.7,43.0
69,_result,0,2026-07-30 14:12:44.310056+00:00,2026-07-30 17:12:44.310056+00:00,2026-07-30 15:48:27.414166+00:00,ambiente,raspberry_pi_4,camera,37.6,34.7,43.0
70,_result,0,2026-07-30 14:12:44.310056+00:00,2026-07-30 17:12:44.310056+00:00,2026-07-30 15:48:32.674258+00:00,ambiente,raspberry_pi_4,camera,37.6,34.7,43.0
71,_result,0,2026-07-30 14:12:44.310056+00:00,2026-07-30 17:12:44.310056+00:00,2026-07-30 15:48:37.951210+00:00,ambiente,raspberry_pi_4,camera,37.6,34.7,43.0
72,_result,0,2026-07-30 14:12:44.310056+00:00,2026-07-30 17:12:44.310056+00:00,2026-07-30 15:48:43.211854+00:00,ambiente,raspberry_pi_4,camera,37.6,34.7,43.0
73,_result,0,2026-07-30 14:12:44.310056+00:00,2026-07-30 17:12:44.310056+00:00,2026-07-30 15:48:48.483021+00:00,ambiente,raspberry_pi_4,camera,37.6,34.7,43.0
74,_result,0,2026-07-30 14:12:44.310056+00:00,2026-07-30 17:12:44.310056+00:00,2026-07-30 15:48:53.743210+00:00,ambiente,raspberry_pi_4,camera,37.6,34.7,43.0
75,_result,0,2026-07-30 14:12:44.310056+00:00,2026-07-30 17:12:44.310056+00:00,2026-07-30 15:48:59.012814+00:00,ambiente,raspberry_pi_4,camera,37.6,34.7,43.0
76,_result,0,2026-07-30 14:12:44.310056+00:00,2026-07-30 17:12:44.310056+00:00,2026-07-30 15:49:04.273052+00:00,ambiente,raspberry_pi_4,camera,37.6,34.7,43.0
77,_result,0,2026-07-30 14:12:44.310056+00:00,2026-07-30 17:12:44.310056+00:00,2026-07-30 15:49:09.542340+00:00,ambiente,raspberry_pi_4,camera,37.6,34.7,43.0
78,_result,0,2026-07-30 14:12:44.310056+00:00,2026-07-30 17:12:44.310056+00:00,2026-07-30 15:49:14.802544+00:00,ambiente,raspberry_pi_4,camera,37.6,34.7,43.0
79,_result,0,2026-07-30 14:12:44.310056+00:00,2026-07-30 17:12:44.310056+00:00,2026-07-30 15:49:20.073673+00:00,ambiente,raspberry_pi_4,camera,37.6,34.7,43.0
80,_result,0,2026-07-30 14:12:44.310056+00:00,2026-07-30 17:12:44.310056+00:00,2026-07-30 15:49:25.333720+00:00,ambiente,raspberry_pi_4,camera,37.6,34.7,43.0
81,_result,0,2026-07-30 14:12:44.310056+00:00,2026-07-30 17:12:44.310056+00:00,2026-07-30 15:49:30.603555+00:00,ambiente,raspberry_pi_4,camera,37.6,34.7,43.0
82,_result,0,2026-07-30 14:12:44.310056+00:00,2026-07-30 17:12:44.310056+00:00,2026-07-30 15:49:35.863543+00:00,ambiente,raspberry_pi_4,camera,37.6,34.7,43.0
83,_result,0,2026-07-30 14:12:44.310056+00:00,2026-07-30 17:12:44.310056+00:00,2026-07-30 15:49:41.134998+00:00,ambiente,raspberry_pi_4,camera,37.6,34.7,43.0
84,_result,0,2026-07-30 14:12:44.310056+00:00,2026-07-30 17:12:44.310056+00:00,2026-07-30 15:49:46.395352+00:00,ambiente,raspberry_pi_4,camera,37.6,34.7,43.0
85,_result,0,2026-07-30 14:12:44.310056+00:00,2026-07-30 17:12:44.310056+00:00,2026-07-30 15:49:51.667309+00:00,ambiente,raspberry_pi_4,camera,37.6,34.7,43.0
86,_result,0,2026-07-30 14:12:44.310056+00:00,2026-07-30 17:12:44.310056+00:00,2026-07-30 15:49:56.927587+00:00,ambiente,raspberry_pi_4,camera,37.6,34.7,43.0
87,_result,0,2026-07-30 14:12:44.310056+00:00,2026-07-30 17:12:44.310056+00:00,2026-07-30 15:50:02.197308+00:00,ambiente,raspberry_pi_4,camera,37.6,34.7,43.0
88,_result,0,2026-07-30 14:12:44.310056+00:00,2026-07-30 17:12:44.310056+00:00,2026-07-30 15:50:07.457813+00:00,ambiente,raspberry_pi_4,camera,37.9,34.7,44.0
89,_result,0,2026-07-30 14:12:44.310056+00:00,2026-07-30 17:12:44.310056+00:00,2026-07-30 15:50:12.727255+00:00,ambiente,raspberry_pi_4,camera,37.9,34.7,44.0
90,_result,0,2026-07-30 14:12:44.310056+00:00,2026-07-30 17:12:44.310056+00:00,2026-07-30 15:50:17.987555+00:00,ambiente,raspberry_pi_4,camera,37.9,34.7,44.0
91,_result,0,2026-07-30 14:12:44.310056+00:00,2026-07-30 17:12:44.310056+00:00,2026-07-30 15:50:23.258584+00:00,ambiente,raspberry_pi_4,camera,37.6,34.7,43.0
92,_result,0,2026-07-30 14:12:44.310056+00:00,2026-07-30 17:12:44.310056+00:00,2026-07-30 15:50:28.519313+00:00,ambiente,raspberry_pi_4,camera,37.6,34.7,43.0
93,_result,0,2026-07-30 14:12:44.310056+00:00,2026-07-30 17:12:44.310056+00:00,2026-07-30 15:50:33.788784+00:00,ambiente,raspberry_pi_4,camera,37.6,34.7,43.0
94,_result,0,2026-07-30 14:12:44.310056+00:00,2026-07-30 17:12:44.310056+00:00,2026-07-30 15:50:39.048920+00:00,ambiente,raspberry_pi_4,camera,37.6,34.7,43.0
95,_result,0,2026-07-30 14:12:44.310056+00:00,2026-07-30 17:12:44.310056+00:00,2026-07-30 15:50:44.318769+00:00,ambiente,raspberry_pi_4,camera,37.6,34.7,43.0
96,_result,0,2026-07-30 14:12:44.310056+00:00,2026-07-30 17:12:44.310056+00:00,2026-07-30 15:50:54.842644+00:00,ambiente,raspberry_pi_4,camera,37.6,34.7,43.0
97,_result,0,2026-07-30 14:12:44.310056+00:00,2026-07-30 17:12:44.310056+00:00,2026-07-30 15:51:05.366356+00:00,ambiente,raspberry_pi_4,camera,37.6,34.7,43.0
98,_result,0,2026-07-30 14:12:44.310056+00:00,2026-07-30 17:12:44.310056+00:00,2026-07-30 15:51:10.627224+00:00,ambiente,raspberry_pi_4,camera,37.3,34.7,42.0
99,_result,0,2026-07-30 14:12:44.310056+00:00,2026-07-30 17:12:44.310056+00:00,2026-07-30 15:51:15.897256+00:00,ambiente,raspberry_pi_4,camera,37.3,34.7,42.0
100,_result,0,2026-07-30 14:12:44.310056+00:00,2026-07-30 17:12:44.310056+00:00,2026-07-30 15:51:21.158933+00:00,ambiente,raspberry_pi_4,camera,37.3,34.7,42.0
101,_result,0,2026-07-30 14:12:44.310056+00:00,2026-07-30 17:12:44.310056+00:00,2026-07-30 15:51:26.428802+00:00,ambiente,raspberry_pi_4,camera,37.3,34.7,42.0
102,_result,0,2026-07-30 14:12:44.310056+00:00,2026-07-30 17:12:44.310056+00:00,2026-07-30 15:51:31.688990+00:00,ambiente,raspberry_pi_4,camera,37.3,34.7,42.0
103,_result,0,2026-07-30 14:12:44.310056+00:00,2026-07-30 17:12:44.310056+00:00,2026-07-30 15:51:36.960319+00:00,ambiente,raspberry_pi_4,camera,37.3,34.7,42.0
104,_result,0,2026-07-30 14:12:44.310056+00:00,2026-07-30 17:12:44.310056+00:00,2026-07-30 15:51:42.220385+00:00,ambiente,raspberry_pi_4,camera,37.3,34.7,42.0
105,_result,0,2026-07-30 14:12:44.310056+00:00,2026-07-30 17:12:44.310056+00:00,2026-07-30 15:51:47.491282+00:00,ambiente,raspberry_pi_4,camera,37.0,34.7,41.0
106,_result,0,2026-07-30 14:12:44.310056+00:00,2026-07-30 17:12:44.310056+00:00,2026-07-30 15:51:52.751295+00:00,ambiente,raspberry_pi_4,camera,37.0,34.7,41.0
107,_result,0,2026-07-30 14:12:44.310056+00:00,2026-07-30 17:12:44.310056+00:00,2026-07-30 15:51:58.022527+00:00,ambiente,raspberry_pi_4,camera,37.0,34.7,41.0
108,_result,0,2026-07-30 14:12:44.310056+00:00,2026-07-30 17:12:44.310056+00:00,2026-07-30 15:52:03.285398+00:00,ambiente,raspberry_pi_4,camera,37.0,34.7,41.0
109,_result,0,2026-07-30 14:12:44.310056+00:00,2026-07-30 17:12:44.310056+00:00,2026-07-30 15:52:08.554820+00:00,ambiente,raspberry_pi_4,camera,37.0,34.7,41.0
110,_result,0,2026-07-30 14:12:44.310056+00:00,2026-07-30 17:12:44.310056+00:00,2026-07-30 15:52:13.815171+00:00,ambiente,raspberry_pi_4,camera,37.0,34.7,41.0
111,_result,0,2026-07-30 14:12:44.310056+00:00,2026-07-30 17:12:44.310056+00:00,2026-07-30 15:52:19.086753+00:00,ambiente,raspberry_pi_4,camera,37.0,34.7,41.0
112,_result,0,2026-07-30 14:12:44.310056+00:00,2026-07-30 17:12:44.310056+00:00,2026-07-30 15:52:24.346835+00:00,ambiente,raspberry_pi_4,camera,37.0,34.7,41.0
113,_result,0,2026-07-30 14:12:44.310056+00:00,2026-07-30 17:12:44.310056+00:00,2026-07-30 15:52:29.616186+00:00,ambiente,raspberry_pi_4,camera,37.0,34.7,41.0
114,_result,0,2026-07-30 14:12:44.310056+00:00,2026-07-30 17:12:44.310056+00:00,2026-07-30 15:52:34.876487+00:00,ambiente,raspberry_pi_4,camera,37.0,34.7,41.0
115,_result,0,2026-07-30 14:12:44.310056+00:00,2026-07-30 17:12:44.310056+00:00,2026-07-30 15:52:40.145992+00:00,ambiente,raspberry_pi_4,camera,37.0,34.7,41.0
116,_result,0,2026-07-30 14:12:44.310056+00:00,2026-07-30 17:12:44.310056+00:00,2026-07-30 15:52:45.406004+00:00,ambiente,raspberry_pi_4,camera,37.0,34.7,41.0
117,_result,0,2026-07-30 14:12:44.310056+00:00,2026-07-30 17:12:44.310056+00:00,2026-07-30 15:52:50.677166+00:00,ambiente,raspberry_pi_4,camera,37.0,34.7,41.0
118,_result,0,2026-07-30 14:12:44.310056+00:00,2026-07-30 17:12:44.310056+00:00,2026-07-30 15:52:55.937214+00:00,ambiente,raspberry_pi_4,camera,37.0,34.7,41.0
119,_result,0,2026-07-30 14:12:44.310056+00:00,2026-07-30 17:12:44.310056+00:00,2026-07-30 15:53:01.206907+00:00,ambiente,raspberry_pi_4,camera,37.0,34.7,41.0
120,_result,0,2026-07-30 14:12:44.310056+00:00,2026-07-30 17:12:44.310056+00:00,2026-07-30 15:53:06.466915+00:00,ambiente,raspberry_pi_4,camera,37.0,34.7,41.0
121,_result,0,2026-07-30 14:12:44.310056+00:00,2026-07-30 17:12:44.310056+00:00,2026-07-30 15:53:11.737150+00:00,ambiente,raspberry_pi_4,camera,37.0,34.7,41.0
122,_result,0,2026-07-30 14:12:44.310056+00:00,2026-07-30 17:12:44.310056+00:00,2026-07-30 15:53:16.998411+00:00,ambiente,raspberry_pi_4,camera,37.0,34.7,41.0
123,_result,0,2026-07-30 14:12:44.310056+00:00,2026-07-30 17:12:44.310056+00:00,2026-07-30 15:53:22.269266+00:00,ambiente,raspberry_pi_4,camera,37.0,34.7,41.0
124,_result,0,2026-07-30 14:12:44.310056+00:00,2026-07-30 17:12:44.310056+00:00,2026-07-30 15:53:27.530874+00:00,ambiente,raspberry_pi_4,camera,37.0,34.7,41.0
125,_result,0,2026-07-30 14:12:44.310056+00:00,2026-07-30 17:12:44.310056+00:00,2026-07-30 15:53:32.800677+00:00,ambiente,raspberry_pi_4,camera,37.0,34.7,41.0
126,_result,0,2026-07-30 14:12:44.310056+00:00,2026-07-30 17:12:44.310056+00:00,2026-07-30 15:53:38.060802+00:00,ambiente,raspberry_pi_4,camera,37.0,34.7,41.0
127,_result,0,2026-07-30 14:12:44.310056+00:00,2026-07-30 17:12:44.310056+00:00,2026-07-30 15:53:43.330717+00:00,ambiente,raspberry_pi_4,camera,37.0,34.7,41.0
128,_result,0,2026-07-30 14:12:44.310056+00:00,2026-07-30 17:12:44.310056+00:00,2026-07-30 15:53:48.590813+00:00,ambiente,raspberry_pi_4,camera,37.0,34.7,41.0
129,_result,0,2026-07-30 14:12:44.310056+00:00,2026-07-30 17:12:44.310056+00:00,2026-07-30 15:53:53.861819+00:00,ambiente,raspberry_pi_4,camera,37.0,34.7,41.0
130,_result,0,2026-07-30 14:12:44.310056+00:00,2026-07-30 17:12:44.310056+00:00,2026-07-30 15:53:59.122089+00:00,ambiente,raspberry_pi_4,camera,37.0,34.7,41.0
131,_result,0,2026-07-30 14:12:44.310056+00:00,2026-07-30 17:12:44.310056+00:00,2026-07-30 15:54:04.393620+00:00,ambiente,raspberry_pi_4,camera,37.0,34.7,41.0
132,_result,0,2026-07-30 14:12:44.310056+00:00,2026-07-30 17:12:44.310056+00:00,2026-07-30 15:54:09.653756+00:00,ambiente,raspberry_pi_4,camera,37.0,34.7,41.0
133,_result,0,2026-07-30 14:12:44.310056+00:00,2026-07-30 17:12:44.310056+00:00,2026-07-30 15:54:14.923354+00:00,ambiente,raspberry_pi_4,camera,37.0,34.7,41.0
134,_result,0,2026-07-30 14:12:44.310056+00:00,2026-07-30 17:12:44.310056+00:00,2026-07-30 15:54:20.190092+00:00,ambiente,raspberry_pi_4,camera,37.0,34.7,41.0
135,_result,0,2026-07-30 14:12:44.310056+00:00,2026-07-30 17:12:44.310056+00:00,2026-07-30 15:54:25.460986+00:00,ambiente,raspberry_pi_4,camera,37.0,34.7,41.0
136,_result,0,2026-07-30 14:12:44.310056+00:00,2026-07-30 17:12:44.310056+00:00,2026-07-30 15:54:30.721055+00:00,ambiente,raspberry_pi_4,camera,37.0,34.7,41.0
137,_result,0,2026-07-30 14:12:44.310056+00:00,2026-07-30 17:12:44.310056+00:00,2026-07-30 15:54:35.991037+00:00,ambiente,raspberry_pi_4,camera,37.0,34.7,41.0
138,_result,0,2026-07-30 14:12:44.310056+00:00,2026-07-30 17:12:44.310056+00:00,2026-07-30 15:54:41.251196+00:00,ambiente,raspberry_pi_4,camera,37.0,34.7,41.0
139,_result,0,2026-07-30 14:12:44.310056+00:00,2026-07-30 17:12:44.310056+00:00,2026-07-30 15:54:46.521365+00:00,ambiente,raspberry_pi_4,camera,37.0,34.7,41.0
140,_result,0,2026-07-30 14:12:44.310056+00:00,2026-07-30 17:12:44.310056+00:00,2026-07-30 15:54:57.048122+00:00,ambiente,raspberry_pi_4,camera,37.0,34.7,41.0
141,_result,0,2026-07-30 14:12:44.310056+00:00,2026-07-30 17:12:44.310056+00:00,2026-07-30 15:55:02.308150+00:00,ambiente,raspberry_pi_4,camera,37.0,34.7,41.0
142,_result,0,2026-07-30 14:12:44.310056+00:00,2026-07-30 17:12:44.310056+00:00,2026-07-30 15:55:07.577720+00:00,ambiente,raspberry_pi_4,camera,37.0,34.7,41.0
143,_result,0,2026-07-30 14:12:44.310056+00:00,2026-07-30 17:12:44.310056+00:00,2026-07-30 15:55:12.837738+00:00,ambiente,raspberry_pi_4,camera,37.0,34.7,41.0
144,_result,0,2026-07-30 14:12:44.310056+00:00,2026-07-30 17:12:44.310056+00:00,2026-07-30 15:55:18.109673+00:00,ambiente,raspberry_pi_4,camera,37.0,34.7,41.0
145,_result,0,2026-07-30 14:12:44.310056+00:00,2026-07-30 17:12:44.310056+00:00,2026-07-30 15:55:23.369887+00:00,ambiente,raspberry_pi_4,camera,37.0,34.7,41.0
146,_result,0,2026-07-30 14:12:44.310056+00:00,2026-07-30 17:12:44.310056+00:00,2026-07-30 15:55:28.639135+00:00,ambiente,raspberry_pi_4,camera,37.0,34.7,41.0
147,_result,0,2026-07-30 14:12:44.310056+00:00,2026-07-30 17:12:44.310056+00:00,2026-07-30 15:55:33.899162+00:00,ambiente,raspberry_pi_4,camera,37.0,34.7,41.0
148,_result,0,2026-07-30 14:12:44.310056+00:00,2026-07-30 17:12:44.310056+00:00,2026-07-30 15:55:39.168933+00:00,ambiente,raspberry_pi_4,camera,37.0,34.7,41.0
149,_result,0,2026-07-30 14:12:44.310056+00:00,2026-07-30 17:12:44.310056+00:00,2026-07-30 15:55:44.428983+00:00,ambiente,raspberry_pi_4,camera,37.0,34.7,41.0
150,_result,0,2026-07-30 14:12:44.310056+00:00,2026-07-30 17:12:44.310056+00:00,2026-07-30 15:55:49.700437+00:00,ambiente,raspberry_pi_4,camera,37.0,34.7,41.0
151,_result,0,2026-07-30 14:12:44.310056+00:00,2026-07-30 17:12:44.310056+00:00,2026-07-30 15:55:54.960314+00:00,ambiente,raspberry_pi_4,camera,37.0,34.7,41.0
152,_result,0,2026-07-30 14:12:44.310056+00:00,2026-07-30 17:12:44.310056+00:00,2026-07-30 15:56:00.229844+00:00,ambiente,raspberry_pi_4,camera,37.0,34.7,41.0
153,_result,0,2026-07-30 14:12:44.310056+00:00,2026-07-30 17:12:44.310056+00:00,2026-07-30 15:56:05.490146+00:00,ambiente,raspberry_pi_4,camera,37.0,34.7,41.0
154,_result,0,2026-07-30 14:12:44.310056+00:00,2026-07-30 17:12:44.310056+00:00,2026-07-30 15:56:16.012231+00:00,ambiente,raspberry_pi_4,camera,37.0,34.7,41.0
155,_result,0,2026-07-30 14:12:44.310056+00:00,2026-07-30 17:12:44.310056+00:00,2026-07-30 15:56:21.283503+00:00,ambiente,raspberry_pi_4,camera,37.0,34.7,41.0
156,_result,0,2026-07-30 14:12:44.310056+00:00,2026-07-30 17:12:44.310056+00:00,2026-07-30 15:56:26.543349+00:00,ambiente,raspberry_pi_4,camera,37.0,34.7,41.0
157,_result,0,2026-07-30 14:12:44.310056+00:00,2026-07-30 17:12:44.310056+00:00,2026-07-30 15:56:31.813275+00:00,ambiente,raspberry_pi_4,camera,37.0,34.7,41.0
158,_result,0,2026-07-30 14:12:44.310056+00:00,2026-07-30 17:12:44.310056+00:00,2026-07-30 15:56:37.073342+00:00,ambiente,raspberry_pi_4,camera,37.0,34.7,41.0
159,_result,0,2026-07-30 14:12:44.310056+00:00,2026-07-30 17:12:44.310056+00:00,2026-07-30 15:56:42.342691+00:00,ambiente,raspberry_pi_4,camera,37.0,34.7,41.0
160,_result,0,2026-07-30 14:12:44.310056+00:00,2026-07-30 17:12:44.310056+00:00,2026-07-30 15:56:47.602906+00:00,ambiente,raspberry_pi_4,camera,37.0,34.7,41.0
161,_result,0,2026-07-30 14:12:44.310056+00:00,2026-07-30 17:12:44.310056+00:00,2026-07-30 15:56:52.873783+00:00,ambiente,raspberry_pi_4,camera,37.0,34.7,41.0
162,_result,0,2026-07-30 14:12:44.310056+00:00,2026-07-30 17:12:44.310056+00:00,2026-07-30 15:56:58.133816+00:00,ambiente,raspberry_pi_4,camera,37.0,34.7,41.0
163,_result,0,2026-07-30 14:12:44.310056+00:00,2026-07-30 17:12:44.310056+00:00,2026-07-30 15:57:03.403704+00:00,ambiente,raspberry_pi_4,camera,37.0,34.7,41.0
164,_result,0,2026-07-30 14:12:44.310056+00:00,2026-07-30 17:12:44.310056+00:00,2026-07-30 15:57:08.663567+00:00,ambiente,raspberry_pi_4,camera,37.0,34.7,41.0
165,_result,0,2026-07-30 14:12:44.310056+00:00,2026-07-30 17:12:44.310056+00:00,2026-07-30 15:57:13.934484+00:00,ambiente,raspberry_pi_4,camera,37.0,34.7,41.0
166,_result,0,2026-07-30 14:12:44.310056+00:00,2026-07-30 17:12:44.310056+00:00,2026-07-30 15:57:19.194405+00:00,ambiente,raspberry_pi_4,camera,37.0,34.7,41.0
167,_result,0,2026-07-30 14:12:44.310056+00:00,2026-07-30 17:12:44.310056+00:00,2026-07-30 15:57:24.465344+00:00,ambiente,raspberry_pi_4,camera,37.0,34.7,41.0
168,_result,0,2026-07-30 14:12:44.310056+00:00,2026-07-30 17:12:44.310056+00:00,2026-07-30 15:57:29.725214+00:00,ambiente,raspberry_pi_4,camera,37.0,34.7,41.0
169,_result,0,2026-07-30 14:12:44.310056+00:00,2026-07-30 17:12:44.310056+00:00,2026-07-30 15:57:34.995093+00:00,ambiente,raspberry_pi_4,camera,37.0,34.7,41.0
170,_result,0,2026-07-30 14:12:44.310056+00:00,2026-07-30 17:12:44.310056+00:00,2026-07-30 15:57:40.255365+00:00,ambiente,raspberry_pi_4,camera,37.0,34.7,41.0
171,_result,0,2026-07-30 14:12:44.310056+00:00,2026-07-30 17:12:44.310056+00:00,2026-07-30 15:57:45.525103+00:00,ambiente,raspberry_pi_4,camera,37.0,34.7,41.0
172,_result,0,2026-07-30 14:12:44.310056+00:00,2026-07-30 17:12:44.310056+00:00,2026-07-30 15:57:56.049085+00:00,ambiente,raspberry_pi_4,camera,37.0,34.7,41.0
173,_result,0,2026-07-30 14:12:44.310056+00:00,2026-07-30 17:12:44.310056+00:00,2026-07-30 15:58:01.309438+00:00,ambiente,raspberry_pi_4,camera,37.0,34.7,41.0
174,_result,0,2026-07-30 14:12:44.310056+00:00,2026-07-30 17:12:44.310056+00:00,2026-07-30 15:58:06.581229+00:00,ambiente,raspberry_pi_4,camera,37.0,34.7,41.0
175,_result,0,2026-07-30 14:12:44.310056+00:00,2026-07-30 17:12:44.310056+00:00,2026-07-30 15:58:11.841323+00:00,ambiente,raspberry_pi_4,camera,37.0,34.7,41.0
176,_result,0,2026-07-30 14:12:44.310056+00:00,2026-07-30 17:12:44.310056+00:00,2026-07-30 15:58:17.112574+00:00,ambiente,raspberry_pi_4,camera,37.0,34.7,41.0
177,_result,0,2026-07-30 14:12:44.310056+00:00,2026-07-30 17:12:44.310056+00:00,2026-07-30 15:58:22.372901+00:00,ambiente,raspberry_pi_4,camera,37.0,34.7,41.0
178,_result,0,2026-07-30 14:12:44.310056+00:00,2026-07-30 17:12:44.310056+00:00,2026-07-30 15:58:27.643008+00:00,ambiente,raspberry_pi_4,camera,37.0,34.7,41.0
179,_result,0,2026-07-30 14:12:44.310056+00:00,2026-07-30 17:12:44.310056+00:00,2026-07-30 15:58:32.903083+00:00,ambiente,raspberry_pi_4,camera,37.0,34.7,41.0
180,_result,0,2026-07-30 14:12:44.310056+00:00,2026-07-30 17:12:44.310056+00:00,2026-07-30 15:58:38.173015+00:00,ambiente,raspberry_pi_4,camera,37.0,34.7,41.0
181,_result,0,2026-07-30 14:12:44.310056+00:00,2026-07-30 17:12:44.310056+00:00,2026-07-30 15:58:43.432983+00:00,ambiente,raspberry_pi_4,camera,37.0,34.7,41.0
182,_result,0,2026-07-30 14:12:44.310056+00:00,2026-07-30 17:12:44.310056+00:00,2026-07-30 15:58:48.704034+00:00,ambiente,raspberry_pi_4,camera,37.0,34.7,41.0
183,_result,0,2026-07-30 14:12:44.310056+00:00,2026-07-30 17:12:44.310056+00:00,2026-07-30 15:58:53.963950+00:00,ambiente,raspberry_pi_4,camera,37.0,34.7,41.0
184,_result,0,2026-07-30 14:12:44.310056+00:00,2026-07-30 17:12:44.310056+00:00,2026-07-30 15:58:59.233893+00:00,ambiente,raspberry_pi_4,camera,37.0,34.7,41.0
185,_result,0,2026-07-30 14:12:44.310056+00:00,2026-07-30 17:12:44.310056+00:00,2026-07-30 15:59:04.493790+00:00,ambiente,raspberry_pi_4,camera,37.0,34.7,41.0
186,_result,0,2026-07-30 14:12:44.310056+00:00,2026-07-30 17:12:44.310056+00:00,2026-07-30 15:59:09.764787+00:00,ambiente,raspberry_pi_4,camera,37.0,34.7,41.0
187,_result,0,2026-07-30 14:12:44.310056+00:00,2026-07-30 17:12:44.310056+00:00,2026-07-30 15:59:15.026538+00:00,ambiente,raspberry_pi_4,camera,37.0,34.7,41.0
188,_result,0,2026-07-30 14:12:44.310056+00:00,2026-07-30 17:12:44.310056+00:00,2026-07-30 15:59:20.297796+00:00,ambiente,raspberry_pi_4,camera,37.0,34.7,41.0
189,_result,0,2026-07-30 14:12:44.310056+00:00,2026-07-30 17:12:44.310056+00:00,2026-07-30 15:59:25.557719+00:00,ambiente,raspberry_pi_4,camera,37.0,34.7,41.0
190,_result,0,2026-07-30 14:12:44.310056+00:00,2026-07-30 17:12:44.310056+00:00,2026-07-30 15:59:30.827041+00:00,ambiente,raspberry_pi_4,camera,37.0,34.7,41.0
191,_result,0,2026-07-30 14:12:44.310056+00:00,2026-07-30 17:12:44.310056+00:00,2026-07-30 15:59:36.087275+00:00,ambiente,raspberry_pi_4,camera,37.0,34.7,41.0
192,_result,0,2026-07-30 14:12:44.310056+00:00,2026-07-30 17:12:44.310056+00:00,2026-07-30 15:59:41.356657+00:00,ambiente,raspberry_pi_4,camera,37.0,34.7,41.0
193,_result,0,2026-07-30 14:12:44.310056+00:00,2026-07-30 17:12:44.310056+00:00,2026-07-30 15:59:46.617060+00:00,ambiente,raspberry_pi_4,camera,37.0,34.7,41.0
194,_result,0,2026-07-30 14:12:44.310056+00:00,2026-07-30 17:12:44.310056+00:00,2026-07-30 15:59:51.887920+00:00,ambiente,raspberry_pi_4,camera,37.0,34.7,41.0
195,_result,0,2026-07-30 14:12:44.310056+00:00,2026-07-30 17:12:44.310056+00:00,2026-07-30 15:59:57.148138+00:00,ambiente,raspberry_pi_4,camera,37.0,34.7,41.0
196,_result,0,2026-07-30 14:12:44.310056+00:00,2026-07-30 17:12:44.310056+00:00,2026-07-30 16:00:02.418335+00:00,ambiente,raspberry_pi_4,camera,37.0,34.7,41.0
197,_result,0,2026-07-30 14:12:44.310056+00:00,2026-07-30 17:12:44.310056+00:00,2026-07-30 16:00:07.678250+00:00,ambiente,raspberry_pi_4,camera,37.0,34.7,41.0
198,_result,0,2026-07-30 14:12:44.310056+00:00,2026-07-30 17:12:44.310056+00:00,2026-07-30 16:00:12.947664+00:00,ambiente,raspberry_pi_4,camera,37.0,34.7,41.0
199,_result,0,2026-07-30 14:12:44.310056+00:00,2026-07-30 17:12:44.310056+00:00,2026-07-30 16:00:18.208001+00:00,ambiente,raspberry_pi_4,camera,37.0,34.7,41.0
200,_result,0,2026-07-30 14:12:44.310056+00:00,2026-07-30 17:12:44.310056+00:00,2026-07-30 16:00:23.479123+00:00,ambiente,raspberry_pi_4,camera,37.0,34.7,41.0
201,_result,0,2026-07-30 14:12:44.310056+00:00,2026-07-30 17:12:44.310056+00:00,2026-07-30 16:00:28.739318+00:00,ambiente,raspberry_pi_4,camera,37.0,34.7,41.0
202,_result,0,2026-07-30 14:12:44.310056+00:00,2026-07-30 17:12:44.310056+00:00,2026-07-30 16:00:34.008897+00:00,ambiente,raspberry_pi_4,camera,37.0,34.7,41.0
203,_result,0,2026-07-30 14:12:44.310056+00:00,2026-07-30 17:12:44.310056+00:00,2026-07-30 16:00:39.269083+00:00,ambiente,raspberry_pi_4,camera,37.0,34.7,41.0
204,_result,0,2026-07-30 14:12:44.310056+00:00,2026-07-30 17:12:44.310056+00:00,2026-07-30 16:00:44.538711+00:00,ambiente,raspberry_pi_4,camera,37.0,34.7,41.0
205,_result,0,2026-07-30 14:12:44.310056+00:00,2026-07-30 17:12:44.310056+00:00,2026-07-30 16:00:49.808795+00:00,ambiente,raspberry_pi_4,camera,37.0,34.7,41.0
206,_result,0,2026-07-30 14:12:44.310056+00:00,2026-07-30 17:12:44.310056+00:00,2026-07-30 16:00:55.091588+00:00,ambiente,raspberry_pi_4,camera,37.0,34.7,41.0
207,_result,0,2026-07-30 14:12:44.310056+00:00,2026-07-30 17:12:44.310056+00:00,2026-07-30 16:01:00.351630+00:00,ambiente,raspberry_pi_4,camera,37.0,34.7,41.0
208,_result,0,2026-07-30 14:12:44.310056+00:00,2026-07-30 17:12:44.310056+00:00,2026-07-30 16:01:05.623844+00:00,ambiente,raspberry_pi_4,camera,37.0,34.7,41.0
209,_result,0,2026-07-30 14:12:44.310056+00:00,2026-07-30 17:12:44.310056+00:00,2026-07-30 16:01:10.884312+00:00,ambiente,raspberry_pi_4,camera,37.0,34.7,41.0
210,_result,0,2026-07-30 14:12:44.310056+00:00,2026-07-30 17:12:44.310056+00:00,2026-07-30 16:01:16.153574+00:00,ambiente,raspberry_pi_4,camera,37.0,34.7,41.0
211,_result,0,2026-07-30 14:12:44.310056+00:00,2026-07-30 17:12:44.310056+00:00,2026-07-30 16:01:21.415545+00:00,ambiente,raspberry_pi_4,camera,37.0,34.7,41.0
212,_result,0,2026-07-30 14:12:44.310056+00:00,2026-07-30 17:12:44.310056+00:00,2026-07-30 16:01:26.684883+00:00,ambiente,raspberry_pi_4,camera,37.0,34.7,41.0
213,_result,0,2026-07-30 14:12:44.310056+00:00,2026-07-30 17:12:44.310056+00:00,2026-07-30 16:01:31.944890+00:00,ambiente,raspberry_pi_4,camera,37.0,34.7,41.0
214,_result,0,2026-07-30 14:12:44.310056+00:00,2026-07-30 17:12:44.310056+00:00,2026-07-30 16:01:37.214656+00:00,ambiente,raspberry_pi_4,camera,37.0,34.7,41.0
215,_result,0,2026-07-30 14:12:44.310056+00:00,2026-07-30 17:12:44.310056+00:00,2026-07-30 16:01:42.474743+00:00,ambiente,raspberry_pi_4,camera,37.0,34.7,41.0
216,_result,0,2026-07-30 14:12:44.310056+00:00,2026-07-30 17:12:44.310056+00:00,2026-07-30 16:01:47.745721+00:00,ambiente,raspberry_pi_4,camera,37.0,34.7,41.0
217,_result,0,2026-07-30 14:12:44.310056+00:00,2026-07-30 17:12:44.310056+00:00,2026-07-30 16:01:53.005793+00:00,ambiente,raspberry_pi_4,camera,37.0,34.7,41.0
218,_result,0,2026-07-30 14:12:44.310056+00:00,2026-07-30 17:12:44.310056+00:00,2026-07-30 16:01:58.275587+00:00,ambiente,raspberry_pi_4,camera,37.0,34.7,41.0
219,_result,0,2026-07-30 14:12:44.310056+00:00,2026-07-30 17:12:44.310056+00:00,2026-07-30 16:02:03.535637+00:00,ambiente,raspberry_pi_4,camera,37.0,34.7,41.0
220,_result,0,2026-07-30 14:12:44.310056+00:00,2026-07-30 17:12:44.310056+00:00,2026-07-30 16:02:08.805583+00:00,ambiente,raspberry_pi_4,camera,37.0,34.7,41.0
221,_result,0,2026-07-30 14:12:44.310056+00:00,2026-07-30 17:12:44.310056+00:00,2026-07-30 16:02:14.065698+00:00,ambiente,raspberry_pi_4,camera,37.0,34.7,41.0
222,_result,0,2026-07-30 14:12:44.310056+00:00,2026-07-30 17:12:44.310056+00:00,2026-07-30 16:02:19.336727+00:00,ambiente,raspberry_pi_4,camera,37.0,34.7,41.0
223,_result,0,2026-07-30 14:12:44.310056+00:00,2026-07-30 17:12:44.310056+00:00,2026-07-30 16:02:24.601695+00:00,ambiente,raspberry_pi_4,camera,37.0,34.7,41.0
224,_result,0,2026-07-30 14:12:44.310056+00:00,2026-07-30 17:12:44.310056+00:00,2026-07-30 16:02:29.872178+00:00,ambiente,raspberry_pi_4,camera,37.0,34.7,41.0
225,_result,0,2026-07-30 14:12:44.310056+00:00,2026-07-30 17:12:44.310056+00:00,2026-07-30 16:02:35.132485+00:00,ambiente,raspberry_pi_4,camera,37.0,34.7,41.0
226,_result,0,2026-07-30 14:12:44.310056+00:00,2026-07-30 17:12:44.310056+00:00,2026-07-30 16:02:40.401851+00:00,ambiente,raspberry_pi_4,camera,37.0,34.7,41.0
227,_result,0,2026-07-30 14:12:44.310056+00:00,2026-07-30 17:12:44.310056+00:00,2026-07-30 16:02:45.663326+00:00,ambiente,raspberry_pi_4,camera,37.0,34.7,41.0
228,_result,0,2026-07-30 14:12:44.310056+00:00,2026-07-30 17:12:44.310056+00:00,2026-07-30 16:02:50.934591+00:00,ambiente,raspberry_pi_4,camera,37.0,34.7,41.0
229,_result,0,2026-07-30 14:12:44.310056+00:00,2026-07-30 17:12:44.310056+00:00,2026-07-30 16:02:56.195101+00:00,ambiente,raspberry_pi_4,camera,37.0,34.7,41.0
230,_result,0,2026-07-30 14:12:44.310056+00:00,2026-07-30 17:12:44.310056+00:00,2026-07-30 16:03:01.464430+00:00,ambiente,raspberry_pi_4,camera,37.0,34.7,41.0
231,_result,0,2026-07-30 14:12:44.310056+00:00,2026-07-30 17:12:44.310056+00:00,2026-07-30 16:03:06.724725+00:00,ambiente,raspberry_pi_4,camera,37.0,34.7,41.0
232,_result,0,2026-07-30 14:12:44.310056+00:00,2026-07-30 17:12:44.310056+00:00,2026-07-30 16:03:11.996759+00:00,ambiente,raspberry_pi_4,camera,37.0,34.7,41.0
233,_result,0,2026-07-30 14:12:44.310056+00:00,2026-07-30 17:12:44.310056+00:00,2026-07-30 16:03:17.256787+00:00,ambiente,raspberry_pi_4,camera,37.0,34.7,41.0
234,_result,0,2026-07-30 14:12:44.310056+00:00,2026-07-30 17:12:44.310056+00:00,2026-07-30 16:03:22.528473+00:00,ambiente,raspberry_pi_4,camera,37.0,34.7,41.0
235,_result,0,2026-07-30 14:12:44.310056+00:00,2026-07-30 17:12:44.310056+00:00,2026-07-30 16:03:27.788550+00:00,ambiente,raspberry_pi_4,camera,37.0,34.7,41.0
236,_result,0,2026-07-30 14:12:44.310056+00:00,2026-07-30 17:12:44.310056+00:00,2026-07-30 16:03:33.066506+00:00,ambiente,raspberry_pi_4,camera,37.0,34.7,41.0
237,_result,0,2026-07-30 14:12:44.310056+00:00,2026-07-30 17:12:44.310056+00:00,2026-07-30 16:03:38.326607+00:00,ambiente,raspberry_pi_4,camera,37.0,34.7,41.0
238,_result,0,2026-07-30 14:12:44.310056+00:00,2026-07-30 17:12:44.310056+00:00,2026-07-30 16:03:43.596323+00:00,ambiente,raspberry_pi_4,camera,37.0,34.7,41.0
239,_result,0,2026-07-30 14:12:44.310056+00:00,2026-07-30 17:12:44.310056+00:00,2026-07-30 16:03:48.856401+00:00,ambiente,raspberry_pi_4,camera,37.0,34.7,41.0
240,_result,0,2026-07-30 14:12:44.310056+00:00,2026-07-30 17:12:44.310056+00:00,2026-07-30 16:03:54.129078+00:00,ambiente,raspberry_pi_4,camera,37.3,34.7,42.0
241,_result,0,2026-07-30 14:12:44.310056+00:00,2026-07-30 17:12:44.310056+00:00,2026-07-30 16:03:59.389227+00:00,ambiente,raspberry_pi_4,camera,37.3,34.7,42.0
242,_result,0,2026-07-30 14:12:44.310056+00:00,2026-07-30 17:12:44.310056+00:00,2026-07-30 16:04:04.658899+00:00,ambiente,raspberry_pi_4,camera,37.0,34.7,41.0
243,_result,0,2026-07-30 14:12:44.310056+00:00,2026-07-30 17:12:44.310056+00:00,2026-07-30 16:04:09.919332+00:00,ambiente,raspberry_pi_4,camera,37.0,34.7,41.0
244,_result,0,2026-07-30 14:12:44.310056+00:00,2026-07-30 17:12:44.310056+00:00,2026-07-30 16:04:15.188692+00:00,ambiente,raspberry_pi_4,camera,37.0,34.7,41.0
245,_result,0,2026-07-30 14:12:44.310056+00:00,2026-07-30 17:12:44.310056+00:00,2026-07-30 16:04:20.448767+00:00,ambiente,raspberry_pi_4,camera,37.0,34.7,41.0
246,_result,0,2026-07-30 14:12:44.310056+00:00,2026-07-30 17:12:44.310056+00:00,2026-07-30 16:04:25.719706+00:00,ambiente,raspberry_pi_4,camera,37.0,34.7,41.0
247,_result,0,2026-07-30 14:12:44.310056+00:00,2026-07-30 17:12:44.310056+00:00,2026-07-30 16:04:30.979977+00:00,ambiente,raspberry_pi_4,camera,37.0,34.7,41.0
248,_result,0,2026-07-30 14:12:44.310056+00:00,2026-07-30 17:12:44.310056+00:00,2026-07-30 16:04:36.250890+00:00,ambiente,raspberry_pi_4,camera,37.0,34.7,41.0
249,_result,0,2026-07-30 14:12:44.310056+00:00,2026-07-30 17:12:44.310056+00:00,2026-07-30 16:04:41.511262+00:00,ambiente,raspberry_pi_4,camera,37.0,34.7,41.0
250,_result,0,2026-07-30 14:12:44.310056+00:00,2026-07-30 17:12:44.310056+00:00,2026-07-30 16:04:46.780433+00:00,ambiente,raspberry_pi_4,camera,37.0,34.7,41.0
251,_result,0,2026-07-30 14:12:44.310056+00:00,2026-07-30 17:12:44.310056+00:00,2026-07-30 16:04:52.042009+00:00,ambiente,raspberry_pi_4,camera,37.0,34.7,41.0
252,_result,0,2026-07-30 14:12:44.310056+00:00,2026-07-30 17:12:44.310056+00:00,2026-07-30 16:04:57.311868+00:00,ambiente,raspberry_pi_4,camera,37.0,34.7,41.0
253,_result,0,2026-07-30 14:12:44.310056+00:00,2026-07-30 17:12:44.310056+00:00,2026-07-30 16:05:02.571951+00:00,ambiente,raspberry_pi_4,camera,37.0,34.7,41.0
254,_result,0,2026-07-30 14:12:44.310056+00:00,2026-07-30 17:12:44.310056+00:00,2026-07-30 16:05:07.841398+00:00,ambiente,raspberry_pi_4,camera,37.0,34.7,41.0
255,_result,0,2026-07-30 14:12:44.310056+00:00,2026-07-30 17:12:44.310056+00:00,2026-07-30 16:05:13.101171+00:00,ambiente,raspberry_pi_4,camera,37.0,34.7,41.0
256,_result,0,2026-07-30 14:12:44.310056+00:00,2026-07-30 17:12:44.310056+00:00,2026-07-30 16:05:18.372193+00:00,ambiente,raspberry_pi_4,camera,37.0,34.7,41.0
257,_result,0,2026-07-30 14:12:44.310056+00:00,2026-07-30 17:12:44.310056+00:00,2026-07-30 16:05:23.632112+00:00,ambiente,raspberry_pi_4,camera,37.0,34.7,41.0
258,_result,0,2026-07-30 14:12:44.310056+00:00,2026-07-30 17:12:44.310056+00:00,2026-07-30 16:05:28.906962+00:00,ambiente,raspberry_pi_4,camera,37.0,34.7,41.0
259,_result,0,2026-07-30 14:12:44.310056+00:00,2026-07-30 17:12:44.310056+00:00,2026-07-30 16:05:34.166985+00:00,ambiente,raspberry_pi_4,camera,37.0,34.7,41.0
260,_result,0,2026-07-30 14:12:44.310056+00:00,2026-07-30 17:12:44.310056+00:00,2026-07-30 16:05:39.436468+00:00,ambiente,raspberry_pi_4,camera,37.0,34.7,41.0
261,_result,0,2026-07-30 14:12:44.310056+00:00,2026-07-30 17:12:44.310056+00:00,2026-07-30 16:05:44.696816+00:00,ambiente,raspberry_pi_4,camera,37.0,34.7,41.0
262,_result,0,2026-07-30 14:12:44.310056+00:00,2026-07-30 17:12:44.310056+00:00,2026-07-30 16:05:49.967884+00:00,ambiente,raspberry_pi_4,camera,37.0,34.7,41.0
263,_result,0,2026-07-30 14:12:44.310056+00:00,2026-07-30 17:12:44.310056+00:00,2026-07-30 16:05:55.227839+00:00,ambiente,raspberry_pi_4,camera,37.1,34.8,41.0
264,_result,0,2026-07-30 14:12:44.310056+00:00,2026-07-30 17:12:44.310056+00:00,2026-07-30 16:06:00.497642+00:00,ambiente,raspberry_pi_4,camera,37.1,34.8,41.0
265,_result,0,2026-07-30 14:12:44.310056+00:00,2026-07-30 17:12:44.310056+00:00,2026-07-30 16:06:05.757511+00:00,ambiente,raspberry_pi_4,camera,37.3,34.9,41.0
266,_result,0,2026-07-30 14:12:44.310056+00:00,2026-07-30 17:12:44.310056+00:00,2026-07-30 16:06:11.026737+00:00,ambiente,raspberry_pi_4,camera,37.1,34.8,41.0
267,_result,0,2026-07-30 14:12:44.310056+00:00,2026-07-30 17:12:44.310056+00:00,2026-07-30 16:06:16.286976+00:00,ambiente,raspberry_pi_4,camera,37.3,34.9,41.0
268,_result,0,2026-07-30 14:12:44.310056+00:00,2026-07-30 17:12:44.310056+00:00,2026-07-30 16:06:21.559042+00:00,ambiente,raspberry_pi_4,camera,37.3,34.9,41.0
269,_result,0,2026-07-30 14:12:44.310056+00:00,2026-07-30 17:12:44.310056+00:00,2026-07-30 16:06:26.819089+00:00,ambiente,raspberry_pi_4,camera,37.2,35.0,40.0
270,_result,0,2026-07-30 14:12:44.310056+00:00,2026-07-30 17:12:44.310056+00:00,2026-07-30 16:06:32.088654+00:00,ambiente,raspberry_pi_4,camera,37.4,35.1,40.0
271,_result,0,2026-07-30 14:12:44.310056+00:00,2026-07-30 17:12:44.310056+00:00,2026-07-30 16:06:37.348901+00:00,ambiente,raspberry_pi_4,camera,37.2,35.0,40.0
272,_result,0,2026-07-30 14:12:44.310056+00:00,2026-07-30 17:12:44.310056+00:00,2026-07-30 16:06:42.618079+00:00,ambiente,raspberry_pi_4,camera,37.6,35.2,40.0
273,_result,0,2026-07-30 14:12:44.310056+00:00,2026-07-30 17:12:44.310056+00:00,2026-07-30 16:06:47.878224+00:00,ambiente,raspberry_pi_4,camera,37.4,35.1,40.0
274,_result,0,2026-07-30 14:12:44.310056+00:00,2026-07-30 17:12:44.310056+00:00,2026-07-30 16:06:53.148869+00:00,ambiente,raspberry_pi_4,camera,37.4,35.1,40.0
275,_result,0,2026-07-30 14:12:44.310056+00:00,2026-07-30 17:12:44.310056+00:00,2026-07-30 16:07:03.672763+00:00,ambiente,raspberry_pi_4,camera,37.6,35.2,40.0
276,_result,0,2026-07-30 14:12:44.310056+00:00,2026-07-30 17:12:44.310056+00:00,2026-07-30 16:07:08.932716+00:00,ambiente,raspberry_pi_4,camera,37.6,35.2,40.0
277,_result,0,2026-07-30 14:12:44.310056+00:00,2026-07-30 17:12:44.310056+00:00,2026-07-30 16:07:14.202553+00:00,ambiente,raspberry_pi_4,camera,37.6,35.2,40.0
278,_result,0,2026-07-30 14:12:44.310056+00:00,2026-07-30 17:12:44.310056+00:00,2026-07-30 16:07:19.462595+00:00,ambiente,raspberry_pi_4,camera,37.6,35.2,40.0
279,_result,0,2026-07-30 14:12:44.310056+00:00,2026-07-30 17:12:44.310056+00:00,2026-07-30 16:07:24.734030+00:00,ambiente,raspberry_pi_4,camera,37.6,35.2,40.0
280,_result,0,2026-07-30 14:12:44.310056+00:00,2026-07-30 17:12:44.310056+00:00,2026-07-30 16:07:29.994046+00:00,ambiente,raspberry_pi_4,camera,37.6,35.2,40.0
281,_result,0,2026-07-30 14:12:44.310056+00:00,2026-07-30 17:12:44.310056+00:00,2026-07-30 16:07:35.264934+00:00,ambiente,raspberry_pi_4,camera,37.6,35.2,40.0
282,_result,0,2026-07-30 14:12:44.310056+00:00,2026-07-30 17:12:44.310056+00:00,2026-07-30 16:07:40.525362+00:00,ambiente,raspberry_pi_4,camera,37.6,35.2,40.0
283,_result,0,2026-07-30 14:12:44.310056+00:00,2026-07-30 17:12:44.310056+00:00,2026-07-30 16:07:45.794798+00:00,ambiente,raspberry_pi_4,camera,37.6,35.2,40.0
284,_result,0,2026-07-30 14:12:44.310056+00:00,2026-07-30 17:12:44.310056+00:00,2026-07-30 16:07:51.056283+00:00,ambiente,raspberry_pi_4,camera,37.6,35.2,40.0
285,_result,0,2026-07-30 14:12:44.310056+00:00,2026-07-30 17:12:44.310056+00:00,2026-07-30 16:07:56.325965+00:00,ambiente,raspberry_pi_4,camera,37.6,35.2,40.0
286,_result,0,2026-07-30 14:12:44.310056+00:00,2026-07-30 17:12:44.310056+00:00,2026-07-30 16:08:01.586253+00:00,ambiente,raspberry_pi_4,camera,37.6,35.2,40.0
287,_result,0,2026-07-30 14:12:44.310056+00:00,2026-07-30 17:12:44.310056+00:00,2026-07-30 16:08:06.855448+00:00,ambiente,raspberry_pi_4,camera,37.6,35.2,40.0
288,_result,0,2026-07-30 14:12:44.310056+00:00,2026-07-30 17:12:44.310056+00:00,2026-07-30 16:08:12.115447+00:00,ambiente,raspberry_pi_4,camera,37.6,35.2,40.0
289,_result,0,2026-07-30 14:12:44.310056+00:00,2026-07-30 17:12:44.310056+00:00,2026-07-30 16:08:22.641983+00:00,ambiente,raspberry_pi_4,camera,37.6,35.2,40.0
290,_result,0,2026-07-30 14:12:44.310056+00:00,2026-07-30 17:12:44.310056+00:00,2026-07-30 16:08:27.911954+00:00,ambiente,raspberry_pi_4,camera,37.6,35.2,40.0
291,_result,0,2026-07-30 14:12:44.310056+00:00,2026-07-30 17:12:44.310056+00:00,2026-07-30 16:08:33.172018+00:00,ambiente,raspberry_pi_4,camera,37.6,35.2,40.0
292,_result,0,2026-07-30 14:12:44.310056+00:00,2026-07-30 17:12:44.310056+00:00,2026-07-30 16:08:43.695728+00:00,ambiente,raspberry_pi_4,camera,37.6,35.2,40.0
293,_result,0,2026-07-30 14:12:44.310056+00:00,2026-07-30 17:12:44.310056+00:00,2026-07-30 16:08:48.966839+00:00,ambiente,raspberry_pi_4,camera,37.6,35.2,40.0
294,_result,0,2026-07-30 14:12:44.310056+00:00,2026-07-30 17:12:44.310056+00:00,2026-07-30 16:08:54.227023+00:00,ambiente,raspberry_pi_4,camera,37.6,35.2,40.0
295,_result,0,2026-07-30 14:12:44.310056+00:00,2026-07-30 17:12:44.310056+00:00,2026-07-30 16:08:59.496343+00:00,ambiente,raspberry_pi_4,camera,37.6,35.2,40.0
296,_result,0,2026-07-30 14:12:44.310056+00:00,2026-07-30 17:12:44.310056+00:00,2026-07-30 16:09:04.756442+00:00,ambiente,raspberry_pi_4,camera,37.6,35.2,40.0
297,_result,0,2026-07-30 14:12:44.310056+00:00,2026-07-30 17:12:44.310056+00:00,2026-07-30 16:09:15.280537+00:00,ambiente,raspberry_pi_4,camera,37.6,35.2,40.0
298,_result,0,2026-07-30 14:12:44.310056+00:00,2026-07-30 17:12:44.310056+00:00,2026-07-30 16:09:20.551786+00:00,ambiente,raspberry_pi_4,camera,37.6,35.2,40.0
299,_result,0,2026-07-30 14:12:44.310056+00:00,2026-07-30 17:12:44.310056+00:00,2026-07-30 16:09:25.812144+00:00,ambiente,raspberry_pi_4,camera,37.6,35.2,40.0
300,_result,0,2026-07-30 14:12:44.310056+00:00,2026-07-30 17:12:44.310056+00:00,2026-07-30 16:09:31.081700+00:00,ambiente,raspberry_pi_4,camera,37.6,35.2,40.0
301,_result,0,2026-07-30 14:12:44.310056+00:00,2026-07-30 17:12:44.310056+00:00,2026-07-30 16:09:36.341727+00:00,ambiente,raspberry_pi_4,camera,37.6,35.2,40.0
302,_result,0,2026-07-30 14:12:44.310056+00:00,2026-07-30 17:12:44.310056+00:00,2026-07-30 16:09:41.611639+00:00,ambiente,raspberry_pi_4,camera,37.6,35.2,40.0
303,_result,0,2026-07-30 14:12:44.310056+00:00,2026-07-30 17:12:44.310056+00:00,2026-07-30 16:09:46.872479+00:00,ambiente,raspberry_pi_4,camera,37.6,35.2,40.0
304,_result,0,2026-07-30 14:12:44.310056+00:00,2026-07-30 17:12:44.310056+00:00,2026-07-30 16:09:52.143792+00:00,ambiente,raspberry_pi_4,camera,37.6,35.2,40.0
305,_result,0,2026-07-30 14:12:44.310056+00:00,2026-07-30 17:12:44.310056+00:00,2026-07-30 16:09:57.403755+00:00,ambiente,raspberry_pi_4,camera,37.6,35.2,40.0
306,_result,0,2026-07-30 14:12:44.310056+00:00,2026-07-30 17:12:44.310056+00:00,2026-07-30 16:10:02.673523+00:00,ambiente,raspberry_pi_4,camera,37.6,35.2,40.0
307,_result,0,2026-07-30 14:12:44.310056+00:00,2026-07-30 17:12:44.310056+00:00,2026-07-30 16:10:07.933571+00:00,ambiente,raspberry_pi_4,camera,37.6,35.2,40.0
308,_result,0,2026-07-30 14:12:44.310056+00:00,2026-07-30 17:12:44.310056+00:00,2026-07-30 16:10:13.203014+00:00,ambiente,raspberry_pi_4,camera,37.6,35.2,40.0
309,_result,0,2026-07-30 14:12:44.310056+00:00,2026-07-30 17:12:44.310056+00:00,2026-07-30 16:10:23.725086+00:00,ambiente,raspberry_pi_4,camera,37.6,35.2,40.0
310,_result,0,2026-07-30 14:12:44.310056+00:00,2026-07-30 17:12:44.310056+00:00,2026-07-30 16:10:28.985065+00:00,ambiente,raspberry_pi_4,camera,37.6,35.2,40.0
311,_result,0,2026-07-30 14:12:44.310056+00:00,2026-07-30 17:12:44.310056+00:00,2026-07-30 16:10:34.254527+00:00,ambiente,raspberry_pi_4,camera,37.6,35.2,40.0
312,_result,0,2026-07-30 14:12:44.310056+00:00,2026-07-30 17:12:44.310056+00:00,2026-07-30 16:10:39.514470+00:00,ambiente,raspberry_pi_4,camera,37.6,35.2,40.0
313,_result,0,2026-07-30 14:12:44.310056+00:00,2026-07-30 17:12:44.310056+00:00,2026-07-30 16:10:44.783987+00:00,ambiente,raspberry_pi_4,camera,37.6,35.2,40.0
314,_result,0,2026-07-30 14:12:44.310056+00:00,2026-07-30 17:12:44.310056+00:00,2026-07-30 16:10:50.044276+00:00,ambiente,raspberry_pi_4,camera,37.6,35.2,40.0
315,_result,0,2026-07-30 14:12:44.310056+00:00,2026-07-30 17:12:44.310056+00:00,2026-07-30 16:10:55.315410+00:00,ambiente,raspberry_pi_4,camera,37.6,35.2,40.0
316,_result,0,2026-07-30 14:12:44.310056+00:00,2026-07-30 17:12:44.310056+00:00,2026-07-30 16:11:00.575728+00:00,ambiente,raspberry_pi_4,camera,37.6,35.2,40.0
317,_result,0,2026-07-30 14:12:44.310056+00:00,2026-07-30 17:12:44.310056+00:00,2026-07-30 16:11:05.844837+00:00,ambiente,raspberry_pi_4,camera,37.6,35.2,40.0
318,_result,0,2026-07-30 14:12:44.310056+00:00,2026-07-30 17:12:44.310056+00:00,2026-07-30 16:11:11.105020+00:00,ambiente,raspberry_pi_4,camera,37.6,35.2,40.0
319,_result,0,2026-07-30 14:12:44.310056+00:00,2026-07-30 17:12:44.310056+00:00,2026-07-30 16:11:16.374586+00:00,ambiente,raspberry_pi_4,camera,37.6,35.2,40.0
320,_result,0,2026-07-30 14:12:44.310056+00:00,2026-07-30 17:12:44.310056+00:00,2026-07-30 16:11:21.636216+00:00,ambiente,raspberry_pi_4,camera,37.6,35.2,40.0
321,_result,0,2026-07-30 14:12:44.310056+00:00,2026-07-30 17:12:44.310056+00:00,2026-07-30 16:11:26.906310+00:00,ambiente,raspberry_pi_4,camera,37.6,35.2,40.0
322,_result,0,2026-07-30 14:12:44.310056+00:00,2026-07-30 17:12:44.310056+00:00,2026-07-30 16:11:32.166479+00:00,ambiente,raspberry_pi_4,camera,37.6,35.2,40.0
323,_result,0,2026-07-30 14:12:44.310056+00:00,2026-07-30 17:12:44.310056+00:00,2026-07-30 16:11:37.436352+00:00,ambiente,raspberry_pi_4,camera,37.6,35.2,40.0
324,_result,0,2026-07-30 14:12:44.310056+00:00,2026-07-30 17:12:44.310056+00:00,2026-07-30 16:11:42.696950+00:00,ambiente,raspberry_pi_4,camera,37.6,35.2,40.0
325,_result,0,2026-07-30 14:12:44.310056+00:00,2026-07-30 17:12:44.310056+00:00,2026-07-30 16:11:47.968022+00:00,ambiente,raspberry_pi_4,camera,37.6,35.2,40.0
326,_result,0,2026-07-30 14:12:44.310056+00:00,2026-07-30 17:12:44.310056+00:00,2026-07-30 16:11:53.227968+00:00,ambiente,raspberry_pi_4,camera,37.6,35.2,40.0
327,_result,0,2026-07-30 14:12:44.310056+00:00,2026-07-30 17:12:44.310056+00:00,2026-07-30 16:11:58.497301+00:00,ambiente,raspberry_pi_4,camera,37.6,35.2,40.0
328,_result,0,2026-07-30 14:12:44.310056+00:00,2026-07-30 17:12:44.310056+00:00,2026-07-30 16:12:09.021204+00:00,ambiente,raspberry_pi_4,camera,37.6,35.2,40.0
329,_result,0,2026-07-30 14:12:44.310056+00:00,2026-07-30 17:12:44.310056+00:00,2026-07-30 16:12:14.282403+00:00,ambiente,raspberry_pi_4,camera,37.6,35.2,40.0
330,_result,0,2026-07-30 14:12:44.310056+00:00,2026-07-30 17:12:44.310056+00:00,2026-07-30 16:12:19.553660+00:00,ambiente,raspberry_pi_4,camera,37.6,35.2,40.0
331,_result,0,2026-07-30 14:12:44.310056+00:00,2026-07-30 17:12:44.310056+00:00,2026-07-30 16:12:24.813666+00:00,ambiente,raspberry_pi_4,camera,37.6,35.2,40.0
332,_result,0,2026-07-30 14:12:44.310056+00:00,2026-07-30 17:12:44.310056+00:00,2026-07-30 16:12:30.084233+00:00,ambiente,raspberry_pi_4,camera,37.6,35.2,40.0
333,_result,0,2026-07-30 14:12:44.310056+00:00,2026-07-30 17:12:44.310056+00:00,2026-07-30 16:12:35.344773+00:00,ambiente,raspberry_pi_4,camera,37.6,35.2,40.0
334,_result,0,2026-07-30 14:12:44.310056+00:00,2026-07-30 17:12:44.310056+00:00,2026-07-30 16:12:40.614884+00:00,ambiente,raspberry_pi_4,camera,37.6,35.2,40.0
335,_result,0,2026-07-30 14:12:44.310056+00:00,2026-07-30 17:12:44.310056+00:00,2026-07-30 16:12:45.875111+00:00,ambiente,raspberry_pi_4,camera,37.6,35.2,40.0
336,_result,0,2026-07-30 14:12:44.310056+00:00,2026-07-30 17:12:44.310056+00:00,2026-07-30 16:12:51.146683+00:00,ambiente,raspberry_pi_4,camera,37.6,35.2,40.0
337,_result,0,2026-07-30 14:12:44.310056+00:00,2026-07-30 17:12:44.310056+00:00,2026-07-30 16:12:56.406772+00:00,ambiente,raspberry_pi_4,camera,37.6,35.2,40.0
338,_result,0,2026-07-30 14:12:44.310056+00:00,2026-07-30 17:12:44.310056+00:00,2026-07-30 16:13:01.676793+00:00,ambiente,raspberry_pi_4,camera,37.6,35.2,40.0
339,_result,0,2026-07-30 14:12:44.310056+00:00,2026-07-30 17:12:44.310056+00:00,2026-07-30 16:13:06.936887+00:00,ambiente,raspberry_pi_4,camera,37.6,35.2,40.0
340,_result,0,2026-07-30 14:12:44.310056+00:00,2026-07-30 17:12:44.310056+00:00,2026-07-30 16:13:12.206559+00:00,ambiente,raspberry_pi_4,camera,37.6,35.2,40.0
341,_result,0,2026-07-30 14:12:44.310056+00:00,2026-07-30 17:12:44.310056+00:00,2026-07-30 16:13:22.731023+00:00,ambiente,raspberry_pi_4,camera,37.6,35.2,40.0
342,_result,0,2026-07-30 14:12:44.310056+00:00,2026-07-30 17:12:44.310056+00:00,2026-07-30 16:13:27.991218+00:00,ambiente,raspberry_pi_4,camera,37.6,35.2,40.0
343,_result,0,2026-07-30 14:12:44.310056+00:00,2026-07-30 17:12:44.310056+00:00,2026-07-30 16:13:33.262313+00:00,ambiente,raspberry_pi_4,camera,37.6,35.2,40.0
344,_result,0,2026-07-30 14:12:44.310056+00:00,2026-07-30 17:12:44.310056+00:00,2026-07-30 16:13:38.522901+00:00,ambiente,raspberry_pi_4,camera,37.6,35.2,40.0
345,_result,0,2026-07-30 14:12:44.310056+00:00,2026-07-30 17:12:44.310056+00:00,2026-07-30 16:13:43.792623+00:00,ambiente,raspberry_pi_4,camera,37.6,35.2,40.0
346,_result,0,2026-07-30 14:12:44.310056+00:00,2026-07-30 17:12:44.310056+00:00,2026-07-30 16:13:49.052888+00:00,ambiente,raspberry_pi_4,camera,37.6,35.2,40.0
347,_result,0,2026-07-30 14:12:44.310056+00:00,2026-07-30 17:12:44.310056+00:00,2026-07-30 16:13:54.324062+00:00,ambiente,raspberry_pi_4,camera,37.6,35.2,40.0
348,_result,0,2026-07-30 14:12:44.310056+00:00,2026-07-30 17:12:44.310056+00:00,2026-07-30 16:13:59.584167+00:00,ambiente,raspberry_pi_4,camera,37.6,35.2,40.0
349,_result,0,2026-07-30 14:12:44.310056+00:00,2026-07-30 17:12:44.310056+00:00,2026-07-30 16:14:04.854946+00:00,ambiente,raspberry_pi_4,camera,37.6,35.2,40.0
350,_result,0,2026-07-30 14:12:44.310056+00:00,2026-07-30 17:12:44.310056+00:00,2026-07-30 16:14:10.114987+00:00,ambiente,raspberry_pi_4,camera,37.6,35.2,40.0
351,_result,0,2026-07-30 14:12:44.310056+00:00,2026-07-30 17:12:44.310056+00:00,2026-07-30 16:14:15.384933+00:00,ambiente,raspberry_pi_4,camera,37.6,35.2,40.0
352,_result,0,2026-07-30 14:12:44.310056+00:00,2026-07-30 17:12:44.310056+00:00,2026-07-30 16:14:20.645104+00:00,ambiente,raspberry_pi_4,camera,37.6,35.2,40.0
353,_result,0,2026-07-30 14:12:44.310056+00:00,2026-07-30 17:12:44.310056+00:00,2026-07-30 16:14:25.921743+00:00,ambiente,raspberry_pi_4,camera,37.6,35.2,40.0
354,_result,0,2026-07-30 14:12:44.310056+00:00,2026-07-30 17:12:44.310056+00:00,2026-07-30 16:14:31.183296+00:00,ambiente,raspberry_pi_4,camera,37.6,35.2,40.0
355,_result,0,2026-07-30 14:12:44.310056+00:00,2026-07-30 17:12:44.310056+00:00,2026-07-30 16:14:36.454106+00:00,ambiente,raspberry_pi_4,camera,37.6,35.2,40.0
356,_result,0,2026-07-30 14:12:44.310056+00:00,2026-07-30 17:12:44.310056+00:00,2026-07-30 16:14:41.714182+00:00,ambiente,raspberry_pi_4,camera,37.6,35.2,40.0
357,_result,0,2026-07-30 14:12:44.310056+00:00,2026-07-30 17:12:44.310056+00:00,2026-07-30 16:14:46.986017+00:00,ambiente,raspberry_pi_4,camera,37.6,35.2,40.0
358,_result,0,2026-07-30 14:12:44.310056+00:00,2026-07-30 17:12:44.310056+00:00,2026-07-30 16:14:57.510542+00:00,ambiente,raspberry_pi_4,camera,37.6,35.2,40.0
359,_result,0,2026-07-30 14:12:44.310056+00:00,2026-07-30 17:12:44.310056+00:00,2026-07-30 16:15:02.770439+00:00,ambiente,raspberry_pi_4,camera,37.6,35.2,40.0
360,_result,0,2026-07-30 14:12:44.310056+00:00,2026-07-30 17:12:44.310056+00:00,2026-07-30 16:15:08.040293+00:00,ambiente,raspberry_pi_4,camera,37.6,35.2,40.0
361,_result,0,2026-07-30 14:12:44.310056+00:00,2026-07-30 17:12:44.310056+00:00,2026-07-30 16:15:13.300278+00:00,ambiente,raspberry_pi_4,camera,37.6,35.2,40.0
362,_result,0,2026-07-30 14:12:44.310056+00:00,2026-07-30 17:12:44.310056+00:00,2026-07-30 16:15:18.571322+00:00,ambiente,raspberry_pi_4,camera,37.6,35.2,40.0
363,_result,0,2026-07-30 14:12:44.310056+00:00,2026-07-30 17:12:44.310056+00:00,2026-07-30 16:15:23.831512+00:00,ambiente,raspberry_pi_4,camera,37.4,35.1,40.0
364,_result,0,2026-07-30 14:12:44.310056+00:00,2026-07-30 17:12:44.310056+00:00,2026-07-30 16:15:29.101595+00:00,ambiente,raspberry_pi_4,camera,37.4,35.1,40.0
365,_result,0,2026-07-30 14:12:44.310056+00:00,2026-07-30 17:12:44.310056+00:00,2026-07-30 16:15:34.361462+00:00,ambiente,raspberry_pi_4,camera,37.6,35.2,40.0
366,_result,0,2026-07-30 14:12:44.310056+00:00,2026-07-30 17:12:44.310056+00:00,2026-07-30 16:15:39.630868+00:00,ambiente,raspberry_pi_4,camera,37.2,35.0,40.0
367,_result,0,2026-07-30 14:12:44.310056+00:00,2026-07-30 17:12:44.310056+00:00,2026-07-30 16:15:44.891176+00:00,ambiente,raspberry_pi_4,camera,37.4,35.1,40.0
368,_result,0,2026-07-30 14:12:44.310056+00:00,2026-07-30 17:12:44.310056+00:00,2026-07-30 16:15:50.162364+00:00,ambiente,raspberry_pi_4,camera,37.4,35.1,40.0
369,_result,0,2026-07-30 14:12:44.310056+00:00,2026-07-30 17:12:44.310056+00:00,2026-07-30 16:15:55.422765+00:00,ambiente,raspberry_pi_4,camera,37.2,35.0,40.0
370,_result,0,2026-07-30 14:12:44.310056+00:00,2026-07-30 17:12:44.310056+00:00,2026-07-30 16:16:00.693013+00:00,ambiente,raspberry_pi_4,camera,37.4,35.1,40.0
371,_result,0,2026-07-30 14:12:44.310056+00:00,2026-07-30 17:12:44.310056+00:00,2026-07-30 16:16:16.468148+00:00,ambiente,raspberry_pi_4,camera,37.6,35.2,40.0
372,_result,0,2026-07-30 14:12:44.310056+00:00,2026-07-30 17:12:44.310056+00:00,2026-07-30 16:16:21.739260+00:00,ambiente,raspberry_pi_4,camera,37.4,35.1,40.0
373,_result,0,2026-07-30 14:12:44.310056+00:00,2026-07-30 17:12:44.310056+00:00,2026-07-30 16:16:26.999242+00:00,ambiente,raspberry_pi_4,camera,37.4,35.1,40.0
374,_result,0,2026-07-30 14:12:44.310056+00:00,2026-07-30 17:12:44.310056+00:00,2026-07-30 16:16:32.269003+00:00,ambiente,raspberry_pi_4,camera,37.4,35.1,40.0
375,_result,0,2026-07-30 14:12:44.310056+00:00,2026-07-30 17:12:44.310056+00:00,2026-07-30 16:16:37.529052+00:00,ambiente,raspberry_pi_4,camera,37.2,35.0,40.0
376,_result,0,2026-07-30 14:12:44.310056+00:00,2026-07-30 17:12:44.310056+00:00,2026-07-30 16:16:42.798430+00:00,ambiente,raspberry_pi_4,camera,37.4,35.1,40.0
377,_result,0,2026-07-30 14:12:44.310056+00:00,2026-07-30 17:12:44.310056+00:00,2026-07-30 16:16:53.322709+00:00,ambiente,raspberry_pi_4,camera,37.4,35.1,40.0
378,_result,0,2026-07-30 14:12:44.310056+00:00,2026-07-30 17:12:44.310056+00:00,2026-07-30 16:16:58.582674+00:00,ambiente,raspberry_pi_4,camera,37.6,35.2,40.0
379,_result,0,2026-07-30 14:12:44.310056+00:00,2026-07-30 17:12:44.310056+00:00,2026-07-30 16:17:03.852307+00:00,ambiente,raspberry_pi_4,camera,37.4,35.1,40.0
380,_result,0,2026-07-30 14:12:44.310056+00:00,2026-07-30 17:12:44.310056+00:00,2026-07-30 16:17:09.112575+00:00,ambiente,raspberry_pi_4,camera,37.4,35.1,40.0
381,_result,0,2026-07-30 14:12:44.310056+00:00,2026-07-30 17:12:44.310056+00:00,2026-07-30 16:17:14.382776+00:00,ambiente,raspberry_pi_4,camera,37.6,35.2,40.0
382,_result,0,2026-07-30 14:12:44.310056+00:00,2026-07-30 17:12:44.310056+00:00,2026-07-30 16:17:19.642798+00:00,ambiente,raspberry_pi_4,camera,37.6,35.2,40.0
383,_result,0,2026-07-30 14:12:44.310056+00:00,2026-07-30 17:12:44.310056+00:00,2026-07-30 16:17:24.913722+00:00,ambiente,raspberry_pi_4,camera,37.6,35.2,40.0
384,_result,0,2026-07-30 14:12:44.310056+00:00,2026-07-30 17:12:44.310056+00:00,2026-07-30 16:17:30.173899+00:00,ambiente,raspberry_pi_4,camera,37.6,35.2,40.0
385,_result,0,2026-07-30 14:12:44.310056+00:00,2026-07-30 17:12:44.310056+00:00,2026-07-30 16:17:35.443793+00:00,ambiente,raspberry_pi_4,camera,37.6,35.2,40.0
386,_result,0,2026-07-30 14:12:44.310056+00:00,2026-07-30 17:12:44.310056+00:00,2026-07-30 16:17:40.703748+00:00,ambiente,raspberry_pi_4,camera,37.6,35.2,40.0
387,_result,0,2026-07-30 14:12:44.310056+00:00,2026-07-30 17:12:44.310056+00:00,2026-07-30 16:17:45.973384+00:00,ambiente,raspberry_pi_4,camera,37.6,35.2,40.0
388,_result,0,2026-07-30 14:12:44.310056+00:00,2026-07-30 17:12:44.310056+00:00,2026-07-30 16:17:51.235031+00:00,ambiente,raspberry_pi_4,camera,37.6,35.2,40.0
389,_result,0,2026-07-30 14:12:44.310056+00:00,2026-07-30 17:12:44.310056+00:00,2026-07-30 16:17:56.504691+00:00,ambiente,raspberry_pi_4,camera,37.6,35.2,40.0
390,_result,0,2026-07-30 14:12:44.310056+00:00,2026-07-30 17:12:44.310056+00:00,2026-07-30 16:18:01.765541+00:00,ambiente,raspberry_pi_4,camera,37.6,35.2,40.0
391,_result,0,2026-07-30 14:12:44.310056+00:00,2026-07-30 17:12:44.310056+00:00,2026-07-30 16:18:07.035327+00:00,ambiente,raspberry_pi_4,camera,37.6,35.2,40.0
392,_result,0,2026-07-30 14:12:44.310056+00:00,2026-07-30 17:12:44.310056+00:00,2026-07-30 16:18:12.295276+00:00,ambiente,raspberry_pi_4,camera,37.6,35.2,40.0
393,_result,0,2026-07-30 14:12:44.310056+00:00,2026-07-30 17:12:44.310056+00:00,2026-07-30 16:18:22.820545+00:00,ambiente,raspberry_pi_4,camera,37.6,35.2,40.0
394,_result,0,2026-07-30 14:12:44.310056+00:00,2026-07-30 17:12:44.310056+00:00,2026-07-30 16:18:28.090092+00:00,ambiente,raspberry_pi_4,camera,37.6,35.2,40.0
395,_result,0,2026-07-30 14:12:44.310056+00:00,2026-07-30 17:12:44.310056+00:00,2026-07-30 16:18:33.350087+00:00,ambiente,raspberry_pi_4,camera,37.6,35.2,40.0
396,_result,0,2026-07-30 14:12:44.310056+00:00,2026-07-30 17:12:44.310056+00:00,2026-07-30 16:18:38.620050+00:00,ambiente,raspberry_pi_4,camera,37.6,35.2,40.0
397,_result,0,2026-07-30 14:12:44.310056+00:00,2026-07-30 17:12:44.310056+00:00,2026-07-30 16:18:43.880090+00:00,ambiente,raspberry_pi_4,camera,37.6,35.2,40.0
398,_result,0,2026-07-30 14:12:44.310056+00:00,2026-07-30 17:12:44.310056+00:00,2026-07-30 16:18:49.150721+00:00,ambiente,raspberry_pi_4,camera,37.6,35.2,40.0
399,_result,0,2026-07-30 14:12:44.310056+00:00,2026-07-30 17:12:44.310056+00:00,2026-07-30 16:18:59.674154+00:00,ambiente,raspberry_pi_4,camera,37.6,35.2,40.0
400,_result,0,2026-07-30 14:12:44.310056+00:00,2026-07-30 17:12:44.310056+00:00,2026-07-30 16:19:04.934399+00:00,ambiente,raspberry_pi_4,camera,37.6,35.2,40.0
401,_result,0,2026-07-30 14:12:44.310056+00:00,2026-07-30 17:12:44.310056+00:00,2026-07-30 16:19:10.203693+00:00,ambiente,raspberry_pi_4,camera,37.6,35.2,40.0
402,_result,0,2026-07-30 14:12:44.310056+00:00,2026-07-30 17:12:44.310056+00:00,2026-07-30 16:19:15.463976+00:00,ambiente,raspberry_pi_4,camera,37.6,35.2,40.0
403,_result,0,2026-07-30 14:12:44.310056+00:00,2026-07-30 17:12:44.310056+00:00,2026-07-30 16:19:20.735031+00:00,ambiente,raspberry_pi_4,camera,37.6,35.2,40.0
404,_result,0,2026-07-30 14:12:44.310056+00:00,2026-07-30 17:12:44.310056+00:00,2026-07-30 16:19:25.995574+00:00,ambiente,raspberry_pi_4,camera,37.6,35.2,40.0
405,_result,0,2026-07-30 14:12:44.310056+00:00,2026-07-30 17:12:44.310056+00:00,2026-07-30 16:19:31.265474+00:00,ambiente,raspberry_pi_4,camera,37.6,35.2,40.0
406,_result,0,2026-07-30 14:12:44.310056+00:00,2026-07-30 17:12:44.310056+00:00,2026-07-30 16:19:41.790001+00:00,ambiente,raspberry_pi_4,camera,37.6,35.2,40.0
407,_result,0,2026-07-30 14:12:44.310056+00:00,2026-07-30 17:12:44.310056+00:00,2026-07-30 16:19:47.050137+00:00,ambiente,raspberry_pi_4,camera,37.6,35.2,40.0
408,_result,0,2026-07-30 14:12:44.310056+00:00,2026-07-30 17:12:44.310056+00:00,2026-07-30 16:19:52.320803+00:00,ambiente,raspberry_pi_4,camera,37.6,35.2,40.0
409,_result,0,2026-07-30 14:12:44.310056+00:00,2026-07-30 17:12:44.310056+00:00,2026-07-30 16:19:57.581112+00:00,ambiente,raspberry_pi_4,camera,37.6,35.2,40.0
410,_result,0,2026-07-30 14:12:44.310056+00:00,2026-07-30 17:12:44.310056+00:00,2026-07-30 16:20:02.851907+00:00,ambiente,raspberry_pi_4,camera,37.6,35.2,40.0
411,_result,0,2026-07-30 14:12:44.310056+00:00,2026-07-30 17:12:44.310056+00:00,2026-07-30 16:20:08.112341+00:00,ambiente,raspberry_pi_4,camera,37.6,35.2,40.0
412,_result,0,2026-07-30 14:12:44.310056+00:00,2026-07-30 17:12:44.310056+00:00,2026-07-30 16:20:13.381956+00:00,ambiente,raspberry_pi_4,camera,37.6,35.2,40.0
413,_result,0,2026-07-30 14:12:44.310056+00:00,2026-07-30 17:12:44.310056+00:00,2026-07-30 16:20:18.642065+00:00,ambiente,raspberry_pi_4,camera,37.6,35.2,40.0
414,_result,0,2026-07-30 14:12:44.310056+00:00,2026-07-30 17:12:44.310056+00:00,2026-07-30 16:20:23.912998+00:00,ambiente,raspberry_pi_4,camera,37.6,35.2,40.0
415,_result,0,2026-07-30 14:12:44.310056+00:00,2026-07-30 17:12:44.310056+00:00,2026-07-30 16:20:29.173407+00:00,ambiente,raspberry_pi_4,camera,37.6,35.2,40.0
416,_result,0,2026-07-30 14:12:44.310056+00:00,2026-07-30 17:12:44.310056+00:00,2026-07-30 16:20:34.443139+00:00,ambiente,raspberry_pi_4,camera,37.6,35.2,40.0
417,_result,0,2026-07-30 14:12:44.310056+00:00,2026-07-30 17:12:44.310056+00:00,2026-07-30 16:20:39.703205+00:00,ambiente,raspberry_pi_4,camera,37.6,35.2,40.0
418,_result,0,2026-07-30 14:12:44.310056+00:00,2026-07-30 17:12:44.310056+00:00,2026-07-30 16:20:44.973310+00:00,ambiente,raspberry_pi_4,camera,37.6,35.2,40.0
419,_result,0,2026-07-30 14:12:44.310056+00:00,2026-07-30 17:12:44.310056+00:00,2026-07-30 16:20:50.233379+00:00,ambiente,raspberry_pi_4,camera,37.6,35.2,40.0
420,_result,0,2026-07-30 14:12:44.310056+00:00,2026-07-30 17:12:44.310056+00:00,2026-07-30 16:20:55.504568+00:00,ambiente,raspberry_pi_4,camera,37.6,35.2,40.0
421,_result,0,2026-07-30 14:12:44.310056+00:00,2026-07-30 17:12:44.310056+00:00,2026-07-30 16:21:00.764873+00:00,ambiente,raspberry_pi_4,camera,37.6,35.2,40.0
422,_result,0,2026-07-30 14:12:44.310056+00:00,2026-07-30 17:12:44.310056+00:00,2026-07-30 16:21:06.034946+00:00,ambiente,raspberry_pi_4,camera,37.6,35.2,40.0
423,_result,0,2026-07-30 14:12:44.310056+00:00,2026-07-30 17:12:44.310056+00:00,2026-07-30 16:21:11.295127+00:00,ambiente,raspberry_pi_4,camera,37.6,35.2,40.0
424,_result,0,2026-07-30 14:12:44.310056+00:00,2026-07-30 17:12:44.310056+00:00,2026-07-30 16:21:16.565057+00:00,ambiente,raspberry_pi_4,camera,37.6,35.2,40.0
425,_result,0,2026-07-30 14:12:44.310056+00:00,2026-07-30 17:12:44.310056+00:00,2026-07-30 16:21:21.826707+00:00,ambiente,raspberry_pi_4,camera,37.6,35.2,40.0
426,_result,0,2026-07-30 14:12:44.310056+00:00,2026-07-30 17:12:44.310056+00:00,2026-07-30 16:21:27.096807+00:00,ambiente,raspberry_pi_4,camera,37.6,35.2,40.0
427,_result,0,2026-07-30 14:12:44.310056+00:00,2026-07-30 17:12:44.310056+00:00,2026-07-30 16:21:32.357053+00:00,ambiente,raspberry_pi_4,camera,37.6,35.2,40.0
428,_result,0,2026-07-30 14:12:44.310056+00:00,2026-07-30 17:12:44.310056+00:00,2026-07-30 16:21:37.626434+00:00,ambiente,raspberry_pi_4,camera,37.6,35.2,40.0
429,_result,0,2026-07-30 14:12:44.310056+00:00,2026-07-30 17:12:44.310056+00:00,2026-07-30 16:21:42.886830+00:00,ambiente,raspberry_pi_4,camera,37.6,35.2,40.0
430,_result,0,2026-07-30 14:12:44.310056+00:00,2026-07-30 17:12:44.310056+00:00,2026-07-30 16:21:48.157858+00:00,ambiente,raspberry_pi_4,camera,37.6,35.2,40.0
431,_result,0,2026-07-30 14:12:44.310056+00:00,2026-07-30 17:12:44.310056+00:00,2026-07-30 16:21:53.418728+00:00,ambiente,raspberry_pi_4,camera,37.6,35.2,40.0
432,_result,0,2026-07-30 14:12:44.310056+00:00,2026-07-30 17:12:44.310056+00:00,2026-07-30 16:21:58.688474+00:00,ambiente,raspberry_pi_4,camera,37.6,35.2,40.0
433,_result,0,2026-07-30 14:12:44.310056+00:00,2026-07-30 17:12:44.310056+00:00,2026-07-30 16:22:03.948956+00:00,ambiente,raspberry_pi_4,camera,37.6,35.2,40.0
434,_result,0,2026-07-30 14:12:44.310056+00:00,2026-07-30 17:12:44.310056+00:00,2026-07-30 16:22:09.218515+00:00,ambiente,raspberry_pi_4,camera,37.6,35.2,40.0
435,_result,0,2026-07-30 14:12:44.310056+00:00,2026-07-30 17:12:44.310056+00:00,2026-07-30 16:22:14.478665+00:00,ambiente,raspberry_pi_4,camera,37.6,35.2,40.0
436,_result,0,2026-07-30 14:12:44.310056+00:00,2026-07-30 17:12:44.310056+00:00,2026-07-30 16:22:19.749859+00:00,ambiente,raspberry_pi_4,camera,37.6,35.2,40.0
437,_result,0,2026-07-30 14:12:44.310056+00:00,2026-07-30 17:12:44.310056+00:00,2026-07-30 16:22:25.010742+00:00,ambiente,raspberry_pi_4,camera,37.6,35.2,40.0
438,_result,0,2026-07-30 14:12:44.310056+00:00,2026-07-30 17:12:44.310056+00:00,2026-07-30 16:22:30.280424+00:00,ambiente,raspberry_pi_4,camera,37.6,35.2,40.0
439,_result,0,2026-07-30 14:12:44.310056+00:00,2026-07-30 17:12:44.310056+00:00,2026-07-30 16:22:35.540438+00:00,ambiente,raspberry_pi_4,camera,37.6,35.2,40.0
440,_result,0,2026-07-30 14:12:44.310056+00:00,2026-07-30 17:12:44.310056+00:00,2026-07-30 16:22:40.810364+00:00,ambiente,raspberry_pi_4,camera,37.6,35.2,40.0
441,_result,0,2026-07-30 14:12:44.310056+00:00,2026-07-30 17:12:44.310056+00:00,2026-07-30 16:22:46.070362+00:00,ambiente,raspberry_pi_4,camera,37.6,35.2,40.0
442,_result,0,2026-07-30 14:12:44.310056+00:00,2026-07-30 17:12:44.310056+00:00,2026-07-30 16:22:51.341543+00:00,ambiente,raspberry_pi_4,camera,37.6,35.2,40.0
443,_result,0,2026-07-30 14:12:44.310056+00:00,2026-07-30 17:12:44.310056+00:00,2026-07-30 16:22:56.608712+00:00,ambiente,raspberry_pi_4,camera,37.6,35.2,40.0
444,_result,0,2026-07-30 14:12:44.310056+00:00,2026-07-30 17:12:44.310056+00:00,2026-07-30 16:23:01.878137+00:00,ambiente,raspberry_pi_4,camera,37.6,35.2,40.0
445,_result,0,2026-07-30 14:12:44.310056+00:00,2026-07-30 17:12:44.310056+00:00,2026-07-30 16:23:07.138311+00:00,ambiente,raspberry_pi_4,camera,37.6,35.2,40.0
446,_result,0,2026-07-30 14:12:44.310056+00:00,2026-07-30 17:12:44.310056+00:00,2026-07-30 16:23:12.408310+00:00,ambiente,raspberry_pi_4,camera,37.6,35.2,40.0
447,_result,0,2026-07-30 14:12:44.310056+00:00,2026-07-30 17:12:44.310056+00:00,2026-07-30 16:23:17.668229+00:00,ambiente,raspberry_pi_4,camera,37.6,35.2,40.0
448,_result,0,2026-07-30 14:12:44.310056+00:00,2026-07-30 17:12:44.310056+00:00,2026-07-30 16:23:22.938941+00:00,ambiente,raspberry_pi_4,camera,37.6,35.2,40.0
449,_result,0,2026-07-30 14:12:44.310056+00:00,2026-07-30 17:12:44.310056+00:00,2026-07-30 16:23:28.199150+00:00,ambiente,raspberry_pi_4,camera,37.6,35.2,40.0
450,_result,0,2026-07-30 14:12:44.310056+00:00,2026-07-30 17:12:44.310056+00:00,2026-07-30 16:23:33.469113+00:00,ambiente,raspberry_pi_4,camera,37.6,35.2,40.0
451,_result,0,2026-07-30 14:12:44.310056+00:00,2026-07-30 17:12:44.310056+00:00,2026-07-30 16:23:38.729195+00:00,ambiente,raspberry_pi_4,camera,37.6,35.2,40.0
452,_result,0,2026-07-30 14:12:44.310056+00:00,2026-07-30 17:12:44.310056+00:00,2026-07-30 16:23:43.999782+00:00,ambiente,raspberry_pi_4,camera,37.6,35.2,40.0
453,_result,0,2026-07-30 14:12:44.310056+00:00,2026-07-30 17:12:44.310056+00:00,2026-07-30 16:23:49.259809+00:00,ambiente,raspberry_pi_4,camera,37.6,35.2,40.0
454,_result,0,2026-07-30 14:12:44.310056+00:00,2026-07-30 17:12:44.310056+00:00,2026-07-30 16:23:54.531832+00:00,ambiente,raspberry_pi_4,camera,37.6,35.2,40.0
455,_result,0,2026-07-30 14:12:44.310056+00:00,2026-07-30 17:12:44.310056+00:00,2026-07-30 16:23:59.791998+00:00,ambiente,raspberry_pi_4,camera,37.6,35.2,40.0
456,_result,0,2026-07-30 14:12:44.310056+00:00,2026-07-30 17:12:44.310056+00:00,2026-07-30 16:24:10.315852+00:00,ambiente,raspberry_pi_4,camera,37.6,35.2,40.0
457,_result,0,2026-07-30 14:12:44.310056+00:00,2026-07-30 17:12:44.310056+00:00,2026-07-30 16:24:15.585567+00:00,ambiente,raspberry_pi_4,camera,37.6,35.2,40.0
458,_result,0,2026-07-30 14:12:44.310056+00:00,2026-07-30 17:12:44.310056+00:00,2026-07-30 16:24:20.845465+00:00,ambiente,raspberry_pi_4,camera,37.6,35.2,40.0
459,_result,0,2026-07-30 14:12:44.310056+00:00,2026-07-30 17:12:44.310056+00:00,2026-07-30 16:24:26.117824+00:00,ambiente,raspberry_pi_4,camera,37.6,35.2,40.0
460,_result,0,2026-07-30 14:12:44.310056+00:00,2026-07-30 17:12:44.310056+00:00,2026-07-30 16:24:31.377638+00:00,ambiente,raspberry_pi_4,camera,37.6,35.2,40.0
461,_result,0,2026-07-30 14:12:44.310056+00:00,2026-07-30 17:12:44.310056+00:00,2026-07-30 16:24:36.647559+00:00,ambiente,raspberry_pi_4,camera,37.6,35.2,40.0
462,_result,0,2026-07-30 14:12:44.310056+00:00,2026-07-30 17:12:44.310056+00:00,2026-07-30 16:24:41.907349+00:00,ambiente,raspberry_pi_4,camera,37.6,35.2,40.0
463,_result,0,2026-07-30 14:12:44.310056+00:00,2026-07-30 17:12:44.310056+00:00,2026-07-30 16:24:47.178398+00:00,ambiente,raspberry_pi_4,camera,37.6,35.2,40.0
464,_result,0,2026-07-30 14:12:44.310056+00:00,2026-07-30 17:12:44.310056+00:00,2026-07-30 16:24:52.438717+00:00,ambiente,raspberry_pi_4,camera,37.6,35.2,40.0
465,_result,0,2026-07-30 14:12:44.310056+00:00,2026-07-30 17:12:44.310056+00:00,2026-07-30 16:24:57.707974+00:00,ambiente,raspberry_pi_4,camera,37.6,35.2,40.0
466,_result,0,2026-07-30 14:12:44.310056+00:00,2026-07-30 17:12:44.310056+00:00,2026-07-30 16:25:02.968053+00:00,ambiente,raspberry_pi_4,camera,37.6,35.2,40.0
467,_result,0,2026-07-30 14:12:44.310056+00:00,2026-07-30 17:12:44.310056+00:00,2026-07-30 16:25:08.237798+00:00,ambiente,raspberry_pi_4,camera,37.6,35.2,40.0
468,_result,0,2026-07-30 14:12:44.310056+00:00,2026-07-30 17:12:44.310056+00:00,2026-07-30 16:25:13.497721+00:00,ambiente,raspberry_pi_4,camera,37.6,35.2,40.0
469,_result,0,2026-07-30 14:12:44.310056+00:00,2026-07-30 17:12:44.310056+00:00,2026-07-30 16:25:18.768752+00:00,ambiente,raspberry_pi_4,camera,37.6,35.2,40.0
470,_result,0,2026-07-30 14:12:44.310056+00:00,2026-07-30 17:12:44.310056+00:00,2026-07-30 16:25:24.028887+00:00,ambiente,raspberry_pi_4,camera,37.8,35.3,40.0
471,_result,0,2026-07-30 14:12:44.310056+00:00,2026-07-30 17:12:44.310056+00:00,2026-07-30 16:25:29.298683+00:00,ambiente,raspberry_pi_4,camera,37.6,35.2,40.0
472,_result,0,2026-07-30 14:12:44.310056+00:00,2026-07-30 17:12:44.310056+00:00,2026-07-30 16:25:34.559408+00:00,ambiente,raspberry_pi_4,camera,37.6,35.2,40.0
473,_result,0,2026-07-30 14:12:44.310056+00:00,2026-07-30 17:12:44.310056+00:00,2026-07-30 16:25:39.829142+00:00,ambiente,raspberry_pi_4,camera,37.8,35.3,40.0
474,_result,0,2026-07-30 14:12:44.310056+00:00,2026-07-30 17:12:44.310056+00:00,2026-07-30 16:25:45.089038+00:00,ambiente,raspberry_pi_4,camera,37.8,35.3,40.0
475,_result,0,2026-07-30 14:12:44.310056+00:00,2026-07-30 17:12:44.310056+00:00,2026-07-30 16:25:50.359864+00:00,ambiente,raspberry_pi_4,camera,37.6,35.2,40.0
476,_result,0,2026-07-30 14:12:44.310056+00:00,2026-07-30 17:12:44.310056+00:00,2026-07-30 16:25:55.619861+00:00,ambiente,raspberry_pi_4,camera,38.0,35.4,40.0
477,_result,0,2026-07-30 14:12:44.310056+00:00,2026-07-30 17:12:44.310056+00:00,2026-07-30 16:26:00.889451+00:00,ambiente,raspberry_pi_4,camera,37.8,35.3,40.0
478,_result,0,2026-07-30 14:12:44.310056+00:00,2026-07-30 17:12:44.310056+00:00,2026-07-30 16:26:06.149461+00:00,ambiente,raspberry_pi_4,camera,37.8,35.3,40.0
479,_result,0,2026-07-30 14:12:44.310056+00:00,2026-07-30 17:12:44.310056+00:00,2026-07-30 16:26:11.419255+00:00,ambiente,raspberry_pi_4,camera,38.0,35.4,40.0
480,_result,0,2026-07-30 14:12:44.310056+00:00,2026-07-30 17:12:44.310056+00:00,2026-07-30 16:26:16.679414+00:00,ambiente,raspberry_pi_4,camera,37.8,35.3,40.0
481,_result,0,2026-07-30 14:12:44.310056+00:00,2026-07-30 17:12:44.310056+00:00,2026-07-30 16:26:21.950086+00:00,ambiente,raspberry_pi_4,camera,38.0,35.4,40.0
482,_result,0,2026-07-30 14:12:44.310056+00:00,2026-07-30 17:12:44.310056+00:00,2026-07-30 16:26:27.210186+00:00,ambiente,raspberry_pi_4,camera,37.8,35.3,40.0
483,_result,0,2026-07-30 14:12:44.310056+00:00,2026-07-30 17:12:44.310056+00:00,2026-07-30 16:26:32.479346+00:00,ambiente,raspberry_pi_4,camera,37.8,35.3,40.0
484,_result,0,2026-07-30 14:12:44.310056+00:00,2026-07-30 17:12:44.310056+00:00,2026-07-30 16:26:37.739272+00:00,ambiente,raspberry_pi_4,camera,38.0,35.4,40.0
485,_result,0,2026-07-30 14:12:44.310056+00:00,2026-07-30 17:12:44.310056+00:00,2026-07-30 16:26:43.008982+00:00,ambiente,raspberry_pi_4,camera,37.8,35.3,40.0
486,_result,0,2026-07-30 14:12:44.310056+00:00,2026-07-30 17:12:44.310056+00:00,2026-07-30 16:26:48.268819+00:00,ambiente,raspberry_pi_4,camera,38.0,35.4,40.0
487,_result,0,2026-07-30 14:12:44.310056+00:00,2026-07-30 17:12:44.310056+00:00,2026-07-30 16:26:53.539915+00:00,ambiente,raspberry_pi_4,camera,38.0,35.4,40.0
488,_result,0,2026-07-30 14:12:44.310056+00:00,2026-07-30 17:12:44.310056+00:00,2026-07-30 16:26:58.800267+00:00,ambiente,raspberry_pi_4,camera,38.0,35.4,40.0
489,_result,0,2026-07-30 14:12:44.310056+00:00,2026-07-30 17:12:44.310056+00:00,2026-07-30 16:27:04.069654+00:00,ambiente,raspberry_pi_4,camera,38.0,35.4,40.0
490,_result,0,2026-07-30 14:12:44.310056+00:00,2026-07-30 17:12:44.310056+00:00,2026-07-30 16:27:09.329622+00:00,ambiente,raspberry_pi_4,camera,37.8,35.3,40.0
491,_result,0,2026-07-30 14:12:44.310056+00:00,2026-07-30 17:12:44.310056+00:00,2026-07-30 16:27:14.599279+00:00,ambiente,raspberry_pi_4,camera,37.6,35.2,40.0
492,_result,0,2026-07-30 14:12:44.310056+00:00,2026-07-30 17:12:44.310056+00:00,2026-07-30 16:27:19.859114+00:00,ambiente,raspberry_pi_4,camera,37.8,35.3,40.0
493,_result,0,2026-07-30 14:12:44.310056+00:00,2026-07-30 17:12:44.310056+00:00,2026-07-30 16:27:25.131644+00:00,ambiente,raspberry_pi_4,camera,37.6,35.2,40.0
494,_result,0,2026-07-30 14:12:44.310056+00:00,2026-07-30 17:12:44.310056+00:00,2026-07-30 16:27:30.391707+00:00,ambiente,raspberry_pi_4,camera,37.6,35.2,40.0
495,_result,0,2026-07-30 14:12:44.310056+00:00,2026-07-30 17:12:44.310056+00:00,2026-07-30 16:27:35.661398+00:00,ambiente,raspberry_pi_4,camera,37.8,35.3,40.0
496,_result,0,2026-07-30 14:12:44.310056+00:00,2026-07-30 17:12:44.310056+00:00,2026-07-30 16:27:40.921367+00:00,ambiente,raspberry_pi_4,camera,37.6,35.2,40.0
497,_result,0,2026-07-30 14:12:44.310056+00:00,2026-07-30 17:12:44.310056+00:00,2026-07-30 16:27:46.191052+00:00,ambiente,raspberry_pi_4,camera,37.6,35.2,40.0
498,_result,0,2026-07-30 14:12:44.310056+00:00,2026-07-30 17:12:44.310056+00:00,2026-07-30 16:27:51.452610+00:00,ambiente,raspberry_pi_4,camera,37.6,35.2,40.0
499,_result,0,2026-07-30 14:12:44.310056+00:00,2026-07-30 17:12:44.310056+00:00,2026-07-30 16:27:56.722566+00:00,ambiente,raspberry_pi_4,camera,37.6,35.2,40.0
500,_result,0,2026-07-30 14:12:44.310056+00:00,2026-07-30 17:12:44.310056+00:00,2026-07-30 16:28:01.982727+00:00,ambiente,raspberry_pi_4,camera,37.6,35.2,40.0
501,_result,0,2026-07-30 14:12:44.310056+00:00,2026-07-30 17:12:44.310056+00:00,2026-07-30 16:28:07.252111+00:00,ambiente,raspberry_pi_4,camera,37.6,35.2,40.0
502,_result,0,2026-07-30 14:12:44.310056+00:00,2026-07-30 17:12:44.310056+00:00,2026-07-30 16:28:12.512481+00:00,ambiente,raspberry_pi_4,camera,37.6,35.2,40.0
503,_result,0,2026-07-30 14:12:44.310056+00:00,2026-07-30 17:12:44.310056+00:00,2026-07-30 16:28:17.783598+00:00,ambiente,raspberry_pi_4,camera,37.6,35.2,40.0
504,_result,0,2026-07-30 14:12:44.310056+00:00,2026-07-30 17:12:44.310056+00:00,2026-07-30 16:28:23.043901+00:00,ambiente,raspberry_pi_4,camera,37.6,35.2,40.0
505,_result,0,2026-07-30 14:12:44.310056+00:00,2026-07-30 17:12:44.310056+00:00,2026-07-30 16:28:28.313430+00:00,ambiente,raspberry_pi_4,camera,37.6,35.2,40.0
506,_result,0,2026-07-30 14:12:44.310056+00:00,2026-07-30 17:12:44.310056+00:00,2026-07-30 16:28:33.573699+00:00,ambiente,raspberry_pi_4,camera,37.6,35.2,40.0
507,_result,0,2026-07-30 14:12:44.310056+00:00,2026-07-30 17:12:44.310056+00:00,2026-07-30 16:28:38.843485+00:00,ambiente,raspberry_pi_4,camera,37.6,35.2,40.0
508,_result,0,2026-07-30 14:12:44.310056+00:00,2026-07-30 17:12:44.310056+00:00,2026-07-30 16:28:44.103556+00:00,ambiente,raspberry_pi_4,camera,37.6,35.2,40.0
509,_result,0,2026-07-30 14:12:44.310056+00:00,2026-07-30 17:12:44.310056+00:00,2026-07-30 16:28:49.374591+00:00,ambiente,raspberry_pi_4,camera,37.6,35.2,40.0
510,_result,0,2026-07-30 14:12:44.310056+00:00,2026-07-30 17:12:44.310056+00:00,2026-07-30 16:28:54.634651+00:00,ambiente,raspberry_pi_4,camera,37.6,35.2,40.0
511,_result,0,2026-07-30 14:12:44.310056+00:00,2026-07-30 17:12:44.310056+00:00,2026-07-30 16:28:59.905801+00:00,ambiente,raspberry_pi_4,camera,37.6,35.2,40.0
512,_result,0,2026-07-30 14:12:44.310056+00:00,2026-07-30 17:12:44.310056+00:00,2026-07-30 16:29:05.166266+00:00,ambiente,raspberry_pi_4,camera,37.6,35.2,40.0
513,_result,0,2026-07-30 14:12:44.310056+00:00,2026-07-30 17:12:44.310056+00:00,2026-07-30 16:29:10.435825+00:00,ambiente,raspberry_pi_4,camera,37.6,35.2,40.0
514,_result,0,2026-07-30 14:12:44.310056+00:00,2026-07-30 17:12:44.310056+00:00,2026-07-30 16:29:15.697077+00:00,ambiente,raspberry_pi_4,camera,37.6,35.2,40.0
515,_result,0,2026-07-30 14:12:44.310056+00:00,2026-07-30 17:12:44.310056+00:00,2026-07-30 16:29:20.968191+00:00,ambiente,raspberry_pi_4,camera,37.6,35.2,40.0
516,_result,0,2026-07-30 14:12:44.310056+00:00,2026-07-30 17:12:44.310056+00:00,2026-07-30 16:29:26.228295+00:00,ambiente,raspberry_pi_4,camera,37.6,35.2,40.0
517,_result,0,2026-07-30 14:12:44.310056+00:00,2026-07-30 17:12:44.310056+00:00,2026-07-30 16:29:31.497913+00:00,ambiente,raspberry_pi_4,camera,37.6,35.2,40.0
518,_result,0,2026-07-30 14:12:44.310056+00:00,2026-07-30 17:12:44.310056+00:00,2026-07-30 16:29:36.758060+00:00,ambiente,raspberry_pi_4,camera,37.6,35.2,40.0
519,_result,0,2026-07-30 14:12:44.310056+00:00,2026-07-30 17:12:44.310056+00:00,2026-07-30 16:29:42.032974+00:00,ambiente,raspberry_pi_4,camera,37.6,35.2,40.0
520,_result,0,2026-07-30 14:12:44.310056+00:00,2026-07-30 17:12:44.310056+00:00,2026-07-30 16:29:47.293411+00:00,ambiente,raspberry_pi_4,camera,37.6,35.2,40.0
521,_result,0,2026-07-30 14:12:44.310056+00:00,2026-07-30 17:12:44.310056+00:00,2026-07-30 16:29:52.564485+00:00,ambiente,raspberry_pi_4,camera,37.6,35.2,40.0
522,_result,0,2026-07-30 14:12:44.310056+00:00,2026-07-30 17:12:44.310056+00:00,2026-07-30 16:29:57.824728+00:00,ambiente,raspberry_pi_4,camera,37.6,35.2,40.0
523,_result,0,2026-07-30 14:12:44.310056+00:00,2026-07-30 17:12:44.310056+00:00,2026-07-30 16:30:03.094407+00:00,ambiente,raspberry_pi_4,camera,37.6,35.2,40.0
524,_result,0,2026-07-30 14:12:44.310056+00:00,2026-07-30 17:12:44.310056+00:00,2026-07-30 16:30:08.358256+00:00,ambiente,raspberry_pi_4,camera,37.6,35.2,40.0
525,_result,0,2026-07-30 14:12:44.310056+00:00,2026-07-30 17:12:44.310056+00:00,2026-07-30 16:30:13.629455+00:00,ambiente,raspberry_pi_4,camera,37.6,35.2,40.0
526,_result,0,2026-07-30 14:12:44.310056+00:00,2026-07-30 17:12:44.310056+00:00,2026-07-30 16:30:18.890434+00:00,ambiente,raspberry_pi_4,camera,37.6,35.2,40.0
527,_result,0,2026-07-30 14:12:44.310056+00:00,2026-07-30 17:12:44.310056+00:00,2026-07-30 16:30:24.161975+00:00,ambiente,raspberry_pi_4,camera,37.6,35.2,40.0
528,_result,0,2026-07-30 14:12:44.310056+00:00,2026-07-30 17:12:44.310056+00:00,2026-07-30 16:30:29.422028+00:00,ambiente,raspberry_pi_4,camera,37.6,35.2,40.0
529,_result,0,2026-07-30 14:12:44.310056+00:00,2026-07-30 17:12:44.310056+00:00,2026-07-30 16:30:34.692594+00:00,ambiente,raspberry_pi_4,camera,37.6,35.2,40.0
530,_result,0,2026-07-30 14:12:44.310056+00:00,2026-07-30 17:12:44.310056+00:00,2026-07-30 16:30:39.952801+00:00,ambiente,raspberry_pi_4,camera,37.6,35.2,40.0
531,_result,0,2026-07-30 14:12:44.310056+00:00,2026-07-30 17:12:44.310056+00:00,2026-07-30 16:30:45.222615+00:00,ambiente,raspberry_pi_4,camera,37.6,35.2,40.0
532,_result,0,2026-07-30 14:12:44.310056+00:00,2026-07-30 17:12:44.310056+00:00,2026-07-30 16:30:50.482892+00:00,ambiente,raspberry_pi_4,camera,37.6,35.2,40.0
533,_result,0,2026-07-30 14:12:44.310056+00:00,2026-07-30 17:12:44.310056+00:00,2026-07-30 16:30:55.753818+00:00,ambiente,raspberry_pi_4,camera,37.6,35.2,40.0
534,_result,0,2026-07-30 14:12:44.310056+00:00,2026-07-30 17:12:44.310056+00:00,2026-07-30 16:31:06.278798+00:00,ambiente,raspberry_pi_4,camera,37.6,35.2,40.0
535,_result,0,2026-07-30 14:12:44.310056+00:00,2026-07-30 17:12:44.310056+00:00,2026-07-30 16:31:11.538901+00:00,ambiente,raspberry_pi_4,camera,37.6,35.2,40.0
536,_result,0,2026-07-30 14:12:44.310056+00:00,2026-07-30 17:12:44.310056+00:00,2026-07-30 16:31:16.809057+00:00,ambiente,raspberry_pi_4,camera,37.6,35.2,40.0
537,_result,0,2026-07-30 14:12:44.310056+00:00,2026-07-30 17:12:44.310056+00:00,2026-07-30 16:31:22.070818+00:00,ambiente,raspberry_pi_4,camera,37.6,35.2,40.0
538,_result,0,2026-07-30 14:12:44.310056+00:00,2026-07-30 17:12:44.310056+00:00,2026-07-30 16:31:27.340571+00:00,ambiente,raspberry_pi_4,camera,37.6,35.2,40.0
539,_result,0,2026-07-30 14:12:44.310056+00:00,2026-07-30 17:12:44.310056+00:00,2026-07-30 16:31:32.600530+00:00,ambiente,raspberry_pi_4,camera,37.6,35.2,40.0
540,_result,0,2026-07-30 14:12:44.310056+00:00,2026-07-30 17:12:44.310056+00:00,2026-07-30 16:31:37.870187+00:00,ambiente,raspberry_pi_4,camera,37.6,35.2,40.0
541,_result,0,2026-07-30 14:12:44.310056+00:00,2026-07-30 17:12:44.310056+00:00,2026-07-30 16:31:43.130157+00:00,ambiente,raspberry_pi_4,camera,37.6,35.2,40.0
542,_result,0,2026-07-30 14:12:44.310056+00:00,2026-07-30 17:12:44.310056+00:00,2026-07-30 16:31:48.401199+00:00,ambiente,raspberry_pi_4,camera,37.6,35.2,40.0
543,_result,0,2026-07-30 14:12:44.310056+00:00,2026-07-30 17:12:44.310056+00:00,2026-07-30 16:31:53.661621+00:00,ambiente,raspberry_pi_4,camera,37.6,35.2,40.0
544,_result,0,2026-07-30 14:12:44.310056+00:00,2026-07-30 17:12:44.310056+00:00,2026-07-30 16:31:58.930885+00:00,ambiente,raspberry_pi_4,camera,37.6,35.2,40.0
545,_result,0,2026-07-30 14:12:44.310056+00:00,2026-07-30 17:12:44.310056+00:00,2026-07-30 16:32:04.190875+00:00,ambiente,raspberry_pi_4,camera,37.6,35.2,40.0
546,_result,0,2026-07-30 14:12:44.310056+00:00,2026-07-30 17:12:44.310056+00:00,2026-07-30 16:32:14.714534+00:00,ambiente,raspberry_pi_4,camera,37.6,35.2,40.0
547,_result,0,2026-07-30 14:12:44.310056+00:00,2026-07-30 17:12:44.310056+00:00,2026-07-30 16:32:19.985822+00:00,ambiente,raspberry_pi_4,camera,37.6,35.2,40.0
548,_result,0,2026-07-30 14:12:44.310056+00:00,2026-07-30 17:12:44.310056+00:00,2026-07-30 16:32:25.245829+00:00,ambiente,raspberry_pi_4,camera,37.6,35.2,40.0
549,_result,0,2026-07-30 14:12:44.310056+00:00,2026-07-30 17:12:44.310056+00:00,2026-07-30 16:32:30.515806+00:00,ambiente,raspberry_pi_4,camera,37.6,35.2,40.0
550,_result,0,2026-07-30 14:12:44.310056+00:00,2026-07-30 17:12:44.310056+00:00,2026-07-30 16:32:35.775724+00:00,ambiente,raspberry_pi_4,camera,37.6,35.2,40.0
551,_result,0,2026-07-30 14:12:44.310056+00:00,2026-07-30 17:12:44.310056+00:00,2026-07-30 16:32:41.052871+00:00,ambiente,raspberry_pi_4,camera,37.6,35.2,40.0
552,_result,0,2026-07-30 14:12:44.310056+00:00,2026-07-30 17:12:44.310056+00:00,2026-07-30 16:32:46.312942+00:00,ambiente,raspberry_pi_4,camera,37.6,35.2,40.0
553,_result,0,2026-07-30 14:12:44.310056+00:00,2026-07-30 17:12:44.310056+00:00,2026-07-30 16:32:51.584580+00:00,ambiente,raspberry_pi_4,camera,37.6,35.2,40.0
554,_result,0,2026-07-30 14:12:44.310056+00:00,2026-07-30 17:12:44.310056+00:00,2026-07-30 16:32:56.844676+00:00,ambiente,raspberry_pi_4,camera,37.6,35.2,40.0
555,_result,0,2026-07-30 14:12:44.310056+00:00,2026-07-30 17:12:44.310056+00:00,2026-07-30 16:33:02.116505+00:00,ambiente,raspberry_pi_4,camera,37.6,35.2,40.0
556,_result,0,2026-07-30 14:12:44.310056+00:00,2026-07-30 17:12:44.310056+00:00,2026-07-30 16:33:07.376676+00:00,ambiente,raspberry_pi_4,camera,37.6,35.2,40.0
557,_result,0,2026-07-30 14:12:44.310056+00:00,2026-07-30 17:12:44.310056+00:00,2026-07-30 16:33:12.645980+00:00,ambiente,raspberry_pi_4,camera,37.6,35.2,40.0
558,_result,0,2026-07-30 14:12:44.310056+00:00,2026-07-30 17:12:44.310056+00:00,2026-07-30 16:33:17.906182+00:00,ambiente,raspberry_pi_4,camera,37.6,35.2,40.0
559,_result,0,2026-07-30 14:12:44.310056+00:00,2026-07-30 17:12:44.310056+00:00,2026-07-30 16:33:23.177334+00:00,ambiente,raspberry_pi_4,camera,37.6,35.2,40.0
560,_result,0,2026-07-30 14:12:44.310056+00:00,2026-07-30 17:12:44.310056+00:00,2026-07-30 16:33:28.437244+00:00,ambiente,raspberry_pi_4,camera,37.6,35.2,40.0
561,_result,0,2026-07-30 14:12:44.310056+00:00,2026-07-30 17:12:44.310056+00:00,2026-07-30 16:33:33.706808+00:00,ambiente,raspberry_pi_4,camera,37.6,35.2,40.0
562,_result,0,2026-07-30 14:12:44.310056+00:00,2026-07-30 17:12:44.310056+00:00,2026-07-30 16:33:38.966821+00:00,ambiente,raspberry_pi_4,camera,37.6,35.2,40.0
563,_result,0,2026-07-30 14:12:44.310056+00:00,2026-07-30 17:12:44.310056+00:00,2026-07-30 16:33:44.236321+00:00,ambiente,raspberry_pi_4,camera,37.6,35.2,40.0
564,_result,0,2026-07-30 14:12:44.310056+00:00,2026-07-30 17:12:44.310056+00:00,2026-07-30 16:33:49.496741+00:00,ambiente,raspberry_pi_4,camera,37.6,35.2,40.0
565,_result,0,2026-07-30 14:12:44.310056+00:00,2026-07-30 17:12:44.310056+00:00,2026-07-30 16:33:54.768106+00:00,ambiente,raspberry_pi_4,camera,37.6,35.2,40.0
566,_result,0,2026-07-30 14:12:44.310056+00:00,2026-07-30 17:12:44.310056+00:00,2026-07-30 16:34:00.028182+00:00,ambiente,raspberry_pi_4,camera,37.6,35.2,40.0
567,_result,0,2026-07-30 14:12:44.310056+00:00,2026-07-30 17:12:44.310056+00:00,2026-07-30 16:34:05.297459+00:00,ambiente,raspberry_pi_4,camera,37.6,35.2,40.0
568,_result,0,2026-07-30 14:12:44.310056+00:00,2026-07-30 17:12:44.310056+00:00,2026-07-30 16:34:10.557674+00:00,ambiente,raspberry_pi_4,camera,37.6,35.2,40.0
569,_result,0,2026-07-30 14:12:44.310056+00:00,2026-07-30 17:12:44.310056+00:00,2026-07-30 16:34:15.827007+00:00,ambiente,raspberry_pi_4,camera,37.6,35.2,40.0
570,_result,0,2026-07-30 14:12:44.310056+00:00,2026-07-30 17:12:44.310056+00:00,2026-07-30 16:34:26.351846+00:00,ambiente,raspberry_pi_4,camera,37.6,35.2,40.0
571,_result,0,2026-07-30 14:12:44.310056+00:00,2026-07-30 17:12:44.310056+00:00,2026-07-30 16:34:31.611883+00:00,ambiente,raspberry_pi_4,camera,37.6,35.2,40.0
572,_result,0,2026-07-30 14:12:44.310056+00:00,2026-07-30 17:12:44.310056+00:00,2026-07-30 16:34:36.881389+00:00,ambiente,raspberry_pi_4,camera,37.6,35.2,40.0
573,_result,0,2026-07-30 14:12:44.310056+00:00,2026-07-30 17:12:44.310056+00:00,2026-07-30 16:34:42.141161+00:00,ambiente,raspberry_pi_4,camera,37.6,35.2,40.0
574,_result,0,2026-07-30 14:12:44.310056+00:00,2026-07-30 17:12:44.310056+00:00,2026-07-30 16:34:47.411968+00:00,ambiente,raspberry_pi_4,camera,37.6,35.2,40.0
575,_result,0,2026-07-30 14:12:44.310056+00:00,2026-07-30 17:12:44.310056+00:00,2026-07-30 16:34:52.671880+00:00,ambiente,raspberry_pi_4,camera,37.6,35.2,40.0
576,_result,0,2026-07-30 14:12:44.310056+00:00,2026-07-30 17:12:44.310056+00:00,2026-07-30 16:34:57.942707+00:00,ambiente,raspberry_pi_4,camera,37.6,35.2,40.0
577,_result,0,2026-07-30 14:12:44.310056+00:00,2026-07-30 17:12:44.310056+00:00,2026-07-30 16:35:03.202741+00:00,ambiente,raspberry_pi_4,camera,37.6,35.2,40.0
578,_result,0,2026-07-30 14:12:44.310056+00:00,2026-07-30 17:12:44.310056+00:00,2026-07-30 16:35:08.472757+00:00,ambiente,raspberry_pi_4,camera,37.6,35.2,40.0
579,_result,0,2026-07-30 14:12:44.310056+00:00,2026-07-30 17:12:44.310056+00:00,2026-07-30 16:35:13.733058+00:00,ambiente,raspberry_pi_4,camera,37.6,35.2,40.0
580,_result,0,2026-07-30 14:12:44.310056+00:00,2026-07-30 17:12:44.310056+00:00,2026-07-30 16:35:19.004760+00:00,ambiente,raspberry_pi_4,camera,37.6,35.2,40.0
581,_result,0,2026-07-30 14:12:44.310056+00:00,2026-07-30 17:12:44.310056+00:00,2026-07-30 16:35:24.264887+00:00,ambiente,raspberry_pi_4,camera,37.6,35.2,40.0
582,_result,0,2026-07-30 14:12:44.310056+00:00,2026-07-30 17:12:44.310056+00:00,2026-07-30 16:35:29.535013+00:00,ambiente,raspberry_pi_4,camera,37.6,35.2,40.0
583,_result,0,2026-07-30 14:12:44.310056+00:00,2026-07-30 17:12:44.310056+00:00,2026-07-30 16:35:34.795147+00:00,ambiente,raspberry_pi_4,camera,37.6,35.2,40.0
584,_result,0,2026-07-30 14:12:44.310056+00:00,2026-07-30 17:12:44.310056+00:00,2026-07-30 16:35:40.064900+00:00,ambiente,raspberry_pi_4,camera,37.6,35.2,40.0
585,_result,0,2026-07-30 14:12:44.310056+00:00,2026-07-30 17:12:44.310056+00:00,2026-07-30 16:35:45.325219+00:00,ambiente,raspberry_pi_4,camera,37.6,35.2,40.0
586,_result,0,2026-07-30 14:12:44.310056+00:00,2026-07-30 17:12:44.310056+00:00,2026-07-30 16:35:50.596565+00:00,ambiente,raspberry_pi_4,camera,37.6,35.2,40.0
587,_result,0,2026-07-30 14:12:44.310056+00:00,2026-07-30 17:12:44.310056+00:00,2026-07-30 16:35:55.856606+00:00,ambiente,raspberry_pi_4,camera,37.6,35.2,40.0
588,_result,0,2026-07-30 14:12:44.310056+00:00,2026-07-30 17:12:44.310056+00:00,2026-07-30 16:36:01.126396+00:00,ambiente,raspberry_pi_4,camera,37.6,35.2,40.0
589,_result,0,2026-07-30 14:12:44.310056+00:00,2026-07-30 17:12:44.310056+00:00,2026-07-30 16:36:11.649978+00:00,ambiente,raspberry_pi_4,camera,37.9,35.2,41.0
590,_result,0,2026-07-30 14:12:44.310056+00:00,2026-07-30 17:12:44.310056+00:00,2026-07-30 16:36:16.910027+00:00,ambiente,raspberry_pi_4,camera,37.6,35.2,40.0
591,_result,0,2026-07-30 14:12:44.310056+00:00,2026-07-30 17:12:44.310056+00:00,2026-07-30 16:36:22.181672+00:00,ambiente,raspberry_pi_4,camera,37.6,35.2,40.0
592,_result,0,2026-07-30 14:12:44.310056+00:00,2026-07-30 17:12:44.310056+00:00,2026-07-30 16:36:27.441733+00:00,ambiente,raspberry_pi_4,camera,37.6,35.2,40.0
593,_result,0,2026-07-30 14:12:44.310056+00:00,2026-07-30 17:12:44.310056+00:00,2026-07-30 16:36:32.711219+00:00,ambiente,raspberry_pi_4,camera,37.6,35.2,40.0
594,_result,0,2026-07-30 14:12:44.310056+00:00,2026-07-30 17:12:44.310056+00:00,2026-07-30 16:36:37.971611+00:00,ambiente,raspberry_pi_4,camera,37.6,35.2,40.0
595,_result,0,2026-07-30 14:12:44.310056+00:00,2026-07-30 17:12:44.310056+00:00,2026-07-30 16:36:43.240839+00:00,ambiente,raspberry_pi_4,camera,37.6,35.2,40.0
596,_result,0,2026-07-30 14:12:44.310056+00:00,2026-07-30 17:12:44.310056+00:00,2026-07-30 16:36:48.501968+00:00,ambiente,raspberry_pi_4,camera,37.6,35.2,40.0
597,_result,0,2026-07-30 14:12:44.310056+00:00,2026-07-30 17:12:44.310056+00:00,2026-07-30 16:36:53.773326+00:00,ambiente,raspberry_pi_4,camera,37.9,35.2,41.0
598,_result,0,2026-07-30 14:12:44.310056+00:00,2026-07-30 17:12:44.310056+00:00,2026-07-30 16:36:59.033171+00:00,ambiente,raspberry_pi_4,camera,37.6,35.2,40.0
599,_result,0,2026-07-30 14:12:44.310056+00:00,2026-07-30 17:12:44.310056+00:00,2026-07-30 16:37:04.303063+00:00,ambiente,raspberry_pi_4,camera,37.6,35.2,40.0
600,_result,0,2026-07-30 14:12:44.310056+00:00,2026-07-30 17:12:44.310056+00:00,2026-07-30 16:37:09.563136+00:00,ambiente,raspberry_pi_4,camera,37.6,35.2,40.0
601,_result,0,2026-07-30 14:12:44.310056+00:00,2026-07-30 17:12:44.310056+00:00,2026-07-30 16:37:14.832872+00:00,ambiente,raspberry_pi_4,camera,37.6,35.2,40.0
602,_result,0,2026-07-30 14:12:44.310056+00:00,2026-07-30 17:12:44.310056+00:00,2026-07-30 16:37:20.093058+00:00,ambiente,raspberry_pi_4,camera,37.6,35.2,40.0
603,_result,0,2026-07-30 14:12:44.310056+00:00,2026-07-30 17:12:44.310056+00:00,2026-07-30 16:37:25.364035+00:00,ambiente,raspberry_pi_4,camera,37.6,35.2,40.0
604,_result,0,2026-07-30 14:12:44.310056+00:00,2026-07-30 17:12:44.310056+00:00,2026-07-30 16:37:30.624391+00:00,ambiente,raspberry_pi_4,camera,37.6,35.2,40.0
605,_result,0,2026-07-30 14:12:44.310056+00:00,2026-07-30 17:12:44.310056+00:00,2026-07-30 16:37:35.893781+00:00,ambiente,raspberry_pi_4,camera,37.6,35.2,40.0
606,_result,0,2026-07-30 14:12:44.310056+00:00,2026-07-30 17:12:44.310056+00:00,2026-07-30 16:37:41.153862+00:00,ambiente,raspberry_pi_4,camera,37.6,35.2,40.0
607,_result,0,2026-07-30 14:12:44.310056+00:00,2026-07-30 17:12:44.310056+00:00,2026-07-30 16:37:46.423650+00:00,ambiente,raspberry_pi_4,camera,37.6,35.2,40.0
608,_result,0,2026-07-30 14:12:44.310056+00:00,2026-07-30 17:12:44.310056+00:00,2026-07-30 16:37:56.948641+00:00,ambiente,raspberry_pi_4,camera,37.6,35.2,40.0
609,_result,0,2026-07-30 14:12:44.310056+00:00,2026-07-30 17:12:44.310056+00:00,2026-07-30 16:38:02.208577+00:00,ambiente,raspberry_pi_4,camera,37.6,35.2,40.0
610,_result,0,2026-07-30 14:12:44.310056+00:00,2026-07-30 17:12:44.310056+00:00,2026-07-30 16:38:07.478513+00:00,ambiente,raspberry_pi_4,camera,37.6,35.2,40.0
611,_result,0,2026-07-30 14:12:44.310056+00:00,2026-07-30 17:12:44.310056+00:00,2026-07-30 16:38:12.738605+00:00,ambiente,raspberry_pi_4,camera,37.6,35.2,40.0
612,_result,0,2026-07-30 14:12:44.310056+00:00,2026-07-30 17:12:44.310056+00:00,2026-07-30 16:38:18.009912+00:00,ambiente,raspberry_pi_4,camera,37.6,35.2,40.0
613,_result,0,2026-07-30 14:12:44.310056+00:00,2026-07-30 17:12:44.310056+00:00,2026-07-30 16:38:23.269869+00:00,ambiente,raspberry_pi_4,camera,37.6,35.2,40.0
614,_result,0,2026-07-30 14:12:44.310056+00:00,2026-07-30 17:12:44.310056+00:00,2026-07-30 16:38:28.539630+00:00,ambiente,raspberry_pi_4,camera,37.6,35.2,40.0
615,_result,0,2026-07-30 14:12:44.310056+00:00,2026-07-30 17:12:44.310056+00:00,2026-07-30 16:38:33.800103+00:00,ambiente,raspberry_pi_4,camera,37.6,35.2,40.0
616,_result,0,2026-07-30 14:12:44.310056+00:00,2026-07-30 17:12:44.310056+00:00,2026-07-30 16:38:39.070162+00:00,ambiente,raspberry_pi_4,camera,37.6,35.2,40.0
617,_result,0,2026-07-30 14:12:44.310056+00:00,2026-07-30 17:12:44.310056+00:00,2026-07-30 16:38:44.330367+00:00,ambiente,raspberry_pi_4,camera,37.6,35.2,40.0
618,_result,0,2026-07-30 14:12:44.310056+00:00,2026-07-30 17:12:44.310056+00:00,2026-07-30 16:38:49.601668+00:00,ambiente,raspberry_pi_4,camera,37.6,35.2,40.0
619,_result,0,2026-07-30 14:12:44.310056+00:00,2026-07-30 17:12:44.310056+00:00,2026-07-30 16:38:54.861547+00:00,ambiente,raspberry_pi_4,camera,37.6,35.2,40.0
620,_result,0,2026-07-30 14:12:44.310056+00:00,2026-07-30 17:12:44.310056+00:00,2026-07-30 16:39:00.130911+00:00,ambiente,raspberry_pi_4,camera,37.6,35.2,40.0
621,_result,0,2026-07-30 14:12:44.310056+00:00,2026-07-30 17:12:44.310056+00:00,2026-07-30 16:39:05.391198+00:00,ambiente,raspberry_pi_4,camera,37.9,35.2,41.0
622,_result,0,2026-07-30 14:12:44.310056+00:00,2026-07-30 17:12:44.310056+00:00,2026-07-30 16:39:10.660714+00:00,ambiente,raspberry_pi_4,camera,37.9,35.2,41.0
623,_result,0,2026-07-30 14:12:44.310056+00:00,2026-07-30 17:12:44.310056+00:00,2026-07-30 16:39:15.920796+00:00,ambiente,raspberry_pi_4,camera,37.9,35.2,41.0
624,_result,0,2026-07-30 14:12:44.310056+00:00,2026-07-30 17:12:44.310056+00:00,2026-07-30 16:39:21.191934+00:00,ambiente,raspberry_pi_4,camera,37.9,35.2,41.0
625,_result,0,2026-07-30 14:12:44.310056+00:00,2026-07-30 17:12:44.310056+00:00,2026-07-30 16:39:26.452245+00:00,ambiente,raspberry_pi_4,camera,37.9,35.2,41.0
626,_result,0,2026-07-30 14:12:44.310056+00:00,2026-07-30 17:12:44.310056+00:00,2026-07-30 16:39:31.721485+00:00,ambiente,raspberry_pi_4,camera,37.6,35.2,40.0
627,_result,0,2026-07-30 14:12:44.310056+00:00,2026-07-30 17:12:44.310056+00:00,2026-07-30 16:39:36.981323+00:00,ambiente,raspberry_pi_4,camera,37.6,35.2,40.0
628,_result,0,2026-07-30 14:12:44.310056+00:00,2026-07-30 17:12:44.310056+00:00,2026-07-30 16:39:42.254145+00:00,ambiente,raspberry_pi_4,camera,37.6,35.2,40.0
629,_result,0,2026-07-30 14:12:44.310056+00:00,2026-07-30 17:12:44.310056+00:00,2026-07-30 16:39:47.514250+00:00,ambiente,raspberry_pi_4,camera,37.9,35.2,41.0
630,_result,0,2026-07-30 14:12:44.310056+00:00,2026-07-30 17:12:44.310056+00:00,2026-07-30 16:39:58.039621+00:00,ambiente,raspberry_pi_4,camera,37.9,35.2,41.0
631,_result,0,2026-07-30 14:12:44.310056+00:00,2026-07-30 17:12:44.310056+00:00,2026-07-30 16:40:03.309111+00:00,ambiente,raspberry_pi_4,camera,37.9,35.2,41.0
632,_result,0,2026-07-30 14:12:44.310056+00:00,2026-07-30 17:12:44.310056+00:00,2026-07-30 16:40:08.569112+00:00,ambiente,raspberry_pi_4,camera,37.9,35.2,41.0
633,_result,0,2026-07-30 14:12:44.310056+00:00,2026-07-30 17:12:44.310056+00:00,2026-07-30 16:40:13.838792+00:00,ambiente,raspberry_pi_4,camera,37.9,35.2,41.0
634,_result,0,2026-07-30 14:12:44.310056+00:00,2026-07-30 17:12:44.310056+00:00,2026-07-30 16:40:19.098960+00:00,ambiente,raspberry_pi_4,camera,37.9,35.2,41.0
635,_result,0,2026-07-30 14:12:44.310056+00:00,2026-07-30 17:12:44.310056+00:00,2026-07-30 16:40:24.370906+00:00,ambiente,raspberry_pi_4,camera,37.9,35.2,41.0
636,_result,0,2026-07-30 14:12:44.310056+00:00,2026-07-30 17:12:44.310056+00:00,2026-07-30 16:40:29.631311+00:00,ambiente,raspberry_pi_4,camera,37.9,35.2,41.0
637,_result,0,2026-07-30 14:12:44.310056+00:00,2026-07-30 17:12:44.310056+00:00,2026-07-30 16:40:34.901440+00:00,ambiente,raspberry_pi_4,camera,37.9,35.2,41.0
638,_result,0,2026-07-30 14:12:44.310056+00:00,2026-07-30 17:12:44.310056+00:00,2026-07-30 16:40:40.161756+00:00,ambiente,raspberry_pi_4,camera,37.9,35.2,41.0
639,_result,0,2026-07-30 14:12:44.310056+00:00,2026-07-30 17:12:44.310056+00:00,2026-07-30 16:40:45.430872+00:00,ambiente,raspberry_pi_4,camera,37.9,35.2,41.0
640,_result,0,2026-07-30 14:12:44.310056+00:00,2026-07-30 17:12:44.310056+00:00,2026-07-30 16:40:50.690971+00:00,ambiente,raspberry_pi_4,camera,37.9,35.2,41.0
641,_result,0,2026-07-30 14:12:44.310056+00:00,2026-07-30 17:12:44.310056+00:00,2026-07-30 16:40:55.963357+00:00,ambiente,raspberry_pi_4,camera,37.9,35.2,41.0
642,_result,0,2026-07-30 14:12:44.310056+00:00,2026-07-30 17:12:44.310056+00:00,2026-07-30 16:41:01.223413+00:00,ambiente,raspberry_pi_4,camera,37.9,35.2,41.0
643,_result,0,2026-07-30 14:12:44.310056+00:00,2026-07-30 17:12:44.310056+00:00,2026-07-30 16:41:06.492940+00:00,ambiente,raspberry_pi_4,camera,37.9,35.2,41.0
644,_result,0,2026-07-30 14:12:44.310056+00:00,2026-07-30 17:12:44.310056+00:00,2026-07-30 16:41:11.753145+00:00,ambiente,raspberry_pi_4,camera,37.9,35.2,41.0
645,_result,0,2026-07-30 14:12:44.310056+00:00,2026-07-30 17:12:44.310056+00:00,2026-07-30 16:41:17.024129+00:00,ambiente,raspberry_pi_4,camera,37.9,35.2,41.0
646,_result,0,2026-07-30 14:12:44.310056+00:00,2026-07-30 17:12:44.310056+00:00,2026-07-30 16:41:22.284312+00:00,ambiente,raspberry_pi_4,camera,37.9,35.2,41.0
647,_result,0,2026-07-30 14:12:44.310056+00:00,2026-07-30 17:12:44.310056+00:00,2026-07-30 16:41:27.556435+00:00,ambiente,raspberry_pi_4,camera,37.9,35.2,41.0
648,_result,0,2026-07-30 14:12:44.310056+00:00,2026-07-30 17:12:44.310056+00:00,2026-07-30 16:41:32.816852+00:00,ambiente,raspberry_pi_4,camera,37.9,35.2,41.0
649,_result,0,2026-07-30 14:12:44.310056+00:00,2026-07-30 17:12:44.310056+00:00,2026-07-30 16:41:38.086518+00:00,ambiente,raspberry_pi_4,camera,37.9,35.2,41.0
650,_result,0,2026-07-30 14:12:44.310056+00:00,2026-07-30 17:12:44.310056+00:00,2026-07-30 16:41:43.346784+00:00,ambiente,raspberry_pi_4,camera,37.9,35.2,41.0
651,_result,0,2026-07-30 14:12:44.310056+00:00,2026-07-30 17:12:44.310056+00:00,2026-07-30 16:41:48.619230+00:00,ambiente,raspberry_pi_4,camera,37.9,35.2,41.0
652,_result,0,2026-07-30 14:12:44.310056+00:00,2026-07-30 17:12:44.310056+00:00,2026-07-30 16:41:53.879393+00:00,ambiente,raspberry_pi_4,camera,37.9,35.2,41.0
653,_result,0,2026-07-30 14:12:44.310056+00:00,2026-07-30 17:12:44.310056+00:00,2026-07-30 16:41:59.149619+00:00,ambiente,raspberry_pi_4,camera,37.9,35.2,41.0
654,_result,0,2026-07-30 14:12:44.310056+00:00,2026-07-30 17:12:44.310056+00:00,2026-07-30 16:42:09.673189+00:00,ambiente,raspberry_pi_4,camera,37.9,35.2,41.0
655,_result,0,2026-07-30 14:12:44.310056+00:00,2026-07-30 17:12:44.310056+00:00,2026-07-30 16:42:14.933340+00:00,ambiente,raspberry_pi_4,camera,37.9,35.2,41.0
656,_result,0,2026-07-30 14:12:44.310056+00:00,2026-07-30 17:12:44.310056+00:00,2026-07-30 16:42:20.204789+00:00,ambiente,raspberry_pi_4,camera,37.9,35.2,41.0
657,_result,0,2026-07-30 14:12:44.310056+00:00,2026-07-30 17:12:44.310056+00:00,2026-07-30 16:42:25.465138+00:00,ambiente,raspberry_pi_4,camera,37.9,35.2,41.0
658,_result,0,2026-07-30 14:12:44.310056+00:00,2026-07-30 17:12:44.310056+00:00,2026-07-30 16:42:30.744013+00:00,ambiente,raspberry_pi_4,camera,37.9,35.2,41.0
659,_result,0,2026-07-30 14:12:44.310056+00:00,2026-07-30 17:12:44.310056+00:00,2026-07-30 16:42:36.004426+00:00,ambiente,raspberry_pi_4,camera,37.9,35.2,41.0
660,_result,0,2026-07-30 14:12:44.310056+00:00,2026-07-30 17:12:44.310056+00:00,2026-07-30 16:42:41.275709+00:00,ambiente,raspberry_pi_4,camera,37.9,35.2,41.0
661,_result,0,2026-07-30 14:12:44.310056+00:00,2026-07-30 17:12:44.310056+00:00,2026-07-30 16:42:46.535878+00:00,ambiente,raspberry_pi_4,camera,37.9,35.2,41.0
662,_result,0,2026-07-30 14:12:44.310056+00:00,2026-07-30 17:12:44.310056+00:00,2026-07-30 16:42:51.806974+00:00,ambiente,raspberry_pi_4,camera,37.9,35.2,41.0
663,_result,0,2026-07-30 14:12:44.310056+00:00,2026-07-30 17:12:44.310056+00:00,2026-07-30 16:42:57.067420+00:00,ambiente,raspberry_pi_4,camera,37.9,35.2,41.0
664,_result,0,2026-07-30 14:12:44.310056+00:00,2026-07-30 17:12:44.310056+00:00,2026-07-30 16:43:02.337071+00:00,ambiente,raspberry_pi_4,camera,37.9,35.2,41.0
665,_result,0,2026-07-30 14:12:44.310056+00:00,2026-07-30 17:12:44.310056+00:00,2026-07-30 16:43:07.597256+00:00,ambiente,raspberry_pi_4,camera,37.9,35.2,41.0
666,_result,0,2026-07-30 14:12:44.310056+00:00,2026-07-30 17:12:44.310056+00:00,2026-07-30 16:43:12.867243+00:00,ambiente,raspberry_pi_4,camera,37.9,35.2,41.0
667,_result,0,2026-07-30 14:12:44.310056+00:00,2026-07-30 17:12:44.310056+00:00,2026-07-30 16:43:18.127409+00:00,ambiente,raspberry_pi_4,camera,37.9,35.2,41.0
668,_result,0,2026-07-30 14:12:44.310056+00:00,2026-07-30 17:12:44.310056+00:00,2026-07-30 16:43:23.399251+00:00,ambiente,raspberry_pi_4,camera,37.9,35.2,41.0
669,_result,0,2026-07-30 14:12:44.310056+00:00,2026-07-30 17:12:44.310056+00:00,2026-07-30 16:43:28.659492+00:00,ambiente,raspberry_pi_4,camera,37.9,35.2,41.0
670,_result,0,2026-07-30 14:12:44.310056+00:00,2026-07-30 17:12:44.310056+00:00,2026-07-30 16:43:33.929172+00:00,ambiente,raspberry_pi_4,camera,37.9,35.2,41.0
671,_result,0,2026-07-30 14:12:44.310056+00:00,2026-07-30 17:12:44.310056+00:00,2026-07-30 16:43:39.189456+00:00,ambiente,raspberry_pi_4,camera,37.9,35.2,41.0
672,_result,0,2026-07-30 14:12:44.310056+00:00,2026-07-30 17:12:44.310056+00:00,2026-07-30 16:43:44.458813+00:00,ambiente,raspberry_pi_4,camera,37.9,35.2,41.0
673,_result,0,2026-07-30 14:12:44.310056+00:00,2026-07-30 17:12:44.310056+00:00,2026-07-30 16:43:49.718904+00:00,ambiente,raspberry_pi_4,camera,37.9,35.2,41.0
674,_result,0,2026-07-30 14:12:44.310056+00:00,2026-07-30 17:12:44.310056+00:00,2026-07-30 16:43:54.989656+00:00,ambiente,raspberry_pi_4,camera,37.9,35.2,41.0
675,_result,0,2026-07-30 14:12:44.310056+00:00,2026-07-30 17:12:44.310056+00:00,2026-07-30 16:44:00.249845+00:00,ambiente,raspberry_pi_4,camera,37.9,35.2,41.0
676,_result,0,2026-07-30 14:12:44.310056+00:00,2026-07-30 17:12:44.310056+00:00,2026-07-30 16:44:05.519792+00:00,ambiente,raspberry_pi_4,camera,37.9,35.2,41.0
677,_result,0,2026-07-30 14:12:44.310056+00:00,2026-07-30 17:12:44.310056+00:00,2026-07-30 16:44:10.780083+00:00,ambiente,raspberry_pi_4,camera,37.9,35.2,41.0
678,_result,0,2026-07-30 14:12:44.310056+00:00,2026-07-30 17:12:44.310056+00:00,2026-07-30 16:44:16.050068+00:00,ambiente,raspberry_pi_4,camera,37.9,35.2,41.0
679,_result,0,2026-07-30 14:12:44.310056+00:00,2026-07-30 17:12:44.310056+00:00,2026-07-30 16:44:21.312492+00:00,ambiente,raspberry_pi_4,camera,37.9,35.2,41.0
680,_result,0,2026-07-30 14:12:44.310056+00:00,2026-07-30 17:12:44.310056+00:00,2026-07-30 16:44:31.837001+00:00,ambiente,raspberry_pi_4,camera,37.9,35.2,41.0
681,_result,0,2026-07-30 14:12:44.310056+00:00,2026-07-30 17:12:44.310056+00:00,2026-07-30 16:44:37.107077+00:00,ambiente,raspberry_pi_4,camera,37.9,35.2,41.0
682,_result,0,2026-07-30 14:12:44.310056+00:00,2026-07-30 17:12:44.310056+00:00,2026-07-30 16:44:42.368027+00:00,ambiente,raspberry_pi_4,camera,37.9,35.2,41.0
683,_result,0,2026-07-30 14:12:44.310056+00:00,2026-07-30 17:12:44.310056+00:00,2026-07-30 16:44:47.639643+00:00,ambiente,raspberry_pi_4,camera,37.9,35.2,41.0
684,_result,0,2026-07-30 14:12:44.310056+00:00,2026-07-30 17:12:44.310056+00:00,2026-07-30 16:44:52.907371+00:00,ambiente,raspberry_pi_4,camera,37.9,35.2,41.0
685,_result,0,2026-07-30 14:12:44.310056+00:00,2026-07-30 17:12:44.310056+00:00,2026-07-30 16:44:58.176998+00:00,ambiente,raspberry_pi_4,camera,37.9,35.2,41.0
686,_result,0,2026-07-30 14:12:44.310056+00:00,2026-07-30 17:12:44.310056+00:00,2026-07-30 16:45:03.437308+00:00,ambiente,raspberry_pi_4,camera,37.9,35.2,41.0
687,_result,0,2026-07-30 14:12:44.310056+00:00,2026-07-30 17:12:44.310056+00:00,2026-07-30 16:45:08.707012+00:00,ambiente,raspberry_pi_4,camera,37.9,35.2,41.0
688,_result,0,2026-07-30 14:12:44.310056+00:00,2026-07-30 17:12:44.310056+00:00,2026-07-30 16:45:13.967297+00:00,ambiente,raspberry_pi_4,camera,37.9,35.2,41.0
689,_result,0,2026-07-30 14:12:44.310056+00:00,2026-07-30 17:12:44.310056+00:00,2026-07-30 16:45:19.238954+00:00,ambiente,raspberry_pi_4,camera,37.9,35.2,41.0
690,_result,0,2026-07-30 14:12:44.310056+00:00,2026-07-30 17:12:44.310056+00:00,2026-07-30 16:45:24.499286+00:00,ambiente,raspberry_pi_4,camera,37.9,35.2,41.0
691,_result,0,2026-07-30 14:12:44.310056+00:00,2026-07-30 17:12:44.310056+00:00,2026-07-30 16:45:29.768705+00:00,ambiente,raspberry_pi_4,camera,37.9,35.2,41.0
692,_result,0,2026-07-30 14:12:44.310056+00:00,2026-07-30 17:12:44.310056+00:00,2026-07-30 16:45:35.028976+00:00,ambiente,raspberry_pi_4,camera,37.9,35.2,41.0
693,_result,0,2026-07-30 14:12:44.310056+00:00,2026-07-30 17:12:44.310056+00:00,2026-07-30 16:45:40.298794+00:00,ambiente,raspberry_pi_4,camera,37.9,35.2,41.0
694,_result,0,2026-07-30 14:12:44.310056+00:00,2026-07-30 17:12:44.310056+00:00,2026-07-30 16:45:45.559939+00:00,ambiente,raspberry_pi_4,camera,37.9,35.2,41.0
695,_result,0,2026-07-30 14:12:44.310056+00:00,2026-07-30 17:12:44.310056+00:00,2026-07-30 16:45:50.831479+00:00,ambiente,raspberry_pi_4,camera,37.9,35.2,41.0
696,_result,0,2026-07-30 14:12:44.310056+00:00,2026-07-30 17:12:44.310056+00:00,2026-07-30 16:45:56.091501+00:00,ambiente,raspberry_pi_4,camera,37.9,35.2,41.0
697,_result,0,2026-07-30 14:12:44.310056+00:00,2026-07-30 17:12:44.310056+00:00,2026-07-30 16:46:01.361231+00:00,ambiente,raspberry_pi_4,camera,37.9,35.2,41.0
698,_result,0,2026-07-30 14:12:44.310056+00:00,2026-07-30 17:12:44.310056+00:00,2026-07-30 16:46:06.621401+00:00,ambiente,raspberry_pi_4,camera,37.9,35.2,41.0
699,_result,0,2026-07-30 14:12:44.310056+00:00,2026-07-30 17:12:44.310056+00:00,2026-07-30 16:46:11.892066+00:00,ambiente,raspberry_pi_4,camera,37.9,35.2,41.0
700,_result,0,2026-07-30 14:12:44.310056+00:00,2026-07-30 17:12:44.310056+00:00,2026-07-30 16:46:17.152192+00:00,ambiente,raspberry_pi_4,camera,37.9,35.2,41.0
701,_result,0,2026-07-30 14:12:44.310056+00:00,2026-07-30 17:12:44.310056+00:00,2026-07-30 16:46:22.424004+00:00,ambiente,raspberry_pi_4,camera,37.9,35.2,41.0
702,_result,0,2026-07-30 14:12:44.310056+00:00,2026-07-30 17:12:44.310056+00:00,2026-07-30 16:46:27.684045+00:00,ambiente,raspberry_pi_4,camera,37.9,35.2,41.0
703,_result,0,2026-07-30 14:12:44.310056+00:00,2026-07-30 17:12:44.310056+00:00,2026-07-30 16:46:32.953650+00:00,ambiente,raspberry_pi_4,camera,37.9,35.2,41.0
704,_result,0,2026-07-30 14:12:44.310056+00:00,2026-07-30 17:12:44.310056+00:00,2026-07-30 16:46:38.213955+00:00,ambiente,raspberry_pi_4,camera,37.9,35.2,41.0
705,_result,0,2026-07-30 14:12:44.310056+00:00,2026-07-30 17:12:44.310056+00:00,2026-07-30 16:46:43.485723+00:00,ambiente,raspberry_pi_4,camera,37.9,35.2,41.0
706,_result,0,2026-07-30 14:12:44.310056+00:00,2026-07-30 17:12:44.310056+00:00,2026-07-30 16:46:48.745775+00:00,ambiente,raspberry_pi_4,camera,37.9,35.2,41.0
707,_result,0,2026-07-30 14:12:44.310056+00:00,2026-07-30 17:12:44.310056+00:00,2026-07-30 16:46:54.016260+00:00,ambiente,raspberry_pi_4,camera,37.9,35.2,41.0
708,_result,0,2026-07-30 14:12:44.310056+00:00,2026-07-30 17:12:44.310056+00:00,2026-07-30 16:46:59.276280+00:00,ambiente,raspberry_pi_4,camera,37.9,35.2,41.0
709,_result,0,2026-07-30 14:12:44.310056+00:00,2026-07-30 17:12:44.310056+00:00,2026-07-30 16:47:04.545761+00:00,ambiente,raspberry_pi_4,camera,37.9,35.2,41.0
710,_result,0,2026-07-30 14:12:44.310056+00:00,2026-07-30 17:12:44.310056+00:00,2026-07-30 16:47:09.805565+00:00,ambiente,raspberry_pi_4,camera,37.9,35.2,41.0
711,_result,0,2026-07-30 14:12:44.310056+00:00,2026-07-30 17:12:44.310056+00:00,2026-07-30 16:47:15.075402+00:00,ambiente,raspberry_pi_4,camera,37.9,35.2,41.0
712,_result,0,2026-07-30 14:12:44.310056+00:00,2026-07-30 17:12:44.310056+00:00,2026-07-30 16:47:20.335338+00:00,ambiente,raspberry_pi_4,camera,37.9,35.2,41.0
713,_result,0,2026-07-30 14:12:44.310056+00:00,2026-07-30 17:12:44.310056+00:00,2026-07-30 16:47:25.606368+00:00,ambiente,raspberry_pi_4,camera,37.9,35.2,41.0
714,_result,0,2026-07-30 14:12:44.310056+00:00,2026-07-30 17:12:44.310056+00:00,2026-07-30 16:47:30.866574+00:00,ambiente,raspberry_pi_4,camera,37.9,35.2,41.0
715,_result,0,2026-07-30 14:12:44.310056+00:00,2026-07-30 17:12:44.310056+00:00,2026-07-30 16:47:36.136203+00:00,ambiente,raspberry_pi_4,camera,37.9,35.2,41.0
716,_result,0,2026-07-30 14:12:44.310056+00:00,2026-07-30 17:12:44.310056+00:00,2026-07-30 16:47:41.396327+00:00,ambiente,raspberry_pi_4,camera,37.9,35.2,41.0
717,_result,0,2026-07-30 14:12:44.310056+00:00,2026-07-30 17:12:44.310056+00:00,2026-07-30 16:47:46.665972+00:00,ambiente,raspberry_pi_4,camera,37.9,35.2,41.0
718,_result,0,2026-07-30 14:12:44.310056+00:00,2026-07-30 17:12:44.310056+00:00,2026-07-30 16:47:51.927959+00:00,ambiente,raspberry_pi_4,camera,37.9,35.2,41.0
719,_result,0,2026-07-30 14:12:44.310056+00:00,2026-07-30 17:12:44.310056+00:00,2026-07-30 16:47:57.197184+00:00,ambiente,raspberry_pi_4,camera,37.9,35.2,41.0
720,_result,0,2026-07-30 14:12:44.310056+00:00,2026-07-30 17:12:44.310056+00:00,2026-07-30 16:48:02.457927+00:00,ambiente,raspberry_pi_4,camera,37.9,35.2,41.0
721,_result,0,2026-07-30 14:12:44.310056+00:00,2026-07-30 17:12:44.310056+00:00,2026-07-30 16:48:07.727264+00:00,ambiente,raspberry_pi_4,camera,37.9,35.2,41.0
722,_result,0,2026-07-30 14:12:44.310056+00:00,2026-07-30 17:12:44.310056+00:00,2026-07-30 16:48:18.252725+00:00,ambiente,raspberry_pi_4,camera,37.9,35.2,41.0
723,_result,0,2026-07-30 14:12:44.310056+00:00,2026-07-30 17:12:44.310056+00:00,2026-07-30 16:48:23.512560+00:00,ambiente,raspberry_pi_4,camera,37.9,35.2,41.0
724,_result,0,2026-07-30 14:12:44.310056+00:00,2026-07-30 17:12:44.310056+00:00,2026-07-30 16:48:28.781711+00:00,ambiente,raspberry_pi_4,camera,37.9,35.2,41.0
725,_result,0,2026-07-30 14:12:44.310056+00:00,2026-07-30 17:12:44.310056+00:00,2026-07-30 16:48:34.041996+00:00,ambiente,raspberry_pi_4,camera,37.9,35.2,41.0
726,_result,0,2026-07-30 14:12:44.310056+00:00,2026-07-30 17:12:44.310056+00:00,2026-07-30 16:48:39.311365+00:00,ambiente,raspberry_pi_4,camera,37.9,35.2,41.0
727,_result,0,2026-07-30 14:12:44.310056+00:00,2026-07-30 17:12:44.310056+00:00,2026-07-30 16:48:44.571538+00:00,ambiente,raspberry_pi_4,camera,37.9,35.2,41.0
728,_result,0,2026-07-30 14:12:44.310056+00:00,2026-07-30 17:12:44.310056+00:00,2026-07-30 16:48:49.842472+00:00,ambiente,raspberry_pi_4,camera,37.9,35.2,41.0
729,_result,0,2026-07-30 14:12:44.310056+00:00,2026-07-30 17:12:44.310056+00:00,2026-07-30 16:48:55.102547+00:00,ambiente,raspberry_pi_4,camera,37.9,35.2,41.0
730,_result,0,2026-07-30 14:12:44.310056+00:00,2026-07-30 17:12:44.310056+00:00,2026-07-30 16:49:00.372196+00:00,ambiente,raspberry_pi_4,camera,37.9,35.2,41.0
731,_result,0,2026-07-30 14:12:44.310056+00:00,2026-07-30 17:12:44.310056+00:00,2026-07-30 16:49:05.632070+00:00,ambiente,raspberry_pi_4,camera,37.9,35.2,41.0
732,_result,0,2026-07-30 14:12:44.310056+00:00,2026-07-30 17:12:44.310056+00:00,2026-07-30 16:49:10.901772+00:00,ambiente,raspberry_pi_4,camera,37.9,35.2,41.0
733,_result,0,2026-07-30 14:12:44.310056+00:00,2026-07-30 17:12:44.310056+00:00,2026-07-30 16:49:16.161800+00:00,ambiente,raspberry_pi_4,camera,37.9,35.2,41.0
734,_result,0,2026-07-30 14:12:44.310056+00:00,2026-07-30 17:12:44.310056+00:00,2026-07-30 16:49:21.433033+00:00,ambiente,raspberry_pi_4,camera,37.9,35.2,41.0
735,_result,0,2026-07-30 14:12:44.310056+00:00,2026-07-30 17:12:44.310056+00:00,2026-07-30 16:49:26.692861+00:00,ambiente,raspberry_pi_4,camera,37.9,35.2,41.0
736,_result,0,2026-07-30 14:12:44.310056+00:00,2026-07-30 17:12:44.310056+00:00,2026-07-30 16:49:31.962109+00:00,ambiente,raspberry_pi_4,camera,37.9,35.2,41.0
737,_result,0,2026-07-30 14:12:44.310056+00:00,2026-07-30 17:12:44.310056+00:00,2026-07-30 16:49:37.222322+00:00,ambiente,raspberry_pi_4,camera,37.9,35.2,41.0
738,_result,0,2026-07-30 14:12:44.310056+00:00,2026-07-30 17:12:44.310056+00:00,2026-07-30 16:49:42.491815+00:00,ambiente,raspberry_pi_4,camera,37.9,35.2,41.0
739,_result,0,2026-07-30 14:12:44.310056+00:00,2026-07-30 17:12:44.310056+00:00,2026-07-30 16:49:47.751838+00:00,ambiente,raspberry_pi_4,camera,37.9,35.2,41.0
740,_result,0,2026-07-30 14:12:44.310056+00:00,2026-07-30 17:12:44.310056+00:00,2026-07-30 16:49:53.022553+00:00,ambiente,raspberry_pi_4,camera,37.9,35.2,41.0
741,_result,0,2026-07-30 14:12:44.310056+00:00,2026-07-30 17:12:44.310056+00:00,2026-07-30 16:49:58.283975+00:00,ambiente,raspberry_pi_4,camera,37.9,35.2,41.0
742,_result,0,2026-07-30 14:12:44.310056+00:00,2026-07-30 17:12:44.310056+00:00,2026-07-30 16:50:03.553556+00:00,ambiente,raspberry_pi_4,camera,37.9,35.2,41.0
743,_result,0,2026-07-30 14:12:44.310056+00:00,2026-07-30 17:12:44.310056+00:00,2026-07-30 16:50:08.813685+00:00,ambiente,raspberry_pi_4,camera,37.9,35.2,41.0
744,_result,0,2026-07-30 14:12:44.310056+00:00,2026-07-30 17:12:44.310056+00:00,2026-07-30 16:50:14.083436+00:00,ambiente,raspberry_pi_4,camera,37.9,35.2,41.0
745,_result,0,2026-07-30 14:12:44.310056+00:00,2026-07-30 17:12:44.310056+00:00,2026-07-30 16:50:19.343537+00:00,ambiente,raspberry_pi_4,camera,37.9,35.2,41.0
746,_result,0,2026-07-30 14:12:44.310056+00:00,2026-07-30 17:12:44.310056+00:00,2026-07-30 16:50:24.614358+00:00,ambiente,raspberry_pi_4,camera,37.9,35.2,41.0
747,_result,0,2026-07-30 14:12:44.310056+00:00,2026-07-30 17:12:44.310056+00:00,2026-07-30 16:50:29.874480+00:00,ambiente,raspberry_pi_4,camera,37.9,35.2,41.0
748,_result,0,2026-07-30 14:12:44.310056+00:00,2026-07-30 17:12:44.310056+00:00,2026-07-30 16:50:35.144304+00:00,ambiente,raspberry_pi_4,camera,37.9,35.2,41.0
749,_result,0,2026-07-30 14:12:44.310056+00:00,2026-07-30 17:12:44.310056+00:00,2026-07-30 16:50:40.404294+00:00,ambiente,raspberry_pi_4,camera,37.9,35.2,41.0
750,_result,0,2026-07-30 14:12:44.310056+00:00,2026-07-30 17:12:44.310056+00:00,2026-07-30 16:50:45.673985+00:00,ambiente,raspberry_pi_4,camera,37.9,35.2,41.0
751,_result,0,2026-07-30 14:12:44.310056+00:00,2026-07-30 17:12:44.310056+00:00,2026-07-30 16:50:50.934283+00:00,ambiente,raspberry_pi_4,camera,37.9,35.2,41.0
752,_result,0,2026-07-30 14:12:44.310056+00:00,2026-07-30 17:12:44.310056+00:00,2026-07-30 16:50:56.206804+00:00,ambiente,raspberry_pi_4,camera,37.9,35.2,41.0
753,_result,0,2026-07-30 14:12:44.310056+00:00,2026-07-30 17:12:44.310056+00:00,2026-07-30 16:51:01.466603+00:00,ambiente,raspberry_pi_4,camera,37.9,35.2,41.0
754,_result,0,2026-07-30 14:12:44.310056+00:00,2026-07-30 17:12:44.310056+00:00,2026-07-30 16:51:06.736662+00:00,ambiente,raspberry_pi_4,camera,37.9,35.2,41.0
755,_result,0,2026-07-30 14:12:44.310056+00:00,2026-07-30 17:12:44.310056+00:00,2026-07-30 16:51:11.996874+00:00,ambiente,raspberry_pi_4,camera,37.9,35.2,41.0
756,_result,0,2026-07-30 14:12:44.310056+00:00,2026-07-30 17:12:44.310056+00:00,2026-07-30 16:51:17.268208+00:00,ambiente,raspberry_pi_4,camera,37.9,35.2,41.0
757,_result,0,2026-07-30 14:12:44.310056+00:00,2026-07-30 17:12:44.310056+00:00,2026-07-30 16:51:22.528574+00:00,ambiente,raspberry_pi_4,camera,37.9,35.2,41.0
758,_result,0,2026-07-30 14:12:44.310056+00:00,2026-07-30 17:12:44.310056+00:00,2026-07-30 16:51:27.797967+00:00,ambiente,raspberry_pi_4,camera,37.9,35.2,41.0
759,_result,0,2026-07-30 14:12:44.310056+00:00,2026-07-30 17:12:44.310056+00:00,2026-07-30 16:51:38.322152+00:00,ambiente,raspberry_pi_4,camera,37.9,35.2,41.0
760,_result,0,2026-07-30 14:12:44.310056+00:00,2026-07-30 17:12:44.310056+00:00,2026-07-30 16:51:43.582288+00:00,ambiente,raspberry_pi_4,camera,37.9,35.2,41.0
761,_result,0,2026-07-30 14:12:44.310056+00:00,2026-07-30 17:12:44.310056+00:00,2026-07-30 16:51:48.854158+00:00,ambiente,raspberry_pi_4,camera,37.9,35.2,41.0
762,_result,0,2026-07-30 14:12:44.310056+00:00,2026-07-30 17:12:44.310056+00:00,2026-07-30 16:51:54.114023+00:00,ambiente,raspberry_pi_4,camera,37.9,35.2,41.0
763,_result,0,2026-07-30 14:12:44.310056+00:00,2026-07-30 17:12:44.310056+00:00,2026-07-30 16:51:59.383892+00:00,ambiente,raspberry_pi_4,camera,37.9,35.2,41.0
764,_result,0,2026-07-30 14:12:44.310056+00:00,2026-07-30 17:12:44.310056+00:00,2026-07-30 16:52:04.643846+00:00,ambiente,raspberry_pi_4,camera,37.9,35.2,41.0
765,_result,0,2026-07-30 14:12:44.310056+00:00,2026-07-30 17:12:44.310056+00:00,2026-07-30 16:52:09.914557+00:00,ambiente,raspberry_pi_4,camera,37.9,35.2,41.0
766,_result,0,2026-07-30 14:12:44.310056+00:00,2026-07-30 17:12:44.310056+00:00,2026-07-30 16:52:15.174560+00:00,ambiente,raspberry_pi_4,camera,37.9,35.2,41.0
767,_result,0,2026-07-30 14:12:44.310056+00:00,2026-07-30 17:12:44.310056+00:00,2026-07-30 16:52:20.445613+00:00,ambiente,raspberry_pi_4,camera,37.9,35.2,41.0
768,_result,0,2026-07-30 14:12:44.310056+00:00,2026-07-30 17:12:44.310056+00:00,2026-07-30 16:52:25.712314+00:00,ambiente,raspberry_pi_4,camera,37.9,35.2,41.0
769,_result,0,2026-07-30 14:12:44.310056+00:00,2026-07-30 17:12:44.310056+00:00,2026-07-30 16:52:30.983748+00:00,ambiente,raspberry_pi_4,camera,37.9,35.2,41.0
770,_result,0,2026-07-30 14:12:44.310056+00:00,2026-07-30 17:12:44.310056+00:00,2026-07-30 16:52:36.243832+00:00,ambiente,raspberry_pi_4,camera,37.9,35.2,41.0
771,_result,0,2026-07-30 14:12:44.310056+00:00,2026-07-30 17:12:44.310056+00:00,2026-07-30 16:52:41.513495+00:00,ambiente,raspberry_pi_4,camera,37.9,35.2,41.0
772,_result,0,2026-07-30 14:12:44.310056+00:00,2026-07-30 17:12:44.310056+00:00,2026-07-30 16:52:46.773451+00:00,ambiente,raspberry_pi_4,camera,37.9,35.2,41.0
773,_result,0,2026-07-30 14:12:44.310056+00:00,2026-07-30 17:12:44.310056+00:00,2026-07-30 16:52:52.044836+00:00,ambiente,raspberry_pi_4,camera,37.9,35.2,41.0
774,_result,0,2026-07-30 14:12:44.310056+00:00,2026-07-30 17:12:44.310056+00:00,2026-07-30 16:52:57.305112+00:00,ambiente,raspberry_pi_4,camera,37.9,35.2,41.0
775,_result,0,2026-07-30 14:12:44.310056+00:00,2026-07-30 17:12:44.310056+00:00,2026-07-30 16:53:02.574407+00:00,ambiente,raspberry_pi_4,camera,37.9,35.2,41.0
776,_result,0,2026-07-30 14:12:44.310056+00:00,2026-07-30 17:12:44.310056+00:00,2026-07-30 16:53:07.835521+00:00,ambiente,raspberry_pi_4,camera,37.9,35.2,41.0
777,_result,0,2026-07-30 14:12:44.310056+00:00,2026-07-30 17:12:44.310056+00:00,2026-07-30 16:53:13.106934+00:00,ambiente,raspberry_pi_4,camera,37.9,35.2,41.0
778,_result,0,2026-07-30 14:12:44.310056+00:00,2026-07-30 17:12:44.310056+00:00,2026-07-30 16:53:18.368724+00:00,ambiente,raspberry_pi_4,camera,37.9,35.2,41.0
779,_result,0,2026-07-30 14:12:44.310056+00:00,2026-07-30 17:12:44.310056+00:00,2026-07-30 16:53:23.642468+00:00,ambiente,raspberry_pi_4,camera,37.9,35.2,41.0
780,_result,0,2026-07-30 14:12:44.310056+00:00,2026-07-30 17:12:44.310056+00:00,2026-07-30 16:53:28.903285+00:00,ambiente,raspberry_pi_4,camera,37.9,35.2,41.0
781,_result,0,2026-07-30 14:12:44.310056+00:00,2026-07-30 17:12:44.310056+00:00,2026-07-30 16:53:34.175880+00:00,ambiente,raspberry_pi_4,camera,37.9,35.2,41.0
782,_result,0,2026-07-30 14:12:44.310056+00:00,2026-07-30 17:12:44.310056+00:00,2026-07-30 16:53:39.436948+00:00,ambiente,raspberry_pi_4,camera,37.9,35.2,41.0
783,_result,0,2026-07-30 14:12:44.310056+00:00,2026-07-30 17:12:44.310056+00:00,2026-07-30 16:53:44.706710+00:00,ambiente,raspberry_pi_4,camera,37.9,35.2,41.0
784,_result,0,2026-07-30 14:12:44.310056+00:00,2026-07-30 17:12:44.310056+00:00,2026-07-30 16:53:49.966601+00:00,ambiente,raspberry_pi_4,camera,37.9,35.2,41.0
785,_result,0,2026-07-30 14:12:44.310056+00:00,2026-07-30 17:12:44.310056+00:00,2026-07-30 16:53:55.237658+00:00,ambiente,raspberry_pi_4,camera,37.9,35.2,41.0
786,_result,0,2026-07-30 14:12:44.310056+00:00,2026-07-30 17:12:44.310056+00:00,2026-07-30 16:54:00.497923+00:00,ambiente,raspberry_pi_4,camera,37.9,35.2,41.0
787,_result,0,2026-07-30 14:12:44.310056+00:00,2026-07-30 17:12:44.310056+00:00,2026-07-30 16:54:05.767637+00:00,ambiente,raspberry_pi_4,camera,37.9,35.2,41.0
788,_result,0,2026-07-30 14:12:44.310056+00:00,2026-07-30 17:12:44.310056+00:00,2026-07-30 16:54:11.027834+00:00,ambiente,raspberry_pi_4,camera,37.6,35.2,40.0
789,_result,0,2026-07-30 14:12:44.310056+00:00,2026-07-30 17:12:44.310056+00:00,2026-07-30 16:54:16.297751+00:00,ambiente,raspberry_pi_4,camera,37.6,35.2,40.0
790,_result,0,2026-07-30 14:12:44.310056+00:00,2026-07-30 17:12:44.310056+00:00,2026-07-30 16:54:21.559317+00:00,ambiente,raspberry_pi_4,camera,37.9,35.2,41.0
791,_result,0,2026-07-30 14:12:44.310056+00:00,2026-07-30 17:12:44.310056+00:00,2026-07-30 16:54:26.829305+00:00,ambiente,raspberry_pi_4,camera,37.9,35.2,41.0
792,_result,0,2026-07-30 14:12:44.310056+00:00,2026-07-30 17:12:44.310056+00:00,2026-07-30 16:54:32.089434+00:00,ambiente,raspberry_pi_4,camera,37.6,35.2,40.0
793,_result,0,2026-07-30 14:12:44.310056+00:00,2026-07-30 17:12:44.310056+00:00,2026-07-30 16:54:37.359672+00:00,ambiente,raspberry_pi_4,camera,37.2,35.0,40.0
794,_result,0,2026-07-30 14:12:44.310056+00:00,2026-07-30 17:12:44.310056+00:00,2026-07-30 16:54:42.619709+00:00,ambiente,raspberry_pi_4,camera,37.3,34.9,41.0
795,_result,0,2026-07-30 14:12:44.310056+00:00,2026-07-30 17:12:44.310056+00:00,2026-07-30 16:54:47.890853+00:00,ambiente,raspberry_pi_4,camera,37.0,34.7,41.0
796,_result,0,2026-07-30 14:12:44.310056+00:00,2026-07-30 17:12:44.310056+00:00,2026-07-30 16:54:53.150764+00:00,ambiente,raspberry_pi_4,camera,37.0,34.7,41.0
797,_result,0,2026-07-30 14:12:44.310056+00:00,2026-07-30 17:12:44.310056+00:00,2026-07-30 16:54:58.421004+00:00,ambiente,raspberry_pi_4,camera,37.0,34.7,41.0
798,_result,0,2026-07-30 14:12:44.310056+00:00,2026-07-30 17:12:44.310056+00:00,2026-07-30 16:55:03.681010+00:00,ambiente,raspberry_pi_4,camera,37.0,34.7,41.0
799,_result,0,2026-07-30 14:12:44.310056+00:00,2026-07-30 17:12:44.310056+00:00,2026-07-30 16:55:08.950814+00:00,ambiente,raspberry_pi_4,camera,37.0,34.7,41.0
800,_result,0,2026-07-30 14:12:44.310056+00:00,2026-07-30 17:12:44.310056+00:00,2026-07-30 16:55:14.210725+00:00,ambiente,raspberry_pi_4,camera,37.0,34.7,41.0
801,_result,0,2026-07-30 14:12:44.310056+00:00,2026-07-30 17:12:44.310056+00:00,2026-07-30 16:55:24.735588+00:00,ambiente,raspberry_pi_4,camera,37.0,34.7,41.0
802,_result,0,2026-07-30 14:12:44.310056+00:00,2026-07-30 17:12:44.310056+00:00,2026-07-30 16:55:30.005119+00:00,ambiente,raspberry_pi_4,camera,37.0,34.7,41.0
803,_result,0,2026-07-30 14:12:44.310056+00:00,2026-07-30 17:12:44.310056+00:00,2026-07-30 16:55:35.265747+00:00,ambiente,raspberry_pi_4,camera,37.0,34.7,41.0
804,_result,0,2026-07-30 14:12:44.310056+00:00,2026-07-30 17:12:44.310056+00:00,2026-07-30 16:55:40.535041+00:00,ambiente,raspberry_pi_4,camera,37.0,34.7,41.0
805,_result,0,2026-07-30 14:12:44.310056+00:00,2026-07-30 17:12:44.310056+00:00,2026-07-30 16:55:45.795190+00:00,ambiente,raspberry_pi_4,camera,37.0,34.7,41.0
806,_result,0,2026-07-30 14:12:44.310056+00:00,2026-07-30 17:12:44.310056+00:00,2026-07-30 16:55:51.066179+00:00,ambiente,raspberry_pi_4,camera,37.0,34.7,41.0
807,_result,0,2026-07-30 14:12:44.310056+00:00,2026-07-30 17:12:44.310056+00:00,2026-07-30 16:55:56.326215+00:00,ambiente,raspberry_pi_4,camera,37.0,34.7,41.0
808,_result,0,2026-07-30 14:12:44.310056+00:00,2026-07-30 17:12:44.310056+00:00,2026-07-30 16:56:01.595746+00:00,ambiente,raspberry_pi_4,camera,37.0,34.7,41.0
809,_result,0,2026-07-30 14:12:44.310056+00:00,2026-07-30 17:12:44.310056+00:00,2026-07-30 16:56:06.855737+00:00,ambiente,raspberry_pi_4,camera,37.0,34.7,41.0
810,_result,0,2026-07-30 14:12:44.310056+00:00,2026-07-30 17:12:44.310056+00:00,2026-07-30 16:56:12.125661+00:00,ambiente,raspberry_pi_4,camera,37.0,34.7,41.0
811,_result,0,2026-07-30 14:12:44.310056+00:00,2026-07-30 17:12:44.310056+00:00,2026-07-30 16:56:17.385977+00:00,ambiente,raspberry_pi_4,camera,37.0,34.7,41.0
812,_result,0,2026-07-30 14:12:44.310056+00:00,2026-07-30 17:12:44.310056+00:00,2026-07-30 16:56:22.656860+00:00,ambiente,raspberry_pi_4,camera,37.0,34.7,41.0
813,_result,0,2026-07-30 14:12:44.310056+00:00,2026-07-30 17:12:44.310056+00:00,2026-07-30 16:56:27.917023+00:00,ambiente,raspberry_pi_4,camera,37.0,34.7,41.0
814,_result,0,2026-07-30 14:12:44.310056+00:00,2026-07-30 17:12:44.310056+00:00,2026-07-30 16:56:33.186712+00:00,ambiente,raspberry_pi_4,camera,37.0,34.7,41.0
815,_result,0,2026-07-30 14:12:44.310056+00:00,2026-07-30 17:12:44.310056+00:00,2026-07-30 16:56:43.710114+00:00,ambiente,raspberry_pi_4,camera,37.0,34.7,41.0
816,_result,0,2026-07-30 14:12:44.310056+00:00,2026-07-30 17:12:44.310056+00:00,2026-07-30 16:56:48.970222+00:00,ambiente,raspberry_pi_4,camera,37.0,34.7,41.0
817,_result,0,2026-07-30 14:12:44.310056+00:00,2026-07-30 17:12:44.310056+00:00,2026-07-30 16:56:54.242107+00:00,ambiente,raspberry_pi_4,camera,37.0,34.7,41.0
818,_result,0,2026-07-30 14:12:44.310056+00:00,2026-07-30 17:12:44.310056+00:00,2026-07-30 16:56:59.502094+00:00,ambiente,raspberry_pi_4,camera,37.0,34.7,41.0
819,_result,0,2026-07-30 14:12:44.310056+00:00,2026-07-30 17:12:44.310056+00:00,2026-07-30 16:57:04.771673+00:00,ambiente,raspberry_pi_4,camera,37.0,34.7,41.0
820,_result,0,2026-07-30 14:12:44.310056+00:00,2026-07-30 17:12:44.310056+00:00,2026-07-30 16:57:10.031645+00:00,ambiente,raspberry_pi_4,camera,37.0,34.7,41.0
821,_result,0,2026-07-30 14:12:44.310056+00:00,2026-07-30 17:12:44.310056+00:00,2026-07-30 16:57:15.301170+00:00,ambiente,raspberry_pi_4,camera,37.0,34.7,41.0
822,_result,0,2026-07-30 14:12:44.310056+00:00,2026-07-30 17:12:44.310056+00:00,2026-07-30 16:57:20.561389+00:00,ambiente,raspberry_pi_4,camera,37.0,34.7,41.0
823,_result,0,2026-07-30 14:12:44.310056+00:00,2026-07-30 17:12:44.310056+00:00,2026-07-30 16:57:25.833718+00:00,ambiente,raspberry_pi_4,camera,37.0,34.7,41.0
824,_result,0,2026-07-30 14:12:44.310056+00:00,2026-07-30 17:12:44.310056+00:00,2026-07-30 16:57:31.093697+00:00,ambiente,raspberry_pi_4,camera,37.0,34.7,41.0
825,_result,0,2026-07-30 14:12:44.310056+00:00,2026-07-30 17:12:44.310056+00:00,2026-07-30 16:57:36.363250+00:00,ambiente,raspberry_pi_4,camera,37.0,34.7,41.0
826,_result,0,2026-07-30 14:12:44.310056+00:00,2026-07-30 17:12:44.310056+00:00,2026-07-30 16:57:41.623780+00:00,ambiente,raspberry_pi_4,camera,37.0,34.7,41.0
827,_result,0,2026-07-30 14:12:44.310056+00:00,2026-07-30 17:12:44.310056+00:00,2026-07-30 16:57:46.893235+00:00,ambiente,raspberry_pi_4,camera,37.0,34.7,41.0
828,_result,0,2026-07-30 14:12:44.310056+00:00,2026-07-30 17:12:44.310056+00:00,2026-07-30 16:57:52.154673+00:00,ambiente,raspberry_pi_4,camera,37.0,34.7,41.0
829,_result,0,2026-07-30 14:12:44.310056+00:00,2026-07-30 17:12:44.310056+00:00,2026-07-30 16:57:57.424272+00:00,ambiente,raspberry_pi_4,camera,37.0,34.7,41.0
830,_result,0,2026-07-30 14:12:44.310056+00:00,2026-07-30 17:12:44.310056+00:00,2026-07-30 16:58:02.684432+00:00,ambiente,raspberry_pi_4,camera,37.0,34.7,41.0
831,_result,0,2026-07-30 14:12:44.310056+00:00,2026-07-30 17:12:44.310056+00:00,2026-07-30 16:58:07.954710+00:00,ambiente,raspberry_pi_4,camera,37.0,34.7,41.0
832,_result,0,2026-07-30 14:12:44.310056+00:00,2026-07-30 17:12:44.310056+00:00,2026-07-30 16:58:13.214705+00:00,ambiente,raspberry_pi_4,camera,37.0,34.7,41.0
833,_result,0,2026-07-30 14:12:44.310056+00:00,2026-07-30 17:12:44.310056+00:00,2026-07-30 16:58:18.486007+00:00,ambiente,raspberry_pi_4,camera,37.0,34.7,41.0
834,_result,0,2026-07-30 14:12:44.310056+00:00,2026-07-30 17:12:44.310056+00:00,2026-07-30 16:58:23.746203+00:00,ambiente,raspberry_pi_4,camera,37.0,34.7,41.0
835,_result,0,2026-07-30 14:12:44.310056+00:00,2026-07-30 17:12:44.310056+00:00,2026-07-30 16:58:29.016196+00:00,ambiente,raspberry_pi_4,camera,37.0,34.7,41.0
836,_result,0,2026-07-30 14:12:44.310056+00:00,2026-07-30 17:12:44.310056+00:00,2026-07-30 16:58:34.276236+00:00,ambiente,raspberry_pi_4,camera,37.0,34.7,41.0
837,_result,0,2026-07-30 14:12:44.310056+00:00,2026-07-30 17:12:44.310056+00:00,2026-07-30 16:58:39.546397+00:00,ambiente,raspberry_pi_4,camera,37.0,34.7,41.0
838,_result,0,2026-07-30 14:12:44.310056+00:00,2026-07-30 17:12:44.310056+00:00,2026-07-30 16:58:44.806340+00:00,ambiente,raspberry_pi_4,camera,37.0,34.7,41.0
839,_result,0,2026-07-30 14:12:44.310056+00:00,2026-07-30 17:12:44.310056+00:00,2026-07-30 16:58:50.077451+00:00,ambiente,raspberry_pi_4,camera,37.0,34.7,41.0
840,_result,0,2026-07-30 14:12:44.310056+00:00,2026-07-30 17:12:44.310056+00:00,2026-07-30 16:58:55.337505+00:00,ambiente,raspberry_pi_4,camera,37.0,34.7,41.0
841,_result,0,2026-07-30 14:12:44.310056+00:00,2026-07-30 17:12:44.310056+00:00,2026-07-30 16:59:00.607697+00:00,ambiente,raspberry_pi_4,camera,37.0,34.7,41.0
842,_result,0,2026-07-30 14:12:44.310056+00:00,2026-07-30 17:12:44.310056+00:00,2026-07-30 16:59:05.867850+00:00,ambiente,raspberry_pi_4,camera,37.0,34.7,41.0
843,_result,0,2026-07-30 14:12:44.310056+00:00,2026-07-30 17:12:44.310056+00:00,2026-07-30 16:59:11.137322+00:00,ambiente,raspberry_pi_4,camera,37.0,34.7,41.0
844,_result,0,2026-07-30 14:12:44.310056+00:00,2026-07-30 17:12:44.310056+00:00,2026-07-30 16:59:16.399048+00:00,ambiente,raspberry_pi_4,camera,37.0,34.7,41.0
845,_result,0,2026-07-30 14:12:44.310056+00:00,2026-07-30 17:12:44.310056+00:00,2026-07-30 16:59:21.670289+00:00,ambiente,raspberry_pi_4,camera,37.0,34.7,41.0
846,_result,0,2026-07-30 14:12:44.310056+00:00,2026-07-30 17:12:44.310056+00:00,2026-07-30 16:59:32.194052+00:00,ambiente,raspberry_pi_4,camera,37.0,34.7,41.0
847,_result,0,2026-07-30 14:12:44.310056+00:00,2026-07-30 17:12:44.310056+00:00,2026-07-30 16:59:37.454363+00:00,ambiente,raspberry_pi_4,camera,37.0,34.7,41.0
848,_result,0,2026-07-30 14:12:44.310056+00:00,2026-07-30 17:12:44.310056+00:00,2026-07-30 16:59:42.723762+00:00,ambiente,raspberry_pi_4,camera,37.0,34.7,41.0
849,_result,0,2026-07-30 14:12:44.310056+00:00,2026-07-30 17:12:44.310056+00:00,2026-07-30 16:59:47.983993+00:00,ambiente,raspberry_pi_4,camera,37.0,34.7,41.0
850,_result,0,2026-07-30 14:12:44.310056+00:00,2026-07-30 17:12:44.310056+00:00,2026-07-30 16:59:53.254729+00:00,ambiente,raspberry_pi_4,camera,37.0,34.7,41.0
851,_result,0,2026-07-30 14:12:44.310056+00:00,2026-07-30 17:12:44.310056+00:00,2026-07-30 16:59:58.514850+00:00,ambiente,raspberry_pi_4,camera,37.0,34.7,41.0
852,_result,0,2026-07-30 14:12:44.310056+00:00,2026-07-30 17:12:44.310056+00:00,2026-07-30 17:00:03.784646+00:00,ambiente,raspberry_pi_4,camera,37.0,34.7,41.0
853,_result,0,2026-07-30 14:12:44.310056+00:00,2026-07-30 17:12:44.310056+00:00,2026-07-30 17:00:09.044620+00:00,ambiente,raspberry_pi_4,camera,37.0,34.7,41.0
854,_result,0,2026-07-30 14:12:44.310056+00:00,2026-07-30 17:12:44.310056+00:00,2026-07-30 17:00:14.314394+00:00,ambiente,raspberry_pi_4,camera,37.0,34.7,41.0
855,_result,0,2026-07-30 14:12:44.310056+00:00,2026-07-30 17:12:44.310056+00:00,2026-07-30 17:00:19.574657+00:00,ambiente,raspberry_pi_4,camera,37.0,34.7,41.0
856,_result,0,2026-07-30 14:12:44.310056+00:00,2026-07-30 17:12:44.310056+00:00,2026-07-30 17:00:24.846066+00:00,ambiente,raspberry_pi_4,camera,37.0,34.7,41.0
857,_result,0,2026-07-30 14:12:44.310056+00:00,2026-07-30 17:12:44.310056+00:00,2026-07-30 17:00:30.106144+00:00,ambiente,raspberry_pi_4,camera,37.0,34.7,41.0
858,_result,0,2026-07-30 14:12:44.310056+00:00,2026-07-30 17:12:44.310056+00:00,2026-07-30 17:00:35.375663+00:00,ambiente,raspberry_pi_4,camera,37.0,34.7,41.0
859,_result,0,2026-07-30 14:12:44.310056+00:00,2026-07-30 17:12:44.310056+00:00,2026-07-30 17:00:40.635990+00:00,ambiente,raspberry_pi_4,camera,37.0,34.7,41.0
860,_result,0,2026-07-30 14:12:44.310056+00:00,2026-07-30 17:12:44.310056+00:00,2026-07-30 17:00:45.905647+00:00,ambiente,raspberry_pi_4,camera,37.0,34.7,41.0
861,_result,0,2026-07-30 14:12:44.310056+00:00,2026-07-30 17:12:44.310056+00:00,2026-07-30 17:00:51.167283+00:00,ambiente,raspberry_pi_4,camera,37.0,34.7,41.0
862,_result,0,2026-07-30 14:12:44.310056+00:00,2026-07-30 17:12:44.310056+00:00,2026-07-30 17:00:56.437296+00:00,ambiente,raspberry_pi_4,camera,37.0,34.7,41.0
863,_result,0,2026-07-30 14:12:44.310056+00:00,2026-07-30 17:12:44.310056+00:00,2026-07-30 17:01:01.697157+00:00,ambiente,raspberry_pi_4,camera,37.0,34.7,41.0
864,_result,0,2026-07-30 14:12:44.310056+00:00,2026-07-30 17:12:44.310056+00:00,2026-07-30 17:01:06.967418+00:00,ambiente,raspberry_pi_4,camera,37.0,34.7,41.0
865,_result,0,2026-07-30 14:12:44.310056+00:00,2026-07-30 17:12:44.310056+00:00,2026-07-30 17:01:12.227573+00:00,ambiente,raspberry_pi_4,camera,37.0,34.7,41.0
866,_result,0,2026-07-30 14:12:44.310056+00:00,2026-07-30 17:12:44.310056+00:00,2026-07-30 17:01:17.498613+00:00,ambiente,raspberry_pi_4,camera,37.0,34.7,41.0
867,_result,0,2026-07-30 14:12:44.310056+00:00,2026-07-30 17:12:44.310056+00:00,2026-07-30 17:01:22.758656+00:00,ambiente,raspberry_pi_4,camera,37.0,34.7,41.0
868,_result,0,2026-07-30 14:12:44.310056+00:00,2026-07-30 17:12:44.310056+00:00,2026-07-30 17:01:28.029269+00:00,ambiente,raspberry_pi_4,camera,37.0,34.7,41.0
869,_result,0,2026-07-30 14:12:44.310056+00:00,2026-07-30 17:12:44.310056+00:00,2026-07-30 17:01:33.289388+00:00,ambiente,raspberry_pi_4,camera,37.0,34.7,41.0
870,_result,0,2026-07-30 14:12:44.310056+00:00,2026-07-30 17:12:44.310056+00:00,2026-07-30 17:01:38.558967+00:00,ambiente,raspberry_pi_4,camera,37.0,34.7,41.0
871,_result,0,2026-07-30 14:12:44.310056+00:00,2026-07-30 17:12:44.310056+00:00,2026-07-30 17:01:43.819327+00:00,ambiente,raspberry_pi_4,camera,37.0,34.7,41.0
872,_result,0,2026-07-30 14:12:44.310056+00:00,2026-07-30 17:12:44.310056+00:00,2026-07-30 17:01:49.090560+00:00,ambiente,raspberry_pi_4,camera,37.0,34.7,41.0
873,_result,0,2026-07-30 14:12:44.310056+00:00,2026-07-30 17:12:44.310056+00:00,2026-07-30 17:01:54.350619+00:00,ambiente,raspberry_pi_4,camera,37.0,34.7,41.0
874,_result,0,2026-07-30 14:12:44.310056+00:00,2026-07-30 17:12:44.310056+00:00,2026-07-30 17:01:59.620206+00:00,ambiente,raspberry_pi_4,camera,37.0,34.7,41.0
875,_result,0,2026-07-30 14:12:44.310056+00:00,2026-07-30 17:12:44.310056+00:00,2026-07-30 17:02:04.880495+00:00,ambiente,raspberry_pi_4,camera,37.0,34.7,41.0
876,_result,0,2026-07-30 14:12:44.310056+00:00,2026-07-30 17:12:44.310056+00:00,2026-07-30 17:02:10.149992+00:00,ambiente,raspberry_pi_4,camera,37.0,34.7,41.0
877,_result,0,2026-07-30 14:12:44.310056+00:00,2026-07-30 17:12:44.310056+00:00,2026-07-30 17:02:15.409947+00:00,ambiente,raspberry_pi_4,camera,37.0,34.7,41.0
878,_result,0,2026-07-30 14:12:44.310056+00:00,2026-07-30 17:12:44.310056+00:00,2026-07-30 17:02:20.681534+00:00,ambiente,raspberry_pi_4,camera,37.0,34.7,41.0
879,_result,0,2026-07-30 14:12:44.310056+00:00,2026-07-30 17:12:44.310056+00:00,2026-07-30 17:02:25.941576+00:00,ambiente,raspberry_pi_4,camera,37.0,34.7,41.0
880,_result,0,2026-07-30 14:12:44.310056+00:00,2026-07-30 17:12:44.310056+00:00,2026-07-30 17:02:31.210979+00:00,ambiente,raspberry_pi_4,camera,37.0,34.7,41.0
881,_result,0,2026-07-30 14:12:44.310056+00:00,2026-07-30 17:12:44.310056+00:00,2026-07-30 17:02:36.471257+00:00,ambiente,raspberry_pi_4,camera,37.0,34.7,41.0
882,_result,0,2026-07-30 14:12:44.310056+00:00,2026-07-30 17:12:44.310056+00:00,2026-07-30 17:02:41.740729+00:00,ambiente,raspberry_pi_4,camera,37.0,34.7,41.0
883,_result,0,2026-07-30 14:12:44.310056+00:00,2026-07-30 17:12:44.310056+00:00,2026-07-30 17:02:47.000964+00:00,ambiente,raspberry_pi_4,camera,37.0,34.7,41.0
884,_result,0,2026-07-30 14:12:44.310056+00:00,2026-07-30 17:12:44.310056+00:00,2026-07-30 17:02:52.271517+00:00,ambiente,raspberry_pi_4,camera,37.0,34.7,41.0
885,_result,0,2026-07-30 14:12:44.310056+00:00,2026-07-30 17:12:44.310056+00:00,2026-07-30 17:02:57.532335+00:00,ambiente,raspberry_pi_4,camera,37.0,34.7,41.0
886,_result,0,2026-07-30 14:12:44.310056+00:00,2026-07-30 17:12:44.310056+00:00,2026-07-30 17:03:02.801753+00:00,ambiente,raspberry_pi_4,camera,37.0,34.7,41.0
887,_result,0,2026-07-30 14:12:44.310056+00:00,2026-07-30 17:12:44.310056+00:00,2026-07-30 17:03:08.061899+00:00,ambiente,raspberry_pi_4,camera,37.0,34.7,41.0
888,_result,0,2026-07-30 14:12:44.310056+00:00,2026-07-30 17:12:44.310056+00:00,2026-07-30 17:03:13.332216+00:00,ambiente,raspberry_pi_4,camera,37.0,34.7,41.0
889,_result,0,2026-07-30 14:12:44.310056+00:00,2026-07-30 17:12:44.310056+00:00,2026-07-30 17:03:18.592953+00:00,ambiente,raspberry_pi_4,camera,37.0,34.7,41.0
890,_result,0,2026-07-30 14:12:44.310056+00:00,2026-07-30 17:12:44.310056+00:00,2026-07-30 17:03:23.864524+00:00,ambiente,raspberry_pi_4,camera,37.0,34.7,41.0
891,_result,0,2026-07-30 14:12:44.310056+00:00,2026-07-30 17:12:44.310056+00:00,2026-07-30 17:03:29.124812+00:00,ambiente,raspberry_pi_4,camera,37.0,34.7,41.0
892,_result,0,2026-07-30 14:12:44.310056+00:00,2026-07-30 17:12:44.310056+00:00,2026-07-30 17:03:34.394983+00:00,ambiente,raspberry_pi_4,camera,37.0,34.7,41.0
893,_result,0,2026-07-30 14:12:44.310056+00:00,2026-07-30 17:12:44.310056+00:00,2026-07-30 17:03:39.655040+00:00,ambiente,raspberry_pi_4,camera,37.0,34.7,41.0
894,_result,0,2026-07-30 14:12:44.310056+00:00,2026-07-30 17:12:44.310056+00:00,2026-07-30 17:03:44.924565+00:00,ambiente,raspberry_pi_4,camera,37.0,34.7,41.0
895,_result,0,2026-07-30 14:12:44.310056+00:00,2026-07-30 17:12:44.310056+00:00,2026-07-30 17:03:50.185083+00:00,ambiente,raspberry_pi_4,camera,37.0,34.7,41.0
896,_result,0,2026-07-30 14:12:44.310056+00:00,2026-07-30 17:12:44.310056+00:00,2026-07-30 17:03:55.456240+00:00,ambiente,raspberry_pi_4,camera,37.0,34.7,41.0
897,_result,0,2026-07-30 14:12:44.310056+00:00,2026-07-30 17:12:44.310056+00:00,2026-07-30 17:04:00.716608+00:00,ambiente,raspberry_pi_4,camera,37.0,34.7,41.0
898,_result,0,2026-07-30 14:12:44.310056+00:00,2026-07-30 17:12:44.310056+00:00,2026-07-30 17:04:11.240120+00:00,ambiente,raspberry_pi_4,camera,37.0,34.7,41.0
899,_result,0,2026-07-30 14:12:44.310056+00:00,2026-07-30 17:12:44.310056+00:00,2026-07-30 17:04:16.509939+00:00,ambiente,raspberry_pi_4,camera,37.0,34.7,41.0
900,_result,0,2026-07-30 14:12:44.310056+00:00,2026-07-30 17:12:44.310056+00:00,2026-07-30 17:04:21.771551+00:00,ambiente,raspberry_pi_4,camera,37.0,34.7,41.0
901,_result,0,2026-07-30 14:12:44.310056+00:00,2026-07-30 17:12:44.310056+00:00,2026-07-30 17:04:27.041360+00:00,ambiente,raspberry_pi_4,camera,37.0,34.7,41.0
902,_result,0,2026-07-30 14:12:44.310056+00:00,2026-07-30 17:12:44.310056+00:00,2026-07-30 17:04:32.301502+00:00,ambiente,raspberry_pi_4,camera,37.0,34.7,41.0
903,_result,0,2026-07-30 14:12:44.310056+00:00,2026-07-30 17:12:44.310056+00:00,2026-07-30 17:04:37.571335+00:00,ambiente,raspberry_pi_4,camera,37.0,34.7,41.0
904,_result,0,2026-07-30 14:12:44.310056+00:00,2026-07-30 17:12:44.310056+00:00,2026-07-30 17:04:42.831439+00:00,ambiente,raspberry_pi_4,camera,37.0,34.7,41.0
905,_result,0,2026-07-30 14:12:44.310056+00:00,2026-07-30 17:12:44.310056+00:00,2026-07-30 17:04:48.102366+00:00,ambiente,raspberry_pi_4,camera,37.0,34.7,41.0
906,_result,0,2026-07-30 14:12:44.310056+00:00,2026-07-30 17:12:44.310056+00:00,2026-07-30 17:04:53.363682+00:00,ambiente,raspberry_pi_4,camera,37.0,34.7,41.0
907,_result,0,2026-07-30 14:12:44.310056+00:00,2026-07-30 17:12:44.310056+00:00,2026-07-30 17:04:58.633598+00:00,ambiente,raspberry_pi_4,camera,37.0,34.7,41.0
908,_result,0,2026-07-30 14:12:44.310056+00:00,2026-07-30 17:12:44.310056+00:00,2026-07-30 17:05:03.893477+00:00,ambiente,raspberry_pi_4,camera,37.0,34.7,41.0
909,_result,0,2026-07-30 14:12:44.310056+00:00,2026-07-30 17:12:44.310056+00:00,2026-07-30 17:05:09.163264+00:00,ambiente,raspberry_pi_4,camera,37.0,34.7,41.0
910,_result,0,2026-07-30 14:12:44.310056+00:00,2026-07-30 17:12:44.310056+00:00,2026-07-30 17:05:14.424039+00:00,ambiente,raspberry_pi_4,camera,37.0,34.7,41.0
911,_result,0,2026-07-30 14:12:44.310056+00:00,2026-07-30 17:12:44.310056+00:00,2026-07-30 17:05:19.695525+00:00,ambiente,raspberry_pi_4,camera,37.0,34.7,41.0
912,_result,0,2026-07-30 14:12:44.310056+00:00,2026-07-30 17:12:44.310056+00:00,2026-07-30 17:05:24.955780+00:00,ambiente,raspberry_pi_4,camera,37.0,34.7,41.0
913,_result,0,2026-07-30 14:12:44.310056+00:00,2026-07-30 17:12:44.310056+00:00,2026-07-30 17:05:35.480236+00:00,ambiente,raspberry_pi_4,camera,37.0,34.7,41.0
914,_result,0,2026-07-30 14:12:44.310056+00:00,2026-07-30 17:12:44.310056+00:00,2026-07-30 17:05:40.749942+00:00,ambiente,raspberry_pi_4,camera,37.0,34.7,41.0
915,_result,0,2026-07-30 14:12:44.310056+00:00,2026-07-30 17:12:44.310056+00:00,2026-07-30 17:05:46.010208+00:00,ambiente,raspberry_pi_4,camera,37.0,34.7,41.0
916,_result,0,2026-07-30 14:12:44.310056+00:00,2026-07-30 17:12:44.310056+00:00,2026-07-30 17:05:51.281942+00:00,ambiente,raspberry_pi_4,camera,37.0,34.7,41.0
917,_result,0,2026-07-30 14:12:44.310056+00:00,2026-07-30 17:12:44.310056+00:00,2026-07-30 17:05:56.542165+00:00,ambiente,raspberry_pi_4,camera,37.0,34.7,41.0
918,_result,0,2026-07-30 14:12:44.310056+00:00,2026-07-30 17:12:44.310056+00:00,2026-07-30 17:06:01.811900+00:00,ambiente,raspberry_pi_4,camera,37.0,34.7,41.0
919,_result,0,2026-07-30 14:12:44.310056+00:00,2026-07-30 17:12:44.310056+00:00,2026-07-30 17:06:07.072412+00:00,ambiente,raspberry_pi_4,camera,37.0,34.7,41.0
920,_result,0,2026-07-30 14:12:44.310056+00:00,2026-07-30 17:12:44.310056+00:00,2026-07-30 17:06:12.342744+00:00,ambiente,raspberry_pi_4,camera,37.0,34.7,41.0
921,_result,0,2026-07-30 14:12:44.310056+00:00,2026-07-30 17:12:44.310056+00:00,2026-07-30 17:06:17.602841+00:00,ambiente,raspberry_pi_4,camera,37.0,34.7,41.0
922,_result,0,2026-07-30 14:12:44.310056+00:00,2026-07-30 17:12:44.310056+00:00,2026-07-30 17:06:22.874020+00:00,ambiente,raspberry_pi_4,camera,37.0,34.7,41.0
923,_result,0,2026-07-30 14:12:44.310056+00:00,2026-07-30 17:12:44.310056+00:00,2026-07-30 17:06:28.134252+00:00,ambiente,raspberry_pi_4,camera,37.0,34.7,41.0
924,_result,0,2026-07-30 14:12:44.310056+00:00,2026-07-30 17:12:44.310056+00:00,2026-07-30 17:06:33.406211+00:00,ambiente,raspberry_pi_4,camera,37.0,34.7,41.0
925,_result,0,2026-07-30 14:12:44.310056+00:00,2026-07-30 17:12:44.310056+00:00,2026-07-30 17:06:38.666452+00:00,ambiente,raspberry_pi_4,camera,37.0,34.7,41.0
926,_result,0,2026-07-30 14:12:44.310056+00:00,2026-07-30 17:12:44.310056+00:00,2026-07-30 17:06:43.938177+00:00,ambiente,raspberry_pi_4,camera,37.0,34.7,41.0
927,_result,0,2026-07-30 14:12:44.310056+00:00,2026-07-30 17:12:44.310056+00:00,2026-07-30 17:06:49.198146+00:00,ambiente,raspberry_pi_4,camera,37.0,34.7,41.0
928,_result,0,2026-07-30 14:12:44.310056+00:00,2026-07-30 17:12:44.310056+00:00,2026-07-30 17:06:54.470774+00:00,ambiente,raspberry_pi_4,camera,37.0,34.7,41.0
929,_result,0,2026-07-30 14:12:44.310056+00:00,2026-07-30 17:12:44.310056+00:00,2026-07-30 17:06:59.731217+00:00,ambiente,raspberry_pi_4,camera,37.0,34.7,41.0
930,_result,0,2026-07-30 14:12:44.310056+00:00,2026-07-30 17:12:44.310056+00:00,2026-07-30 17:07:05.000732+00:00,ambiente,raspberry_pi_4,camera,37.0,34.7,41.0
931,_result,0,2026-07-30 14:12:44.310056+00:00,2026-07-30 17:12:44.310056+00:00,2026-07-30 17:07:10.261116+00:00,ambiente,raspberry_pi_4,camera,37.0,34.7,41.0
932,_result,0,2026-07-30 14:12:44.310056+00:00,2026-07-30 17:12:44.310056+00:00,2026-07-30 17:07:15.531391+00:00,ambiente,raspberry_pi_4,camera,37.0,34.7,41.0
933,_result,0,2026-07-30 14:12:44.310056+00:00,2026-07-30 17:12:44.310056+00:00,2026-07-30 17:07:20.791660+00:00,ambiente,raspberry_pi_4,camera,37.0,34.7,41.0
934,_result,0,2026-07-30 14:12:44.310056+00:00,2026-07-30 17:12:44.310056+00:00,2026-07-30 17:07:26.064868+00:00,ambiente,raspberry_pi_4,camera,37.0,34.7,41.0
935,_result,0,2026-07-30 14:12:44.310056+00:00,2026-07-30 17:12:44.310056+00:00,2026-07-30 17:07:31.324881+00:00,ambiente,raspberry_pi_4,camera,37.0,34.7,41.0
936,_result,0,2026-07-30 14:12:44.310056+00:00,2026-07-30 17:12:44.310056+00:00,2026-07-30 17:07:36.595835+00:00,ambiente,raspberry_pi_4,camera,37.0,34.7,41.0
937,_result,0,2026-07-30 14:12:44.310056+00:00,2026-07-30 17:12:44.310056+00:00,2026-07-30 17:07:41.855913+00:00,ambiente,raspberry_pi_4,camera,37.0,34.7,41.0
938,_result,0,2026-07-30 14:12:44.310056+00:00,2026-07-30 17:12:44.310056+00:00,2026-07-30 17:07:47.126671+00:00,ambiente,raspberry_pi_4,camera,37.0,34.7,41.0
939,_result,0,2026-07-30 14:12:44.310056+00:00,2026-07-30 17:12:44.310056+00:00,2026-07-30 17:07:52.386593+00:00,ambiente,raspberry_pi_4,camera,37.0,34.7,41.0
940,_result,0,2026-07-30 14:12:44.310056+00:00,2026-07-30 17:12:44.310056+00:00,2026-07-30 17:07:57.656825+00:00,ambiente,raspberry_pi_4,camera,37.0,34.7,41.0
941,_result,0,2026-07-30 14:12:44.310056+00:00,2026-07-30 17:12:44.310056+00:00,2026-07-30 17:08:02.917118+00:00,ambiente,raspberry_pi_4,camera,37.0,34.7,41.0
942,_result,0,2026-07-30 14:12:44.310056+00:00,2026-07-30 17:12:44.310056+00:00,2026-07-30 17:08:08.186651+00:00,ambiente,raspberry_pi_4,camera,37.0,34.7,41.0
943,_result,0,2026-07-30 14:12:44.310056+00:00,2026-07-30 17:12:44.310056+00:00,2026-07-30 17:08:13.446935+00:00,ambiente,raspberry_pi_4,camera,37.0,34.7,41.0
944,_result,0,2026-07-30 14:12:44.310056+00:00,2026-07-30 17:12:44.310056+00:00,2026-07-30 17:08:18.717832+00:00,ambiente,raspberry_pi_4,camera,37.0,34.7,41.0
945,_result,0,2026-07-30 14:12:44.310056+00:00,2026-07-30 17:12:44.310056+00:00,2026-07-30 17:08:23.978058+00:00,ambiente,raspberry_pi_4,camera,37.0,34.7,41.0
946,_result,0,2026-07-30 14:12:44.310056+00:00,2026-07-30 17:12:44.310056+00:00,2026-07-30 17:08:29.247712+00:00,ambiente,raspberry_pi_4,camera,37.0,34.7,41.0
947,_result,0,2026-07-30 14:12:44.310056+00:00,2026-07-30 17:12:44.310056+00:00,2026-07-30 17:08:34.509513+00:00,ambiente,raspberry_pi_4,camera,37.0,34.7,41.0
948,_result,0,2026-07-30 14:12:44.310056+00:00,2026-07-30 17:12:44.310056+00:00,2026-07-30 17:08:39.779021+00:00,ambiente,raspberry_pi_4,camera,37.0,34.7,41.0
949,_result,0,2026-07-30 14:12:44.310056+00:00,2026-07-30 17:12:44.310056+00:00,2026-07-30 17:08:45.039175+00:00,ambiente,raspberry_pi_4,camera,37.0,34.7,41.0
950,_result,0,2026-07-30 14:12:44.310056+00:00,2026-07-30 17:12:44.310056+00:00,2026-07-30 17:08:50.310580+00:00,ambiente,raspberry_pi_4,camera,37.0,34.7,41.0
951,_result,0,2026-07-30 14:12:44.310056+00:00,2026-07-30 17:12:44.310056+00:00,2026-07-30 17:08:55.570878+00:00,ambiente,raspberry_pi_4,camera,37.6,34.7,43.0
952,_result,0,2026-07-30 14:12:44.310056+00:00,2026-07-30 17:12:44.310056+00:00,2026-07-30 17:09:00.840265+00:00,ambiente,raspberry_pi_4,camera,37.6,34.7,43.0
953,_result,0,2026-07-30 14:12:44.310056+00:00,2026-07-30 17:12:44.310056+00:00,2026-07-30 17:09:06.100601+00:00,ambiente,raspberry_pi_4,camera,37.6,34.7,43.0
954,_result,0,2026-07-30 14:12:44.310056+00:00,2026-07-30 17:12:44.310056+00:00,2026-07-30 17:09:11.372141+00:00,ambiente,raspberry_pi_4,camera,37.6,34.7,43.0
955,_result,0,2026-07-30 14:12:44.310056+00:00,2026-07-30 17:12:44.310056+00:00,2026-07-30 17:09:21.897965+00:00,ambiente,raspberry_pi_4,camera,37.6,34.7,43.0
956,_result,0,2026-07-30 14:12:44.310056+00:00,2026-07-30 17:12:44.310056+00:00,2026-07-30 17:09:27.158005+00:00,ambiente,raspberry_pi_4,camera,37.3,34.7,42.0
957,_result,0,2026-07-30 14:12:44.310056+00:00,2026-07-30 17:12:44.310056+00:00,2026-07-30 17:09:32.427712+00:00,ambiente,raspberry_pi_4,camera,37.0,34.7,41.0
958,_result,0,2026-07-30 14:12:44.310056+00:00,2026-07-30 17:12:44.310056+00:00,2026-07-30 17:09:37.688077+00:00,ambiente,raspberry_pi_4,camera,37.3,34.7,42.0
959,_result,0,2026-07-30 14:12:44.310056+00:00,2026-07-30 17:12:44.310056+00:00,2026-07-30 17:09:42.957615+00:00,ambiente,raspberry_pi_4,camera,37.3,34.7,42.0
960,_result,0,2026-07-30 14:12:44.310056+00:00,2026-07-30 17:12:44.310056+00:00,2026-07-30 17:09:48.217667+00:00,ambiente,raspberry_pi_4,camera,37.3,34.7,42.0
961,_result,0,2026-07-30 14:12:44.310056+00:00,2026-07-30 17:12:44.310056+00:00,2026-07-30 17:09:53.488395+00:00,ambiente,raspberry_pi_4,camera,37.0,34.7,41.0
962,_result,0,2026-07-30 14:12:44.310056+00:00,2026-07-30 17:12:44.310056+00:00,2026-07-30 17:09:58.748728+00:00,ambiente,raspberry_pi_4,camera,37.0,34.7,41.0
963,_result,0,2026-07-30 14:12:44.310056+00:00,2026-07-30 17:12:44.310056+00:00,2026-07-30 17:10:04.018402+00:00,ambiente,raspberry_pi_4,camera,37.0,34.7,41.0
964,_result,0,2026-07-30 14:12:44.310056+00:00,2026-07-30 17:12:44.310056+00:00,2026-07-30 17:10:09.278370+00:00,ambiente,raspberry_pi_4,camera,37.0,34.7,41.0
965,_result,0,2026-07-30 14:12:44.310056+00:00,2026-07-30 17:12:44.310056+00:00,2026-07-30 17:10:14.548209+00:00,ambiente,raspberry_pi_4,camera,37.0,34.7,41.0
966,_result,0,2026-07-30 14:12:44.310056+00:00,2026-07-30 17:12:44.310056+00:00,2026-07-30 17:10:19.808221+00:00,ambiente,raspberry_pi_4,camera,37.0,34.7,41.0
967,_result,0,2026-07-30 14:12:44.310056+00:00,2026-07-30 17:12:44.310056+00:00,2026-07-30 17:10:25.080426+00:00,ambiente,raspberry_pi_4,camera,37.0,34.7,41.0
968,_result,0,2026-07-30 14:12:44.310056+00:00,2026-07-30 17:12:44.310056+00:00,2026-07-30 17:10:30.340205+00:00,ambiente,raspberry_pi_4,camera,37.0,34.7,41.0
969,_result,0,2026-07-30 14:12:44.310056+00:00,2026-07-30 17:12:44.310056+00:00,2026-07-30 17:10:35.609776+00:00,ambiente,raspberry_pi_4,camera,37.0,34.7,41.0
970,_result,0,2026-07-30 14:12:44.310056+00:00,2026-07-30 17:12:44.310056+00:00,2026-07-30 17:10:40.869592+00:00,ambiente,raspberry_pi_4,camera,37.0,34.7,41.0
971,_result,0,2026-07-30 14:12:44.310056+00:00,2026-07-30 17:12:44.310056+00:00,2026-07-30 17:10:46.138825+00:00,ambiente,raspberry_pi_4,camera,37.0,34.7,41.0
972,_result,0,2026-07-30 14:12:44.310056+00:00,2026-07-30 17:12:44.310056+00:00,2026-07-30 17:10:51.400400+00:00,ambiente,raspberry_pi_4,camera,37.0,34.7,41.0
973,_result,0,2026-07-30 14:12:44.310056+00:00,2026-07-30 17:12:44.310056+00:00,2026-07-30 17:10:56.669809+00:00,ambiente,raspberry_pi_4,camera,37.0,34.7,41.0
974,_result,0,2026-07-30 14:12:44.310056+00:00,2026-07-30 17:12:44.310056+00:00,2026-07-30 17:11:01.929935+00:00,ambiente,raspberry_pi_4,camera,37.0,34.7,41.0
975,_result,0,2026-07-30 14:12:44.310056+00:00,2026-07-30 17:12:44.310056+00:00,2026-07-30 17:11:07.199196+00:00,ambiente,raspberry_pi_4,camera,37.0,34.7,41.0
976,_result,0,2026-07-30 14:12:44.310056+00:00,2026-07-30 17:12:44.310056+00:00,2026-07-30 17:11:12.459245+00:00,ambiente,raspberry_pi_4,camera,37.0,34.7,41.0
977,_result,0,2026-07-30 14:12:44.310056+00:00,2026-07-30 17:12:44.310056+00:00,2026-07-30 17:11:17.729922+00:00,ambiente,raspberry_pi_4,camera,37.0,34.7,41.0
978,_result,0,2026-07-30 14:12:44.310056+00:00,2026-07-30 17:12:44.310056+00:00,2026-07-30 17:11:22.989787+00:00,ambiente,raspberry_pi_4,camera,37.0,34.7,41.0
979,_result,0,2026-07-30 14:12:44.310056+00:00,2026-07-30 17:12:44.310056+00:00,2026-07-30 17:11:28.259563+00:00,ambiente,raspberry_pi_4,camera,37.0,34.7,41.0
980,_result,0,2026-07-30 14:12:44.310056+00:00,2026-07-30 17:12:44.310056+00:00,2026-07-30 17:11:33.519954+00:00,ambiente,raspberry_pi_4,camera,37.0,34.7,41.0
981,_result,0,2026-07-30 14:12:44.310056+00:00,2026-07-30 17:12:44.310056+00:00,2026-07-30 17:11:38.789898+00:00,ambiente,raspberry_pi_4,camera,37.3,34.7,42.0
982,_result,0,2026-07-30 14:12:44.310056+00:00,2026-07-30 17:12:44.310056+00:00,2026-07-30 17:11:44.049706+00:00,ambiente,raspberry_pi_4,camera,37.0,34.7,41.0
983,_result,0,2026-07-30 14:12:44.310056+00:00,2026-07-30 17:12:44.310056+00:00,2026-07-30 17:11:49.320807+00:00,ambiente,raspberry_pi_4,camera,37.0,34.7,41.0
984,_result,0,2026-07-30 14:12:44.310056+00:00,2026-07-30 17:12:44.310056+00:00,2026-07-30 17:11:54.580805+00:00,ambiente,raspberry_pi_4,camera,37.0,34.7,41.0
985,_result,0,2026-07-30 14:12:44.310056+00:00,2026-07-30 17:12:44.310056+00:00,2026-07-30 17:11:59.850048+00:00,ambiente,raspberry_pi_4,camera,37.0,34.7,41.0
986,_result,0,2026-07-30 14:12:44.310056+00:00,2026-07-30 17:12:44.310056+00:00,2026-07-30 17:12:05.110072+00:00,ambiente,raspberry_pi_4,camera,37.0,34.7,41.0
987,_result,0,2026-07-30 14:12:44.310056+00:00,2026-07-30 17:12:44.310056+00:00,2026-07-30 17:12:10.379835+00:00,ambiente,raspberry_pi_4,camera,37.0,34.7,41.0
988,_result,0,2026-07-30 14:12:44.310056+00:00,2026-07-30 17:12:44.310056+00:00,2026-07-30 17:12:15.639686+00:00,ambiente,raspberry_pi_4,camera,37.0,34.7,41.0
989,_result,0,2026-07-30 14:12:44.310056+00:00,2026-07-30 17:12:44.310056+00:00,2026-07-30 17:12:20.912116+00:00,ambiente,raspberry_pi_4,camera,37.0,34.7,41.0
990,_result,0,2026-07-30 14:12:44.310056+00:00,2026-07-30 17:12:44.310056+00:00,2026-07-30 17:12:26.172425+00:00,ambiente,raspberry_pi_4,camera,37.0,34.7,41.0
991,_result,0,2026-07-30 14:12:44.310056+00:00,2026-07-30 17:12:44.310056+00:00,2026-07-30 17:12:31.442259+00:00,ambiente,raspberry_pi_4,camera,37.0,34.7,41.0
992,_result,0,2026-07-30 14:12:44.310056+00:00,2026-07-30 17:12:44.310056+00:00,2026-07-30 17:12:36.702289+00:00,ambiente,raspberry_pi_4,camera,37.0,34.7,41.0
993,_result,0,2026-07-30 14:12:44.310056+00:00,2026-07-30 17:12:44.310056+00:00,2026-07-30 17:12:41.972293+00:00,ambiente,raspberry_pi_4,camera,37.0,34.7,41.0
