_time,percepita,temperatura,umidita
2026-07-10 16:20:00+00:00,33.6,33.55,35.0
2026-07-10 16:21:00+00:00,33.8,33.8,34.0
2026-07-10 16:22:00+00:00,33.8,33.8,34.0
2026-07-10 16:23:00+00:00,33.8,33.8,34.0
2026-07-10 16:24:00+00:00,34.0,33.8,35.0
2026-07-10 16:25:00+00:00,33.92727272727273,33.8,34.63636363636363
2026-07-10 16:26:00+00:00,33.85454545454545,33.8,34.27272727272727
2026-07-10 16:27:00+00:00,33.81818181818182,33.8,34.09090909090909
2026-07-10 16:28:00+00:00,33.88333333333333,33.8,34.416666666666664
2026-07-10 16:29:00+00:00,33.92,33.8,34.6
2026-07-10 16:30:00+00:00,34.0,33.8,35.0
2026-07-10 16:31:00+00:00,34.0,33.8,35.0
2026-07-10 16:32:00+00:00,34.0,33.8,35.0
2026-07-10 16:33:00+00:00,34.00909090909091,33.809090909090905,35.0
2026-07-10 16:34:00+00:00,34.166666666666664,33.925,35.0
2026-07-10 16:35:00+00:00,34.40909090909091,34.1,35.0
2026-07-10 16:36:00+00:00,34.4,34.2,34.333333333333336
2026-07-10 16:37:00+00:00,34.3,34.2,34.0
2026-07-10 16:38:00+00:00,34.3,34.2,34.0
2026-07-10 16:39:00+00:00,34.3,34.2,34.0
2026-07-10 16:40:00+00:00,34.3,34.2,34.0
2026-07-10 16:41:00+00:00,34.3,34.2,34.0
2026-07-10 16:42:00+00:00,34.3,34.2,34.0
2026-07-10 16:43:00+00:00,34.18181818181818,34.10909090909092,34.0
2026-07-10 16:44:00+00:00,34.05833333333333,33.983333333333334,34.25
2026-07-10 16:45:00+00:00,34.02727272727273,33.85454545454545,34.81818181818182
2026-07-10 16:46:00+00:00,33.90909090909091,33.8,34.54545454545455
2026-07-10 16:47:00+00:00,34.13636363636363,33.9,35.0
2026-07-10 16:48:00+00:00,33.93636363636363,33.88181818181818,34.18181818181818
2026-07-10 16:49:00+00:00,33.81666666666666,33.8,34.083333333333336
2026-07-10 16:50:00+00:00,33.8,33.8,34.0
2026-07-10 16:51:00+00:00,33.86666666666667,33.8,34.333333333333336
2026-07-10 16:52:00+00:00,33.89090909090908,33.8,34.45454545454545
2026-07-10 16:53:00+00:00,33.92727272727273,33.8,34.63636363636363
2026-07-10 16:54:00+00:00,34.0,33.8,35.0
2026-07-10 16:55:00+00:00,34.0,33.8,35.0
2026-07-10 16:56:00+00:00,34.0,33.8,35.0
2026-07-10 16:57:00+00:00,34.0,33.8,35.0
2026-07-10 16:58:00+00:00,34.0,33.8,35.0
2026-07-10 16:59:00+00:00,34.0,33.8,35.0
2026-07-11 09:30:00+00:00,34.0,33.3,39.0
2026-07-11 09:31:00+00:00,34.175,33.3,39.583333333333336
2026-07-11 09:32:00+00:00,34.24444444444444,33.3111111111111,39.77777777777778
2026-07-11 09:33:00+00:00,34.47,33.510000000000005,39.4
2026-07-11 09:34:00+00:00,34.72727272727273,33.73636363636364,39.0
2026-07-11 09:35:00+00:00,34.8,33.8,39.0
2026-07-11 09:36:00+00:00,34.875,33.775,39.416666666666664
2026-07-11 09:37:00+00:00,34.763636363636365,33.70909090909091,39.27272727272727
2026-07-11 09:38:00+00:00,34.53636363636363,33.60909090909092,39.0
2026-07-11 09:39:00+00:00,34.46666666666667,33.56666666666667,39.0
2026-07-11 09:40:00+00:00,34.76363636363636,33.78181818181818,38.90909090909091
2026-07-11 09:41:00+00:00,34.68333333333333,33.8,38.416666666666664
2026-07-11 09:42:00+00:00,34.73333333333333,33.8,38.666666666666664
2026-07-11 09:43:00+00:00,34.6,33.8,38.0
2026-07-11 09:44:00+00:00,34.71666666666666,33.8,38.583333333333336
2026-07-11 09:45:00+00:00,34.71818181818182,33.73636363636364,39.0
2026-07-11 09:46:00+00:00,34.425000000000004,33.65833333333334,38.083333333333336
2026-07-11 09:47:00+00:00,33.8,33.3,38.0
2026-07-11 09:48:00+00:00,33.8,33.3,38.0
2026-07-11 09:49:00+00:00,33.81818181818182,33.3,38.09090909090909
2026-07-11 09:50:00+00:00,33.81818181818182,33.3,38.09090909090909
2026-07-11 09:51:00+00:00,33.81666666666666,33.3,38.083333333333336
2026-07-11 09:52:00+00:00,33.87272727272727,33.3,38.36363636363637
2026-07-11 09:53:00+00:00,33.85454545454545,33.3,38.27272727272727
2026-07-11 09:54:00+00:00,33.8,33.3,38.0
2026-07-11 09:55:00+00:00,33.93333333333333,33.3,38.666666666666664
2026-07-11 09:56:00+00:00,34.0,33.3,39.0
2026-07-11 09:57:00+00:00,34.0,33.3,39.0
2026-07-11 09:58:00+00:00,34.0,33.3,39.0
2026-07-11 09:59:00+00:00,34.0,33.3,39.0
2026-07-11 10:00:00+00:00,34.0,33.3,39.0
2026-07-11 10:01:00+00:00,34.225,33.34166666666666,39.5
2026-07-11 10:02:00+00:00,34.345454545454544,33.47272727272727,39.0
2026-07-11 10:03:00+00:00,34.518181818181816,33.59090909090909,39.0
2026-07-11 10:04:00+00:00,34.8,33.8,39.0
2026-07-11 10:05:00+00:00,34.77272727272727,33.77272727272727,39.0
2026-07-11 10:06:00+00:00,34.27272727272727,33.445454545454545,39.0
2026-07-11 10:07:00+00:00,34.163636363636364,33.345454545454544,39.27272727272727
2026-07-11 10:08:00+00:00,34.43636363636364,33.52727272727273,39.09090909090909
2026-07-11 10:09:00+00:00,34.99166666666667,33.75,39.916666666666664
2026-07-11 10:10:00+00:00,34.96363636363637,33.8,39.54545454545455
2026-07-11 10:11:00+00:00,34.8,33.8,39.0
2026-07-11 10:12:00+00:00,34.8,33.8,39.0
2026-07-11 10:13:00+00:00,35.13636363636363,33.8,40.18181818181818
2026-07-11 10:14:00+00:00,35.11818181818182,33.8,40.09090909090909
2026-07-11 10:15:00+00:00,35.1,33.8,40.0
2026-07-11 10:16:00+00:00,35.1,33.8,40.0
2026-07-11 10:17:00+00:00,35.1,33.8,40.0
2026-07-11 10:18:00+00:00,35.0,33.74444444444444,40.0
2026-07-11 10:19:00+00:00,34.72727272727273,33.57272727272727,40.0
2026-07-11 10:20:00+00:00,34.76363636363636,33.581818181818186,40.0
2026-07-11 10:21:00+00:00,35.04545454545455,33.72727272727273,40.36363636363637
2026-07-11 10:22:00+00:00,35.166666666666664,33.8,40.333333333333336
2026-07-11 10:23:00+00:00,35.1,33.8,40.0
2026-07-11 10:24:00+00:00,35.1,33.8,40.0
2026-07-11 10:25:00+00:00,35.1,33.8,40.0
2026-07-11 10:26:00+00:00,35.07272727272727,33.78181818181818,40.0
2026-07-11 10:27:00+00:00,34.449999999999996,33.40833333333333,40.0
2026-07-11 10:28:00+00:00,34.31818181818182,33.3,40.09090909090909
2026-07-11 10:29:00+00:00,34.24166666666667,33.13333333333333,41.083333333333336
2026-07-11 10:30:00+00:00,34.24545454545454,33.13636363636363,41.09090909090909
2026-07-11 10:31:00+00:00,34.3,33.190909090909095,41.0
2026-07-11 10:32:00+00:00,34.483333333333334,33.291666666666664,41.0
2026-07-11 10:33:00+00:00,34.5,33.3,41.0
2026-07-11 10:34:00+00:00,34.480000000000004,33.29,41.0
2026-07-11 10:35:00+00:00,33.945454545454545,32.85454545454545,41.81818181818182
2026-07-11 10:36:00+00:00,33.9,32.8,42.0
2026-07-11 10:37:00+00:00,33.9,32.8,42.0
2026-07-11 10:38:00+00:00,34.25,33.11,41.3
2026-07-11 10:39:00+00:00,34.5,33.3,41.0
2026-07-11 10:40:00+00:00,34.59090909090909,33.35454545454545,41.0
2026-07-11 10:41:00+00:00,35.15,33.69,41.0
2026-07-11 10:42:00+00:00,34.67272727272727,33.554545454545455,40.0
2026-07-11 10:43:00+00:00,34.455555555555556,33.3,40.77777777777778
2026-07-11 10:44:00+00:00,34.5,33.3,41.0
2026-07-11 10:45:00+00:00,34.5,33.3,41.0
2026-07-11 10:46:00+00:00,34.36,33.230000000000004,41.0
2026-07-11 10:47:00+00:00,34.483333333333334,33.291666666666664,41.0
2026-07-11 10:48:00+00:00,34.5,33.3,41.0
2026-07-11 10:49:00+00:00,34.5,33.3,41.0
2026-07-11 10:50:00+00:00,34.309090909090905,33.190909090909095,41.0
2026-07-11 10:51:00+00:00,34.46,33.279999999999994,41.0
2026-07-11 10:52:00+00:00,34.5,33.3,41.0
2026-07-11 10:53:00+00:00,34.5,33.3,41.0
2026-07-11 10:54:00+00:00,34.5,33.3,41.0
2026-07-11 10:55:00+00:00,34.5,33.3,41.0
2026-07-11 10:56:00+00:00,34.5,33.3,41.0
2026-07-11 10:57:00+00:00,34.69166666666667,33.416666666666664,41.0
2026-07-11 10:58:00+00:00,35.199999999999996,33.79090909090909,40.54545454545455
2026-07-11 10:59:00+00:00,35.1,33.8,40.0
2026-07-11 11:00:00+00:00,35.016666666666666,33.71666666666666,40.25
2026-07-11 11:01:00+00:00,34.918181818181814,33.581818181818186,40.81818181818182
2026-07-11 11:02:00+00:00,35.15833333333333,33.791666666666664,40.333333333333336
2026-07-11 11:03:00+00:00,35.081818181818186,33.79090909090909,40.0
2026-07-11 11:04:00+00:00,35.010000000000005,33.730000000000004,40.1
2026-07-11 11:05:00+00:00,35.12,33.8,40.1
2026-07-11 11:06:00+00:00,35.1,33.8,40.0
2026-07-11 11:07:00+00:00,35.1,33.8,40.0
2026-07-11 11:08:00+00:00,35.081818181818186,33.79090909090909,40.0
2026-07-11 11:09:00+00:00,35.03333333333333,33.766666666666666,40.0
2026-07-11 11:10:00+00:00,35.016666666666666,33.75606060606061,40.0
2026-07-11 11:11:00+00:00,35.0,33.74545454545454,40.0
2026-07-11 11:12:00+00:00,34.983333333333334,33.734848484848484,40.0
2026-07-11 11:13:00+00:00,34.96666666666667,33.724242424242426,40.0
2026-07-11 11:14:00+00:00,34.95,33.71363636363636,40.0
2026-07-11 11:15:00+00:00,34.93333333333333,33.7030303030303,40.0
2026-07-11 11:16:00+00:00,34.916666666666664,33.69242424242424,40.0
2026-07-11 11:17:00+00:00,34.9,33.68181818181818,40.0
2026-07-11 11:18:00+00:00,34.88333333333333,33.67121212121212,40.0
2026-07-11 11:19:00+00:00,34.86666666666667,33.66060606060606,40.0
2026-07-11 11:20:00+00:00,34.85,33.65,40.0
2026-07-11 11:21:00+00:00,35.1,33.8,40.0
2026-07-18 08:19:00+00:00,34.675,32.8,45.375
2026-07-18 08:20:00+00:00,34.73636363636364,33.018181818181816,44.0
2026-07-18 08:21:00+00:00,35.0,33.3,43.0
2026-07-18 08:22:00+00:00,35.0,33.3,43.0
2026-07-18 08:23:00+00:00,35.0,33.3,43.0
2026-07-18 08:24:00+00:00,35.054545454545455,33.3,43.27272727272727
2026-07-18 08:25:00+00:00,35.25454545454546,33.3,44.18181818181818
2026-07-18 08:26:00+00:00,35.08888888888889,33.3,43.44444444444444
2026-07-18 08:27:00+00:00,35.0,33.3,43.0
2026-07-18 08:28:00+00:00,34.945454545454545,33.3,42.81818181818182
2026-07-18 08:29:00+00:00,34.89090909090909,33.3,42.63636363636363
2026-07-18 08:30:00+00:00,35.0,33.3,43.0
2026-07-18 08:31:00+00:00,35.0,33.3,43.0
2026-07-18 08:32:00+00:00,35.0,33.3,43.0
2026-07-18 08:33:00+00:00,34.94,33.3,42.8
2026-07-18 08:34:00+00:00,34.75,33.3,42.166666666666664
2026-07-18 08:35:00+00:00,34.78181818181818,33.3,42.27272727272727
2026-07-18 08:36:00+00:00,35.018181818181816,33.3,43.09090909090909
2026-07-18 08:37:00+00:00,35.0,33.3,43.0
2026-07-18 08:38:00+00:00,34.910000000000004,33.3,42.7
2026-07-18 08:39:00+00:00,35.0,33.3,43.0
2026-07-18 08:40:00+00:00,34.75454545454546,33.3,42.18181818181818
2026-07-18 08:41:00+00:00,34.7,33.3,42.0
2026-07-18 08:42:00+00:00,34.7,33.3,42.0
2026-07-18 08:43:00+00:00,34.7,33.3,42.0
2026-07-18 08:44:00+00:00,34.7,33.3,42.0
2026-07-18 08:45:00+00:00,34.7,33.3,42.0
2026-07-18 08:46:00+00:00,34.7,33.3,42.0
2026-07-18 08:47:00+00:00,34.7,33.3,42.0
2026-07-18 08:48:00+00:00,34.7,33.3,42.0
2026-07-18 08:49:00+00:00,34.7,33.3,42.0
2026-07-18 08:50:00+00:00,34.7,33.3,42.0
2026-07-18 08:51:00+00:00,34.7,33.3,42.0
2026-07-18 08:52:00+00:00,34.7,33.3,42.0
2026-07-18 08:53:00+00:00,34.57272727272727,33.3,41.36363636363637
2026-07-18 08:54:00+00:00,34.68,33.3,41.9
2026-07-18 08:55:00+00:00,34.52727272727273,33.26363636363636,41.45454545454545
2026-07-18 08:56:00+00:00,34.24,33.0,42.1
2026-07-18 08:57:00+00:00,34.27272727272727,32.95454545454545,42.54545454545455
2026-07-18 08:58:00+00:00,34.11818181818182,32.809090909090905,43.0
2026-07-18 08:59:00+00:00,34.14,32.82,43.0
2026-07-18 09:00:00+00:00,34.208333333333336,32.916666666666664,42.583333333333336
2026-07-18 09:01:00+00:00,34.45,33.13,42.0
2026-07-18 09:02:00+00:00,34.65833333333334,33.25833333333333,42.0
2026-07-18 09:03:00+00:00,34.7,33.3,42.0
2026-07-18 09:04:00+00:00,34.7,33.3,42.0
2026-07-18 09:05:00+00:00,34.7,33.3,42.0
2026-07-18 09:06:00+00:00,34.345454545454544,33.11818181818182,41.72727272727273
2026-07-18 09:07:00+00:00,34.1,32.8,43.0
2026-07-18 09:08:00+00:00,34.1,32.8,43.0
2026-07-18 09:09:00+00:00,34.1,32.8,43.0
2026-07-25 09:58:26.900228+00:00,27.6,28.9,26.0
2026-07-25 09:58:32.213378+00:00,27.6,28.9,26.0
2026-07-25 09:58:37.486330+00:00,27.6,28.9,26.0
2026-07-25 09:58:42.756831+00:00,27.6,28.9,26.0
2026-07-25 09:58:48.038372+00:00,27.6,28.9,26.0
2026-07-25 09:58:53.301431+00:00,27.6,28.9,26.0
2026-07-25 09:58:58.571294+00:00,27.6,28.9,26.0
2026-07-25 09:59:03.863912+00:00,27.6,28.9,26.0
2026-07-25 09:59:09.175841+00:00,27.6,28.9,26.0
2026-07-25 09:59:14.443235+00:00,27.6,28.9,26.0
2026-07-25 09:59:19.721541+00:00,27.6,28.9,26.0
2026-07-25 09:59:24.981443+00:00,27.6,28.9,26.0
2026-07-25 09:59:30.251827+00:00,27.6,28.9,26.0
2026-07-25 09:59:35.512173+00:00,27.6,28.9,26.0
2026-07-25 09:59:40.784920+00:00,27.6,28.9,26.0
2026-07-25 09:59:46.461569+00:00,27.6,28.9,26.0
2026-07-25 09:59:51.776452+00:00,27.6,28.9,26.0
2026-07-25 09:59:57.036725+00:00,27.6,28.9,26.0
2026-07-25 10:00:02.306916+00:00,27.6,28.9,26.0
2026-07-25 10:00:07.567271+00:00,27.6,28.9,27.0
2026-07-25 10:00:12.838776+00:00,27.6,28.9,26.0
2026-07-25 10:00:18.111426+00:00,27.6,28.9,26.0
2026-07-25 10:00:23.384693+00:00,27.6,28.9,26.0
2026-07-25 10:00:28.645048+00:00,27.6,28.9,26.0
2026-07-25 10:00:33.915144+00:00,27.6,28.9,26.0
2026-07-25 10:00:39.175255+00:00,27.6,28.9,26.0
2026-07-25 10:00:44.449435+00:00,27.6,28.9,26.0
2026-07-25 10:00:49.709547+00:00,27.6,28.9,26.0
2026-07-25 10:01:00.233821+00:00,27.6,28.9,26.0
2026-07-25 10:01:05.503259+00:00,27.6,28.9,26.0
2026-07-25 10:01:10.764723+00:00,27.6,28.9,26.0
2026-07-25 10:01:16.034326+00:00,27.6,28.9,26.0
2026-07-25 10:01:21.294155+00:00,27.6,28.9,26.0
2026-07-25 10:01:26.563932+00:00,27.6,28.9,26.0
2026-07-25 10:01:31.824128+00:00,27.6,28.9,26.0
2026-07-25 10:01:37.095368+00:00,27.6,28.9,26.0
2026-07-25 10:01:42.356905+00:00,27.6,28.9,26.0
2026-07-25 10:01:47.626702+00:00,27.6,28.9,26.0
2026-07-25 10:01:52.886723+00:00,27.6,28.9,26.0
2026-07-25 10:01:58.156299+00:00,27.6,28.9,26.0
2026-07-25 10:02:03.416631+00:00,27.6,28.9,26.0
2026-07-25 10:02:08.687626+00:00,27.6,28.9,26.0
2026-07-25 10:02:13.949836+00:00,27.6,28.9,26.0
2026-07-25 10:02:19.219244+00:00,27.5,28.9,25.0
2026-07-25 10:02:24.481144+00:00,27.6,28.9,26.0
2026-07-25 10:02:29.751205+00:00,27.6,28.9,26.0
2026-07-25 10:02:35.011101+00:00,27.6,28.9,26.0
2026-07-25 10:02:40.282064+00:00,27.6,28.9,26.0
2026-07-25 10:02:45.542335+00:00,27.6,28.9,26.0
2026-07-25 10:02:50.825430+00:00,27.6,28.9,26.0
2026-07-25 10:02:56.085380+00:00,27.6,28.9,26.0
2026-07-25 10:03:01.354660+00:00,27.6,28.9,26.0
2026-07-25 10:03:06.614891+00:00,27.6,28.9,26.0
2026-07-25 10:03:11.885514+00:00,27.6,28.9,26.0
2026-07-25 10:03:17.145559+00:00,27.6,28.9,26.0
2026-07-25 10:03:22.417496+00:00,27.6,28.9,26.0
2026-07-25 10:03:27.677665+00:00,27.6,28.9,26.0
2026-07-25 10:03:32.946911+00:00,27.6,28.9,26.0
2026-07-25 10:03:38.207135+00:00,27.6,28.9,26.0
2026-07-25 10:03:43.477797+00:00,27.6,28.9,26.0
2026-07-25 10:03:48.740641+00:00,27.6,28.9,26.0
2026-07-25 10:03:54.010311+00:00,27.5,28.9,25.0
2026-07-25 10:03:59.271560+00:00,27.6,28.9,26.0
2026-07-25 10:04:04.541571+00:00,27.5,28.9,25.0
2026-07-25 10:04:09.801603+00:00,27.6,28.9,26.0
2026-07-25 10:04:15.073959+00:00,27.5,28.9,25.0
2026-07-25 10:04:20.333994+00:00,27.5,28.9,25.0
2026-07-25 10:04:25.604242+00:00,27.6,28.9,26.0
2026-07-25 10:04:30.864214+00:00,27.6,28.9,26.0
2026-07-25 10:04:36.133793+00:00,27.6,28.9,26.0
2026-07-25 10:04:41.395689+00:00,27.5,28.9,25.0
2026-07-25 10:04:46.665190+00:00,27.6,28.9,26.0
2026-07-25 10:04:51.925324+00:00,27.6,28.9,26.0
2026-07-25 10:04:57.195060+00:00,27.5,28.9,25.0
2026-07-25 10:05:02.455011+00:00,27.7,29.0,26.0
2026-07-25 10:05:07.724822+00:00,27.7,29.0,26.0
2026-07-25 10:05:12.986761+00:00,27.6,29.0,25.0
2026-07-25 10:05:18.256339+00:00,27.6,29.0,25.0
2026-07-25 10:05:23.516448+00:00,27.7,29.1,25.0
2026-07-25 10:05:28.786024+00:00,27.6,29.0,25.0
2026-07-25 10:05:34.046054+00:00,27.6,29.0,25.0
2026-07-25 10:05:39.317216+00:00,27.6,29.0,25.0
2026-07-25 10:05:44.577203+00:00,27.7,29.1,25.0
2026-07-25 10:05:49.848162+00:00,27.6,29.0,25.0
2026-07-25 10:05:55.108362+00:00,27.6,29.0,25.0
2026-07-25 10:06:00.377587+00:00,27.7,29.1,25.0
2026-07-25 10:06:10.902968+00:00,27.6,29.0,25.0
2026-07-25 10:06:16.163207+00:00,27.6,29.0,25.0
2026-07-25 10:06:21.432811+00:00,27.7,29.1,25.0
2026-07-25 10:06:26.692797+00:00,27.7,29.1,25.0
2026-07-25 10:06:37.216937+00:00,27.6,29.0,25.0
2026-07-25 10:06:42.487720+00:00,27.6,29.0,25.0
2026-07-25 10:06:47.748021+00:00,27.7,29.1,25.0
2026-07-25 10:06:53.017807+00:00,27.6,29.0,25.0
2026-07-25 10:06:58.277837+00:00,27.7,29.1,25.0
2026-07-25 10:07:03.547420+00:00,27.6,29.0,25.0
2026-07-25 10:07:08.809364+00:00,27.7,29.1,25.0
2026-07-25 10:07:14.080684+00:00,27.7,29.1,25.0
2026-07-25 10:07:19.340683+00:00,27.7,29.1,25.0
2026-07-25 10:07:24.610359+00:00,27.8,29.2,25.0
2026-07-25 10:07:29.870659+00:00,27.8,29.2,25.0
2026-07-25 10:07:35.139866+00:00,27.8,29.2,25.0
2026-07-25 10:07:40.401718+00:00,27.8,29.2,25.0
2026-07-25 10:07:45.695487+00:00,27.8,29.2,25.0
2026-07-25 10:07:50.955480+00:00,27.9,29.3,25.0
2026-07-25 10:07:56.225747+00:00,27.9,29.3,25.0
2026-07-25 10:08:01.485773+00:00,27.8,29.2,25.0
2026-07-25 10:08:06.755360+00:00,27.9,29.3,25.0
2026-07-25 10:08:12.017051+00:00,27.9,29.3,25.0
2026-07-25 10:08:17.287493+00:00,27.9,29.3,25.0
2026-07-25 10:08:22.547475+00:00,27.9,29.3,25.0
2026-07-25 10:08:27.819690+00:00,27.9,29.3,25.0
2026-07-25 10:08:33.079630+00:00,27.9,29.3,25.0
2026-07-25 10:08:38.349224+00:00,27.9,29.3,25.0
2026-07-25 10:08:43.610891+00:00,27.9,29.3,25.0
2026-07-25 10:08:48.880599+00:00,27.9,29.3,25.0
2026-07-25 10:08:54.140990+00:00,27.9,29.3,25.0
2026-07-25 10:08:59.411193+00:00,27.9,29.3,25.0
2026-07-25 10:09:04.671172+00:00,27.9,29.3,25.0
2026-07-25 10:09:09.943431+00:00,27.9,29.3,25.0
2026-07-25 10:09:15.203151+00:00,27.9,29.3,25.0
2026-07-25 10:09:20.472714+00:00,27.9,29.3,26.0
2026-07-25 10:09:25.732576+00:00,27.9,29.3,26.0
2026-07-25 10:09:31.001932+00:00,27.9,29.3,26.0
2026-07-25 10:09:36.263580+00:00,27.9,29.3,26.0
2026-07-25 10:09:46.788738+00:00,27.9,29.3,25.0
2026-07-25 10:09:52.057742+00:00,27.9,29.3,25.0
2026-07-25 10:09:57.317611+00:00,27.9,29.3,25.0
2026-07-25 10:10:02.587152+00:00,27.9,29.3,25.0
2026-07-25 10:10:07.847191+00:00,27.9,29.3,25.0
2026-07-25 10:10:13.182396+00:00,27.9,29.3,25.0
2026-07-25 10:10:18.442693+00:00,27.9,29.3,25.0
2026-07-25 10:10:23.711790+00:00,27.9,29.3,25.0
2026-07-25 10:10:28.971747+00:00,27.9,29.3,26.0
2026-07-25 10:10:34.241093+00:00,27.9,29.3,25.0
2026-07-25 10:10:39.501162+00:00,27.9,29.3,25.0
2026-07-25 10:10:44.772708+00:00,27.9,29.3,25.0
2026-07-25 10:10:55.297111+00:00,27.9,29.3,25.0
2026-07-25 10:11:00.557246+00:00,27.9,29.3,25.0
2026-07-25 10:11:05.826597+00:00,27.9,29.3,25.0
2026-07-25 10:11:11.088385+00:00,27.9,29.3,25.0
2026-07-25 10:11:16.358162+00:00,27.9,29.3,25.0
2026-07-25 10:11:21.618451+00:00,27.9,29.3,25.0
2026-07-25 10:11:26.887646+00:00,27.9,29.3,25.0
2026-07-25 10:11:32.149097+00:00,27.9,29.3,25.0
2026-07-25 10:11:37.418416+00:00,27.9,29.3,25.0
2026-07-25 10:11:42.680502+00:00,27.9,29.3,25.0
2026-07-25 10:11:47.949636+00:00,27.9,29.3,25.0
2026-07-25 10:11:53.209709+00:00,27.9,29.3,25.0
2026-07-25 10:11:58.479573+00:00,27.9,29.3,25.0
2026-07-25 10:12:03.739563+00:00,27.9,29.3,25.0
2026-07-25 10:12:09.009193+00:00,27.9,29.3,25.0
2026-07-25 10:12:14.270688+00:00,27.9,29.3,25.0
2026-07-25 10:12:19.540301+00:00,27.9,29.3,25.0
2026-07-25 10:12:24.800232+00:00,27.9,29.3,25.0
2026-07-25 10:12:30.070245+00:00,27.9,29.3,25.0
2026-07-25 10:12:35.330240+00:00,27.9,29.3,25.0
2026-07-25 10:12:45.863151+00:00,27.9,29.3,26.0
2026-07-25 10:12:51.132886+00:00,27.9,29.3,26.0
2026-07-25 10:12:56.392827+00:00,27.9,29.3,26.0
2026-07-25 10:13:01.662501+00:00,27.9,29.3,26.0
2026-07-25 10:13:06.922358+00:00,27.9,29.3,26.0
2026-07-25 10:13:12.193356+00:00,27.9,29.3,26.0
2026-07-25 10:13:17.453472+00:00,27.9,29.3,26.0
2026-07-25 10:13:22.723839+00:00,27.9,29.3,26.0
2026-07-25 10:13:27.984222+00:00,27.9,29.3,26.0
2026-07-25 10:13:33.253574+00:00,27.9,29.3,26.0
2026-07-25 10:13:38.513786+00:00,27.9,29.3,26.0
2026-07-25 10:13:43.785111+00:00,27.9,29.3,26.0
2026-07-25 10:13:49.045114+00:00,27.9,29.3,26.0
2026-07-25 10:13:54.314757+00:00,27.9,29.3,26.0
2026-07-25 10:13:59.575333+00:00,27.9,29.3,26.0
2026-07-25 10:14:04.844817+00:00,27.9,29.3,26.0
2026-07-25 10:14:15.369946+00:00,27.9,29.3,26.0
2026-07-25 10:14:20.630125+00:00,27.9,29.3,26.0
2026-07-25 10:14:25.899379+00:00,27.9,29.3,26.0
2026-07-25 10:14:31.159377+00:00,27.9,29.3,26.0
2026-07-25 10:14:36.429090+00:00,27.9,29.3,26.0
2026-07-25 10:14:41.690770+00:00,27.9,29.3,26.0
2026-07-25 10:14:46.960572+00:00,27.9,29.3,26.0
2026-07-25 10:14:52.220514+00:00,27.9,29.3,26.0
2026-07-25 10:14:57.489855+00:00,27.9,29.3,26.0
2026-07-25 10:15:02.750092+00:00,27.9,29.3,26.0
2026-07-25 10:15:08.019417+00:00,27.9,29.3,26.0
2026-07-25 10:15:13.281139+00:00,27.9,29.3,26.0
2026-07-25 10:15:18.552081+00:00,27.9,29.3,26.0
2026-07-25 10:15:23.812029+00:00,27.9,29.3,26.0
2026-07-25 10:15:29.081627+00:00,27.9,29.3,26.0
2026-07-25 10:15:34.341547+00:00,27.9,29.3,26.0
2026-07-25 10:15:39.614333+00:00,27.9,29.3,26.0
2026-07-25 10:15:44.874323+00:00,27.9,29.3,26.0
2026-07-25 10:15:50.144434+00:00,27.9,29.3,26.0
2026-07-25 10:15:55.404335+00:00,27.8,29.2,26.0
2026-07-25 10:16:05.928215+00:00,27.8,29.2,26.0
2026-07-25 10:16:11.199303+00:00,27.8,29.2,26.0
2026-07-25 10:16:16.459189+00:00,27.8,29.2,26.0
2026-07-25 10:16:21.729019+00:00,27.8,29.2,26.0
2026-07-25 10:16:26.989096+00:00,27.8,29.2,26.0
2026-07-25 10:16:32.258437+00:00,27.8,29.2,26.0
2026-07-25 10:16:37.518881+00:00,27.8,29.2,26.0
2026-07-25 10:16:42.789808+00:00,27.8,29.2,26.0
2026-07-25 10:16:53.314021+00:00,27.8,29.2,26.0
2026-07-25 10:16:58.574016+00:00,27.8,29.2,26.0
2026-07-25 10:17:03.843477+00:00,27.9,29.3,26.0
2026-07-25 10:17:09.103973+00:00,27.9,29.3,26.0
2026-07-25 10:17:14.375924+00:00,27.9,29.3,26.0
2026-07-25 10:17:19.635912+00:00,27.9,29.3,26.0
2026-07-25 10:17:24.905612+00:00,27.9,29.3,26.0
2026-07-25 10:17:30.165568+00:00,27.9,29.3,26.0
2026-07-25 10:17:35.434927+00:00,27.9,29.3,26.0
2026-07-25 10:17:40.696568+00:00,27.9,29.3,26.0
2026-07-25 10:17:45.966061+00:00,27.9,29.3,26.0
2026-07-25 10:17:51.225817+00:00,27.9,29.3,26.0
2026-07-25 10:17:56.495417+00:00,27.9,29.3,26.0
2026-07-25 10:18:01.755315+00:00,27.9,29.3,26.0
2026-07-25 10:18:07.024626+00:00,28.0,29.3,27.0
2026-07-25 10:18:17.550359+00:00,28.0,29.3,27.0
2026-07-25 10:18:22.810090+00:00,28.0,29.3,27.0
2026-07-25 10:18:28.079318+00:00,28.0,29.3,27.0
2026-07-25 10:18:33.339628+00:00,27.9,29.3,26.0
2026-07-25 10:18:38.608584+00:00,28.0,29.3,27.0
2026-07-25 10:18:43.870285+00:00,28.0,29.3,27.0
2026-07-25 10:18:49.139869+00:00,28.0,29.3,27.0
2026-07-25 10:18:54.399803+00:00,27.9,29.3,26.0
2026-07-25 10:18:59.669279+00:00,27.9,29.3,26.0
2026-07-25 10:19:04.930422+00:00,27.9,29.3,26.0
2026-07-25 10:19:10.201613+00:00,27.9,29.3,26.0
2026-07-25 10:19:15.461904+00:00,27.9,29.3,26.0
2026-07-25 10:19:20.733091+00:00,27.9,29.3,26.0
2026-07-25 10:19:25.993223+00:00,27.9,29.3,26.0
2026-07-25 10:19:31.263059+00:00,27.9,29.3,26.0
2026-07-25 10:19:36.523710+00:00,27.9,29.3,26.0
2026-07-25 10:19:41.794763+00:00,27.9,29.3,26.0
2026-07-25 10:19:47.054877+00:00,27.9,29.3,26.0
2026-07-25 10:19:52.325342+00:00,27.9,29.3,26.0
2026-07-25 10:19:57.585389+00:00,27.9,29.3,26.0
2026-07-25 10:20:08.108894+00:00,27.9,29.3,26.0
2026-07-25 10:20:13.380546+00:00,27.9,29.3,26.0
2026-07-25 10:20:18.640812+00:00,27.9,29.3,26.0
2026-07-25 10:20:23.910425+00:00,27.9,29.3,26.0
2026-07-25 10:20:29.170964+00:00,27.9,29.3,26.0
2026-07-25 10:20:34.440458+00:00,27.9,29.3,26.0
2026-07-25 10:20:39.700634+00:00,27.9,29.3,26.0
2026-07-25 10:20:44.972103+00:00,27.9,29.3,26.0
2026-07-25 10:20:50.232120+00:00,27.9,29.3,26.0
2026-07-25 10:20:55.508665+00:00,27.9,29.3,26.0
2026-07-25 10:21:00.770331+00:00,27.9,29.3,26.0
2026-07-25 10:21:06.040319+00:00,27.9,29.3,26.0
2026-07-25 10:21:11.302116+00:00,27.9,29.3,26.0
2026-07-25 10:21:16.571682+00:00,27.9,29.3,26.0
2026-07-25 10:21:21.832307+00:00,27.9,29.3,26.0
2026-07-25 10:21:27.101741+00:00,27.9,29.3,26.0
2026-07-25 10:21:32.361796+00:00,27.9,29.3,26.0
2026-07-25 10:21:37.631417+00:00,27.9,29.3,26.0
2026-07-25 10:21:42.893369+00:00,27.9,29.3,26.0
2026-07-25 10:21:48.162631+00:00,27.9,29.3,26.0
2026-07-25 10:21:53.422956+00:00,27.9,29.3,26.0
2026-07-25 10:21:58.692250+00:00,27.9,29.3,26.0
2026-07-25 10:22:03.952345+00:00,27.9,29.3,26.0
2026-07-25 10:22:09.224925+00:00,27.9,29.3,26.0
2026-07-25 10:22:14.485277+00:00,27.9,29.3,26.0
2026-07-25 10:22:19.754676+00:00,27.9,29.3,26.0
2026-07-25 10:22:25.014791+00:00,27.9,29.3,26.0
2026-07-25 10:22:30.284546+00:00,27.9,29.3,26.0
2026-07-25 10:22:35.544460+00:00,27.9,29.3,26.0
2026-07-25 10:22:40.815337+00:00,27.9,29.3,26.0
2026-07-25 10:22:46.075513+00:00,27.9,29.3,26.0
2026-07-25 10:22:51.345914+00:00,27.9,29.3,26.0
2026-07-25 10:22:56.606062+00:00,27.9,29.3,26.0
2026-07-25 10:23:07.129575+00:00,27.9,29.3,26.0
2026-07-25 10:23:12.407905+00:00,27.9,29.3,26.0
2026-07-25 10:23:17.672143+00:00,27.9,29.3,26.0
2026-07-25 10:23:22.941059+00:00,27.9,29.3,26.0
2026-07-25 10:23:28.200944+00:00,27.9,29.3,26.0
2026-07-25 10:23:33.470268+00:00,27.9,29.3,26.0
2026-07-25 10:23:38.730306+00:00,27.9,29.3,26.0
2026-07-25 10:23:44.001385+00:00,27.9,29.3,26.0
2026-07-25 10:23:49.263273+00:00,27.9,29.3,26.0
2026-07-25 10:23:54.532989+00:00,27.9,29.3,26.0
2026-07-25 10:23:59.793189+00:00,27.9,29.3,26.0
2026-07-25 10:24:05.064877+00:00,27.9,29.3,26.0
2026-07-25 10:24:10.326632+00:00,27.9,29.3,26.0
2026-07-25 10:24:15.596095+00:00,27.9,29.3,26.0
2026-07-25 10:24:20.855921+00:00,27.9,29.3,26.0
2026-07-25 10:24:31.379891+00:00,27.9,29.3,26.0
2026-07-25 10:24:36.649064+00:00,27.9,29.3,26.0
2026-07-25 10:24:41.911778+00:00,27.9,29.3,26.0
2026-07-25 10:24:47.184112+00:00,27.9,29.3,26.0
2026-07-25 10:24:52.444390+00:00,27.9,29.3,26.0
2026-07-25 10:24:57.713796+00:00,27.9,29.3,26.0
2026-07-25 10:25:02.974040+00:00,27.9,29.3,26.0
2026-07-25 10:25:08.244826+00:00,27.9,29.3,26.0
2026-07-25 10:25:13.506460+00:00,28.0,29.3,27.0
2026-07-25 10:25:18.775960+00:00,27.9,29.3,26.0
2026-07-25 10:25:24.036220+00:00,28.0,29.3,27.0
2026-07-25 10:25:29.305614+00:00,28.0,29.3,27.0
2026-07-25 10:25:34.565712+00:00,28.0,29.3,27.0
2026-07-25 10:25:39.841735+00:00,28.0,29.3,27.0
2026-07-25 10:25:45.101637+00:00,28.0,29.3,27.0
2026-07-25 10:25:50.371170+00:00,28.0,29.3,27.0
2026-07-25 10:25:55.631298+00:00,28.0,29.3,27.0
2026-07-25 10:26:00.900823+00:00,28.0,29.3,27.0
2026-07-25 10:26:06.161130+00:00,28.0,29.3,27.0
2026-07-25 10:26:11.432150+00:00,28.0,29.3,27.0
2026-07-25 10:26:16.692458+00:00,28.0,29.3,27.0
2026-07-25 10:26:21.961879+00:00,28.0,29.3,27.0
2026-07-25 10:26:27.222103+00:00,28.0,29.3,27.0
2026-07-25 10:26:32.492809+00:00,28.0,29.3,27.0
2026-07-25 10:26:37.753433+00:00,28.0,29.3,27.0
2026-07-25 10:26:43.024809+00:00,28.0,29.3,27.0
2026-07-25 10:26:48.284879+00:00,28.0,29.3,27.0
2026-07-25 10:26:53.554486+00:00,28.0,29.3,27.0
2026-07-25 10:26:58.814828+00:00,28.0,29.3,27.0
2026-07-25 10:27:04.084265+00:00,28.0,29.3,27.0
2026-07-25 10:27:09.344552+00:00,28.0,29.3,27.0
2026-07-25 10:27:14.616239+00:00,28.0,29.3,27.0
2026-07-25 10:27:19.876370+00:00,28.0,29.3,27.0
2026-07-25 10:27:25.145891+00:00,28.0,29.3,27.0
2026-07-25 10:27:30.406306+00:00,28.0,29.3,27.0
2026-07-25 10:27:35.675932+00:00,28.0,29.3,27.0
2026-07-25 10:27:40.937593+00:00,28.0,29.3,27.0
2026-07-25 10:27:46.207330+00:00,28.0,29.3,27.0
2026-07-25 10:27:51.467484+00:00,28.0,29.3,27.0
2026-07-25 10:27:56.737053+00:00,28.0,29.3,27.0
2026-07-25 10:28:01.997388+00:00,28.0,29.3,27.0
2026-07-25 10:28:07.266702+00:00,28.0,29.3,27.0
2026-07-25 10:28:12.528504+00:00,28.0,29.3,27.0
2026-07-25 10:28:17.799741+00:00,28.0,29.3,27.0
2026-07-25 10:28:23.064038+00:00,28.0,29.3,27.0
2026-07-25 10:28:28.333733+00:00,28.0,29.3,27.0
2026-07-25 10:28:33.594070+00:00,28.0,29.3,27.0
2026-07-25 10:28:38.863718+00:00,28.0,29.3,27.0
2026-07-25 10:28:44.125739+00:00,28.0,29.3,27.0
2026-07-25 10:28:49.395239+00:00,28.0,29.3,27.0
2026-07-25 10:28:54.655626+00:00,28.0,29.3,27.0
2026-07-25 10:28:59.926245+00:00,28.0,29.3,27.0
2026-07-25 10:29:05.187510+00:00,28.0,29.3,27.0
2026-07-25 10:29:10.458933+00:00,28.0,29.3,27.0
2026-07-25 10:29:15.719122+00:00,28.0,29.3,27.0
2026-07-25 10:29:26.243400+00:00,28.0,29.3,27.0
2026-07-25 10:29:31.512877+00:00,28.0,29.3,27.0
2026-07-25 10:29:36.773111+00:00,28.0,29.3,28.0
2026-07-25 10:29:42.044710+00:00,28.0,29.3,28.0
2026-07-25 10:29:47.305332+00:00,28.0,29.3,28.0
2026-07-25 10:29:52.575231+00:00,28.0,29.3,28.0
2026-07-25 10:29:57.835289+00:00,28.0,29.3,27.0
2026-07-25 10:30:03.105383+00:00,28.0,29.3,28.0
2026-07-25 10:30:13.631088+00:00,28.0,29.3,28.0
2026-07-25 10:30:18.892398+00:00,28.0,29.3,28.0
2026-07-25 10:30:29.416420+00:00,28.0,29.3,28.0
2026-07-25 10:30:34.685718+00:00,28.0,29.3,28.0
2026-07-25 10:30:39.946106+00:00,28.0,29.3,28.0
2026-07-25 10:30:45.226397+00:00,28.0,29.3,28.0
2026-07-25 10:30:50.486462+00:00,28.0,29.3,28.0
2026-07-25 10:30:55.758092+00:00,28.0,29.3,28.0
2026-07-25 10:31:01.018092+00:00,28.0,29.3,28.0
2026-07-25 10:31:06.291799+00:00,28.0,29.3,28.0
2026-07-25 10:31:11.553613+00:00,28.0,29.3,28.0
2026-07-25 10:31:16.822954+00:00,28.0,29.3,28.0
2026-07-25 10:31:22.083422+00:00,28.0,29.3,28.0
2026-07-25 10:31:27.352832+00:00,28.0,29.3,28.0
2026-07-25 10:31:32.612841+00:00,28.0,29.3,28.0
2026-07-25 10:31:37.882744+00:00,28.0,29.3,28.0
2026-07-25 10:31:43.144568+00:00,28.0,29.3,28.0
2026-07-25 10:31:48.414376+00:00,28.0,29.3,28.0
2026-07-25 10:31:53.674441+00:00,28.0,29.3,28.0
2026-07-25 10:31:58.944110+00:00,28.0,29.3,28.0
2026-07-25 10:32:04.204506+00:00,28.0,29.3,28.0
2026-07-25 10:32:09.475430+00:00,28.0,29.3,28.0
2026-07-25 10:32:14.735590+00:00,28.0,29.3,28.0
2026-07-25 10:32:20.005858+00:00,28.0,29.3,28.0
2026-07-25 10:32:25.265882+00:00,28.0,29.3,28.0
2026-07-25 10:32:30.535757+00:00,28.0,29.3,28.0
2026-07-25 10:32:35.795836+00:00,28.0,29.3,28.0
2026-07-25 10:32:46.321051+00:00,28.0,29.3,28.0
2026-07-25 10:32:51.590650+00:00,28.0,29.3,28.0
2026-07-25 10:32:56.850759+00:00,28.0,29.3,28.0
2026-07-25 10:33:02.120569+00:00,28.0,29.3,28.0
2026-07-25 10:33:07.380535+00:00,28.0,29.3,28.0
2026-07-25 10:33:12.652446+00:00,28.0,29.3,28.0
2026-07-25 10:33:17.912752+00:00,28.0,29.3,28.0
2026-07-25 10:33:23.186233+00:00,28.0,29.3,28.0
2026-07-25 10:33:28.446265+00:00,28.0,29.3,28.0
2026-07-25 10:33:33.716299+00:00,28.0,29.3,28.0
2026-07-25 10:33:38.976369+00:00,28.0,29.3,28.0
2026-07-25 10:33:44.248035+00:00,28.0,29.3,28.0
2026-07-25 10:33:49.508016+00:00,28.0,29.3,28.0
2026-07-25 10:34:00.031696+00:00,28.0,29.3,28.0
2026-07-25 10:34:05.301937+00:00,28.0,29.3,28.0
2026-07-25 10:34:10.563590+00:00,28.0,29.3,28.0
2026-07-25 10:34:15.833546+00:00,28.0,29.3,28.0
2026-07-25 10:34:21.093687+00:00,28.0,29.3,28.0
2026-07-25 10:34:26.363053+00:00,28.0,29.3,28.0
2026-07-25 10:34:31.623378+00:00,28.0,29.3,28.0
2026-07-25 10:34:36.893366+00:00,28.0,29.3,28.0
2026-07-25 10:34:42.154660+00:00,28.0,29.3,28.0
2026-07-25 10:34:47.423911+00:00,28.0,29.3,28.0
2026-07-25 10:34:52.684139+00:00,28.0,29.3,28.0
2026-07-25 10:34:57.953480+00:00,28.0,29.3,28.0
2026-07-25 10:35:03.213436+00:00,28.0,29.3,28.0
2026-07-25 10:35:08.483308+00:00,28.0,29.3,28.0
2026-07-25 10:35:13.744882+00:00,28.0,29.3,28.0
2026-07-25 10:35:19.014665+00:00,28.0,29.3,28.0
2026-07-25 10:35:24.274695+00:00,28.0,29.3,28.0
2026-07-25 10:35:29.543972+00:00,28.0,29.3,28.0
2026-07-25 10:35:34.804326+00:00,28.0,29.3,28.0
2026-07-25 10:35:40.075560+00:00,28.0,29.3,28.0
2026-07-25 10:35:45.335666+00:00,28.0,29.3,28.0
2026-07-25 10:35:50.607025+00:00,28.0,29.3,28.0
2026-07-25 10:35:55.867088+00:00,28.0,29.3,28.0
2026-07-25 10:36:01.136421+00:00,28.0,29.3,28.0
2026-07-25 10:36:06.396745+00:00,28.0,29.3,28.0
2026-07-25 10:36:11.668829+00:00,28.0,29.3,28.0
2026-07-25 10:36:16.929343+00:00,28.0,29.3,28.0
2026-07-25 10:36:22.199024+00:00,28.0,29.3,28.0
2026-07-25 10:36:27.459474+00:00,28.0,29.3,28.0
2026-07-25 10:36:37.983147+00:00,28.0,29.3,28.0
2026-07-25 10:36:43.255747+00:00,28.0,29.3,28.0
2026-07-25 10:36:48.515839+00:00,28.0,29.3,28.0
2026-07-25 10:36:53.785368+00:00,28.0,29.3,28.0
2026-07-25 10:36:59.045811+00:00,28.0,29.3,28.0
2026-07-25 10:37:04.315179+00:00,28.0,29.3,28.0
2026-07-25 10:37:09.575212+00:00,28.0,29.3,28.0
2026-07-25 10:37:14.846083+00:00,28.0,29.3,28.0
2026-07-25 10:37:20.106524+00:00,28.0,29.3,28.0
2026-07-25 10:37:25.375974+00:00,28.0,29.3,28.0
2026-07-25 10:37:30.636070+00:00,28.0,29.3,28.0
2026-07-25 10:37:35.906021+00:00,28.0,29.3,28.0
2026-07-25 10:37:41.168558+00:00,28.0,29.3,28.0
2026-07-25 10:37:46.438029+00:00,28.0,29.3,28.0
2026-07-25 10:37:51.698214+00:00,28.0,29.3,28.0
2026-07-25 10:37:56.968282+00:00,28.0,29.3,28.0
2026-07-25 10:38:02.228310+00:00,28.0,29.3,28.0
2026-07-25 10:38:07.498597+00:00,28.0,29.3,28.0
2026-07-25 10:38:12.760192+00:00,28.0,29.3,28.0
2026-07-25 10:38:18.029696+00:00,28.0,29.3,28.0
2026-07-25 10:38:23.290089+00:00,28.0,29.3,28.0
2026-07-25 10:38:28.559405+00:00,28.0,29.3,28.0
2026-07-25 10:38:33.819499+00:00,28.0,29.3,28.0
2026-07-25 10:38:39.090895+00:00,28.0,29.3,28.0
2026-07-25 10:38:44.351432+00:00,28.0,29.3,28.0
2026-07-25 10:38:49.621527+00:00,28.0,29.3,28.0
2026-07-25 10:39:00.145120+00:00,28.0,29.3,28.0
2026-07-25 10:39:05.405267+00:00,28.0,29.3,28.0
2026-07-25 10:39:10.677875+00:00,28.0,29.3,28.0
2026-07-25 10:39:15.937863+00:00,28.0,29.3,28.0
2026-07-25 10:39:21.207298+00:00,28.0,29.3,28.0
2026-07-25 10:39:26.467800+00:00,28.0,29.3,28.0
2026-07-25 10:39:31.737095+00:00,28.0,29.3,28.0
2026-07-25 10:39:36.997405+00:00,28.0,29.3,28.0
2026-07-25 10:39:42.270442+00:00,28.0,29.3,28.0
2026-07-25 10:39:47.530578+00:00,28.0,29.3,28.0
2026-07-25 10:39:52.800056+00:00,28.0,29.3,28.0
2026-07-25 10:39:58.060642+00:00,28.0,29.3,28.0
2026-07-25 10:40:03.330108+00:00,28.0,29.3,28.0
2026-07-25 10:40:08.591170+00:00,28.0,29.3,28.0
2026-07-25 10:40:13.862097+00:00,28.0,29.3,28.0
2026-07-25 10:40:24.385848+00:00,28.0,29.3,28.0
2026-07-25 10:40:29.645787+00:00,28.0,29.3,28.0
2026-07-25 10:40:34.917115+00:00,28.0,29.3,28.0
2026-07-25 10:40:40.179032+00:00,28.0,29.3,28.0
2026-07-25 10:40:45.448626+00:00,28.0,29.3,28.0
2026-07-25 10:40:50.708715+00:00,28.0,29.3,28.0
2026-07-25 10:40:55.978550+00:00,28.0,29.3,28.0
2026-07-25 10:41:01.238637+00:00,28.0,29.3,28.0
2026-07-25 10:41:06.508712+00:00,28.0,29.3,28.0
2026-07-25 10:41:11.770677+00:00,28.0,29.3,28.0
2026-07-25 10:41:17.040066+00:00,28.0,29.3,28.0
2026-07-25 10:41:22.300432+00:00,28.0,29.3,28.0
2026-07-25 10:41:32.823970+00:00,28.0,29.3,28.0
2026-07-25 10:41:38.094904+00:00,28.0,29.3,28.0
2026-07-25 10:41:43.357626+00:00,28.1,29.3,29.0
2026-07-25 10:41:48.626979+00:00,28.0,29.3,28.0
2026-07-25 10:41:53.887118+00:00,28.1,29.3,29.0
2026-07-25 10:41:59.156935+00:00,28.0,29.3,28.0
2026-07-25 10:42:04.416863+00:00,28.1,29.3,29.0
2026-07-25 10:42:09.688851+00:00,28.1,29.3,29.0
2026-07-25 10:42:14.948945+00:00,28.1,29.3,29.0
2026-07-25 10:42:20.218636+00:00,28.1,29.3,29.0
2026-07-25 10:42:25.478586+00:00,28.1,29.3,29.0
2026-07-25 10:42:30.747859+00:00,28.1,29.3,29.0
2026-07-25 10:42:36.008086+00:00,28.1,29.3,29.0
2026-07-25 10:42:41.278755+00:00,28.1,29.3,29.0
2026-07-25 10:42:51.802693+00:00,28.1,29.3,29.0
2026-07-25 10:42:57.062583+00:00,28.1,29.3,29.0
2026-07-25 10:43:02.331981+00:00,28.1,29.3,29.0
2026-07-25 10:43:07.592239+00:00,28.1,29.3,29.0
2026-07-25 10:43:12.863401+00:00,28.1,29.3,29.0
2026-07-25 10:43:18.123288+00:00,28.1,29.3,29.0
2026-07-25 10:43:23.392726+00:00,28.1,29.3,29.0
2026-07-25 10:43:28.652963+00:00,28.1,29.3,29.0
2026-07-25 10:43:33.922182+00:00,28.1,29.3,29.0
2026-07-25 10:43:39.183175+00:00,28.1,29.3,29.0
2026-07-25 10:43:44.455172+00:00,28.1,29.3,29.0
2026-07-25 10:43:49.715183+00:00,28.1,29.3,29.0
2026-07-25 10:43:54.985230+00:00,28.1,29.3,29.0
2026-07-25 10:44:00.246267+00:00,28.1,29.3,29.0
2026-07-25 10:44:05.515941+00:00,28.1,29.3,29.0
2026-07-25 10:44:10.777935+00:00,28.1,29.3,29.0
2026-07-25 10:44:16.047380+00:00,28.1,29.3,29.0
2026-07-25 10:44:21.307589+00:00,28.1,29.3,29.0
2026-07-25 10:44:26.577710+00:00,28.1,29.3,29.0
2026-07-25 10:44:31.837792+00:00,28.1,29.3,29.0
2026-07-25 10:44:37.107489+00:00,28.1,29.3,29.0
2026-07-25 10:44:42.369161+00:00,28.1,29.3,29.0
2026-07-25 10:44:47.638757+00:00,28.1,29.3,29.0
2026-07-25 10:44:52.898937+00:00,28.1,29.3,29.0
2026-07-25 10:45:03.423065+00:00,28.1,29.3,29.0
2026-07-25 10:45:08.692603+00:00,28.1,29.3,29.0
2026-07-25 10:45:13.954456+00:00,28.1,29.3,29.0
2026-07-25 10:45:19.224404+00:00,28.1,29.3,29.0
2026-07-25 10:45:29.748381+00:00,28.1,29.3,29.0
2026-07-25 10:45:35.008803+00:00,28.1,29.3,29.0
2026-07-25 10:45:40.279863+00:00,28.1,29.3,29.0
2026-07-25 10:45:45.540255+00:00,28.1,29.3,29.0
2026-07-25 10:45:50.810073+00:00,28.1,29.3,29.0
2026-07-25 10:45:56.070287+00:00,28.1,29.3,29.0
2026-07-25 10:46:01.340655+00:00,28.1,29.3,29.0
2026-07-25 10:46:06.600611+00:00,28.1,29.3,29.0
2026-07-25 10:46:11.872107+00:00,28.1,29.3,29.0
2026-07-25 10:46:17.132150+00:00,28.1,29.3,29.0
2026-07-25 10:46:22.401731+00:00,28.1,29.3,29.0
2026-07-25 10:46:27.662067+00:00,28.1,29.3,29.0
2026-07-25 10:46:32.931657+00:00,28.1,29.3,29.0
2026-07-25 10:46:38.191832+00:00,28.1,29.3,29.0
2026-07-25 10:46:43.463214+00:00,28.1,29.3,29.0
2026-07-25 10:46:48.723336+00:00,28.1,29.3,29.0
2026-07-25 10:46:53.993128+00:00,28.1,29.3,29.0
2026-07-25 10:46:59.253623+00:00,28.1,29.3,30.0
2026-07-25 10:47:04.523388+00:00,28.1,29.3,29.0
2026-07-25 10:47:09.783676+00:00,28.1,29.3,29.0
2026-07-25 10:47:15.056181+00:00,28.1,29.3,30.0
2026-07-25 10:47:20.316223+00:00,28.1,29.3,30.0
2026-07-25 10:47:25.585874+00:00,28.1,29.3,29.0
2026-07-25 10:47:30.845974+00:00,28.1,29.3,30.0
2026-07-25 10:47:36.115627+00:00,28.1,29.3,30.0
2026-07-25 10:47:41.377647+00:00,28.1,29.3,30.0
2026-07-25 10:47:46.648098+00:00,28.1,29.3,30.0
2026-07-25 10:47:51.908351+00:00,28.1,29.3,30.0
2026-07-25 10:47:57.178028+00:00,28.1,29.3,30.0
2026-07-25 10:48:02.438129+00:00,28.1,29.3,29.0
2026-07-25 10:48:07.707936+00:00,28.1,29.3,30.0
2026-07-25 10:48:12.969631+00:00,28.1,29.3,30.0
2026-07-25 10:48:18.238867+00:00,28.1,29.3,30.0
2026-07-25 10:48:23.499060+00:00,28.1,29.3,30.0
2026-07-25 10:48:28.768725+00:00,28.1,29.3,30.0
2026-07-25 10:48:34.028738+00:00,28.1,29.3,30.0
2026-07-25 10:48:39.300023+00:00,28.1,29.3,30.0
2026-07-25 10:48:44.560512+00:00,28.1,29.3,30.0
2026-07-25 10:48:49.830407+00:00,28.1,29.3,30.0
2026-07-25 10:48:55.090298+00:00,28.1,29.3,30.0
2026-07-25 10:49:00.360107+00:00,28.1,29.3,30.0
2026-07-25 10:49:05.620165+00:00,28.1,29.3,30.0
2026-07-25 10:49:10.891185+00:00,28.1,29.3,30.0
2026-07-25 10:49:16.151190+00:00,28.1,29.3,30.0
2026-07-25 10:49:21.421068+00:00,28.1,29.3,30.0
2026-07-25 10:49:26.680973+00:00,28.1,29.3,29.0
2026-07-25 10:49:31.950584+00:00,28.1,29.3,30.0
2026-07-25 10:49:37.211286+00:00,28.1,29.3,29.0
2026-07-25 10:49:42.482744+00:00,28.1,29.3,29.0
2026-07-25 10:49:47.742773+00:00,28.1,29.3,29.0
2026-07-25 10:49:53.012120+00:00,28.1,29.3,29.0
2026-07-25 10:49:58.272396+00:00,28.1,29.3,29.0
2026-07-25 10:50:03.541738+00:00,28.1,29.3,29.0
2026-07-25 10:50:08.801785+00:00,28.1,29.3,29.0
2026-07-25 10:50:14.072602+00:00,28.1,29.3,29.0
2026-07-25 10:50:19.332469+00:00,28.1,29.3,29.0
2026-07-25 10:50:24.602131+00:00,28.1,29.3,29.0
2026-07-25 10:50:29.861983+00:00,28.1,29.3,29.0
2026-07-25 10:50:35.131688+00:00,28.1,29.3,30.0
2026-07-25 10:50:40.393452+00:00,28.1,29.3,30.0
2026-07-25 10:50:45.662737+00:00,28.1,29.3,29.0
2026-07-25 10:50:50.922725+00:00,28.1,29.3,29.0
2026-07-25 10:50:56.193395+00:00,28.1,29.3,29.0
2026-07-25 10:51:01.453264+00:00,28.1,29.3,29.0
2026-07-25 10:51:06.722970+00:00,28.1,29.3,29.0
2026-07-25 10:51:11.984628+00:00,28.1,29.3,29.0
2026-07-25 10:51:17.254887+00:00,28.1,29.3,29.0
2026-07-25 10:51:22.522324+00:00,28.1,29.3,29.0
2026-07-25 10:51:27.793387+00:00,28.1,29.3,29.0
2026-07-25 10:51:33.054260+00:00,28.1,29.3,29.0
2026-07-25 10:51:38.323722+00:00,28.1,29.3,29.0
2026-07-25 10:51:48.849508+00:00,28.1,29.3,29.0
2026-07-25 10:51:54.109751+00:00,28.1,29.3,29.0
2026-07-25 10:51:59.379727+00:00,28.1,29.3,29.0
2026-07-25 10:52:04.639955+00:00,28.1,29.3,29.0
2026-07-25 10:52:09.911764+00:00,28.1,29.3,29.0
2026-07-25 10:52:15.172040+00:00,28.1,29.3,29.0
2026-07-25 10:52:20.441501+00:00,28.1,29.3,29.0
2026-07-25 10:52:25.701941+00:00,28.1,29.3,29.0
2026-07-25 10:52:30.971424+00:00,28.1,29.3,29.0
2026-07-25 10:52:36.231654+00:00,28.1,29.3,29.0
2026-07-25 10:52:41.503439+00:00,28.1,29.3,29.0
2026-07-25 10:52:46.763570+00:00,28.1,29.3,29.0
2026-07-25 10:52:52.032978+00:00,28.1,29.3,30.0
2026-07-25 10:52:57.293410+00:00,28.1,29.3,30.0
2026-07-25 10:53:02.562868+00:00,28.1,29.3,30.0
2026-07-25 10:53:07.823147+00:00,28.1,29.3,30.0
2026-07-25 10:53:13.094671+00:00,28.1,29.3,30.0
2026-07-25 10:53:18.354685+00:00,28.1,29.3,29.0
2026-07-25 10:53:23.625378+00:00,28.1,29.3,29.0
2026-07-25 10:53:28.885332+00:00,28.1,29.3,29.0
2026-07-25 10:53:34.155175+00:00,28.1,29.3,29.0
2026-07-25 10:53:39.415400+00:00,28.1,29.3,29.0
2026-07-25 10:53:44.686812+00:00,28.1,29.3,29.0
2026-07-25 10:53:49.946769+00:00,28.1,29.3,29.0
2026-07-25 10:53:55.216744+00:00,28.1,29.3,29.0
2026-07-25 10:54:00.476844+00:00,28.1,29.3,29.0
2026-07-25 10:54:11.000489+00:00,28.1,29.3,29.0
2026-07-25 10:54:16.269879+00:00,28.1,29.3,29.0
2026-07-25 10:54:21.530348+00:00,28.1,29.3,29.0
2026-07-25 10:54:26.799975+00:00,28.1,29.3,29.0
2026-07-25 10:54:32.060256+00:00,28.1,29.3,29.0
2026-07-25 10:54:37.329913+00:00,28.1,29.3,29.0
2026-07-25 10:54:42.591580+00:00,28.1,29.3,29.0
2026-07-25 10:54:47.861321+00:00,28.1,29.3,29.0
2026-07-25 10:54:53.121280+00:00,28.1,29.3,29.0
2026-07-25 10:54:58.390923+00:00,28.1,29.3,29.0
2026-07-25 10:55:03.651399+00:00,28.1,29.3,29.0
2026-07-25 10:55:08.921955+00:00,28.1,29.3,29.0
2026-07-25 10:55:14.184897+00:00,28.1,29.3,29.0
2026-07-25 10:55:19.454386+00:00,28.1,29.3,29.0
2026-07-25 10:55:24.714282+00:00,28.1,29.3,29.0
2026-07-25 10:55:29.983998+00:00,28.1,29.3,29.0
2026-07-25 10:55:35.244275+00:00,28.1,29.3,29.0
2026-07-25 10:55:40.516573+00:00,28.1,29.3,29.0
2026-07-25 10:55:45.777111+00:00,28.1,29.3,30.0
2026-07-25 10:55:51.047000+00:00,28.1,29.3,30.0
2026-07-25 10:55:56.307265+00:00,28.1,29.3,30.0
2026-07-25 10:56:01.576793+00:00,28.1,29.3,30.0
2026-07-25 10:56:06.836852+00:00,28.1,29.3,30.0
2026-07-25 10:56:12.108590+00:00,28.1,29.3,30.0
2026-07-25 10:56:17.368702+00:00,28.1,29.3,30.0
2026-07-25 10:56:22.641569+00:00,28.1,29.3,30.0
2026-07-25 10:56:27.901920+00:00,28.1,29.3,30.0
2026-07-25 10:56:33.172233+00:00,28.1,29.3,30.0
2026-07-25 10:56:38.432222+00:00,28.1,29.3,29.0
2026-07-25 10:56:43.703622+00:00,28.1,29.3,30.0
2026-07-25 10:56:48.963703+00:00,28.1,29.3,30.0
2026-07-25 10:56:54.233452+00:00,28.1,29.3,29.0
2026-07-25 10:57:04.757337+00:00,28.1,29.3,30.0
2026-07-25 10:57:10.021252+00:00,28.1,29.3,30.0
2026-07-25 10:57:15.290568+00:00,28.1,29.3,30.0
2026-07-25 10:57:25.814446+00:00,28.1,29.3,30.0
2026-07-25 10:57:31.074247+00:00,28.1,29.3,30.0
2026-07-25 10:57:36.343996+00:00,28.1,29.3,30.0
2026-07-25 10:57:41.605659+00:00,28.1,29.3,30.0
2026-07-25 10:57:46.874978+00:00,28.1,29.3,30.0
2026-07-25 10:57:52.135256+00:00,28.1,29.3,30.0
2026-07-25 10:57:57.404638+00:00,28.1,29.3,30.0
2026-07-25 10:58:02.664746+00:00,28.1,29.3,30.0
2026-07-25 10:58:13.188198+00:00,28.1,29.3,30.0
2026-07-25 10:58:18.457874+00:00,28.1,29.3,30.0
2026-07-25 10:58:23.717704+00:00,28.2,29.3,31.0
2026-07-25 10:58:28.986991+00:00,28.1,29.3,30.0
2026-07-25 10:58:34.247116+00:00,28.1,29.3,30.0
2026-07-25 10:58:39.518225+00:00,28.1,29.3,30.0
2026-07-25 10:58:44.778208+00:00,28.1,29.3,30.0
2026-07-25 10:58:50.048091+00:00,28.1,29.3,30.0
2026-07-25 10:58:55.308098+00:00,28.1,29.3,30.0
2026-07-25 10:59:00.577712+00:00,28.1,29.3,30.0
2026-07-25 10:59:05.839389+00:00,28.1,29.3,30.0
2026-07-25 10:59:11.110875+00:00,28.1,29.3,30.0
2026-07-25 10:59:16.371333+00:00,28.1,29.3,30.0
2026-07-25 10:59:21.642189+00:00,28.1,29.3,30.0
2026-07-25 10:59:26.902160+00:00,28.1,29.3,30.0
2026-07-25 10:59:32.172595+00:00,28.1,29.3,30.0
2026-07-25 10:59:37.432652+00:00,28.1,29.3,30.0
2026-07-25 10:59:42.704465+00:00,28.1,29.3,30.0
2026-07-25 10:59:47.964657+00:00,28.1,29.3,30.0
2026-07-25 10:59:53.234230+00:00,28.1,29.3,30.0
2026-07-25 10:59:58.494855+00:00,28.1,29.3,30.0
2026-07-25 11:00:03.764385+00:00,28.1,29.3,30.0
2026-07-25 11:00:09.024525+00:00,28.1,29.3,30.0
2026-07-25 11:00:14.296151+00:00,28.1,29.3,30.0
2026-07-25 11:00:19.556735+00:00,28.1,29.3,30.0
2026-07-25 11:00:24.826323+00:00,28.1,29.3,30.0
2026-07-25 11:00:30.086601+00:00,28.1,29.3,30.0
2026-07-25 11:00:35.356418+00:00,28.1,29.3,30.0
2026-07-25 11:00:45.882556+00:00,28.1,29.3,30.0
2026-07-25 11:00:51.143087+00:00,28.1,29.3,30.0
2026-07-25 11:00:56.412581+00:00,28.1,29.3,30.0
2026-07-25 11:01:01.673660+00:00,28.1,29.3,30.0
2026-07-25 11:01:06.943136+00:00,28.1,29.3,30.0
2026-07-25 11:01:12.204611+00:00,28.1,29.3,30.0
2026-07-25 11:01:17.474064+00:00,28.1,29.3,30.0
2026-07-25 11:01:22.734502+00:00,28.1,29.3,30.0
2026-07-25 11:01:28.004028+00:00,28.1,29.3,30.0
2026-07-25 11:01:33.264077+00:00,28.1,29.3,30.0
2026-07-25 11:01:38.533719+00:00,28.1,29.3,30.0
2026-07-25 11:01:43.795382+00:00,28.1,29.3,30.0
2026-07-25 11:01:49.065215+00:00,28.1,29.3,30.0
2026-07-25 11:01:54.325220+00:00,28.1,29.3,30.0
2026-07-25 11:01:59.595117+00:00,28.1,29.3,30.0
2026-07-25 11:02:04.855267+00:00,28.1,29.3,30.0
2026-07-25 11:02:10.126491+00:00,28.1,29.3,30.0
2026-07-25 11:02:20.650286+00:00,28.1,29.3,30.0
2026-07-25 11:02:25.910689+00:00,28.1,29.3,30.0
2026-07-25 11:02:31.184563+00:00,28.1,29.3,30.0
2026-07-25 11:02:36.444663+00:00,28.1,29.3,30.0
2026-07-25 11:02:41.715995+00:00,28.1,29.3,30.0
2026-07-25 11:02:46.976144+00:00,28.1,29.3,30.0
2026-07-25 11:02:52.246158+00:00,28.1,29.3,30.0
2026-07-25 11:02:57.506110+00:00,28.1,29.3,30.0
2026-07-25 11:03:02.776097+00:00,28.1,29.3,30.0
2026-07-25 11:03:08.036153+00:00,28.1,29.3,30.0
2026-07-25 11:03:13.307044+00:00,28.1,29.3,30.0
2026-07-25 11:03:18.567209+00:00,28.1,29.3,30.0
2026-07-25 11:03:23.836715+00:00,28.1,29.3,30.0
2026-07-25 11:03:29.096736+00:00,28.1,29.3,30.0
2026-07-25 11:03:34.366533+00:00,28.1,29.3,30.0
2026-07-25 11:03:39.626736+00:00,28.1,29.3,30.0
2026-07-25 11:03:44.897864+00:00,28.1,29.3,30.0
2026-07-25 11:03:50.158154+00:00,28.1,29.3,30.0
2026-07-25 11:03:55.427398+00:00,28.1,29.3,30.0
2026-07-25 11:04:00.687404+00:00,28.1,29.3,30.0
2026-07-25 11:04:05.957032+00:00,28.1,29.3,30.0
2026-07-25 11:04:11.218635+00:00,28.1,29.3,30.0
2026-07-25 11:04:16.488364+00:00,28.1,29.3,30.0
2026-07-25 11:04:21.748369+00:00,28.1,29.3,30.0
2026-07-25 11:04:27.017612+00:00,28.1,29.3,30.0
2026-07-25 11:04:32.277984+00:00,28.1,29.3,30.0
2026-07-25 11:04:37.547290+00:00,28.1,29.3,30.0
2026-07-25 11:04:42.809510+00:00,28.1,29.3,30.0
2026-07-25 11:04:48.078941+00:00,28.1,29.3,30.0
2026-07-25 11:04:53.339308+00:00,28.1,29.3,30.0
2026-07-25 11:04:58.608491+00:00,28.1,29.3,30.0
2026-07-25 11:05:03.868451+00:00,28.1,29.3,30.0
2026-07-25 11:05:09.140091+00:00,28.1,29.3,30.0
2026-07-25 11:05:14.400046+00:00,28.1,29.3,30.0
2026-07-25 11:05:19.669366+00:00,28.1,29.3,30.0
2026-07-25 11:05:24.929845+00:00,28.1,29.3,30.0
2026-07-25 11:05:30.199580+00:00,28.1,29.3,30.0
2026-07-25 11:05:35.466678+00:00,28.1,29.3,30.0
2026-07-25 11:05:40.737892+00:00,28.1,29.3,30.0
2026-07-25 11:05:45.997960+00:00,28.1,29.3,30.0
2026-07-25 11:05:51.267254+00:00,28.1,29.3,30.0
2026-07-25 11:05:56.527532+00:00,28.1,29.3,30.0
2026-07-25 11:06:01.796758+00:00,28.1,29.3,30.0
2026-07-25 11:06:07.056803+00:00,28.1,29.3,30.0
2026-07-25 11:06:12.327882+00:00,28.1,29.3,30.0
2026-07-25 11:06:17.587935+00:00,28.1,29.3,30.0
2026-07-25 11:06:22.857416+00:00,28.1,29.3,30.0
2026-07-25 11:06:28.117303+00:00,28.1,29.3,30.0
2026-07-25 11:06:33.388477+00:00,28.1,29.3,30.0
2026-07-25 11:06:38.648751+00:00,28.1,29.3,30.0
2026-07-25 11:06:43.919999+00:00,28.2,29.3,31.0
2026-07-25 11:06:49.180475+00:00,28.2,29.3,31.0
2026-07-25 11:06:54.449966+00:00,28.2,29.3,31.0
2026-07-25 11:06:59.710194+00:00,28.2,29.3,31.0
2026-07-25 11:07:04.979997+00:00,28.2,29.3,31.0
2026-07-25 11:07:10.241852+00:00,28.2,29.3,31.0
2026-07-25 11:07:15.511305+00:00,28.2,29.3,31.0
2026-07-25 11:07:20.771583+00:00,28.1,29.3,30.0
2026-07-25 11:07:26.041410+00:00,28.1,29.3,30.0
2026-07-25 11:07:31.301576+00:00,28.1,29.3,30.0
2026-07-25 11:07:36.571535+00:00,28.1,29.3,30.0
2026-07-25 11:07:41.833365+00:00,28.1,29.3,30.0
2026-07-25 11:07:47.103026+00:00,28.1,29.3,30.0
2026-07-25 11:07:52.363531+00:00,28.1,29.3,30.0
2026-07-25 11:07:57.633113+00:00,28.1,29.3,30.0
2026-07-25 11:08:02.893257+00:00,28.1,29.3,30.0
2026-07-25 11:08:08.163023+00:00,28.1,29.3,30.0
2026-07-25 11:08:13.424759+00:00,28.1,29.3,30.0
2026-07-25 11:08:23.949432+00:00,28.1,29.3,30.0
2026-07-25 11:08:29.219339+00:00,28.1,29.3,30.0
2026-07-25 11:08:34.479679+00:00,28.1,29.3,30.0
2026-07-25 11:08:39.750458+00:00,28.1,29.3,30.0
2026-07-25 11:08:45.011339+00:00,28.1,29.3,30.0
2026-07-25 11:08:50.281132+00:00,28.1,29.3,30.0
2026-07-25 11:08:55.541116+00:00,28.1,29.3,30.0
2026-07-25 11:09:00.810965+00:00,28.1,29.3,30.0
2026-07-25 11:09:06.071127+00:00,28.1,29.3,30.0
2026-07-25 11:09:11.343339+00:00,28.1,29.3,30.0
2026-07-25 11:09:16.603332+00:00,28.1,29.3,30.0
2026-07-25 11:09:21.873087+00:00,28.1,29.3,30.0
2026-07-25 11:09:27.133199+00:00,28.2,29.3,31.0
2026-07-25 11:09:32.402635+00:00,28.2,29.3,31.0
2026-07-25 11:09:37.662925+00:00,28.2,29.3,31.0
2026-07-25 11:09:42.933871+00:00,28.2,29.3,31.0
2026-07-25 11:09:48.194138+00:00,28.1,29.3,30.0
2026-07-25 11:09:53.463983+00:00,28.1,29.3,30.0
2026-07-25 11:09:58.724088+00:00,28.1,29.3,30.0
2026-07-25 11:10:03.994042+00:00,28.1,29.3,30.0
2026-07-25 11:10:09.254165+00:00,28.1,29.3,30.0
2026-07-25 11:10:14.526201+00:00,28.1,29.3,30.0
2026-07-25 11:10:19.786529+00:00,28.1,29.3,30.0
2026-07-25 11:10:25.056469+00:00,28.1,29.3,30.0
2026-07-25 11:10:30.316391+00:00,28.1,29.3,30.0
2026-07-25 11:10:35.586062+00:00,28.1,29.3,30.0
2026-07-25 11:10:40.847608+00:00,28.1,29.3,30.0
2026-07-25 11:10:46.117446+00:00,28.1,29.3,30.0
2026-07-25 11:10:51.377511+00:00,28.1,29.3,30.0
2026-07-25 11:10:56.647127+00:00,28.1,29.3,30.0
2026-07-25 11:11:01.907296+00:00,28.1,29.3,30.0
2026-07-25 11:11:07.178508+00:00,28.1,29.3,30.0
2026-07-25 11:11:12.440037+00:00,28.1,29.3,30.0
2026-07-25 11:11:17.709586+00:00,28.1,29.3,30.0
2026-07-25 11:11:22.969956+00:00,28.1,29.3,30.0
2026-07-25 11:11:28.239258+00:00,28.1,29.3,30.0
2026-07-25 11:11:33.499362+00:00,28.1,29.3,30.0
2026-07-25 11:11:38.768951+00:00,28.1,29.3,30.0
2026-07-25 11:11:44.030722+00:00,28.1,29.3,30.0
2026-07-25 11:11:54.555611+00:00,28.1,29.3,30.0
2026-07-25 11:11:59.824896+00:00,28.1,29.3,30.0
2026-07-25 11:12:05.085020+00:00,28.1,29.3,30.0
2026-07-25 11:12:10.356665+00:00,28.1,29.3,30.0
2026-07-25 11:12:15.617059+00:00,28.1,29.3,30.0
2026-07-25 11:12:20.886396+00:00,28.1,29.3,30.0
2026-07-25 11:12:26.146439+00:00,28.1,29.3,30.0
2026-07-25 11:12:31.416277+00:00,28.1,29.3,30.0
2026-07-25 11:12:36.676358+00:00,28.1,29.3,30.0
2026-07-25 11:12:41.947220+00:00,28.1,29.3,30.0
2026-07-25 11:12:47.207483+00:00,28.2,29.3,31.0
2026-07-25 11:12:52.476599+00:00,28.2,29.3,31.0
2026-07-25 11:12:57.736774+00:00,28.2,29.3,31.0
2026-07-25 11:13:03.006312+00:00,28.2,29.3,31.0
2026-07-25 11:13:08.266066+00:00,28.2,29.3,31.0
2026-07-25 11:13:13.537163+00:00,28.2,29.3,31.0
2026-07-25 11:13:18.797180+00:00,28.2,29.3,31.0
2026-07-25 11:13:24.066402+00:00,28.1,29.3,30.0
2026-07-25 11:13:29.326651+00:00,28.1,29.3,30.0
2026-07-25 11:13:34.596249+00:00,28.2,29.3,31.0
2026-07-25 11:13:39.856264+00:00,28.1,29.3,30.0
2026-07-25 11:13:45.128748+00:00,28.1,29.3,30.0
2026-07-25 11:13:50.388743+00:00,28.1,29.3,30.0
2026-07-25 11:13:55.659768+00:00,28.1,29.3,30.0
2026-07-25 11:14:00.920060+00:00,28.1,29.3,30.0
2026-07-25 11:14:06.191066+00:00,28.1,29.3,30.0
2026-07-25 11:14:11.452922+00:00,28.1,29.3,30.0
2026-07-25 11:14:16.722796+00:00,28.1,29.3,30.0
2026-07-25 11:14:21.982707+00:00,28.1,29.3,30.0
2026-07-25 11:14:27.253719+00:00,28.1,29.3,30.0
2026-07-25 11:14:32.514205+00:00,28.1,29.3,30.0
2026-07-25 11:14:37.783757+00:00,28.1,29.3,30.0
2026-07-25 11:14:43.045541+00:00,28.1,29.3,30.0
2026-07-25 11:14:48.315525+00:00,28.1,29.3,30.0
2026-07-25 11:14:53.575663+00:00,28.1,29.3,30.0
2026-07-25 11:14:58.845446+00:00,28.1,29.3,30.0
2026-07-25 11:15:04.105870+00:00,28.1,29.3,30.0
2026-07-25 11:15:14.631102+00:00,28.1,29.3,30.0
2026-07-25 11:15:19.901041+00:00,28.1,29.3,30.0
2026-07-25 11:15:25.161082+00:00,28.1,29.3,30.0
2026-07-25 11:15:30.430432+00:00,28.1,29.3,30.0
2026-07-25 11:15:35.690907+00:00,28.1,29.3,30.0
2026-07-25 11:15:40.962018+00:00,28.1,29.3,30.0
2026-07-25 11:15:46.222985+00:00,28.2,29.3,31.0
2026-07-25 11:15:51.494627+00:00,28.2,29.3,31.0
2026-07-25 11:15:56.754767+00:00,28.2,29.3,31.0
2026-07-25 11:16:02.024624+00:00,28.1,29.3,30.0
2026-07-25 11:16:07.284630+00:00,28.1,29.3,30.0
2026-07-25 11:16:12.555633+00:00,28.1,29.3,30.0
2026-07-25 11:16:17.816066+00:00,28.1,29.3,30.0
2026-07-25 11:16:23.085665+00:00,28.1,29.3,30.0
2026-07-25 11:16:28.345709+00:00,28.1,29.3,30.0
2026-07-25 11:16:33.615733+00:00,28.1,29.3,30.0
2026-07-25 11:16:38.875795+00:00,28.1,29.3,30.0
2026-07-25 11:16:44.147013+00:00,28.1,29.3,30.0
2026-07-25 11:16:49.407197+00:00,28.1,29.3,30.0
2026-07-25 11:16:54.676929+00:00,28.1,29.3,30.0
2026-07-25 11:16:59.936944+00:00,28.1,29.3,30.0
2026-07-25 11:17:05.206537+00:00,28.1,29.3,30.0
2026-07-25 11:17:10.468484+00:00,28.1,29.3,30.0
2026-07-25 11:17:15.737657+00:00,28.1,29.3,30.0
2026-07-25 11:17:20.997912+00:00,28.1,29.3,30.0
2026-07-25 11:17:26.267792+00:00,28.1,29.3,30.0
2026-07-25 11:17:31.527964+00:00,28.1,29.3,30.0
2026-07-25 11:17:36.797896+00:00,28.1,29.3,30.0
2026-07-25 11:17:42.060464+00:00,28.1,29.3,30.0
2026-07-25 11:17:47.330514+00:00,28.1,29.3,30.0
2026-07-25 11:17:52.590426+00:00,28.1,29.3,30.0
2026-07-25 11:17:57.860200+00:00,28.1,29.3,30.0
2026-07-25 11:18:03.120379+00:00,28.1,29.3,30.0
2026-07-25 11:18:08.389949+00:00,28.1,29.3,30.0
2026-07-25 11:18:13.651757+00:00,28.1,29.3,30.0
2026-07-25 11:18:18.921353+00:00,28.1,29.3,30.0
2026-07-25 11:18:24.181888+00:00,28.2,29.3,31.0
2026-07-25 11:18:29.451723+00:00,28.1,29.3,30.0
2026-07-25 11:18:34.711649+00:00,28.2,29.3,31.0
2026-07-25 11:18:39.982702+00:00,28.1,29.3,30.0
2026-07-25 11:18:45.242589+00:00,28.1,29.3,30.0
2026-07-25 11:18:50.512504+00:00,28.1,29.3,30.0
2026-07-25 11:18:55.772518+00:00,28.1,29.3,30.0
2026-07-25 11:19:01.041839+00:00,28.1,29.3,30.0
2026-07-25 11:19:06.302181+00:00,28.1,29.3,30.0
2026-07-25 11:19:11.573268+00:00,28.1,29.3,30.0
2026-07-25 11:19:16.833276+00:00,28.1,29.3,30.0
2026-07-25 11:19:22.103156+00:00,28.1,29.3,30.0
2026-07-25 11:19:27.363003+00:00,28.1,29.3,30.0
2026-07-25 11:19:32.633508+00:00,28.1,29.3,30.0
2026-07-25 11:19:37.893327+00:00,28.1,29.3,30.0
2026-07-25 11:19:43.163909+00:00,28.1,29.3,30.0
2026-07-25 11:19:48.424067+00:00,28.2,29.3,31.0
2026-07-25 11:19:53.695649+00:00,28.1,29.3,30.0
2026-07-25 11:19:58.955441+00:00,28.1,29.3,30.0
2026-07-25 11:20:04.225053+00:00,28.1,29.3,30.0
2026-07-25 11:20:09.484988+00:00,28.1,29.3,30.0
2026-07-25 11:20:20.009920+00:00,28.1,29.3,30.0
2026-07-25 11:20:25.279227+00:00,28.0,29.2,30.0
2026-07-25 11:20:30.539736+00:00,28.0,29.1,30.0
2026-07-25 11:20:35.809237+00:00,28.0,29.1,30.0
2026-07-25 11:20:41.070540+00:00,28.0,29.1,30.0
2026-07-25 11:20:46.339836+00:00,27.9,29.0,30.0
2026-07-25 11:20:51.600179+00:00,27.9,29.0,30.0
2026-07-25 11:20:56.869718+00:00,27.9,29.0,30.0
2026-07-25 11:21:02.129652+00:00,27.9,29.0,30.0
2026-07-25 11:21:07.399262+00:00,27.9,29.0,30.0
2026-07-25 11:21:12.660764+00:00,27.9,29.0,30.0
2026-07-25 11:21:17.930158+00:00,27.9,29.0,30.0
2026-07-25 11:21:23.191400+00:00,27.9,29.0,30.0
2026-07-25 11:21:28.460956+00:00,27.8,28.9,30.0
2026-07-25 11:21:33.721402+00:00,27.9,29.0,30.0
2026-07-25 11:21:44.245320+00:00,27.8,28.9,30.0
2026-07-25 11:21:49.515189+00:00,27.8,28.9,30.0
2026-07-25 11:21:54.775439+00:00,27.8,28.9,30.0
2026-07-25 11:22:00.045472+00:00,27.8,28.9,30.0
2026-07-25 11:22:05.305611+00:00,27.8,28.9,30.0
2026-07-25 11:22:10.576818+00:00,27.8,28.9,30.0
2026-07-25 11:22:15.837254+00:00,27.8,28.9,30.0
2026-07-25 11:22:21.106673+00:00,27.8,28.9,30.0
2026-07-25 11:22:26.366756+00:00,27.8,28.9,30.0
2026-07-25 11:22:31.636559+00:00,27.8,28.9,30.0
2026-07-25 11:22:36.896637+00:00,27.8,28.9,30.0
2026-07-25 11:22:42.168241+00:00,27.8,28.9,30.0
2026-07-25 11:22:47.428289+00:00,27.8,28.9,30.0
2026-07-25 11:22:52.697877+00:00,27.8,28.9,30.0
2026-07-25 11:22:57.958165+00:00,27.8,28.9,30.0
2026-07-25 11:23:03.227626+00:00,27.8,28.9,30.0
2026-07-25 11:23:08.487890+00:00,27.8,28.9,30.0
2026-07-25 11:23:13.760222+00:00,27.8,28.9,30.0
2026-07-25 11:23:19.020430+00:00,27.8,28.9,30.0
2026-07-25 11:23:24.290242+00:00,27.8,28.9,30.0
2026-07-25 11:23:29.550261+00:00,27.8,28.9,30.0
2026-07-25 11:23:34.819957+00:00,27.8,28.9,30.0
2026-07-25 11:23:45.345475+00:00,27.8,28.9,30.0
2026-07-25 11:23:50.606046+00:00,27.8,28.9,30.0
2026-07-25 11:23:55.876099+00:00,27.8,28.9,30.0
2026-07-25 11:24:01.136135+00:00,27.8,28.9,30.0
2026-07-25 11:24:06.406013+00:00,27.8,28.9,30.0
2026-07-25 11:24:11.667817+00:00,27.8,28.9,30.0
2026-07-25 11:24:16.937060+00:00,27.8,28.9,30.0
2026-07-25 11:24:22.197124+00:00,27.8,28.9,30.0
2026-07-25 11:24:27.466703+00:00,27.8,28.9,30.0
2026-07-25 11:24:32.726695+00:00,27.8,28.9,30.0
2026-07-25 11:24:37.996944+00:00,27.8,28.9,30.0
2026-07-25 11:24:43.258503+00:00,27.8,28.9,30.0
2026-07-25 11:24:48.528072+00:00,27.8,28.9,30.0
2026-07-25 11:24:53.788564+00:00,27.8,28.9,30.0
2026-07-25 11:24:59.057875+00:00,27.8,28.9,30.0
2026-07-25 11:25:04.318032+00:00,27.8,28.9,30.0
2026-07-25 11:25:09.589728+00:00,27.8,28.9,30.0
2026-07-25 11:25:14.849837+00:00,27.8,28.9,30.0
2026-07-25 11:25:20.119763+00:00,27.9,29.0,30.0
2026-07-25 11:25:25.379569+00:00,27.9,29.0,30.0
2026-07-25 11:25:30.648900+00:00,27.9,29.0,30.0
2026-07-25 11:25:35.909285+00:00,27.9,29.0,30.0
2026-07-25 11:25:41.184513+00:00,27.9,29.0,30.0
2026-07-25 11:25:46.444491+00:00,28.0,29.1,30.0
2026-07-25 11:25:51.714352+00:00,27.9,29.0,30.0
2026-07-25 11:25:56.974387+00:00,27.9,29.0,30.0
2026-07-25 11:26:02.243614+00:00,27.9,29.0,30.0
2026-07-25 11:26:07.504042+00:00,28.0,29.1,30.0
2026-07-25 11:26:12.774892+00:00,27.9,29.0,30.0
2026-07-25 11:26:18.035282+00:00,27.9,29.0,30.0
2026-07-25 11:26:23.304566+00:00,27.9,29.0,30.0
2026-07-25 11:26:28.564802+00:00,28.0,29.1,30.0
2026-07-25 11:26:39.088752+00:00,27.9,29.0,30.0
2026-07-25 11:26:44.359782+00:00,28.0,29.1,30.0
2026-07-25 11:26:49.619947+00:00,27.9,29.0,30.0
2026-07-25 11:26:54.889710+00:00,27.9,29.0,30.0
2026-07-25 11:27:00.149743+00:00,27.9,29.0,30.0
2026-07-25 11:27:05.420389+00:00,28.0,29.1,30.0
2026-07-25 11:27:10.682429+00:00,27.9,29.0,30.0
2026-07-25 11:27:15.951423+00:00,27.9,29.0,30.0
2026-07-25 11:27:21.211579+00:00,28.0,29.1,30.0
2026-07-25 11:27:26.480793+00:00,28.0,29.1,30.0
2026-07-25 11:27:31.740758+00:00,28.0,29.1,30.0
2026-07-25 11:27:37.010500+00:00,28.0,29.1,30.0
2026-07-25 11:27:42.272066+00:00,28.0,29.1,30.0
2026-07-25 11:27:47.542697+00:00,28.0,29.1,30.0
2026-07-25 11:27:52.803641+00:00,27.9,29.0,30.0
2026-07-25 11:27:58.073116+00:00,27.9,29.0,30.0
2026-07-25 11:28:03.333070+00:00,28.0,29.1,30.0
2026-07-25 11:28:08.602888+00:00,27.9,29.0,30.0
2026-07-25 11:28:13.864567+00:00,28.0,29.1,30.0
2026-07-25 11:28:19.133858+00:00,28.0,29.2,30.0
2026-07-25 11:28:24.394191+00:00,28.0,29.1,30.0
2026-07-25 11:28:29.663875+00:00,28.0,29.2,30.0
2026-07-25 11:28:34.923881+00:00,28.1,29.3,30.0
2026-07-25 11:28:40.195305+00:00,28.0,29.1,30.0
2026-07-25 11:28:45.455872+00:00,28.1,29.3,30.0
2026-07-25 11:28:50.726280+00:00,28.0,29.2,30.0
2026-07-25 11:28:55.986595+00:00,28.1,29.3,30.0
2026-07-25 11:29:01.256492+00:00,28.0,29.2,30.0
2026-07-25 11:29:06.516627+00:00,28.1,29.3,30.0
2026-07-25 11:29:11.787582+00:00,28.1,29.3,30.0
2026-07-25 11:29:17.047962+00:00,28.1,29.3,30.0
2026-07-25 11:29:22.318029+00:00,28.1,29.3,30.0
2026-07-25 11:29:27.578364+00:00,28.1,29.3,30.0
2026-07-25 11:29:32.847782+00:00,28.1,29.3,30.0
2026-07-25 11:29:38.108161+00:00,28.0,29.2,30.0
2026-07-25 11:29:43.380331+00:00,28.1,29.3,30.0
2026-07-25 11:29:48.640543+00:00,28.0,29.2,30.0
2026-07-25 11:29:53.910304+00:00,28.0,29.2,30.0
2026-07-25 11:29:59.170886+00:00,28.0,29.2,30.0
2026-07-25 11:30:04.440596+00:00,27.9,29.0,30.0
2026-07-25 11:30:09.700906+00:00,27.9,29.0,30.0
2026-07-25 11:30:14.972397+00:00,28.0,29.1,30.0
2026-07-25 11:38:33.849494+00:00,28.6,29.8,30.0
2026-07-25 11:38:39.182154+00:00,28.6,29.8,30.0
2026-07-25 11:38:44.487791+00:00,28.6,29.8,30.0
2026-07-25 11:38:49.749932+00:00,28.6,29.8,30.0
2026-07-25 11:38:55.025154+00:00,28.6,29.8,30.0
2026-07-25 11:39:00.285570+00:00,28.6,29.8,30.0
2026-07-25 11:39:05.556562+00:00,28.6,29.8,30.0
2026-07-25 11:39:10.816822+00:00,28.6,29.8,30.0
2026-07-25 11:39:16.790539+00:00,28.6,29.8,30.0
2026-07-25 11:39:23.072079+00:00,28.6,29.8,30.0
2026-07-25 11:39:28.333435+00:00,28.6,29.8,30.0
2026-07-25 11:39:33.606044+00:00,28.5,29.7,30.0
2026-07-25 11:39:38.866142+00:00,28.5,29.7,30.0
2026-07-25 11:39:44.135977+00:00,28.5,29.7,30.0
2026-07-25 11:39:49.396352+00:00,28.5,29.7,30.0
2026-07-25 11:39:59.921703+00:00,28.4,29.6,30.0
2026-07-25 11:40:05.192810+00:00,28.4,29.6,30.0
2026-07-25 11:40:10.453156+00:00,28.4,29.6,30.0
2026-07-25 11:40:15.722490+00:00,28.3,29.5,30.0
2026-07-25 11:40:20.982641+00:00,28.4,29.6,30.0
2026-07-25 11:40:26.253753+00:00,28.4,29.6,30.0
2026-07-25 11:40:31.514009+00:00,28.4,29.6,30.0
2026-07-25 11:40:36.783454+00:00,28.3,29.5,30.0
2026-07-25 11:40:42.043508+00:00,28.3,29.5,30.0
2026-07-25 11:40:47.313956+00:00,28.3,29.5,30.0
2026-07-25 11:40:52.575627+00:00,28.3,29.5,30.0
2026-07-25 11:40:57.845489+00:00,28.2,29.4,30.0
2026-07-25 11:41:03.105338+00:00,28.2,29.4,30.0
2026-07-25 11:41:08.375072+00:00,28.2,29.4,30.0
2026-07-25 11:41:13.634984+00:00,28.1,29.3,30.0
2026-07-25 11:41:18.905970+00:00,28.1,29.3,29.0
2026-07-25 11:41:24.166236+00:00,28.1,29.3,29.0
2026-07-25 11:41:29.442704+00:00,28.1,29.3,29.0
2026-07-25 11:41:34.702701+00:00,28.1,29.3,29.0
2026-07-25 11:41:39.972847+00:00,28.1,29.3,29.0
2026-07-25 11:41:45.232928+00:00,28.1,29.3,30.0
2026-07-25 11:41:50.503689+00:00,28.1,29.3,30.0
2026-07-25 11:41:55.763651+00:00,28.1,29.3,30.0
2026-07-25 11:42:01.034150+00:00,28.1,29.3,30.0
2026-07-25 11:42:06.294232+00:00,28.1,29.3,29.0
2026-07-25 11:42:11.563949+00:00,28.1,29.3,29.0
2026-07-25 11:42:16.824181+00:00,28.1,29.3,29.0
2026-07-25 11:42:22.095506+00:00,28.1,29.3,29.0
2026-07-25 11:42:27.355874+00:00,28.1,29.3,29.0
2026-07-25 11:42:32.625476+00:00,28.1,29.3,29.0
2026-07-25 11:42:37.885594+00:00,28.1,29.3,29.0
2026-07-25 11:42:43.155838+00:00,28.1,29.3,29.0
2026-07-25 11:42:48.415937+00:00,28.1,29.3,30.0
2026-07-25 11:42:53.686735+00:00,28.1,29.3,30.0
2026-07-25 11:42:58.946835+00:00,28.1,29.3,30.0
2026-07-25 11:43:04.216562+00:00,28.1,29.3,30.0
2026-07-25 11:43:09.476563+00:00,28.1,29.3,30.0
2026-07-25 11:43:14.746648+00:00,28.1,29.3,30.0
2026-07-25 11:43:20.007180+00:00,28.1,29.3,30.0
2026-07-25 11:43:25.278056+00:00,28.1,29.3,29.0
2026-07-25 11:43:30.538033+00:00,28.1,29.3,29.0
2026-07-25 11:43:35.807485+00:00,28.1,29.3,29.0
2026-07-25 11:43:41.067387+00:00,28.1,29.3,29.0
2026-07-25 11:43:46.337073+00:00,28.1,29.3,29.0
2026-07-25 11:43:51.597399+00:00,28.1,29.3,29.0
2026-07-25 11:43:56.868109+00:00,28.1,29.3,29.0
2026-07-25 11:44:02.128291+00:00,28.1,29.3,29.0
2026-07-25 11:44:07.397744+00:00,28.1,29.3,29.0
2026-07-25 11:44:12.657986+00:00,28.1,29.3,30.0
2026-07-25 11:44:17.927367+00:00,28.1,29.3,30.0
2026-07-25 11:44:23.189064+00:00,28.1,29.3,30.0
2026-07-25 11:44:28.459864+00:00,28.1,29.3,30.0
2026-07-25 11:44:33.720292+00:00,28.1,29.3,30.0
2026-07-25 11:44:38.989952+00:00,28.1,29.3,30.0
2026-07-25 11:44:44.250139+00:00,28.1,29.3,30.0
2026-07-25 11:44:49.521841+00:00,28.1,29.3,30.0
2026-07-25 11:44:54.782225+00:00,28.1,29.3,30.0
2026-07-25 11:45:00.051855+00:00,28.1,29.3,30.0
2026-07-25 11:45:05.311912+00:00,28.1,29.3,30.0
2026-07-25 11:45:10.581766+00:00,28.1,29.3,30.0
2026-07-25 11:45:15.841879+00:00,28.1,29.3,30.0
2026-07-25 11:45:21.112984+00:00,28.1,29.3,30.0
2026-07-25 11:45:26.373408+00:00,28.1,29.3,30.0
2026-07-25 11:45:31.643183+00:00,28.1,29.3,30.0
2026-07-25 11:45:36.903284+00:00,28.1,29.3,30.0
2026-07-25 11:45:42.173207+00:00,28.1,29.3,30.0
2026-07-25 11:45:47.433317+00:00,28.1,29.3,30.0
2026-07-25 11:45:52.704658+00:00,28.1,29.3,30.0
2026-07-25 11:45:57.964735+00:00,28.1,29.3,30.0
2026-07-25 11:46:03.234897+00:00,28.1,29.3,30.0
2026-07-25 11:46:08.494961+00:00,28.1,29.3,30.0
2026-07-25 11:46:13.764542+00:00,28.1,29.3,30.0
2026-07-25 11:46:19.025435+00:00,28.1,29.3,30.0
2026-07-25 11:46:24.296747+00:00,28.1,29.3,30.0
2026-07-25 11:46:29.556730+00:00,28.1,29.3,30.0
2026-07-25 11:46:34.826205+00:00,28.1,29.3,30.0
2026-07-25 11:46:40.086609+00:00,28.1,29.3,30.0
2026-07-25 11:46:45.356157+00:00,28.1,29.3,30.0
2026-07-25 11:46:50.616162+00:00,28.1,29.3,30.0
2026-07-25 11:46:55.886892+00:00,28.1,29.3,30.0
2026-07-25 11:47:01.146920+00:00,28.1,29.3,30.0
2026-07-25 11:47:06.416810+00:00,28.1,29.3,30.0
2026-07-25 11:47:11.676915+00:00,28.1,29.3,30.0
2026-07-25 11:47:16.946885+00:00,28.1,29.3,30.0
2026-07-25 11:47:22.206918+00:00,28.1,29.3,30.0
2026-07-25 11:47:27.481189+00:00,28.1,29.3,30.0
2026-07-25 11:47:32.741367+00:00,28.1,29.3,30.0
2026-07-25 11:47:38.010968+00:00,28.1,29.3,30.0
2026-07-25 11:47:43.270930+00:00,28.1,29.3,30.0
2026-07-25 11:47:48.541896+00:00,28.1,29.3,30.0
2026-07-25 11:47:53.801927+00:00,28.1,29.3,30.0
2026-07-25 11:47:59.071574+00:00,28.1,29.3,30.0
2026-07-25 11:48:04.331596+00:00,28.1,29.3,30.0
2026-07-25 11:48:09.601981+00:00,28.1,29.3,30.0
2026-07-25 11:48:14.861905+00:00,28.1,29.3,30.0
2026-07-25 11:48:20.132699+00:00,28.1,29.3,30.0
2026-07-25 11:48:25.392696+00:00,28.1,29.3,30.0
2026-07-25 11:48:30.662348+00:00,28.1,29.3,30.0
2026-07-25 11:48:35.922208+00:00,28.1,29.3,30.0
2026-07-25 11:48:41.191900+00:00,28.1,29.3,30.0
2026-07-25 11:48:46.451711+00:00,28.1,29.3,30.0
2026-07-25 11:48:51.723051+00:00,28.1,29.3,30.0
2026-07-25 11:48:56.982904+00:00,28.1,29.3,30.0
2026-07-25 11:49:02.252748+00:00,28.1,29.3,30.0
2026-07-25 11:49:12.776150+00:00,28.1,29.3,30.0
2026-07-25 11:49:18.036165+00:00,28.1,29.3,30.0
2026-07-25 11:49:23.307043+00:00,28.1,29.3,30.0
2026-07-25 11:49:28.567073+00:00,28.1,29.3,30.0
2026-07-25 11:49:33.837025+00:00,28.1,29.3,30.0
2026-07-25 11:49:39.096934+00:00,28.1,29.3,30.0
2026-07-25 11:49:44.366675+00:00,28.1,29.3,30.0
2026-07-25 11:49:49.626707+00:00,28.1,29.3,30.0
2026-07-25 11:49:54.898052+00:00,28.1,29.3,30.0
2026-07-25 11:50:00.158796+00:00,28.1,29.3,30.0
2026-07-25 11:50:05.428670+00:00,28.1,29.3,30.0
2026-07-25 11:50:10.688648+00:00,28.1,29.3,30.0
2026-07-25 11:50:15.958277+00:00,28.1,29.3,30.0
2026-07-25 11:50:21.218341+00:00,28.1,29.3,30.0
2026-07-25 11:50:26.489664+00:00,28.1,29.3,30.0
2026-07-25 11:50:31.749695+00:00,28.1,29.3,30.0
2026-07-25 11:50:37.019100+00:00,28.1,29.3,30.0
2026-07-25 11:50:47.543962+00:00,28.1,29.3,30.0
2026-07-25 11:50:52.805659+00:00,28.1,29.3,30.0
2026-07-25 11:50:58.075337+00:00,28.1,29.3,30.0
2026-07-25 11:51:03.335142+00:00,28.1,29.3,30.0
2026-07-25 11:51:08.604905+00:00,28.1,29.3,30.0
2026-07-25 11:51:13.864922+00:00,28.1,29.3,30.0
2026-07-25 11:51:19.135766+00:00,28.1,29.3,30.0
2026-07-25 11:51:24.395883+00:00,28.1,29.3,30.0
2026-07-25 11:51:29.665726+00:00,28.1,29.3,30.0
2026-07-25 11:51:34.925766+00:00,28.1,29.3,30.0
2026-07-25 11:51:45.449448+00:00,28.1,29.3,30.0
2026-07-25 11:51:50.727321+00:00,28.1,29.3,30.0
2026-07-25 11:51:55.988656+00:00,28.1,29.3,30.0
2026-07-25 11:52:01.258916+00:00,28.1,29.3,30.0
2026-07-25 11:52:06.518915+00:00,28.1,29.3,30.0
2026-07-25 11:52:11.788793+00:00,28.1,29.3,30.0
2026-07-25 11:52:17.048778+00:00,28.1,29.3,30.0
2026-07-25 11:52:22.319916+00:00,28.1,29.3,30.0
2026-07-25 11:52:27.579943+00:00,28.1,29.3,30.0
2026-07-25 11:52:32.849511+00:00,28.1,29.3,30.0
2026-07-25 11:52:38.110026+00:00,28.1,29.3,30.0
2026-07-25 11:52:43.379584+00:00,28.1,29.3,30.0
2026-07-25 11:52:48.639609+00:00,28.1,29.3,30.0
2026-07-25 11:52:53.911342+00:00,28.1,29.3,30.0
2026-07-25 11:52:59.171331+00:00,28.1,29.3,30.0
2026-07-25 11:53:04.441280+00:00,28.1,29.3,30.0
2026-07-25 11:53:14.964705+00:00,28.1,29.3,30.0
2026-07-25 11:53:20.225155+00:00,28.1,29.3,30.0
2026-07-25 11:53:25.496462+00:00,28.1,29.3,30.0
2026-07-25 11:53:30.756465+00:00,28.1,29.3,30.0
2026-07-25 11:53:36.026182+00:00,28.1,29.3,30.0
2026-07-25 11:53:41.286694+00:00,28.1,29.3,30.0
2026-07-25 11:53:46.556187+00:00,28.1,29.3,30.0
2026-07-25 11:53:51.817321+00:00,28.1,29.3,30.0
2026-07-25 11:53:57.088256+00:00,28.1,29.3,30.0
2026-07-25 11:54:02.348465+00:00,28.1,29.3,30.0
2026-07-25 11:54:07.617707+00:00,28.1,29.3,30.0
2026-07-25 11:54:12.877797+00:00,28.1,29.3,30.0
2026-07-25 11:54:18.147474+00:00,28.1,29.3,30.0
2026-07-25 11:54:23.409154+00:00,28.1,29.3,30.0
2026-07-25 11:54:28.678449+00:00,28.1,29.3,30.0
2026-07-25 11:54:33.938557+00:00,28.1,29.3,30.0
2026-07-25 11:54:39.208231+00:00,28.1,29.3,30.0
2026-07-25 11:54:44.468173+00:00,28.1,29.3,30.0
2026-07-25 11:54:49.739100+00:00,28.1,29.3,30.0
2026-07-25 11:54:54.998942+00:00,28.1,29.3,30.0
2026-07-25 11:55:00.268588+00:00,28.1,29.3,30.0
2026-07-25 11:55:05.528897+00:00,28.1,29.3,30.0
2026-07-25 11:55:10.805470+00:00,28.1,29.3,30.0
2026-07-25 11:55:16.065614+00:00,28.1,29.3,30.0
2026-07-25 11:55:21.337025+00:00,28.1,29.3,30.0
2026-07-25 11:55:26.597191+00:00,28.1,29.3,30.0
2026-07-25 11:55:31.867098+00:00,28.1,29.3,30.0
2026-07-25 11:55:42.391540+00:00,28.1,29.3,30.0
2026-07-25 11:55:47.651550+00:00,28.1,29.3,30.0
2026-07-25 11:55:52.922533+00:00,28.1,29.3,30.0
2026-07-25 11:55:58.182512+00:00,28.1,29.3,30.0
2026-07-25 11:56:03.452444+00:00,28.1,29.3,30.0
2026-07-25 11:56:08.712421+00:00,28.1,29.3,30.0
2026-07-25 11:56:13.981764+00:00,28.1,29.3,30.0
2026-07-25 11:56:24.505549+00:00,28.1,29.3,30.0
2026-07-25 11:56:29.765440+00:00,28.1,29.3,30.0
2026-07-25 11:56:35.035440+00:00,28.1,29.3,30.0
2026-07-25 11:56:40.295416+00:00,28.1,29.3,30.0
2026-07-25 11:56:45.564791+00:00,28.1,29.3,30.0
2026-07-25 11:56:50.825145+00:00,28.1,29.3,30.0
2026-07-25 11:56:56.095939+00:00,28.1,29.3,30.0
2026-07-25 11:57:01.356186+00:00,28.1,29.3,30.0
2026-07-25 11:57:06.625400+00:00,28.1,29.3,30.0
2026-07-25 11:57:11.885674+00:00,28.1,29.3,30.0
2026-07-25 11:57:17.155676+00:00,28.1,29.3,30.0
2026-07-25 11:57:22.417315+00:00,28.1,29.3,30.0
2026-07-25 11:57:27.686650+00:00,28.1,29.3,30.0
2026-07-25 11:57:32.946760+00:00,28.1,29.3,30.0
2026-07-25 11:57:38.216920+00:00,28.1,29.3,30.0
2026-07-25 11:57:43.476891+00:00,28.1,29.3,30.0
2026-07-25 11:57:48.747811+00:00,28.1,29.3,30.0
2026-07-25 11:57:54.007771+00:00,28.1,29.3,30.0
2026-07-25 11:57:59.277309+00:00,28.1,29.3,30.0
2026-07-25 11:58:04.537224+00:00,28.1,29.3,30.0
2026-07-25 11:58:09.807073+00:00,28.1,29.3,30.0
2026-07-25 11:58:15.066867+00:00,28.1,29.3,30.0
2026-07-25 11:58:20.337464+00:00,28.1,29.3,30.0
2026-07-25 11:58:25.597201+00:00,28.1,29.3,30.0
2026-07-25 11:58:30.866904+00:00,28.1,29.3,30.0
2026-07-25 11:58:36.126774+00:00,28.1,29.3,30.0
2026-07-25 11:58:41.395935+00:00,28.1,29.3,30.0
2026-07-25 11:58:46.656004+00:00,28.1,29.3,30.0
2026-07-25 11:58:51.926744+00:00,28.1,29.3,30.0
2026-07-25 11:58:57.186963+00:00,28.1,29.3,30.0
2026-07-25 11:59:02.455997+00:00,28.1,29.3,30.0
2026-07-25 11:59:07.715994+00:00,28.1,29.3,30.0
2026-07-25 11:59:12.985586+00:00,28.1,29.3,30.0
2026-07-25 11:59:18.245548+00:00,28.1,29.3,30.0
2026-07-25 11:59:23.517853+00:00,28.1,29.3,30.0
2026-07-25 11:59:28.777956+00:00,28.1,29.3,30.0
2026-07-25 11:59:34.047742+00:00,28.1,29.3,30.0
2026-07-25 11:59:39.307650+00:00,28.1,29.3,30.0
2026-07-25 11:59:44.577470+00:00,28.1,29.3,30.0
2026-07-25 11:59:49.837491+00:00,28.1,29.3,30.0
2026-07-25 11:59:55.108715+00:00,28.1,29.3,30.0
2026-07-25 12:00:00.369487+00:00,28.1,29.3,30.0
2026-07-25 12:00:05.639196+00:00,28.1,29.3,30.0
2026-07-25 12:00:10.899659+00:00,28.1,29.3,30.0
2026-07-25 12:00:16.169237+00:00,28.1,29.3,30.0
2026-07-25 12:00:21.429227+00:00,28.1,29.3,30.0
2026-07-25 12:00:26.700521+00:00,28.1,29.3,30.0
2026-07-25 12:00:31.960819+00:00,28.1,29.3,30.0
2026-07-25 12:00:37.230044+00:00,28.1,29.3,30.0
2026-07-25 12:00:42.490240+00:00,28.1,29.3,30.0
2026-07-25 12:00:47.759987+00:00,28.1,29.3,30.0
2026-07-25 12:00:53.021739+00:00,28.1,29.3,30.0
2026-07-25 12:00:58.292285+00:00,28.1,29.3,30.0
2026-07-25 12:01:03.552324+00:00,28.1,29.3,30.0
2026-07-25 12:01:08.822363+00:00,28.1,29.3,30.0
2026-07-25 12:01:14.082357+00:00,28.1,29.3,30.0
2026-07-25 12:01:19.354172+00:00,28.1,29.3,30.0
2026-07-25 12:01:24.614275+00:00,28.1,29.3,30.0
2026-07-25 12:01:29.884005+00:00,28.1,29.3,30.0
2026-07-25 12:01:35.144064+00:00,28.1,29.3,30.0
2026-07-25 12:01:40.414010+00:00,28.1,29.3,30.0
2026-07-25 12:01:45.673999+00:00,28.1,29.3,30.0
2026-07-25 12:01:56.198981+00:00,28.1,29.3,30.0
2026-07-25 12:02:01.468631+00:00,28.1,29.3,30.0
2026-07-25 12:02:06.728948+00:00,28.1,29.3,30.0
2026-07-25 12:02:11.998486+00:00,28.1,29.3,30.0
2026-07-25 12:02:17.258536+00:00,28.1,29.3,30.0
2026-07-25 12:02:22.529526+00:00,28.1,29.3,30.0
2026-07-25 12:02:27.789633+00:00,28.1,29.3,30.0
2026-07-25 12:02:33.059287+00:00,28.1,29.3,30.0
2026-07-25 12:02:48.836794+00:00,28.1,29.3,30.0
2026-07-25 12:02:54.107937+00:00,28.1,29.3,30.0
2026-07-25 12:02:59.368209+00:00,28.1,29.3,30.0
2026-07-25 12:03:04.637565+00:00,28.1,29.3,30.0
2026-07-25 12:03:09.897684+00:00,28.1,29.3,30.0
2026-07-25 12:03:15.168197+00:00,28.1,29.3,30.0
2026-07-25 12:03:20.428167+00:00,28.1,29.3,30.0
2026-07-25 12:03:25.699162+00:00,28.1,29.3,30.0
2026-07-25 12:03:30.959362+00:00,28.1,29.3,30.0
2026-07-25 12:03:36.228955+00:00,28.1,29.3,30.0
2026-07-25 12:03:41.489036+00:00,28.1,29.3,30.0
2026-07-25 12:03:46.758653+00:00,28.1,29.3,30.0
2026-07-25 12:03:52.018676+00:00,28.1,29.3,30.0
2026-07-25 12:03:57.289740+00:00,28.1,29.3,30.0
2026-07-25 12:04:02.549773+00:00,28.1,29.3,30.0
2026-07-25 12:04:07.819663+00:00,28.1,29.3,30.0
2026-07-25 12:04:13.079597+00:00,28.1,29.3,30.0
2026-07-25 12:04:18.351182+00:00,28.1,29.3,30.0
2026-07-25 12:04:23.611008+00:00,28.1,29.3,30.0
2026-07-25 12:04:28.880831+00:00,28.1,29.3,30.0
2026-07-25 12:04:34.140744+00:00,28.1,29.3,30.0
2026-07-25 12:04:39.410195+00:00,28.1,29.3,30.0
2026-07-25 12:04:44.670415+00:00,28.1,29.3,30.0
2026-07-25 12:04:49.941291+00:00,28.1,29.3,30.0
2026-07-25 12:04:55.201579+00:00,28.1,29.3,30.0
2026-07-25 12:05:00.470923+00:00,28.1,29.3,30.0
2026-07-25 12:05:05.731736+00:00,28.1,29.3,30.0
2026-07-25 12:05:11.001328+00:00,28.1,29.3,30.0
2026-07-25 12:05:16.261141+00:00,28.1,29.3,30.0
2026-07-25 12:05:21.531916+00:00,28.1,29.3,30.0
2026-07-25 12:05:26.792025+00:00,28.1,29.3,30.0
2026-07-25 12:05:32.061720+00:00,28.1,29.3,30.0
2026-07-25 12:05:37.321663+00:00,28.1,29.3,30.0
2026-07-25 12:05:42.591227+00:00,28.1,29.3,30.0
2026-07-25 12:05:47.851014+00:00,28.1,29.3,30.0
2026-07-25 12:05:53.122107+00:00,28.1,29.3,30.0
2026-07-25 12:05:58.382042+00:00,28.1,29.3,30.0
2026-07-25 12:06:03.651502+00:00,28.1,29.3,30.0
2026-07-25 12:06:08.911344+00:00,28.1,29.3,30.0
2026-07-25 12:06:14.180501+00:00,28.1,29.3,30.0
2026-07-25 12:06:19.440721+00:00,28.1,29.3,30.0
2026-07-25 12:06:24.711288+00:00,28.1,29.3,30.0
2026-07-25 12:06:29.971523+00:00,28.1,29.3,30.0
2026-07-25 12:06:35.240556+00:00,28.1,29.3,30.0
2026-07-25 12:06:45.764513+00:00,28.1,29.3,30.0
2026-07-25 12:06:51.024497+00:00,28.1,29.3,30.0
2026-07-25 12:06:56.295426+00:00,28.1,29.3,30.0
2026-07-25 12:07:01.556760+00:00,28.1,29.3,30.0
2026-07-25 12:07:06.826403+00:00,28.1,29.3,30.0
2026-07-25 12:07:12.086521+00:00,28.1,29.3,30.0
2026-07-25 12:07:17.356498+00:00,28.1,29.3,30.0
2026-07-25 12:07:22.617910+00:00,28.1,29.3,30.0
2026-07-25 12:07:27.888058+00:00,28.1,29.3,30.0
2026-07-25 12:07:33.148073+00:00,28.1,29.3,30.0
2026-07-25 12:07:38.417610+00:00,28.2,29.3,31.0
2026-07-25 12:07:43.677941+00:00,28.1,29.3,30.0
2026-07-25 12:07:48.949455+00:00,28.1,29.3,30.0
2026-07-25 12:07:54.209627+00:00,28.1,29.3,30.0
2026-07-25 12:08:04.733217+00:00,28.1,29.3,30.0
2026-07-25 12:08:10.003002+00:00,28.1,29.3,30.0
2026-07-25 12:08:15.263068+00:00,28.1,29.3,30.0
2026-07-25 12:08:20.534375+00:00,28.1,29.3,30.0
2026-07-25 12:08:25.794741+00:00,28.1,29.3,30.0
2026-07-25 12:08:31.064484+00:00,28.1,29.3,30.0
2026-07-25 12:08:36.324437+00:00,28.1,29.3,30.0
2026-07-25 12:08:41.594606+00:00,28.1,29.3,30.0
2026-07-25 12:08:52.119498+00:00,28.1,29.3,30.0
2026-07-25 12:08:57.380582+00:00,28.1,29.3,30.0
2026-07-25 12:09:02.649901+00:00,28.1,29.3,30.0
2026-07-25 12:09:07.910006+00:00,28.1,29.3,30.0
2026-07-25 12:09:13.179817+00:00,28.1,29.3,30.0
2026-07-25 12:09:18.440534+00:00,28.1,29.3,30.0
2026-07-25 12:09:23.712418+00:00,28.1,29.3,30.0
2026-07-25 12:09:28.972482+00:00,28.1,29.3,30.0
2026-07-25 12:09:34.242214+00:00,28.1,29.3,30.0
2026-07-25 12:09:39.502609+00:00,28.1,29.3,30.0
2026-07-25 12:09:44.771957+00:00,28.1,29.3,30.0
2026-07-25 12:09:50.032190+00:00,28.2,29.3,31.0
2026-07-25 12:09:55.302923+00:00,28.2,29.3,31.0
2026-07-25 12:10:00.562893+00:00,28.2,29.3,31.0
2026-07-25 12:10:05.832850+00:00,28.2,29.3,31.0
2026-07-25 12:10:11.092993+00:00,28.2,29.3,31.0
2026-07-25 12:10:16.362969+00:00,28.2,29.3,31.0
2026-07-25 12:10:21.622995+00:00,28.2,29.3,31.0
2026-07-25 12:10:26.894675+00:00,28.2,29.3,31.0
2026-07-25 12:10:32.154781+00:00,28.2,29.3,31.0
2026-07-25 12:10:37.424056+00:00,28.2,29.3,31.0
2026-07-25 12:10:42.684293+00:00,28.2,29.3,31.0
2026-07-25 12:10:47.954944+00:00,28.2,29.3,31.0
2026-07-25 12:10:53.216216+00:00,28.2,29.3,31.0
2026-07-25 12:10:58.485767+00:00,28.2,29.3,31.0
2026-07-25 12:11:03.746162+00:00,28.2,29.3,31.0
2026-07-25 12:11:09.015771+00:00,28.2,29.3,31.0
2026-07-25 12:11:14.275870+00:00,28.2,29.3,31.0
2026-07-25 12:11:19.547726+00:00,28.2,29.3,31.0
2026-07-25 12:11:24.807625+00:00,28.2,29.3,31.0
2026-07-25 12:11:30.077536+00:00,28.2,29.3,31.0
2026-07-25 12:11:35.337545+00:00,28.2,29.3,31.0
2026-07-25 12:11:40.607576+00:00,28.2,29.3,31.0
2026-07-25 12:11:45.867612+00:00,28.2,29.3,31.0
2026-07-25 12:11:51.138430+00:00,28.2,29.3,31.0
2026-07-25 12:11:56.398360+00:00,28.2,29.3,31.0
2026-07-25 12:12:01.667833+00:00,28.2,29.3,31.0
2026-07-25 12:12:06.927896+00:00,28.2,29.3,31.0
2026-07-25 12:12:12.197504+00:00,28.2,29.3,31.0
2026-07-25 12:12:17.457887+00:00,28.2,29.3,31.0
2026-07-25 12:12:22.728706+00:00,28.2,29.3,31.0
2026-07-25 12:12:27.989154+00:00,28.2,29.3,31.0
2026-07-25 12:12:33.258405+00:00,28.2,29.3,31.0
2026-07-25 12:12:43.782810+00:00,28.2,29.3,31.0
2026-07-25 12:12:49.042728+00:00,28.2,29.3,31.0
2026-07-25 12:12:54.313605+00:00,28.2,29.3,31.0
2026-07-25 12:12:59.573497+00:00,28.2,29.3,31.0
2026-07-25 12:13:04.842885+00:00,28.2,29.3,31.0
2026-07-25 12:13:10.102964+00:00,28.2,29.3,31.0
2026-07-25 12:13:15.372512+00:00,28.2,29.3,31.0
2026-07-25 12:13:20.632867+00:00,28.2,29.3,31.0
2026-07-25 12:13:25.904280+00:00,28.2,29.3,31.0
2026-07-25 12:13:31.164526+00:00,28.2,29.3,31.0
2026-07-25 12:13:36.433920+00:00,28.2,29.3,31.0
2026-07-25 12:13:41.694298+00:00,28.2,29.3,31.0
2026-07-25 12:13:46.964184+00:00,28.2,29.3,31.0
2026-07-25 12:13:52.224121+00:00,28.2,29.3,31.0
2026-07-25 12:13:57.496132+00:00,28.2,29.3,31.0
2026-07-25 12:14:02.756439+00:00,28.2,29.3,31.0
2026-07-25 12:14:08.025744+00:00,28.2,29.3,31.0
2026-07-25 12:14:13.285721+00:00,28.3,29.4,31.0
2026-07-25 12:14:18.556845+00:00,28.3,29.4,31.0
2026-07-25 12:14:23.817162+00:00,28.2,29.3,31.0
2026-07-25 12:14:29.088574+00:00,28.2,29.3,31.0
2026-07-25 12:14:34.348928+00:00,28.3,29.4,31.0
2026-07-25 12:14:39.618974+00:00,28.3,29.4,31.0
2026-07-25 12:14:44.878998+00:00,28.3,29.4,31.0
2026-07-25 12:14:50.150508+00:00,28.3,29.4,31.0
2026-07-25 12:14:55.410786+00:00,28.3,29.4,31.0
2026-07-25 12:15:05.934727+00:00,28.4,29.5,31.0
2026-07-25 12:15:11.207193+00:00,28.3,29.4,31.0
2026-07-25 12:15:16.467103+00:00,28.3,29.4,31.0
2026-07-25 12:15:21.738342+00:00,28.3,29.4,31.0
2026-07-25 12:15:26.998437+00:00,28.3,29.4,31.0
2026-07-25 12:15:32.268338+00:00,28.3,29.4,31.0
2026-07-25 12:15:37.528460+00:00,28.2,29.4,30.0
2026-07-25 12:15:42.798437+00:00,28.3,29.4,31.0
2026-07-25 12:15:48.058465+00:00,28.1,29.3,30.0
2026-07-25 12:15:53.329357+00:00,28.3,29.4,31.0
2026-07-25 12:15:58.589682+00:00,28.2,29.3,31.0
2026-07-25 12:16:03.859641+00:00,28.2,29.3,31.0
2026-07-25 12:16:09.120386+00:00,28.2,29.4,30.0
2026-07-25 12:16:14.390351+00:00,28.2,29.3,31.0
2026-07-25 12:16:19.650442+00:00,28.2,29.3,31.0
2026-07-25 12:16:24.922437+00:00,28.2,29.3,31.0
2026-07-25 12:16:30.182443+00:00,28.2,29.3,31.0
2026-07-25 12:16:35.452308+00:00,28.2,29.3,31.0
2026-07-25 12:16:40.712463+00:00,28.2,29.3,31.0
2026-07-25 12:16:45.982104+00:00,28.2,29.3,31.0
2026-07-25 12:16:51.242248+00:00,28.2,29.3,31.0
2026-07-25 12:16:56.513698+00:00,28.2,29.3,31.0
2026-07-25 12:17:01.773744+00:00,28.2,29.3,31.0
2026-07-25 12:17:07.043201+00:00,28.2,29.3,31.0
2026-07-25 12:17:12.303603+00:00,28.2,29.3,31.0
2026-07-25 12:17:17.574512+00:00,28.2,29.3,31.0
2026-07-25 12:17:22.835905+00:00,28.2,29.3,31.0
2026-07-25 12:17:28.105508+00:00,28.2,29.3,31.0
2026-07-25 12:17:33.365934+00:00,28.2,29.3,31.0
2026-07-25 12:17:38.635388+00:00,28.2,29.3,31.0
2026-07-25 12:17:43.895639+00:00,28.2,29.3,31.0
2026-07-25 12:17:49.167040+00:00,28.2,29.3,31.0
2026-07-25 12:17:54.426990+00:00,28.2,29.3,31.0
2026-07-25 12:17:59.696808+00:00,28.2,29.3,31.0
2026-07-25 12:18:04.956805+00:00,28.2,29.3,31.0
2026-07-25 12:18:10.226657+00:00,28.2,29.3,31.0
2026-07-25 12:18:20.752386+00:00,28.2,29.3,31.0
2026-07-25 12:18:26.012305+00:00,28.2,29.3,31.0
2026-07-25 12:18:31.282338+00:00,28.2,29.3,31.0
2026-07-25 12:18:36.542341+00:00,28.2,29.3,31.0
2026-07-25 12:18:41.811896+00:00,28.3,29.4,31.0
2026-07-25 12:18:47.072614+00:00,28.3,29.4,31.0
2026-07-25 12:18:52.345742+00:00,28.2,29.3,31.0
2026-07-25 12:18:57.606064+00:00,28.3,29.4,31.0
2026-07-25 12:19:02.875574+00:00,28.3,29.4,31.0
2026-07-25 12:19:08.135700+00:00,28.3,29.4,31.0
2026-07-25 12:19:13.405403+00:00,28.3,29.4,31.0
2026-07-25 12:19:18.665294+00:00,28.3,29.4,31.0
2026-07-25 12:19:23.936143+00:00,28.3,29.4,31.0
2026-07-25 12:19:29.196246+00:00,28.4,29.5,31.0
2026-07-25 12:19:34.465858+00:00,28.3,29.4,31.0
2026-07-25 12:19:39.726000+00:00,28.3,29.4,31.0
2026-07-25 12:19:44.995827+00:00,28.4,29.5,31.0
2026-07-25 12:19:50.255642+00:00,28.4,29.5,31.0
2026-07-25 12:19:55.526957+00:00,28.4,29.5,31.0
2026-07-25 12:20:00.786935+00:00,28.4,29.5,31.0
2026-07-25 12:20:06.056838+00:00,28.4,29.5,31.0
2026-07-25 12:20:11.317701+00:00,28.4,29.5,31.0
2026-07-25 12:20:16.587289+00:00,28.4,29.5,31.0
2026-07-25 12:20:21.847209+00:00,28.4,29.5,31.0
2026-07-25 12:20:27.118424+00:00,28.4,29.5,31.0
2026-07-25 12:20:32.378389+00:00,28.4,29.5,31.0
2026-07-25 12:20:37.649279+00:00,28.4,29.5,31.0
2026-07-25 12:20:42.909663+00:00,28.4,29.5,31.0
2026-07-25 12:20:48.179700+00:00,28.4,29.5,31.0
2026-07-25 12:20:53.441461+00:00,28.4,29.5,31.0
2026-07-25 12:20:58.710730+00:00,28.4,29.5,31.0
2026-07-25 12:21:09.234544+00:00,28.4,29.5,31.0
2026-07-25 12:21:14.494453+00:00,28.4,29.5,31.0
2026-07-25 12:21:19.765360+00:00,28.4,29.5,31.0
2026-07-25 12:21:25.025358+00:00,28.4,29.5,31.0
2026-07-25 12:21:30.295283+00:00,28.4,29.5,31.0
2026-07-25 12:21:35.555307+00:00,28.4,29.5,31.0
2026-07-25 12:21:40.826199+00:00,28.4,29.5,31.0
2026-07-25 12:21:46.086855+00:00,28.4,29.5,31.0
2026-07-25 12:21:51.359457+00:00,28.4,29.5,31.0
2026-07-25 12:21:56.619369+00:00,28.4,29.5,31.0
2026-07-25 12:22:01.890782+00:00,28.4,29.5,32.0
2026-07-25 12:22:07.151040+00:00,28.4,29.5,31.0
2026-07-25 12:22:12.424854+00:00,28.4,29.5,31.0
2026-07-25 12:22:17.685491+00:00,28.4,29.5,31.0
2026-07-25 12:22:22.957041+00:00,28.4,29.5,31.0
2026-07-25 12:22:28.217249+00:00,28.5,29.6,31.0
2026-07-25 12:22:33.487100+00:00,28.5,29.6,31.0
2026-07-25 12:22:38.747433+00:00,28.4,29.5,31.0
2026-07-25 12:22:44.017464+00:00,28.4,29.5,31.0
2026-07-25 12:22:49.277657+00:00,28.4,29.5,31.0
2026-07-25 12:22:54.548918+00:00,28.5,29.6,31.0
2026-07-25 12:22:59.808972+00:00,28.4,29.5,31.0
2026-07-25 12:23:05.079212+00:00,28.4,29.5,31.0
2026-07-25 12:23:10.339188+00:00,28.4,29.5,31.0
2026-07-25 12:23:15.609340+00:00,28.4,29.5,31.0
2026-07-25 12:23:20.869524+00:00,28.4,29.5,31.0
2026-07-25 12:23:26.140816+00:00,28.4,29.5,31.0
2026-07-25 12:23:31.400938+00:00,28.4,29.5,31.0
2026-07-25 12:23:36.670964+00:00,28.3,29.4,31.0
2026-07-25 12:23:41.930999+00:00,28.4,29.5,31.0
2026-07-25 12:23:47.200865+00:00,28.4,29.5,31.0
2026-07-25 12:23:52.463139+00:00,28.4,29.5,31.0
2026-07-25 12:23:57.733322+00:00,28.4,29.5,31.0
2026-07-25 12:24:02.993542+00:00,28.3,29.4,31.0
2026-07-25 12:24:08.263489+00:00,28.3,29.4,31.0
2026-07-25 12:24:18.788452+00:00,28.4,29.5,31.0
2026-07-25 12:24:24.048531+00:00,28.3,29.4,31.0
2026-07-25 12:24:29.318310+00:00,28.3,29.4,31.0
2026-07-25 12:24:34.578243+00:00,28.3,29.4,31.0
2026-07-25 12:24:39.847768+00:00,28.3,29.4,31.0
2026-07-25 12:24:45.108084+00:00,28.4,29.5,31.0
2026-07-25 12:24:50.378951+00:00,28.4,29.5,31.0
2026-07-25 12:24:55.639279+00:00,28.4,29.5,31.0
2026-07-25 12:25:00.908828+00:00,28.3,29.4,31.0
2026-07-25 12:25:06.168816+00:00,28.4,29.5,31.0
2026-07-25 12:25:11.438651+00:00,28.4,29.5,31.0
2026-07-25 12:25:16.699274+00:00,28.3,29.4,31.0
2026-07-25 12:25:21.970866+00:00,28.4,29.5,31.0
2026-07-25 12:25:27.230941+00:00,28.4,29.5,31.0
2026-07-25 12:25:32.501322+00:00,28.4,29.5,31.0
2026-07-25 12:25:37.761440+00:00,28.4,29.5,31.0
2026-07-25 12:25:43.030980+00:00,28.4,29.5,31.0
2026-07-25 12:25:48.291806+00:00,28.4,29.5,31.0
2026-07-25 12:25:53.563101+00:00,28.3,29.4,31.0
2026-07-25 12:25:58.823220+00:00,28.4,29.5,31.0
2026-07-25 12:26:04.092734+00:00,28.4,29.5,31.0
2026-07-25 12:26:09.352979+00:00,28.3,29.4,31.0
2026-07-25 12:26:14.622484+00:00,28.4,29.5,31.0
2026-07-25 12:26:19.882544+00:00,28.4,29.5,31.0
2026-07-25 12:26:25.153479+00:00,28.3,29.4,31.0
2026-07-25 12:26:30.414093+00:00,28.4,29.5,31.0
2026-07-25 12:26:35.683400+00:00,28.4,29.5,31.0
2026-07-25 12:26:40.943457+00:00,28.3,29.4,31.0
2026-07-25 12:26:46.213178+00:00,28.4,29.5,31.0
2026-07-25 12:26:51.473170+00:00,28.4,29.5,31.0
2026-07-25 12:26:56.744309+00:00,28.4,29.5,31.0
2026-07-25 12:27:02.004270+00:00,28.4,29.5,31.0
2026-07-25 12:27:07.274027+00:00,28.4,29.5,31.0
2026-07-25 12:27:12.533971+00:00,28.4,29.5,31.0
2026-07-25 12:27:17.803391+00:00,28.4,29.5,31.0
2026-07-25 12:27:23.064935+00:00,28.4,29.5,31.0
2026-07-25 12:27:28.334804+00:00,28.4,29.5,31.0
2026-07-25 12:27:33.594838+00:00,28.3,29.4,31.0
2026-07-25 12:27:38.865470+00:00,28.4,29.5,31.0
2026-07-25 12:27:44.125387+00:00,28.4,29.5,31.0
2026-07-25 12:27:49.396220+00:00,28.3,29.4,31.0
2026-07-25 12:27:54.656112+00:00,28.3,29.4,31.0
2026-07-25 12:27:59.925717+00:00,28.4,29.5,31.0
2026-07-25 12:28:05.185616+00:00,28.3,29.4,31.0
2026-07-25 12:28:15.709440+00:00,28.3,29.4,31.0
2026-07-25 12:28:20.980747+00:00,28.3,29.4,31.0
2026-07-25 12:28:26.240996+00:00,28.3,29.4,31.0
2026-07-25 12:28:31.517443+00:00,28.3,29.4,31.0
2026-07-25 12:28:36.777387+00:00,28.4,29.5,31.0
2026-07-25 12:28:47.301195+00:00,28.3,29.4,31.0
2026-07-25 12:28:52.572779+00:00,28.3,29.4,31.0
2026-07-25 12:28:57.832738+00:00,28.3,29.4,31.0
2026-07-25 12:29:08.356291+00:00,28.4,29.5,31.0
2026-07-25 12:29:13.626028+00:00,28.3,29.4,31.0
2026-07-25 12:29:18.885879+00:00,28.3,29.4,31.0
2026-07-25 12:29:24.157296+00:00,28.4,29.5,31.0
2026-07-25 12:29:29.417077+00:00,28.4,29.5,31.0
2026-07-25 12:29:34.686778+00:00,28.3,29.4,31.0
2026-07-25 12:29:39.948095+00:00,28.4,29.5,31.0
2026-07-25 12:29:45.218087+00:00,28.4,29.5,31.0
2026-07-25 12:29:50.478037+00:00,28.3,29.4,31.0
2026-07-25 12:29:55.749305+00:00,28.4,29.5,31.0
2026-07-25 12:30:01.009369+00:00,28.4,29.5,31.0
2026-07-25 12:30:11.533489+00:00,28.4,29.5,31.0
2026-07-25 12:30:16.802943+00:00,28.4,29.5,31.0
2026-07-25 12:30:22.063082+00:00,28.3,29.4,31.0
2026-07-25 12:30:27.333983+00:00,28.4,29.5,31.0
2026-07-25 12:30:32.594301+00:00,28.4,29.5,31.0
2026-07-25 12:30:37.864160+00:00,28.4,29.5,31.0
2026-07-25 12:30:43.124373+00:00,28.4,29.5,31.0
2026-07-25 12:30:48.395480+00:00,28.4,29.5,31.0
2026-07-25 12:30:53.655550+00:00,28.5,29.6,31.0
2026-07-25 12:30:58.925442+00:00,28.5,29.6,31.0
2026-07-25 12:31:04.185399+00:00,28.4,29.5,31.0
2026-07-25 12:31:09.455414+00:00,28.4,29.5,31.0
2026-07-25 12:31:14.715468+00:00,28.5,29.6,31.0
2026-07-25 12:31:19.986658+00:00,28.5,29.6,31.0
2026-07-25 12:31:25.246766+00:00,28.5,29.6,31.0
2026-07-25 12:31:30.517435+00:00,28.5,29.6,31.0
2026-07-25 12:31:35.777523+00:00,28.5,29.6,31.0
2026-07-25 12:31:41.047815+00:00,28.5,29.6,31.0
2026-07-25 12:31:46.307643+00:00,28.5,29.7,31.0
2026-07-25 12:31:51.578625+00:00,28.5,29.6,31.0
2026-07-25 12:31:56.838608+00:00,28.5,29.6,31.0
2026-07-25 12:32:02.108471+00:00,28.5,29.7,31.0
2026-07-25 12:32:07.368445+00:00,28.5,29.6,31.0
2026-07-25 12:32:12.637916+00:00,28.5,29.6,31.0
2026-07-25 12:32:17.898430+00:00,28.5,29.7,31.0
2026-07-25 12:32:23.169623+00:00,28.5,29.7,31.0
2026-07-25 12:32:28.429601+00:00,28.5,29.6,31.0
2026-07-25 12:32:33.699050+00:00,28.5,29.7,31.0
2026-07-25 12:32:38.959452+00:00,28.5,29.7,31.0
2026-07-25 12:32:44.228785+00:00,28.5,29.7,31.0
2026-07-25 12:32:54.752834+00:00,28.5,29.7,31.0
2026-07-25 12:33:00.012875+00:00,28.5,29.7,31.0
2026-07-25 12:33:05.282365+00:00,28.5,29.7,31.0
2026-07-25 12:33:10.542580+00:00,28.5,29.7,31.0
2026-07-25 12:33:15.812118+00:00,28.5,29.7,31.0
2026-07-25 12:33:21.072079+00:00,28.5,29.6,31.0
2026-07-25 12:33:26.344269+00:00,28.5,29.6,31.0
2026-07-25 12:33:31.604329+00:00,28.5,29.6,31.0
2026-07-30 15:42:00.604391+00:00,37.6,34.7,43.0
2026-07-30 15:42:07.328718+00:00,37.6,34.7,43.0
2026-07-30 15:42:12.597040+00:00,37.6,34.7,43.0
2026-07-30 15:42:23.124992+00:00,37.6,34.7,43.0
2026-07-30 15:42:28.396898+00:00,37.6,34.7,43.0
2026-07-30 15:42:33.657004+00:00,37.6,34.7,43.0
2026-07-30 15:42:38.927411+00:00,37.6,34.7,43.0
2026-07-30 15:42:44.352702+00:00,37.3,34.7,42.0
2026-07-30 15:42:50.409669+00:00,37.3,34.7,42.0
2026-07-30 15:42:55.669748+00:00,37.3,34.7,42.0
2026-07-30 15:43:00.944308+00:00,37.3,34.7,42.0
2026-07-30 15:43:11.467968+00:00,37.9,34.7,44.0
2026-07-30 15:43:16.729412+00:00,37.9,34.7,44.0
2026-07-30 15:43:22.000754+00:00,37.9,34.7,44.0
2026-07-30 15:43:27.260887+00:00,37.9,34.7,44.0
2026-07-30 15:43:32.530574+00:00,37.9,34.7,44.0
2026-07-30 15:43:37.790577+00:00,37.9,34.7,44.0
2026-07-30 15:43:43.060314+00:00,38.2,34.7,45.0
2026-07-30 15:43:48.320368+00:00,38.2,34.7,45.0
2026-07-30 15:43:53.591360+00:00,38.2,34.7,45.0
2026-07-30 15:43:58.851552+00:00,37.9,34.7,44.0
2026-07-30 15:44:04.122459+00:00,37.9,34.7,44.0
2026-07-30 15:44:09.382902+00:00,37.6,34.7,43.0
2026-07-30 15:44:14.665980+00:00,37.6,34.7,43.0
2026-07-30 15:44:19.938834+00:00,37.6,34.7,43.0
2026-07-30 15:44:25.210673+00:00,37.3,34.7,42.0
2026-07-30 15:44:30.470866+00:00,37.3,34.7,42.0
2026-07-30 15:44:35.740934+00:00,37.3,34.7,42.0
2026-07-30 15:44:41.001115+00:00,37.3,34.7,42.0
2026-07-30 15:44:46.270729+00:00,37.6,34.7,43.0
2026-07-30 15:44:51.532387+00:00,37.6,34.7,43.0
2026-07-30 15:44:56.802573+00:00,37.6,34.7,43.0
2026-07-30 15:45:02.062646+00:00,37.3,34.7,42.0
2026-07-30 15:45:07.332565+00:00,37.3,34.7,42.0
2026-07-30 15:45:12.592996+00:00,37.3,34.7,42.0
2026-07-30 15:45:17.864521+00:00,37.3,34.7,42.0
2026-07-30 15:45:23.124997+00:00,37.3,34.7,42.0
2026-07-30 15:45:28.394722+00:00,37.3,34.7,42.0
2026-07-30 15:45:33.654888+00:00,37.3,34.7,42.0
2026-07-30 15:45:38.924705+00:00,37.3,34.7,42.0
2026-07-30 15:45:44.184806+00:00,37.6,34.7,43.0
2026-07-30 15:45:49.457095+00:00,37.6,34.7,43.0
2026-07-30 15:45:54.717276+00:00,37.6,34.7,43.0
2026-07-30 15:45:59.986680+00:00,37.6,34.7,43.0
2026-07-30 15:46:05.246718+00:00,37.6,34.7,43.0
2026-07-30 15:46:10.516682+00:00,37.9,34.7,44.0
2026-07-30 15:46:15.776605+00:00,37.6,34.7,43.0
2026-07-30 15:46:21.047492+00:00,37.6,34.7,43.0
2026-07-30 15:46:26.307583+00:00,37.6,34.7,43.0
2026-07-30 15:46:31.586412+00:00,37.6,34.7,43.0
2026-07-30 15:46:36.851208+00:00,37.3,34.7,42.0
2026-07-30 15:46:42.120692+00:00,37.3,34.7,42.0
2026-07-30 15:46:47.380990+00:00,37.3,34.7,42.0
2026-07-30 15:46:52.651968+00:00,37.6,34.7,43.0
2026-07-30 15:46:57.912070+00:00,37.6,34.7,43.0
2026-07-30 15:47:03.181793+00:00,37.6,34.7,43.0
2026-07-30 15:47:08.441681+00:00,37.6,34.7,43.0
2026-07-30 15:47:13.711635+00:00,37.6,34.7,43.0
2026-07-30 15:47:18.971585+00:00,37.6,34.7,43.0
2026-07-30 15:47:29.497200+00:00,37.3,34.7,42.0
2026-07-30 15:47:34.766620+00:00,37.3,34.7,42.0
2026-07-30 15:47:40.026568+00:00,37.3,34.7,42.0
2026-07-30 15:47:50.551667+00:00,37.3,34.7,42.0
2026-07-30 15:47:55.823143+00:00,37.3,34.7,42.0
2026-07-30 15:48:01.083158+00:00,37.3,34.7,42.0
2026-07-30 15:48:06.352682+00:00,37.3,34.7,42.0
2026-07-30 15:48:11.612768+00:00,37.3,34.7,42.0
2026-07-30 15:48:16.882713+00:00,37.3,34.7,42.0
2026-07-30 15:48:22.144360+00:00,37.6,34.7,43.0
2026-07-30 15:48:27.414166+00:00,37.6,34.7,43.0
2026-07-30 15:48:32.674258+00:00,37.6,34.7,43.0
2026-07-30 15:48:37.951210+00:00,37.6,34.7,43.0
2026-07-30 15:48:43.211854+00:00,37.6,34.7,43.0
2026-07-30 15:48:48.483021+00:00,37.6,34.7,43.0
2026-07-30 15:48:53.743210+00:00,37.6,34.7,43.0
2026-07-30 15:48:59.012814+00:00,37.6,34.7,43.0
2026-07-30 15:49:04.273052+00:00,37.6,34.7,43.0
2026-07-30 15:49:09.542340+00:00,37.6,34.7,43.0
2026-07-30 15:49:14.802544+00:00,37.6,34.7,43.0
2026-07-30 15:49:20.073673+00:00,37.6,34.7,43.0
2026-07-30 15:49:25.333720+00:00,37.6,34.7,43.0
2026-07-30 15:49:30.603555+00:00,37.6,34.7,43.0
2026-07-30 15:49:35.863543+00:00,37.6,34.7,43.0
2026-07-30 15:49:41.134998+00:00,37.6,34.7,43.0
2026-07-30 15:49:46.395352+00:00,37.6,34.7,43.0
2026-07-30 15:49:51.667309+00:00,37.6,34.7,43.0
2026-07-30 15:49:56.927587+00:00,37.6,34.7,43.0
2026-07-30 15:50:02.197308+00:00,37.6,34.7,43.0
2026-07-30 15:50:07.457813+00:00,37.9,34.7,44.0
2026-07-30 15:50:12.727255+00:00,37.9,34.7,44.0
2026-07-30 15:50:17.987555+00:00,37.9,34.7,44.0
2026-07-30 15:50:23.258584+00:00,37.6,34.7,43.0
2026-07-30 15:50:28.519313+00:00,37.6,34.7,43.0
2026-07-30 15:50:33.788784+00:00,37.6,34.7,43.0
2026-07-30 15:50:39.048920+00:00,37.6,34.7,43.0
2026-07-30 15:50:44.318769+00:00,37.6,34.7,43.0
2026-07-30 15:50:54.842644+00:00,37.6,34.7,43.0
2026-07-30 15:51:05.366356+00:00,37.6,34.7,43.0
2026-07-30 15:51:10.627224+00:00,37.3,34.7,42.0
2026-07-30 15:51:15.897256+00:00,37.3,34.7,42.0
2026-07-30 15:51:21.158933+00:00,37.3,34.7,42.0
2026-07-30 15:51:26.428802+00:00,37.3,34.7,42.0
2026-07-30 15:51:31.688990+00:00,37.3,34.7,42.0
2026-07-30 15:51:36.960319+00:00,37.3,34.7,42.0
2026-07-30 15:51:42.220385+00:00,37.3,34.7,42.0
2026-07-30 15:51:47.491282+00:00,37.0,34.7,41.0
2026-07-30 15:51:52.751295+00:00,37.0,34.7,41.0
2026-07-30 15:51:58.022527+00:00,37.0,34.7,41.0
2026-07-30 15:52:03.285398+00:00,37.0,34.7,41.0
2026-07-30 15:52:08.554820+00:00,37.0,34.7,41.0
2026-07-30 15:52:13.815171+00:00,37.0,34.7,41.0
2026-07-30 15:52:19.086753+00:00,37.0,34.7,41.0
2026-07-30 15:52:24.346835+00:00,37.0,34.7,41.0
2026-07-30 15:52:29.616186+00:00,37.0,34.7,41.0
2026-07-30 15:52:34.876487+00:00,37.0,34.7,41.0
2026-07-30 15:52:40.145992+00:00,37.0,34.7,41.0
2026-07-30 15:52:45.406004+00:00,37.0,34.7,41.0
2026-07-30 15:52:50.677166+00:00,37.0,34.7,41.0
2026-07-30 15:52:55.937214+00:00,37.0,34.7,41.0
2026-07-30 15:53:01.206907+00:00,37.0,34.7,41.0
2026-07-30 15:53:06.466915+00:00,37.0,34.7,41.0
2026-07-30 15:53:11.737150+00:00,37.0,34.7,41.0
2026-07-30 15:53:16.998411+00:00,37.0,34.7,41.0
2026-07-30 15:53:22.269266+00:00,37.0,34.7,41.0
2026-07-30 15:53:27.530874+00:00,37.0,34.7,41.0
2026-07-30 15:53:32.800677+00:00,37.0,34.7,41.0
2026-07-30 15:53:38.060802+00:00,37.0,34.7,41.0
2026-07-30 15:53:43.330717+00:00,37.0,34.7,41.0
2026-07-30 15:53:48.590813+00:00,37.0,34.7,41.0
2026-07-30 15:53:53.861819+00:00,37.0,34.7,41.0
2026-07-30 15:53:59.122089+00:00,37.0,34.7,41.0
2026-07-30 15:54:04.393620+00:00,37.0,34.7,41.0
2026-07-30 15:54:09.653756+00:00,37.0,34.7,41.0
2026-07-30 15:54:14.923354+00:00,37.0,34.7,41.0
2026-07-30 15:54:20.190092+00:00,37.0,34.7,41.0
2026-07-30 15:54:25.460986+00:00,37.0,34.7,41.0
2026-07-30 15:54:30.721055+00:00,37.0,34.7,41.0
2026-07-30 15:54:35.991037+00:00,37.0,34.7,41.0
2026-07-30 15:54:41.251196+00:00,37.0,34.7,41.0
2026-07-30 15:54:46.521365+00:00,37.0,34.7,41.0
2026-07-30 15:54:57.048122+00:00,37.0,34.7,41.0
2026-07-30 15:55:02.308150+00:00,37.0,34.7,41.0
2026-07-30 15:55:07.577720+00:00,37.0,34.7,41.0
2026-07-30 15:55:12.837738+00:00,37.0,34.7,41.0
2026-07-30 15:55:18.109673+00:00,37.0,34.7,41.0
2026-07-30 15:55:23.369887+00:00,37.0,34.7,41.0
2026-07-30 15:55:28.639135+00:00,37.0,34.7,41.0
2026-07-30 15:55:33.899162+00:00,37.0,34.7,41.0
2026-07-30 15:55:39.168933+00:00,37.0,34.7,41.0
2026-07-30 15:55:44.428983+00:00,37.0,34.7,41.0
2026-07-30 15:55:49.700437+00:00,37.0,34.7,41.0
2026-07-30 15:55:54.960314+00:00,37.0,34.7,41.0
2026-07-30 15:56:00.229844+00:00,37.0,34.7,41.0
2026-07-30 15:56:05.490146+00:00,37.0,34.7,41.0
2026-07-30 15:56:16.012231+00:00,37.0,34.7,41.0
2026-07-30 15:56:21.283503+00:00,37.0,34.7,41.0
2026-07-30 15:56:26.543349+00:00,37.0,34.7,41.0
2026-07-30 15:56:31.813275+00:00,37.0,34.7,41.0
2026-07-30 15:56:37.073342+00:00,37.0,34.7,41.0
2026-07-30 15:56:42.342691+00:00,37.0,34.7,41.0
2026-07-30 15:56:47.602906+00:00,37.0,34.7,41.0
2026-07-30 15:56:52.873783+00:00,37.0,34.7,41.0
2026-07-30 15:56:58.133816+00:00,37.0,34.7,41.0
2026-07-30 15:57:03.403704+00:00,37.0,34.7,41.0
2026-07-30 15:57:08.663567+00:00,37.0,34.7,41.0
2026-07-30 15:57:13.934484+00:00,37.0,34.7,41.0
2026-07-30 15:57:19.194405+00:00,37.0,34.7,41.0
2026-07-30 15:57:24.465344+00:00,37.0,34.7,41.0
2026-07-30 15:57:29.725214+00:00,37.0,34.7,41.0
2026-07-30 15:57:34.995093+00:00,37.0,34.7,41.0
2026-07-30 15:57:40.255365+00:00,37.0,34.7,41.0
2026-07-30 15:57:45.525103+00:00,37.0,34.7,41.0
2026-07-30 15:57:56.049085+00:00,37.0,34.7,41.0
2026-07-30 15:58:01.309438+00:00,37.0,34.7,41.0
2026-07-30 15:58:06.581229+00:00,37.0,34.7,41.0
2026-07-30 15:58:11.841323+00:00,37.0,34.7,41.0
2026-07-30 15:58:17.112574+00:00,37.0,34.7,41.0
2026-07-30 15:58:22.372901+00:00,37.0,34.7,41.0
2026-07-30 15:58:27.643008+00:00,37.0,34.7,41.0
2026-07-30 15:58:32.903083+00:00,37.0,34.7,41.0
2026-07-30 15:58:38.173015+00:00,37.0,34.7,41.0
2026-07-30 15:58:43.432983+00:00,37.0,34.7,41.0
2026-07-30 15:58:48.704034+00:00,37.0,34.7,41.0
2026-07-30 15:58:53.963950+00:00,37.0,34.7,41.0
2026-07-30 15:58:59.233893+00:00,37.0,34.7,41.0
2026-07-30 15:59:04.493790+00:00,37.0,34.7,41.0
2026-07-30 15:59:09.764787+00:00,37.0,34.7,41.0
2026-07-30 15:59:15.026538+00:00,37.0,34.7,41.0
2026-07-30 15:59:20.297796+00:00,37.0,34.7,41.0
2026-07-30 15:59:25.557719+00:00,37.0,34.7,41.0
2026-07-30 15:59:30.827041+00:00,37.0,34.7,41.0
2026-07-30 15:59:36.087275+00:00,37.0,34.7,41.0
2026-07-30 15:59:41.356657+00:00,37.0,34.7,41.0
2026-07-30 15:59:46.617060+00:00,37.0,34.7,41.0
2026-07-30 15:59:51.887920+00:00,37.0,34.7,41.0
2026-07-30 15:59:57.148138+00:00,37.0,34.7,41.0
2026-07-30 16:00:02.418335+00:00,37.0,34.7,41.0
2026-07-30 16:00:07.678250+00:00,37.0,34.7,41.0
2026-07-30 16:00:12.947664+00:00,37.0,34.7,41.0
2026-07-30 16:00:18.208001+00:00,37.0,34.7,41.0
2026-07-30 16:00:23.479123+00:00,37.0,34.7,41.0
2026-07-30 16:00:28.739318+00:00,37.0,34.7,41.0
2026-07-30 16:00:34.008897+00:00,37.0,34.7,41.0
2026-07-30 16:00:39.269083+00:00,37.0,34.7,41.0
2026-07-30 16:00:44.538711+00:00,37.0,34.7,41.0
2026-07-30 16:00:49.808795+00:00,37.0,34.7,41.0
2026-07-30 16:00:55.091588+00:00,37.0,34.7,41.0
2026-07-30 16:01:00.351630+00:00,37.0,34.7,41.0
2026-07-30 16:01:05.623844+00:00,37.0,34.7,41.0
2026-07-30 16:01:10.884312+00:00,37.0,34.7,41.0
2026-07-30 16:01:16.153574+00:00,37.0,34.7,41.0
2026-07-30 16:01:21.415545+00:00,37.0,34.7,41.0
2026-07-30 16:01:26.684883+00:00,37.0,34.7,41.0
2026-07-30 16:01:31.944890+00:00,37.0,34.7,41.0
2026-07-30 16:01:37.214656+00:00,37.0,34.7,41.0
2026-07-30 16:01:42.474743+00:00,37.0,34.7,41.0
2026-07-30 16:01:47.745721+00:00,37.0,34.7,41.0
2026-07-30 16:01:53.005793+00:00,37.0,34.7,41.0
2026-07-30 16:01:58.275587+00:00,37.0,34.7,41.0
2026-07-30 16:02:03.535637+00:00,37.0,34.7,41.0
2026-07-30 16:02:08.805583+00:00,37.0,34.7,41.0
2026-07-30 16:02:14.065698+00:00,37.0,34.7,41.0
2026-07-30 16:02:19.336727+00:00,37.0,34.7,41.0
2026-07-30 16:02:24.601695+00:00,37.0,34.7,41.0
2026-07-30 16:02:29.872178+00:00,37.0,34.7,41.0
2026-07-30 16:02:35.132485+00:00,37.0,34.7,41.0
2026-07-30 16:02:40.401851+00:00,37.0,34.7,41.0
2026-07-30 16:02:45.663326+00:00,37.0,34.7,41.0
2026-07-30 16:02:50.934591+00:00,37.0,34.7,41.0
2026-07-30 16:02:56.195101+00:00,37.0,34.7,41.0
2026-07-30 16:03:01.464430+00:00,37.0,34.7,41.0
2026-07-30 16:03:06.724725+00:00,37.0,34.7,41.0
2026-07-30 16:03:11.996759+00:00,37.0,34.7,41.0
2026-07-30 16:03:17.256787+00:00,37.0,34.7,41.0
2026-07-30 16:03:22.528473+00:00,37.0,34.7,41.0
2026-07-30 16:03:27.788550+00:00,37.0,34.7,41.0
2026-07-30 16:03:33.066506+00:00,37.0,34.7,41.0
2026-07-30 16:03:38.326607+00:00,37.0,34.7,41.0
2026-07-30 16:03:43.596323+00:00,37.0,34.7,41.0
2026-07-30 16:03:48.856401+00:00,37.0,34.7,41.0
2026-07-30 16:03:54.129078+00:00,37.3,34.7,42.0
2026-07-30 16:03:59.389227+00:00,37.3,34.7,42.0
2026-07-30 16:04:04.658899+00:00,37.0,34.7,41.0
2026-07-30 16:04:09.919332+00:00,37.0,34.7,41.0
2026-07-30 16:04:15.188692+00:00,37.0,34.7,41.0
2026-07-30 16:04:20.448767+00:00,37.0,34.7,41.0
2026-07-30 16:04:25.719706+00:00,37.0,34.7,41.0
2026-07-30 16:04:30.979977+00:00,37.0,34.7,41.0
2026-07-30 16:04:36.250890+00:00,37.0,34.7,41.0
2026-07-30 16:04:41.511262+00:00,37.0,34.7,41.0
2026-07-30 16:04:46.780433+00:00,37.0,34.7,41.0
2026-07-30 16:04:52.042009+00:00,37.0,34.7,41.0
2026-07-30 16:04:57.311868+00:00,37.0,34.7,41.0
2026-07-30 16:05:02.571951+00:00,37.0,34.7,41.0
2026-07-30 16:05:07.841398+00:00,37.0,34.7,41.0
2026-07-30 16:05:13.101171+00:00,37.0,34.7,41.0
2026-07-30 16:05:18.372193+00:00,37.0,34.7,41.0
2026-07-30 16:05:23.632112+00:00,37.0,34.7,41.0
2026-07-30 16:05:28.906962+00:00,37.0,34.7,41.0
2026-07-30 16:05:34.166985+00:00,37.0,34.7,41.0
2026-07-30 16:05:39.436468+00:00,37.0,34.7,41.0
2026-07-30 16:05:44.696816+00:00,37.0,34.7,41.0
2026-07-30 16:05:49.967884+00:00,37.0,34.7,41.0
2026-07-30 16:05:55.227839+00:00,37.1,34.8,41.0
2026-07-30 16:06:00.497642+00:00,37.1,34.8,41.0
2026-07-30 16:06:05.757511+00:00,37.3,34.9,41.0
2026-07-30 16:06:11.026737+00:00,37.1,34.8,41.0
2026-07-30 16:06:16.286976+00:00,37.3,34.9,41.0
2026-07-30 16:06:21.559042+00:00,37.3,34.9,41.0
2026-07-30 16:06:26.819089+00:00,37.2,35.0,40.0
2026-07-30 16:06:32.088654+00:00,37.4,35.1,40.0
2026-07-30 16:06:37.348901+00:00,37.2,35.0,40.0
2026-07-30 16:06:42.618079+00:00,37.6,35.2,40.0
2026-07-30 16:06:47.878224+00:00,37.4,35.1,40.0
2026-07-30 16:06:53.148869+00:00,37.4,35.1,40.0
2026-07-30 16:07:03.672763+00:00,37.6,35.2,40.0
2026-07-30 16:07:08.932716+00:00,37.6,35.2,40.0
2026-07-30 16:07:14.202553+00:00,37.6,35.2,40.0
2026-07-30 16:07:19.462595+00:00,37.6,35.2,40.0
2026-07-30 16:07:24.734030+00:00,37.6,35.2,40.0
2026-07-30 16:07:29.994046+00:00,37.6,35.2,40.0
2026-07-30 16:07:35.264934+00:00,37.6,35.2,40.0
2026-07-30 16:07:40.525362+00:00,37.6,35.2,40.0
2026-07-30 16:07:45.794798+00:00,37.6,35.2,40.0
2026-07-30 16:07:51.056283+00:00,37.6,35.2,40.0
2026-07-30 16:07:56.325965+00:00,37.6,35.2,40.0
2026-07-30 16:08:01.586253+00:00,37.6,35.2,40.0
2026-07-30 16:08:06.855448+00:00,37.6,35.2,40.0
2026-07-30 16:08:12.115447+00:00,37.6,35.2,40.0
2026-07-30 16:08:22.641983+00:00,37.6,35.2,40.0
2026-07-30 16:08:27.911954+00:00,37.6,35.2,40.0
2026-07-30 16:08:33.172018+00:00,37.6,35.2,40.0
2026-07-30 16:08:43.695728+00:00,37.6,35.2,40.0
2026-07-30 16:08:48.966839+00:00,37.6,35.2,40.0
2026-07-30 16:08:54.227023+00:00,37.6,35.2,40.0
2026-07-30 16:08:59.496343+00:00,37.6,35.2,40.0
2026-07-30 16:09:04.756442+00:00,37.6,35.2,40.0
2026-07-30 16:09:15.280537+00:00,37.6,35.2,40.0
2026-07-30 16:09:20.551786+00:00,37.6,35.2,40.0
2026-07-30 16:09:25.812144+00:00,37.6,35.2,40.0
2026-07-30 16:09:31.081700+00:00,37.6,35.2,40.0
2026-07-30 16:09:36.341727+00:00,37.6,35.2,40.0
2026-07-30 16:09:41.611639+00:00,37.6,35.2,40.0
2026-07-30 16:09:46.872479+00:00,37.6,35.2,40.0
2026-07-30 16:09:52.143792+00:00,37.6,35.2,40.0
2026-07-30 16:09:57.403755+00:00,37.6,35.2,40.0
2026-07-30 16:10:02.673523+00:00,37.6,35.2,40.0
2026-07-30 16:10:07.933571+00:00,37.6,35.2,40.0
2026-07-30 16:10:13.203014+00:00,37.6,35.2,40.0
2026-07-30 16:10:23.725086+00:00,37.6,35.2,40.0
2026-07-30 16:10:28.985065+00:00,37.6,35.2,40.0
2026-07-30 16:10:34.254527+00:00,37.6,35.2,40.0
2026-07-30 16:10:39.514470+00:00,37.6,35.2,40.0
2026-07-30 16:10:44.783987+00:00,37.6,35.2,40.0
2026-07-30 16:10:50.044276+00:00,37.6,35.2,40.0
2026-07-30 16:10:55.315410+00:00,37.6,35.2,40.0
2026-07-30 16:11:00.575728+00:00,37.6,35.2,40.0
2026-07-30 16:11:05.844837+00:00,37.6,35.2,40.0
2026-07-30 16:11:11.105020+00:00,37.6,35.2,40.0
2026-07-30 16:11:16.374586+00:00,37.6,35.2,40.0
2026-07-30 16:11:21.636216+00:00,37.6,35.2,40.0
2026-07-30 16:11:26.906310+00:00,37.6,35.2,40.0
2026-07-30 16:11:32.166479+00:00,37.6,35.2,40.0
2026-07-30 16:11:37.436352+00:00,37.6,35.2,40.0
2026-07-30 16:11:42.696950+00:00,37.6,35.2,40.0
2026-07-30 16:11:47.968022+00:00,37.6,35.2,40.0
2026-07-30 16:11:53.227968+00:00,37.6,35.2,40.0
2026-07-30 16:11:58.497301+00:00,37.6,35.2,40.0
2026-07-30 16:12:09.021204+00:00,37.6,35.2,40.0
2026-07-30 16:12:14.282403+00:00,37.6,35.2,40.0
2026-07-30 16:12:19.553660+00:00,37.6,35.2,40.0
2026-07-30 16:12:24.813666+00:00,37.6,35.2,40.0
2026-07-30 16:12:30.084233+00:00,37.6,35.2,40.0
2026-07-30 16:12:35.344773+00:00,37.6,35.2,40.0
2026-07-30 16:12:40.614884+00:00,37.6,35.2,40.0
2026-07-30 16:12:45.875111+00:00,37.6,35.2,40.0
2026-07-30 16:12:51.146683+00:00,37.6,35.2,40.0
2026-07-30 16:12:56.406772+00:00,37.6,35.2,40.0
2026-07-30 16:13:01.676793+00:00,37.6,35.2,40.0
2026-07-30 16:13:06.936887+00:00,37.6,35.2,40.0
2026-07-30 16:13:12.206559+00:00,37.6,35.2,40.0
2026-07-30 16:13:22.731023+00:00,37.6,35.2,40.0
2026-07-30 16:13:27.991218+00:00,37.6,35.2,40.0
2026-07-30 16:13:33.262313+00:00,37.6,35.2,40.0
2026-07-30 16:13:38.522901+00:00,37.6,35.2,40.0
2026-07-30 16:13:43.792623+00:00,37.6,35.2,40.0
2026-07-30 16:13:49.052888+00:00,37.6,35.2,40.0
2026-07-30 16:13:54.324062+00:00,37.6,35.2,40.0
2026-07-30 16:13:59.584167+00:00,37.6,35.2,40.0
2026-07-30 16:14:04.854946+00:00,37.6,35.2,40.0
2026-07-30 16:14:10.114987+00:00,37.6,35.2,40.0
2026-07-30 16:14:15.384933+00:00,37.6,35.2,40.0
2026-07-30 16:14:20.645104+00:00,37.6,35.2,40.0
2026-07-30 16:14:25.921743+00:00,37.6,35.2,40.0
2026-07-30 16:14:31.183296+00:00,37.6,35.2,40.0
2026-07-30 16:14:36.454106+00:00,37.6,35.2,40.0
2026-07-30 16:14:41.714182+00:00,37.6,35.2,40.0
2026-07-30 16:14:46.986017+00:00,37.6,35.2,40.0
2026-07-30 16:14:57.510542+00:00,37.6,35.2,40.0
2026-07-30 16:15:02.770439+00:00,37.6,35.2,40.0
2026-07-30 16:15:08.040293+00:00,37.6,35.2,40.0
2026-07-30 16:15:13.300278+00:00,37.6,35.2,40.0
2026-07-30 16:15:18.571322+00:00,37.6,35.2,40.0
2026-07-30 16:15:23.831512+00:00,37.4,35.1,40.0
2026-07-30 16:15:29.101595+00:00,37.4,35.1,40.0
2026-07-30 16:15:34.361462+00:00,37.6,35.2,40.0
2026-07-30 16:15:39.630868+00:00,37.2,35.0,40.0
2026-07-30 16:15:44.891176+00:00,37.4,35.1,40.0
2026-07-30 16:15:50.162364+00:00,37.4,35.1,40.0
2026-07-30 16:15:55.422765+00:00,37.2,35.0,40.0
2026-07-30 16:16:00.693013+00:00,37.4,35.1,40.0
2026-07-30 16:16:16.468148+00:00,37.6,35.2,40.0
2026-07-30 16:16:21.739260+00:00,37.4,35.1,40.0
2026-07-30 16:16:26.999242+00:00,37.4,35.1,40.0
2026-07-30 16:16:32.269003+00:00,37.4,35.1,40.0
2026-07-30 16:16:37.529052+00:00,37.2,35.0,40.0
2026-07-30 16:16:42.798430+00:00,37.4,35.1,40.0
2026-07-30 16:16:53.322709+00:00,37.4,35.1,40.0
2026-07-30 16:16:58.582674+00:00,37.6,35.2,40.0
2026-07-30 16:17:03.852307+00:00,37.4,35.1,40.0
2026-07-30 16:17:09.112575+00:00,37.4,35.1,40.0
2026-07-30 16:17:14.382776+00:00,37.6,35.2,40.0
2026-07-30 16:17:19.642798+00:00,37.6,35.2,40.0
2026-07-30 16:17:24.913722+00:00,37.6,35.2,40.0
2026-07-30 16:17:30.173899+00:00,37.6,35.2,40.0
2026-07-30 16:17:35.443793+00:00,37.6,35.2,40.0
2026-07-30 16:17:40.703748+00:00,37.6,35.2,40.0
2026-07-30 16:17:45.973384+00:00,37.6,35.2,40.0
2026-07-30 16:17:51.235031+00:00,37.6,35.2,40.0
2026-07-30 16:17:56.504691+00:00,37.6,35.2,40.0
2026-07-30 16:18:01.765541+00:00,37.6,35.2,40.0
2026-07-30 16:18:07.035327+00:00,37.6,35.2,40.0
2026-07-30 16:18:12.295276+00:00,37.6,35.2,40.0
2026-07-30 16:18:22.820545+00:00,37.6,35.2,40.0
2026-07-30 16:18:28.090092+00:00,37.6,35.2,40.0
2026-07-30 16:18:33.350087+00:00,37.6,35.2,40.0
2026-07-30 16:18:38.620050+00:00,37.6,35.2,40.0
2026-07-30 16:18:43.880090+00:00,37.6,35.2,40.0
2026-07-30 16:18:49.150721+00:00,37.6,35.2,40.0
2026-07-30 16:18:59.674154+00:00,37.6,35.2,40.0
2026-07-30 16:19:04.934399+00:00,37.6,35.2,40.0
2026-07-30 16:19:10.203693+00:00,37.6,35.2,40.0
2026-07-30 16:19:15.463976+00:00,37.6,35.2,40.0
2026-07-30 16:19:20.735031+00:00,37.6,35.2,40.0
2026-07-30 16:19:25.995574+00:00,37.6,35.2,40.0
2026-07-30 16:19:31.265474+00:00,37.6,35.2,40.0
2026-07-30 16:19:41.790001+00:00,37.6,35.2,40.0
2026-07-30 16:19:47.050137+00:00,37.6,35.2,40.0
2026-07-30 16:19:52.320803+00:00,37.6,35.2,40.0
2026-07-30 16:19:57.581112+00:00,37.6,35.2,40.0
2026-07-30 16:20:02.851907+00:00,37.6,35.2,40.0
2026-07-30 16:20:08.112341+00:00,37.6,35.2,40.0
2026-07-30 16:20:13.381956+00:00,37.6,35.2,40.0
2026-07-30 16:20:18.642065+00:00,37.6,35.2,40.0
2026-07-30 16:20:23.912998+00:00,37.6,35.2,40.0
2026-07-30 16:20:29.173407+00:00,37.6,35.2,40.0
2026-07-30 16:20:34.443139+00:00,37.6,35.2,40.0
2026-07-30 16:20:39.703205+00:00,37.6,35.2,40.0
2026-07-30 16:20:44.973310+00:00,37.6,35.2,40.0
2026-07-30 16:20:50.233379+00:00,37.6,35.2,40.0
2026-07-30 16:20:55.504568+00:00,37.6,35.2,40.0
2026-07-30 16:21:00.764873+00:00,37.6,35.2,40.0
2026-07-30 16:21:06.034946+00:00,37.6,35.2,40.0
2026-07-30 16:21:11.295127+00:00,37.6,35.2,40.0
2026-07-30 16:21:16.565057+00:00,37.6,35.2,40.0
2026-07-30 16:21:21.826707+00:00,37.6,35.2,40.0
2026-07-30 16:21:27.096807+00:00,37.6,35.2,40.0
2026-07-30 16:21:32.357053+00:00,37.6,35.2,40.0
2026-07-30 16:21:37.626434+00:00,37.6,35.2,40.0
2026-07-30 16:21:42.886830+00:00,37.6,35.2,40.0
2026-07-30 16:21:48.157858+00:00,37.6,35.2,40.0
2026-07-30 16:21:53.418728+00:00,37.6,35.2,40.0
2026-07-30 16:21:58.688474+00:00,37.6,35.2,40.0
2026-07-30 16:22:03.948956+00:00,37.6,35.2,40.0
2026-07-30 16:22:09.218515+00:00,37.6,35.2,40.0
2026-07-30 16:22:14.478665+00:00,37.6,35.2,40.0
2026-07-30 16:22:19.749859+00:00,37.6,35.2,40.0
2026-07-30 16:22:25.010742+00:00,37.6,35.2,40.0
2026-07-30 16:22:30.280424+00:00,37.6,35.2,40.0
2026-07-30 16:22:35.540438+00:00,37.6,35.2,40.0
2026-07-30 16:22:40.810364+00:00,37.6,35.2,40.0
2026-07-30 16:22:46.070362+00:00,37.6,35.2,40.0
2026-07-30 16:22:51.341543+00:00,37.6,35.2,40.0
2026-07-30 16:22:56.608712+00:00,37.6,35.2,40.0
2026-07-30 16:23:01.878137+00:00,37.6,35.2,40.0
2026-07-30 16:23:07.138311+00:00,37.6,35.2,40.0
2026-07-30 16:23:12.408310+00:00,37.6,35.2,40.0
2026-07-30 16:23:17.668229+00:00,37.6,35.2,40.0
2026-07-30 16:23:22.938941+00:00,37.6,35.2,40.0
2026-07-30 16:23:28.199150+00:00,37.6,35.2,40.0
2026-07-30 16:23:33.469113+00:00,37.6,35.2,40.0
2026-07-30 16:23:38.729195+00:00,37.6,35.2,40.0
2026-07-30 16:23:43.999782+00:00,37.6,35.2,40.0
2026-07-30 16:23:49.259809+00:00,37.6,35.2,40.0
2026-07-30 16:23:54.531832+00:00,37.6,35.2,40.0
2026-07-30 16:23:59.791998+00:00,37.6,35.2,40.0
2026-07-30 16:24:10.315852+00:00,37.6,35.2,40.0
2026-07-30 16:24:15.585567+00:00,37.6,35.2,40.0
2026-07-30 16:24:20.845465+00:00,37.6,35.2,40.0
2026-07-30 16:24:26.117824+00:00,37.6,35.2,40.0
2026-07-30 16:24:31.377638+00:00,37.6,35.2,40.0
2026-07-30 16:24:36.647559+00:00,37.6,35.2,40.0
2026-07-30 16:24:41.907349+00:00,37.6,35.2,40.0
2026-07-30 16:24:47.178398+00:00,37.6,35.2,40.0
2026-07-30 16:24:52.438717+00:00,37.6,35.2,40.0
2026-07-30 16:24:57.707974+00:00,37.6,35.2,40.0
2026-07-30 16:25:02.968053+00:00,37.6,35.2,40.0
2026-07-30 16:25:08.237798+00:00,37.6,35.2,40.0
2026-07-30 16:25:13.497721+00:00,37.6,35.2,40.0
2026-07-30 16:25:18.768752+00:00,37.6,35.2,40.0
2026-07-30 16:25:24.028887+00:00,37.8,35.3,40.0
2026-07-30 16:25:29.298683+00:00,37.6,35.2,40.0
2026-07-30 16:25:34.559408+00:00,37.6,35.2,40.0
2026-07-30 16:25:39.829142+00:00,37.8,35.3,40.0
2026-07-30 16:25:45.089038+00:00,37.8,35.3,40.0
2026-07-30 16:25:50.359864+00:00,37.6,35.2,40.0
2026-07-30 16:25:55.619861+00:00,38.0,35.4,40.0
2026-07-30 16:26:00.889451+00:00,37.8,35.3,40.0
2026-07-30 16:26:06.149461+00:00,37.8,35.3,40.0
2026-07-30 16:26:11.419255+00:00,38.0,35.4,40.0
2026-07-30 16:26:16.679414+00:00,37.8,35.3,40.0
2026-07-30 16:26:21.950086+00:00,38.0,35.4,40.0
2026-07-30 16:26:27.210186+00:00,37.8,35.3,40.0
2026-07-30 16:26:32.479346+00:00,37.8,35.3,40.0
2026-07-30 16:26:37.739272+00:00,38.0,35.4,40.0
2026-07-30 16:26:43.008982+00:00,37.8,35.3,40.0
2026-07-30 16:26:48.268819+00:00,38.0,35.4,40.0
2026-07-30 16:26:53.539915+00:00,38.0,35.4,40.0
2026-07-30 16:26:58.800267+00:00,38.0,35.4,40.0
2026-07-30 16:27:04.069654+00:00,38.0,35.4,40.0
2026-07-30 16:27:09.329622+00:00,37.8,35.3,40.0
2026-07-30 16:27:14.599279+00:00,37.6,35.2,40.0
2026-07-30 16:27:19.859114+00:00,37.8,35.3,40.0
2026-07-30 16:27:25.131644+00:00,37.6,35.2,40.0
2026-07-30 16:27:30.391707+00:00,37.6,35.2,40.0
2026-07-30 16:27:35.661398+00:00,37.8,35.3,40.0
2026-07-30 16:27:40.921367+00:00,37.6,35.2,40.0
2026-07-30 16:27:46.191052+00:00,37.6,35.2,40.0
2026-07-30 16:27:51.452610+00:00,37.6,35.2,40.0
2026-07-30 16:27:56.722566+00:00,37.6,35.2,40.0
2026-07-30 16:28:01.982727+00:00,37.6,35.2,40.0
2026-07-30 16:28:07.252111+00:00,37.6,35.2,40.0
2026-07-30 16:28:12.512481+00:00,37.6,35.2,40.0
2026-07-30 16:28:17.783598+00:00,37.6,35.2,40.0
2026-07-30 16:28:23.043901+00:00,37.6,35.2,40.0
2026-07-30 16:28:28.313430+00:00,37.6,35.2,40.0
2026-07-30 16:28:33.573699+00:00,37.6,35.2,40.0
2026-07-30 16:28:38.843485+00:00,37.6,35.2,40.0
2026-07-30 16:28:44.103556+00:00,37.6,35.2,40.0
2026-07-30 16:28:49.374591+00:00,37.6,35.2,40.0
2026-07-30 16:28:54.634651+00:00,37.6,35.2,40.0
2026-07-30 16:28:59.905801+00:00,37.6,35.2,40.0
2026-07-30 16:29:05.166266+00:00,37.6,35.2,40.0
2026-07-30 16:29:10.435825+00:00,37.6,35.2,40.0
2026-07-30 16:29:15.697077+00:00,37.6,35.2,40.0
2026-07-30 16:29:20.968191+00:00,37.6,35.2,40.0
2026-07-30 16:29:26.228295+00:00,37.6,35.2,40.0
2026-07-30 16:29:31.497913+00:00,37.6,35.2,40.0
2026-07-30 16:29:36.758060+00:00,37.6,35.2,40.0
2026-07-30 16:29:42.032974+00:00,37.6,35.2,40.0
2026-07-30 16:29:47.293411+00:00,37.6,35.2,40.0
2026-07-30 16:29:52.564485+00:00,37.6,35.2,40.0
2026-07-30 16:29:57.824728+00:00,37.6,35.2,40.0
2026-07-30 16:30:03.094407+00:00,37.6,35.2,40.0
2026-07-30 16:30:08.358256+00:00,37.6,35.2,40.0
2026-07-30 16:30:13.629455+00:00,37.6,35.2,40.0
2026-07-30 16:30:18.890434+00:00,37.6,35.2,40.0
2026-07-30 16:30:24.161975+00:00,37.6,35.2,40.0
2026-07-30 16:30:29.422028+00:00,37.6,35.2,40.0
2026-07-30 16:30:34.692594+00:00,37.6,35.2,40.0
2026-07-30 16:30:39.952801+00:00,37.6,35.2,40.0
2026-07-30 16:30:45.222615+00:00,37.6,35.2,40.0
2026-07-30 16:30:50.482892+00:00,37.6,35.2,40.0
2026-07-30 16:30:55.753818+00:00,37.6,35.2,40.0
2026-07-30 16:31:06.278798+00:00,37.6,35.2,40.0
2026-07-30 16:31:11.538901+00:00,37.6,35.2,40.0
2026-07-30 16:31:16.809057+00:00,37.6,35.2,40.0
2026-07-30 16:31:22.070818+00:00,37.6,35.2,40.0
2026-07-30 16:31:27.340571+00:00,37.6,35.2,40.0
2026-07-30 16:31:32.600530+00:00,37.6,35.2,40.0
2026-07-30 16:31:37.870187+00:00,37.6,35.2,40.0
2026-07-30 16:31:43.130157+00:00,37.6,35.2,40.0
2026-07-30 16:31:48.401199+00:00,37.6,35.2,40.0
2026-07-30 16:31:53.661621+00:00,37.6,35.2,40.0
2026-07-30 16:31:58.930885+00:00,37.6,35.2,40.0
2026-07-30 16:32:04.190875+00:00,37.6,35.2,40.0
2026-07-30 16:32:14.714534+00:00,37.6,35.2,40.0
2026-07-30 16:32:19.985822+00:00,37.6,35.2,40.0
2026-07-30 16:32:25.245829+00:00,37.6,35.2,40.0
2026-07-30 16:32:30.515806+00:00,37.6,35.2,40.0
2026-07-30 16:32:35.775724+00:00,37.6,35.2,40.0
2026-07-30 16:32:41.052871+00:00,37.6,35.2,40.0
2026-07-30 16:32:46.312942+00:00,37.6,35.2,40.0
2026-07-30 16:32:51.584580+00:00,37.6,35.2,40.0
2026-07-30 16:32:56.844676+00:00,37.6,35.2,40.0
2026-07-30 16:33:02.116505+00:00,37.6,35.2,40.0
2026-07-30 16:33:07.376676+00:00,37.6,35.2,40.0
2026-07-30 16:33:12.645980+00:00,37.6,35.2,40.0
2026-07-30 16:33:17.906182+00:00,37.6,35.2,40.0
2026-07-30 16:33:23.177334+00:00,37.6,35.2,40.0
2026-07-30 16:33:28.437244+00:00,37.6,35.2,40.0
2026-07-30 16:33:33.706808+00:00,37.6,35.2,40.0
2026-07-30 16:33:38.966821+00:00,37.6,35.2,40.0
2026-07-30 16:33:44.236321+00:00,37.6,35.2,40.0
2026-07-30 16:33:49.496741+00:00,37.6,35.2,40.0
2026-07-30 16:33:54.768106+00:00,37.6,35.2,40.0
2026-07-30 16:34:00.028182+00:00,37.6,35.2,40.0
2026-07-30 16:34:05.297459+00:00,37.6,35.2,40.0
2026-07-30 16:34:10.557674+00:00,37.6,35.2,40.0
2026-07-30 16:34:15.827007+00:00,37.6,35.2,40.0
2026-07-30 16:34:26.351846+00:00,37.6,35.2,40.0
2026-07-30 16:34:31.611883+00:00,37.6,35.2,40.0
2026-07-30 16:34:36.881389+00:00,37.6,35.2,40.0
2026-07-30 16:34:42.141161+00:00,37.6,35.2,40.0
2026-07-30 16:34:47.411968+00:00,37.6,35.2,40.0
2026-07-30 16:34:52.671880+00:00,37.6,35.2,40.0
2026-07-30 16:34:57.942707+00:00,37.6,35.2,40.0
2026-07-30 16:35:03.202741+00:00,37.6,35.2,40.0
2026-07-30 16:35:08.472757+00:00,37.6,35.2,40.0
2026-07-30 16:35:13.733058+00:00,37.6,35.2,40.0
2026-07-30 16:35:19.004760+00:00,37.6,35.2,40.0
2026-07-30 16:35:24.264887+00:00,37.6,35.2,40.0
2026-07-30 16:35:29.535013+00:00,37.6,35.2,40.0
2026-07-30 16:35:34.795147+00:00,37.6,35.2,40.0
2026-07-30 16:35:40.064900+00:00,37.6,35.2,40.0
2026-07-30 16:35:45.325219+00:00,37.6,35.2,40.0
2026-07-30 16:35:50.596565+00:00,37.6,35.2,40.0
2026-07-30 16:35:55.856606+00:00,37.6,35.2,40.0
2026-07-30 16:36:01.126396+00:00,37.6,35.2,40.0
2026-07-30 16:36:11.649978+00:00,37.9,35.2,41.0
2026-07-30 16:36:16.910027+00:00,37.6,35.2,40.0
2026-07-30 16:36:22.181672+00:00,37.6,35.2,40.0
2026-07-30 16:36:27.441733+00:00,37.6,35.2,40.0
2026-07-30 16:36:32.711219+00:00,37.6,35.2,40.0
2026-07-30 16:36:37.971611+00:00,37.6,35.2,40.0
2026-07-30 16:36:43.240839+00:00,37.6,35.2,40.0
2026-07-30 16:36:48.501968+00:00,37.6,35.2,40.0
2026-07-30 16:36:53.773326+00:00,37.9,35.2,41.0
2026-07-30 16:36:59.033171+00:00,37.6,35.2,40.0
2026-07-30 16:37:04.303063+00:00,37.6,35.2,40.0
2026-07-30 16:37:09.563136+00:00,37.6,35.2,40.0
2026-07-30 16:37:14.832872+00:00,37.6,35.2,40.0
2026-07-30 16:37:20.093058+00:00,37.6,35.2,40.0
2026-07-30 16:37:25.364035+00:00,37.6,35.2,40.0
2026-07-30 16:37:30.624391+00:00,37.6,35.2,40.0
2026-07-30 16:37:35.893781+00:00,37.6,35.2,40.0
2026-07-30 16:37:41.153862+00:00,37.6,35.2,40.0
2026-07-30 16:37:46.423650+00:00,37.6,35.2,40.0
2026-07-30 16:37:56.948641+00:00,37.6,35.2,40.0
2026-07-30 16:38:02.208577+00:00,37.6,35.2,40.0
2026-07-30 16:38:07.478513+00:00,37.6,35.2,40.0
2026-07-30 16:38:12.738605+00:00,37.6,35.2,40.0
2026-07-30 16:38:18.009912+00:00,37.6,35.2,40.0
2026-07-30 16:38:23.269869+00:00,37.6,35.2,40.0
2026-07-30 16:38:28.539630+00:00,37.6,35.2,40.0
2026-07-30 16:38:33.800103+00:00,37.6,35.2,40.0
2026-07-30 16:38:39.070162+00:00,37.6,35.2,40.0
2026-07-30 16:38:44.330367+00:00,37.6,35.2,40.0
2026-07-30 16:38:49.601668+00:00,37.6,35.2,40.0
2026-07-30 16:38:54.861547+00:00,37.6,35.2,40.0
2026-07-30 16:39:00.130911+00:00,37.6,35.2,40.0
2026-07-30 16:39:05.391198+00:00,37.9,35.2,41.0
2026-07-30 16:39:10.660714+00:00,37.9,35.2,41.0
2026-07-30 16:39:15.920796+00:00,37.9,35.2,41.0
2026-07-30 16:39:21.191934+00:00,37.9,35.2,41.0
2026-07-30 16:39:26.452245+00:00,37.9,35.2,41.0
2026-07-30 16:39:31.721485+00:00,37.6,35.2,40.0
2026-07-30 16:39:36.981323+00:00,37.6,35.2,40.0
2026-07-30 16:39:42.254145+00:00,37.6,35.2,40.0
2026-07-30 16:39:47.514250+00:00,37.9,35.2,41.0
2026-07-30 16:39:58.039621+00:00,37.9,35.2,41.0
2026-07-30 16:40:03.309111+00:00,37.9,35.2,41.0
2026-07-30 16:40:08.569112+00:00,37.9,35.2,41.0
2026-07-30 16:40:13.838792+00:00,37.9,35.2,41.0
2026-07-30 16:40:19.098960+00:00,37.9,35.2,41.0
2026-07-30 16:40:24.370906+00:00,37.9,35.2,41.0
2026-07-30 16:40:29.631311+00:00,37.9,35.2,41.0
2026-07-30 16:40:34.901440+00:00,37.9,35.2,41.0
2026-07-30 16:40:40.161756+00:00,37.9,35.2,41.0
2026-07-30 16:40:45.430872+00:00,37.9,35.2,41.0
2026-07-30 16:40:50.690971+00:00,37.9,35.2,41.0
2026-07-30 16:40:55.963357+00:00,37.9,35.2,41.0
2026-07-30 16:41:01.223413+00:00,37.9,35.2,41.0
2026-07-30 16:41:06.492940+00:00,37.9,35.2,41.0
2026-07-30 16:41:11.753145+00:00,37.9,35.2,41.0
2026-07-30 16:41:17.024129+00:00,37.9,35.2,41.0
2026-07-30 16:41:22.284312+00:00,37.9,35.2,41.0
2026-07-30 16:41:27.556435+00:00,37.9,35.2,41.0
2026-07-30 16:41:32.816852+00:00,37.9,35.2,41.0
2026-07-30 16:41:38.086518+00:00,37.9,35.2,41.0
2026-07-30 16:41:43.346784+00:00,37.9,35.2,41.0
2026-07-30 16:41:48.619230+00:00,37.9,35.2,41.0
2026-07-30 16:41:53.879393+00:00,37.9,35.2,41.0
2026-07-30 16:41:59.149619+00:00,37.9,35.2,41.0
2026-07-30 16:42:09.673189+00:00,37.9,35.2,41.0
2026-07-30 16:42:14.933340+00:00,37.9,35.2,41.0
2026-07-30 16:42:20.204789+00:00,37.9,35.2,41.0
2026-07-30 16:42:25.465138+00:00,37.9,35.2,41.0
2026-07-30 16:42:30.744013+00:00,37.9,35.2,41.0
2026-07-30 16:42:36.004426+00:00,37.9,35.2,41.0
2026-07-30 16:42:41.275709+00:00,37.9,35.2,41.0
2026-07-30 16:42:46.535878+00:00,37.9,35.2,41.0
2026-07-30 16:42:51.806974+00:00,37.9,35.2,41.0
2026-07-30 16:42:57.067420+00:00,37.9,35.2,41.0
2026-07-30 16:43:02.337071+00:00,37.9,35.2,41.0
2026-07-30 16:43:07.597256+00:00,37.9,35.2,41.0
2026-07-30 16:43:12.867243+00:00,37.9,35.2,41.0
2026-07-30 16:43:18.127409+00:00,37.9,35.2,41.0
2026-07-30 16:43:23.399251+00:00,37.9,35.2,41.0
2026-07-30 16:43:28.659492+00:00,37.9,35.2,41.0
2026-07-30 16:43:33.929172+00:00,37.9,35.2,41.0
2026-07-30 16:43:39.189456+00:00,37.9,35.2,41.0
2026-07-30 16:43:44.458813+00:00,37.9,35.2,41.0
2026-07-30 16:43:49.718904+00:00,37.9,35.2,41.0
2026-07-30 16:43:54.989656+00:00,37.9,35.2,41.0
2026-07-30 16:44:00.249845+00:00,37.9,35.2,41.0
2026-07-30 16:44:05.519792+00:00,37.9,35.2,41.0
2026-07-30 16:44:10.780083+00:00,37.9,35.2,41.0
2026-07-30 16:44:16.050068+00:00,37.9,35.2,41.0
2026-07-30 16:44:21.312492+00:00,37.9,35.2,41.0
2026-07-30 16:44:31.837001+00:00,37.9,35.2,41.0
2026-07-30 16:44:37.107077+00:00,37.9,35.2,41.0
2026-07-30 16:44:42.368027+00:00,37.9,35.2,41.0
2026-07-30 16:44:47.639643+00:00,37.9,35.2,41.0
2026-07-30 16:44:52.907371+00:00,37.9,35.2,41.0
2026-07-30 16:44:58.176998+00:00,37.9,35.2,41.0
2026-07-30 16:45:03.437308+00:00,37.9,35.2,41.0
2026-07-30 16:45:08.707012+00:00,37.9,35.2,41.0
2026-07-30 16:45:13.967297+00:00,37.9,35.2,41.0
2026-07-30 16:45:19.238954+00:00,37.9,35.2,41.0
2026-07-30 16:45:24.499286+00:00,37.9,35.2,41.0
2026-07-30 16:45:29.768705+00:00,37.9,35.2,41.0
2026-07-30 16:45:35.028976+00:00,37.9,35.2,41.0
2026-07-30 16:45:40.298794+00:00,37.9,35.2,41.0
2026-07-30 16:45:45.559939+00:00,37.9,35.2,41.0
2026-07-30 16:45:50.831479+00:00,37.9,35.2,41.0
2026-07-30 16:45:56.091501+00:00,37.9,35.2,41.0
2026-07-30 16:46:01.361231+00:00,37.9,35.2,41.0
2026-07-30 16:46:06.621401+00:00,37.9,35.2,41.0
2026-07-30 16:46:11.892066+00:00,37.9,35.2,41.0
2026-07-30 16:46:17.152192+00:00,37.9,35.2,41.0
2026-07-30 16:46:22.424004+00:00,37.9,35.2,41.0
2026-07-30 16:46:27.684045+00:00,37.9,35.2,41.0
2026-07-30 16:46:32.953650+00:00,37.9,35.2,41.0
2026-07-30 16:46:38.213955+00:00,37.9,35.2,41.0
2026-07-30 16:46:43.485723+00:00,37.9,35.2,41.0
2026-07-30 16:46:48.745775+00:00,37.9,35.2,41.0
2026-07-30 16:46:54.016260+00:00,37.9,35.2,41.0
2026-07-30 16:46:59.276280+00:00,37.9,35.2,41.0
2026-07-30 16:47:04.545761+00:00,37.9,35.2,41.0
2026-07-30 16:47:09.805565+00:00,37.9,35.2,41.0
2026-07-30 16:47:15.075402+00:00,37.9,35.2,41.0
2026-07-30 16:47:20.335338+00:00,37.9,35.2,41.0
2026-07-30 16:47:25.606368+00:00,37.9,35.2,41.0
2026-07-30 16:47:30.866574+00:00,37.9,35.2,41.0
2026-07-30 16:47:36.136203+00:00,37.9,35.2,41.0
2026-07-30 16:47:41.396327+00:00,37.9,35.2,41.0
2026-07-30 16:47:46.665972+00:00,37.9,35.2,41.0
2026-07-30 16:47:51.927959+00:00,37.9,35.2,41.0
2026-07-30 16:47:57.197184+00:00,37.9,35.2,41.0
2026-07-30 16:48:02.457927+00:00,37.9,35.2,41.0
2026-07-30 16:48:07.727264+00:00,37.9,35.2,41.0
2026-07-30 16:48:18.252725+00:00,37.9,35.2,41.0
2026-07-30 16:48:23.512560+00:00,37.9,35.2,41.0
2026-07-30 16:48:28.781711+00:00,37.9,35.2,41.0
2026-07-30 16:48:34.041996+00:00,37.9,35.2,41.0
2026-07-30 16:48:39.311365+00:00,37.9,35.2,41.0
2026-07-30 16:48:44.571538+00:00,37.9,35.2,41.0
2026-07-30 16:48:49.842472+00:00,37.9,35.2,41.0
2026-07-30 16:48:55.102547+00:00,37.9,35.2,41.0
2026-07-30 16:49:00.372196+00:00,37.9,35.2,41.0
2026-07-30 16:49:05.632070+00:00,37.9,35.2,41.0
2026-07-30 16:49:10.901772+00:00,37.9,35.2,41.0
2026-07-30 16:49:16.161800+00:00,37.9,35.2,41.0
2026-07-30 16:49:21.433033+00:00,37.9,35.2,41.0
2026-07-30 16:49:26.692861+00:00,37.9,35.2,41.0
2026-07-30 16:49:31.962109+00:00,37.9,35.2,41.0
2026-07-30 16:49:37.222322+00:00,37.9,35.2,41.0
2026-07-30 16:49:42.491815+00:00,37.9,35.2,41.0
2026-07-30 16:49:47.751838+00:00,37.9,35.2,41.0
2026-07-30 16:49:53.022553+00:00,37.9,35.2,41.0
2026-07-30 16:49:58.283975+00:00,37.9,35.2,41.0
2026-07-30 16:50:03.553556+00:00,37.9,35.2,41.0
2026-07-30 16:50:08.813685+00:00,37.9,35.2,41.0
2026-07-30 16:50:14.083436+00:00,37.9,35.2,41.0
2026-07-30 16:50:19.343537+00:00,37.9,35.2,41.0
2026-07-30 16:50:24.614358+00:00,37.9,35.2,41.0
2026-07-30 16:50:29.874480+00:00,37.9,35.2,41.0
2026-07-30 16:50:35.144304+00:00,37.9,35.2,41.0
2026-07-30 16:50:40.404294+00:00,37.9,35.2,41.0
2026-07-30 16:50:45.673985+00:00,37.9,35.2,41.0
2026-07-30 16:50:50.934283+00:00,37.9,35.2,41.0
2026-07-30 16:50:56.206804+00:00,37.9,35.2,41.0
2026-07-30 16:51:01.466603+00:00,37.9,35.2,41.0
2026-07-30 16:51:06.736662+00:00,37.9,35.2,41.0
2026-07-30 16:51:11.996874+00:00,37.9,35.2,41.0
2026-07-30 16:51:17.268208+00:00,37.9,35.2,41.0
2026-07-30 16:51:22.528574+00:00,37.9,35.2,41.0
2026-07-30 16:51:27.797967+00:00,37.9,35.2,41.0
2026-07-30 16:51:38.322152+00:00,37.9,35.2,41.0
2026-07-30 16:51:43.582288+00:00,37.9,35.2,41.0
2026-07-30 16:51:48.854158+00:00,37.9,35.2,41.0
2026-07-30 16:51:54.114023+00:00,37.9,35.2,41.0
2026-07-30 16:51:59.383892+00:00,37.9,35.2,41.0
2026-07-30 16:52:04.643846+00:00,37.9,35.2,41.0
2026-07-30 16:52:09.914557+00:00,37.9,35.2,41.0
2026-07-30 16:52:15.174560+00:00,37.9,35.2,41.0
2026-07-30 16:52:20.445613+00:00,37.9,35.2,41.0
2026-07-30 16:52:25.712314+00:00,37.9,35.2,41.0
2026-07-30 16:52:30.983748+00:00,37.9,35.2,41.0
2026-07-30 16:52:36.243832+00:00,37.9,35.2,41.0
2026-07-30 16:52:41.513495+00:00,37.9,35.2,41.0
2026-07-30 16:52:46.773451+00:00,37.9,35.2,41.0
2026-07-30 16:52:52.044836+00:00,37.9,35.2,41.0
2026-07-30 16:52:57.305112+00:00,37.9,35.2,41.0
2026-07-30 16:53:02.574407+00:00,37.9,35.2,41.0
2026-07-30 16:53:07.835521+00:00,37.9,35.2,41.0
2026-07-30 16:53:13.106934+00:00,37.9,35.2,41.0
2026-07-30 16:53:18.368724+00:00,37.9,35.2,41.0
2026-07-30 16:53:23.642468+00:00,37.9,35.2,41.0
2026-07-30 16:53:28.903285+00:00,37.9,35.2,41.0
2026-07-30 16:53:34.175880+00:00,37.9,35.2,41.0
2026-07-30 16:53:39.436948+00:00,37.9,35.2,41.0
2026-07-30 16:53:44.706710+00:00,37.9,35.2,41.0
2026-07-30 16:53:49.966601+00:00,37.9,35.2,41.0
2026-07-30 16:53:55.237658+00:00,37.9,35.2,41.0
2026-07-30 16:54:00.497923+00:00,37.9,35.2,41.0
2026-07-30 16:54:05.767637+00:00,37.9,35.2,41.0
2026-07-30 16:54:11.027834+00:00,37.6,35.2,40.0
2026-07-30 16:54:16.297751+00:00,37.6,35.2,40.0
2026-07-30 16:54:21.559317+00:00,37.9,35.2,41.0
2026-07-30 16:54:26.829305+00:00,37.9,35.2,41.0
2026-07-30 16:54:32.089434+00:00,37.6,35.2,40.0
2026-07-30 16:54:37.359672+00:00,37.2,35.0,40.0
2026-07-30 16:54:42.619709+00:00,37.3,34.9,41.0
2026-07-30 16:54:47.890853+00:00,37.0,34.7,41.0
2026-07-30 16:54:53.150764+00:00,37.0,34.7,41.0
2026-07-30 16:54:58.421004+00:00,37.0,34.7,41.0
2026-07-30 16:55:03.681010+00:00,37.0,34.7,41.0
2026-07-30 16:55:08.950814+00:00,37.0,34.7,41.0
2026-07-30 16:55:14.210725+00:00,37.0,34.7,41.0
2026-07-30 16:55:24.735588+00:00,37.0,34.7,41.0
2026-07-30 16:55:30.005119+00:00,37.0,34.7,41.0
2026-07-30 16:55:35.265747+00:00,37.0,34.7,41.0
2026-07-30 16:55:40.535041+00:00,37.0,34.7,41.0
2026-07-30 16:55:45.795190+00:00,37.0,34.7,41.0
2026-07-30 16:55:51.066179+00:00,37.0,34.7,41.0
2026-07-30 16:55:56.326215+00:00,37.0,34.7,41.0
2026-07-30 16:56:01.595746+00:00,37.0,34.7,41.0
2026-07-30 16:56:06.855737+00:00,37.0,34.7,41.0
2026-07-30 16:56:12.125661+00:00,37.0,34.7,41.0
2026-07-30 16:56:17.385977+00:00,37.0,34.7,41.0
2026-07-30 16:56:22.656860+00:00,37.0,34.7,41.0
2026-07-30 16:56:27.917023+00:00,37.0,34.7,41.0
2026-07-30 16:56:33.186712+00:00,37.0,34.7,41.0
2026-07-30 16:56:43.710114+00:00,37.0,34.7,41.0
2026-07-30 16:56:48.970222+00:00,37.0,34.7,41.0
2026-07-30 16:56:54.242107+00:00,37.0,34.7,41.0
2026-07-30 16:56:59.502094+00:00,37.0,34.7,41.0
2026-07-30 16:57:04.771673+00:00,37.0,34.7,41.0
2026-07-30 16:57:10.031645+00:00,37.0,34.7,41.0
2026-07-30 16:57:15.301170+00:00,37.0,34.7,41.0
2026-07-30 16:57:20.561389+00:00,37.0,34.7,41.0
2026-07-30 16:57:25.833718+00:00,37.0,34.7,41.0
2026-07-30 16:57:31.093697+00:00,37.0,34.7,41.0
2026-07-30 16:57:36.363250+00:00,37.0,34.7,41.0
2026-07-30 16:57:41.623780+00:00,37.0,34.7,41.0
2026-07-30 16:57:46.893235+00:00,37.0,34.7,41.0
2026-07-30 16:57:52.154673+00:00,37.0,34.7,41.0
2026-07-30 16:57:57.424272+00:00,37.0,34.7,41.0
2026-07-30 16:58:02.684432+00:00,37.0,34.7,41.0
2026-07-30 16:58:07.954710+00:00,37.0,34.7,41.0
2026-07-30 16:58:13.214705+00:00,37.0,34.7,41.0
2026-07-30 16:58:18.486007+00:00,37.0,34.7,41.0
2026-07-30 16:58:23.746203+00:00,37.0,34.7,41.0
2026-07-30 16:58:29.016196+00:00,37.0,34.7,41.0
2026-07-30 16:58:34.276236+00:00,37.0,34.7,41.0
2026-07-30 16:58:39.546397+00:00,37.0,34.7,41.0
2026-07-30 16:58:44.806340+00:00,37.0,34.7,41.0
2026-07-30 16:58:50.077451+00:00,37.0,34.7,41.0
2026-07-30 16:58:55.337505+00:00,37.0,34.7,41.0
2026-07-30 16:59:00.607697+00:00,37.0,34.7,41.0
2026-07-30 16:59:05.867850+00:00,37.0,34.7,41.0
2026-07-30 16:59:11.137322+00:00,37.0,34.7,41.0
2026-07-30 16:59:16.399048+00:00,37.0,34.7,41.0
2026-07-30 16:59:21.670289+00:00,37.0,34.7,41.0
2026-07-30 16:59:32.194052+00:00,37.0,34.7,41.0
2026-07-30 16:59:37.454363+00:00,37.0,34.7,41.0
2026-07-30 16:59:42.723762+00:00,37.0,34.7,41.0
2026-07-30 16:59:47.983993+00:00,37.0,34.7,41.0
2026-07-30 16:59:53.254729+00:00,37.0,34.7,41.0
2026-07-30 16:59:58.514850+00:00,37.0,34.7,41.0
2026-07-30 17:00:03.784646+00:00,37.0,34.7,41.0
2026-07-30 17:00:09.044620+00:00,37.0,34.7,41.0
2026-07-30 17:00:14.314394+00:00,37.0,34.7,41.0
2026-07-30 17:00:19.574657+00:00,37.0,34.7,41.0
2026-07-30 17:00:24.846066+00:00,37.0,34.7,41.0
2026-07-30 17:00:30.106144+00:00,37.0,34.7,41.0
2026-07-30 17:00:35.375663+00:00,37.0,34.7,41.0
2026-07-30 17:00:40.635990+00:00,37.0,34.7,41.0
2026-07-30 17:00:45.905647+00:00,37.0,34.7,41.0
2026-07-30 17:00:51.167283+00:00,37.0,34.7,41.0
2026-07-30 17:00:56.437296+00:00,37.0,34.7,41.0
2026-07-30 17:01:01.697157+00:00,37.0,34.7,41.0
2026-07-30 17:01:06.967418+00:00,37.0,34.7,41.0
2026-07-30 17:01:12.227573+00:00,37.0,34.7,41.0
2026-07-30 17:01:17.498613+00:00,37.0,34.7,41.0
2026-07-30 17:01:22.758656+00:00,37.0,34.7,41.0
2026-07-30 17:01:28.029269+00:00,37.0,34.7,41.0
2026-07-30 17:01:33.289388+00:00,37.0,34.7,41.0
2026-07-30 17:01:38.558967+00:00,37.0,34.7,41.0
2026-07-30 17:01:43.819327+00:00,37.0,34.7,41.0
2026-07-30 17:01:49.090560+00:00,37.0,34.7,41.0
2026-07-30 17:01:54.350619+00:00,37.0,34.7,41.0
2026-07-30 17:01:59.620206+00:00,37.0,34.7,41.0
2026-07-30 17:02:04.880495+00:00,37.0,34.7,41.0
2026-07-30 17:02:10.149992+00:00,37.0,34.7,41.0
2026-07-30 17:02:15.409947+00:00,37.0,34.7,41.0
2026-07-30 17:02:20.681534+00:00,37.0,34.7,41.0
2026-07-30 17:02:25.941576+00:00,37.0,34.7,41.0
2026-07-30 17:02:31.210979+00:00,37.0,34.7,41.0
2026-07-30 17:02:36.471257+00:00,37.0,34.7,41.0
2026-07-30 17:02:41.740729+00:00,37.0,34.7,41.0
2026-07-30 17:02:47.000964+00:00,37.0,34.7,41.0
2026-07-30 17:02:52.271517+00:00,37.0,34.7,41.0
2026-07-30 17:02:57.532335+00:00,37.0,34.7,41.0
2026-07-30 17:03:02.801753+00:00,37.0,34.7,41.0
2026-07-30 17:03:08.061899+00:00,37.0,34.7,41.0
2026-07-30 17:03:13.332216+00:00,37.0,34.7,41.0
2026-07-30 17:03:18.592953+00:00,37.0,34.7,41.0
2026-07-30 17:03:23.864524+00:00,37.0,34.7,41.0
2026-07-30 17:03:29.124812+00:00,37.0,34.7,41.0
2026-07-30 17:03:34.394983+00:00,37.0,34.7,41.0
2026-07-30 17:03:39.655040+00:00,37.0,34.7,41.0
2026-07-30 17:03:44.924565+00:00,37.0,34.7,41.0
2026-07-30 17:03:50.185083+00:00,37.0,34.7,41.0
2026-07-30 17:03:55.456240+00:00,37.0,34.7,41.0
2026-07-30 17:04:00.716608+00:00,37.0,34.7,41.0
2026-07-30 17:04:11.240120+00:00,37.0,34.7,41.0
2026-07-30 17:04:16.509939+00:00,37.0,34.7,41.0
2026-07-30 17:04:21.771551+00:00,37.0,34.7,41.0
2026-07-30 17:04:27.041360+00:00,37.0,34.7,41.0
2026-07-30 17:04:32.301502+00:00,37.0,34.7,41.0
2026-07-30 17:04:37.571335+00:00,37.0,34.7,41.0
2026-07-30 17:04:42.831439+00:00,37.0,34.7,41.0
2026-07-30 17:04:48.102366+00:00,37.0,34.7,41.0
2026-07-30 17:04:53.363682+00:00,37.0,34.7,41.0
2026-07-30 17:04:58.633598+00:00,37.0,34.7,41.0
2026-07-30 17:05:03.893477+00:00,37.0,34.7,41.0
2026-07-30 17:05:09.163264+00:00,37.0,34.7,41.0
2026-07-30 17:05:14.424039+00:00,37.0,34.7,41.0
2026-07-30 17:05:19.695525+00:00,37.0,34.7,41.0
2026-07-30 17:05:24.955780+00:00,37.0,34.7,41.0
2026-07-30 17:05:35.480236+00:00,37.0,34.7,41.0
2026-07-30 17:05:40.749942+00:00,37.0,34.7,41.0
2026-07-30 17:05:46.010208+00:00,37.0,34.7,41.0
2026-07-30 17:05:51.281942+00:00,37.0,34.7,41.0
2026-07-30 17:05:56.542165+00:00,37.0,34.7,41.0
2026-07-30 17:06:01.811900+00:00,37.0,34.7,41.0
2026-07-30 17:06:07.072412+00:00,37.0,34.7,41.0
2026-07-30 17:06:12.342744+00:00,37.0,34.7,41.0
2026-07-30 17:06:17.602841+00:00,37.0,34.7,41.0
2026-07-30 17:06:22.874020+00:00,37.0,34.7,41.0
2026-07-30 17:06:28.134252+00:00,37.0,34.7,41.0
2026-07-30 17:06:33.406211+00:00,37.0,34.7,41.0
2026-07-30 17:06:38.666452+00:00,37.0,34.7,41.0
2026-07-30 17:06:43.938177+00:00,37.0,34.7,41.0
2026-07-30 17:06:49.198146+00:00,37.0,34.7,41.0
2026-07-30 17:06:54.470774+00:00,37.0,34.7,41.0
2026-07-30 17:06:59.731217+00:00,37.0,34.7,41.0
2026-07-30 17:07:05.000732+00:00,37.0,34.7,41.0
2026-07-30 17:07:10.261116+00:00,37.0,34.7,41.0
2026-07-30 17:07:15.531391+00:00,37.0,34.7,41.0
2026-07-30 17:07:20.791660+00:00,37.0,34.7,41.0
2026-07-30 17:07:26.064868+00:00,37.0,34.7,41.0
2026-07-30 17:07:31.324881+00:00,37.0,34.7,41.0
2026-07-30 17:07:36.595835+00:00,37.0,34.7,41.0
2026-07-30 17:07:41.855913+00:00,37.0,34.7,41.0
2026-07-30 17:07:47.126671+00:00,37.0,34.7,41.0
2026-07-30 17:07:52.386593+00:00,37.0,34.7,41.0
2026-07-30 17:07:57.656825+00:00,37.0,34.7,41.0
2026-07-30 17:08:02.917118+00:00,37.0,34.7,41.0
2026-07-30 17:08:08.186651+00:00,37.0,34.7,41.0
2026-07-30 17:08:13.446935+00:00,37.0,34.7,41.0
2026-07-30 17:08:18.717832+00:00,37.0,34.7,41.0
2026-07-30 17:08:23.978058+00:00,37.0,34.7,41.0
2026-07-30 17:08:29.247712+00:00,37.0,34.7,41.0
2026-07-30 17:08:34.509513+00:00,37.0,34.7,41.0
2026-07-30 17:08:39.779021+00:00,37.0,34.7,41.0
2026-07-30 17:08:45.039175+00:00,37.0,34.7,41.0
2026-07-30 17:08:50.310580+00:00,37.0,34.7,41.0
2026-07-30 17:08:55.570878+00:00,37.6,34.7,43.0
2026-07-30 17:09:00.840265+00:00,37.6,34.7,43.0
2026-07-30 17:09:06.100601+00:00,37.6,34.7,43.0
2026-07-30 17:09:11.372141+00:00,37.6,34.7,43.0
2026-07-30 17:09:21.897965+00:00,37.6,34.7,43.0
2026-07-30 17:09:27.158005+00:00,37.3,34.7,42.0
2026-07-30 17:09:32.427712+00:00,37.0,34.7,41.0
2026-07-30 17:09:37.688077+00:00,37.3,34.7,42.0
2026-07-30 17:09:42.957615+00:00,37.3,34.7,42.0
2026-07-30 17:09:48.217667+00:00,37.3,34.7,42.0
2026-07-30 17:09:53.488395+00:00,37.0,34.7,41.0
2026-07-30 17:09:58.748728+00:00,37.0,34.7,41.0
2026-07-30 17:10:04.018402+00:00,37.0,34.7,41.0
2026-07-30 17:10:09.278370+00:00,37.0,34.7,41.0
2026-07-30 17:10:14.548209+00:00,37.0,34.7,41.0
2026-07-30 17:10:19.808221+00:00,37.0,34.7,41.0
2026-07-30 17:10:25.080426+00:00,37.0,34.7,41.0
2026-07-30 17:10:30.340205+00:00,37.0,34.7,41.0
2026-07-30 17:10:35.609776+00:00,37.0,34.7,41.0
2026-07-30 17:10:40.869592+00:00,37.0,34.7,41.0
2026-07-30 17:10:46.138825+00:00,37.0,34.7,41.0
2026-07-30 17:10:51.400400+00:00,37.0,34.7,41.0
2026-07-30 17:10:56.669809+00:00,37.0,34.7,41.0
2026-07-30 17:11:01.929935+00:00,37.0,34.7,41.0
2026-07-30 17:11:07.199196+00:00,37.0,34.7,41.0
2026-07-30 17:11:12.459245+00:00,37.0,34.7,41.0
2026-07-30 17:11:17.729922+00:00,37.0,34.7,41.0
2026-07-30 17:11:22.989787+00:00,37.0,34.7,41.0
2026-07-30 17:11:28.259563+00:00,37.0,34.7,41.0
2026-07-30 17:11:33.519954+00:00,37.0,34.7,41.0
2026-07-30 17:11:38.789898+00:00,37.3,34.7,42.0
2026-07-30 17:11:44.049706+00:00,37.0,34.7,41.0
2026-07-30 17:11:49.320807+00:00,37.0,34.7,41.0
2026-07-30 17:11:54.580805+00:00,37.0,34.7,41.0
2026-07-30 17:11:59.850048+00:00,37.0,34.7,41.0
2026-07-30 17:12:05.110072+00:00,37.0,34.7,41.0
2026-07-30 17:12:10.379835+00:00,37.0,34.7,41.0
2026-07-30 17:12:15.639686+00:00,37.0,34.7,41.0
2026-07-30 17:12:20.912116+00:00,37.0,34.7,41.0
2026-07-30 17:12:26.172425+00:00,37.0,34.7,41.0
2026-07-30 17:12:31.442259+00:00,37.0,34.7,41.0
2026-07-30 17:12:36.702289+00:00,37.0,34.7,41.0
2026-07-30 17:12:41.972293+00:00,37.0,34.7,41.0
2026-08-09 08:48:39.493281+00:00,34.0,33.8,35.0
2026-08-09 08:48:44.972750+00:00,34.0,33.8,35.0
2026-08-09 08:48:50.260766+00:00,34.0,33.8,35.0
2026-08-09 08:48:55.544089+00:00,34.0,33.8,35.0
2026-08-09 08:49:00.822208+00:00,34.0,33.8,35.0
2026-08-09 08:49:06.096150+00:00,34.0,33.8,35.0
2026-08-09 08:49:11.375543+00:00,34.0,33.8,35.0
2026-08-09 08:49:16.637178+00:00,34.1,33.9,35.0
2026-08-09 08:49:21.907031+00:00,34.6,34.2,35.0
2026-08-09 08:49:27.167571+00:00,34.6,34.2,35.0
2026-08-09 08:49:37.692684+00:00,34.6,34.2,35.0
2026-08-09 08:49:42.817704+00:00,34.6,34.2,35.0
2026-08-09 08:49:48.077697+00:00,34.6,34.2,35.0
2026-08-09 08:49:53.347499+00:00,34.6,34.2,35.0
2026-08-09 08:49:58.607677+00:00,34.6,34.2,35.0
2026-08-09 08:50:03.880472+00:00,34.6,34.2,35.0
2026-08-09 08:50:09.140616+00:00,34.7,34.3,35.0
2026-08-09 08:50:14.410037+00:00,34.9,34.4,35.0
2026-08-09 08:50:19.670532+00:00,35.2,34.6,35.0
2026-08-09 08:50:24.941736+00:00,35.3,34.7,35.0
2026-08-09 08:50:30.204668+00:00,35.3,34.7,35.0
2026-08-09 08:50:35.476505+00:00,35.3,34.7,35.0
2026-08-09 08:50:40.737066+00:00,35.3,34.7,35.0
2026-08-09 08:50:46.007042+00:00,35.3,34.7,35.0
2026-08-09 08:50:51.268179+00:00,35.3,34.7,35.0
2026-08-09 08:51:01.794670+00:00,35.3,34.7,35.0
2026-08-09 08:51:07.064634+00:00,35.3,34.7,35.0
2026-08-09 08:51:12.324870+00:00,35.3,34.7,35.0
2026-08-09 08:51:17.594809+00:00,35.3,34.7,35.0
2026-08-09 08:51:22.855705+00:00,35.3,34.7,35.0
2026-08-09 08:51:33.379859+00:00,35.3,34.7,35.0
2026-08-09 08:51:38.651366+00:00,35.5,34.8,35.0
2026-08-09 08:51:43.911797+00:00,35.6,35.0,34.0
2026-08-09 08:51:49.181476+00:00,35.6,35.0,34.0
2026-08-09 08:51:54.442043+00:00,35.9,35.2,34.0
2026-08-09 08:51:59.713588+00:00,35.9,35.2,34.0
2026-08-09 08:52:04.974615+00:00,35.9,35.2,34.0
2026-08-09 08:52:10.244245+00:00,35.9,35.2,34.0
2026-08-09 08:52:15.504623+00:00,35.9,35.2,34.0
2026-08-09 08:52:20.774729+00:00,35.9,35.2,34.0
2026-08-09 08:52:26.034743+00:00,35.9,35.2,34.0
2026-08-09 08:52:31.306297+00:00,35.9,35.2,34.0
2026-08-09 08:52:36.566757+00:00,35.9,35.2,34.0
2026-08-09 08:52:41.836502+00:00,35.9,35.2,34.0
2026-08-09 08:52:47.096768+00:00,35.9,35.2,34.0
2026-08-09 08:52:57.620561+00:00,35.9,35.2,34.0
2026-08-09 08:53:02.891422+00:00,35.7,35.2,33.0
2026-08-09 08:53:08.151472+00:00,35.7,35.2,33.0
2026-08-09 08:53:13.421131+00:00,35.3,35.0,33.0
2026-08-09 08:53:18.681058+00:00,35.1,34.7,34.0
2026-08-09 08:53:23.950610+00:00,35.3,34.7,35.0
2026-08-09 08:53:29.210595+00:00,35.3,34.7,35.0
2026-08-09 08:53:34.488578+00:00,35.1,34.7,34.0
2026-08-09 08:53:39.748519+00:00,35.1,34.7,34.0
2026-08-09 08:53:45.021492+00:00,35.3,34.7,35.0
2026-08-09 08:53:50.281430+00:00,35.3,34.7,35.0
2026-08-09 08:53:55.551004+00:00,35.3,34.7,35.0
2026-08-09 08:54:00.812484+00:00,35.3,34.7,35.0
2026-08-09 08:54:06.081647+00:00,35.3,34.7,35.0
2026-08-09 08:54:11.341861+00:00,35.3,34.7,35.0
2026-08-09 08:54:16.611148+00:00,35.2,34.6,35.0
2026-08-09 08:54:21.871253+00:00,35.0,34.5,35.0
2026-08-09 08:54:27.141730+00:00,34.9,34.4,35.0
2026-08-09 08:54:32.403000+00:00,34.7,34.3,35.0
2026-08-09 08:54:37.672531+00:00,34.6,34.2,35.0
2026-08-09 08:54:42.933031+00:00,34.6,34.2,35.0
2026-08-09 08:54:48.202466+00:00,34.6,34.2,35.0
2026-08-09 08:54:53.462525+00:00,34.6,34.2,35.0
2026-08-09 08:54:58.732387+00:00,34.6,34.2,35.0
2026-08-09 08:55:03.994024+00:00,34.6,34.2,35.0
2026-08-09 08:55:09.263391+00:00,34.6,34.2,35.0
2026-08-09 08:55:14.523557+00:00,34.6,34.2,35.0
2026-08-09 08:55:19.793451+00:00,34.6,34.2,35.0
2026-08-09 08:55:25.053230+00:00,34.6,34.2,35.0
2026-08-09 08:55:30.324658+00:00,34.6,34.2,35.0
2026-08-09 08:55:35.584690+00:00,34.6,34.2,35.0
2026-08-09 08:55:40.854306+00:00,34.6,34.2,35.0
2026-08-09 08:55:46.114643+00:00,34.6,34.2,35.0
2026-08-09 08:55:51.383900+00:00,34.6,34.2,35.0
2026-08-09 08:55:56.644006+00:00,34.6,34.2,35.0
2026-08-09 08:56:01.914822+00:00,34.6,34.2,35.0
2026-08-09 08:56:07.174843+00:00,34.6,34.2,35.0
2026-08-09 08:56:12.446346+00:00,34.6,34.2,35.0
2026-08-09 08:56:17.706418+00:00,34.6,34.2,35.0
2026-08-09 08:56:22.975876+00:00,34.6,34.2,35.0
2026-08-09 08:56:28.236094+00:00,34.6,34.2,35.0
2026-08-09 08:56:33.507407+00:00,34.6,34.2,35.0
2026-08-09 08:56:38.767316+00:00,34.6,34.2,35.0
2026-08-09 08:56:44.036630+00:00,34.6,34.2,35.0
2026-08-09 08:56:49.297088+00:00,34.6,34.2,35.0
2026-08-09 08:56:54.566334+00:00,34.6,34.2,35.0
2026-08-09 08:56:59.826383+00:00,34.6,34.2,35.0
2026-08-09 08:57:05.098605+00:00,34.6,34.2,35.0
2026-08-09 08:57:10.358796+00:00,34.3,34.0,35.0
2026-08-09 08:57:15.628141+00:00,34.3,34.0,35.0
2026-08-09 08:57:20.888383+00:00,34.1,33.9,35.0
2026-08-09 08:57:26.157425+00:00,34.1,33.9,35.0
2026-08-09 08:57:31.418819+00:00,34.1,33.9,35.0
2026-08-09 08:57:36.689544+00:00,34.0,33.8,35.0
2026-08-09 08:57:41.951087+00:00,34.0,33.8,35.0
2026-08-09 08:57:47.222079+00:00,34.0,33.8,35.0
2026-08-09 08:57:52.482473+00:00,34.0,33.8,35.0
2026-08-09 08:57:57.752729+00:00,34.0,33.8,35.0
2026-08-09 08:58:03.014358+00:00,34.0,33.8,35.0
2026-08-09 08:58:08.285552+00:00,34.0,33.8,35.0
2026-08-09 08:58:13.545627+00:00,34.0,33.8,35.0
2026-08-09 08:58:18.815649+00:00,34.0,33.8,35.0
2026-08-09 08:58:24.075805+00:00,34.0,33.8,35.0
2026-08-09 08:58:29.346778+00:00,34.0,33.8,35.0
2026-08-09 08:58:34.606783+00:00,34.0,33.8,35.0
2026-08-09 08:58:39.879223+00:00,34.0,33.8,35.0
2026-08-09 08:58:45.139073+00:00,34.0,33.8,35.0
2026-08-09 08:58:50.408724+00:00,34.0,33.8,35.0
2026-08-09 08:58:55.669321+00:00,34.0,33.8,35.0
2026-08-09 08:59:00.940660+00:00,34.0,33.8,35.0
2026-08-09 08:59:06.200687+00:00,34.0,33.8,35.0
2026-08-09 08:59:11.470394+00:00,34.0,33.8,35.0
2026-08-09 08:59:16.731575+00:00,34.0,33.8,35.0
2026-08-09 08:59:22.001367+00:00,34.0,33.8,35.0
2026-08-09 08:59:27.261921+00:00,34.0,33.8,35.0
2026-08-09 08:59:32.533261+00:00,34.0,33.8,35.0
2026-08-09 08:59:43.057008+00:00,34.0,33.8,35.0
2026-08-09 08:59:48.317023+00:00,34.0,33.8,35.0
2026-08-09 08:59:53.586847+00:00,34.0,33.8,35.0
2026-08-09 08:59:58.848412+00:00,34.0,33.8,35.0
2026-08-09 09:00:04.120225+00:00,34.0,33.8,35.0
2026-08-09 09:00:09.380256+00:00,34.0,33.8,35.0
2026-08-09 09:00:14.649552+00:00,34.0,33.8,35.0
2026-08-09 09:00:19.910562+00:00,34.0,33.8,35.0
2026-08-09 09:00:30.434929+00:00,34.0,33.8,35.0
2026-08-09 09:00:35.713887+00:00,34.0,33.8,35.0
2026-08-09 09:00:40.974177+00:00,34.0,33.8,35.0
2026-08-09 09:00:46.243773+00:00,34.0,33.8,35.0
2026-08-09 09:00:51.503710+00:00,34.0,33.8,35.0
2026-08-09 09:00:56.774271+00:00,34.0,33.8,35.0
2026-08-09 09:01:02.036110+00:00,34.0,33.8,35.0
2026-08-09 09:01:07.305795+00:00,34.0,33.8,35.0
2026-08-09 09:01:12.565850+00:00,34.0,33.8,35.0
2026-08-09 09:01:17.835791+00:00,34.0,33.8,35.0
2026-08-09 09:01:23.095759+00:00,34.0,33.8,35.0
2026-08-09 09:01:28.366604+00:00,34.0,33.8,35.0
2026-08-09 09:01:33.628197+00:00,34.0,33.8,35.0
2026-08-09 09:01:38.898054+00:00,34.0,33.8,35.0
2026-08-09 09:01:44.158892+00:00,34.0,33.8,35.0
2026-08-09 09:01:49.428801+00:00,34.0,33.8,35.0
2026-08-09 09:01:54.690440+00:00,34.0,33.8,35.0
2026-08-09 09:01:59.961652+00:00,34.0,33.8,35.0
2026-08-09 09:02:05.222041+00:00,34.0,33.8,35.0
2026-08-09 09:02:10.492330+00:00,34.0,33.8,35.0
2026-08-09 09:02:15.752447+00:00,34.0,33.8,35.0
2026-08-09 09:02:21.026702+00:00,34.0,33.8,35.0
2026-08-09 09:02:26.286776+00:00,34.0,33.8,35.0
2026-08-09 09:02:31.557928+00:00,34.0,33.8,35.0
2026-08-09 09:02:36.818263+00:00,34.0,33.8,35.0
2026-08-09 09:02:42.087580+00:00,34.0,33.8,35.0
2026-08-09 09:02:47.347957+00:00,34.0,33.8,35.0
2026-08-09 09:02:52.617743+00:00,34.0,33.8,35.0
2026-08-09 09:02:57.877776+00:00,34.0,33.8,35.0
2026-08-09 09:03:03.148487+00:00,34.0,33.8,35.0
2026-08-09 09:03:08.408499+00:00,34.0,33.8,35.0
2026-08-09 09:03:13.678090+00:00,34.0,33.8,35.0
2026-08-09 09:03:18.938107+00:00,34.0,33.8,35.0
2026-08-09 09:03:24.207882+00:00,34.0,33.8,35.0
2026-08-09 09:03:29.468117+00:00,34.0,33.8,35.0
2026-08-09 09:03:34.739406+00:00,34.0,33.8,35.0
2026-08-09 09:03:39.999468+00:00,34.0,33.8,35.0
2026-08-09 09:03:45.271092+00:00,34.0,33.8,35.0
2026-08-09 09:03:50.530997+00:00,34.0,33.8,35.0
2026-08-09 09:03:55.800480+00:00,34.0,33.8,35.0
2026-08-09 09:04:01.061850+00:00,34.0,33.8,35.0
2026-08-09 09:04:06.331007+00:00,34.0,33.8,35.0
2026-08-09 09:04:11.591164+00:00,34.0,33.8,35.0
2026-08-09 09:04:16.861242+00:00,34.0,33.8,35.0
2026-08-09 09:04:22.121217+00:00,34.0,33.8,35.0
2026-08-09 09:04:27.390912+00:00,34.0,33.8,35.0
2026-08-09 09:04:37.915824+00:00,34.0,33.8,35.0
2026-08-09 09:04:43.175681+00:00,34.0,33.8,35.0
2026-08-09 09:04:48.445198+00:00,34.0,33.8,35.0
2026-08-09 09:04:53.705073+00:00,34.0,33.8,35.0
2026-08-09 09:04:58.975790+00:00,34.0,33.8,35.0
2026-08-09 09:05:04.235786+00:00,34.0,33.8,35.0
2026-08-09 09:05:09.505437+00:00,34.0,33.8,35.0
2026-08-09 09:05:14.765297+00:00,34.0,33.8,35.0
2026-08-09 09:05:20.035328+00:00,34.0,33.8,35.0
2026-08-09 09:05:25.295729+00:00,34.0,33.8,35.0
2026-08-09 09:05:30.567079+00:00,34.0,33.8,35.0
2026-08-09 09:05:35.827683+00:00,34.0,33.8,35.0
2026-08-09 09:05:41.098607+00:00,34.0,33.8,35.0
2026-08-09 09:05:46.358943+00:00,34.0,33.8,35.0
2026-08-09 09:05:51.628215+00:00,34.1,33.9,35.0
2026-08-09 09:05:56.888421+00:00,34.0,33.8,35.0
2026-08-09 09:06:02.160238+00:00,34.1,33.9,35.0
2026-08-09 09:06:07.420360+00:00,34.3,34.0,35.0
2026-08-09 09:06:12.689944+00:00,34.3,34.0,35.0
2026-08-09 09:06:17.950291+00:00,34.6,34.1,36.0
2026-08-09 09:06:23.219413+00:00,34.5,34.0,36.0
2026-08-09 09:06:28.479464+00:00,34.4,34.1,35.0
2026-08-09 09:06:33.750429+00:00,34.4,34.1,35.0
2026-08-09 09:06:39.010759+00:00,34.3,34.0,35.0
2026-08-09 09:06:44.279912+00:00,34.6,34.2,35.0
2026-08-09 09:06:49.540255+00:00,34.4,34.1,35.0
2026-08-09 09:06:54.809704+00:00,34.3,34.0,35.0
2026-08-09 09:07:00.071442+00:00,34.4,34.1,35.0
2026-08-09 09:07:05.340798+00:00,34.4,34.1,35.0
2026-08-09 09:07:10.601074+00:00,34.4,34.1,35.0
2026-08-09 09:07:15.870655+00:00,34.6,34.2,35.0
2026-08-09 09:07:21.131354+00:00,34.4,34.1,35.0
2026-08-09 09:07:26.402157+00:00,34.4,34.1,35.0
2026-08-09 09:07:31.665095+00:00,34.6,34.2,35.0
2026-08-09 09:07:36.934406+00:00,34.4,34.1,35.0
2026-08-09 09:07:42.194578+00:00,34.6,34.2,35.0
2026-08-09 09:07:47.463924+00:00,34.6,34.2,35.0
2026-08-09 09:07:52.724152+00:00,34.6,34.2,35.0
2026-08-09 09:07:57.993943+00:00,34.6,34.2,35.0
2026-08-09 09:08:03.255682+00:00,34.6,34.2,35.0
2026-08-09 09:08:08.524966+00:00,34.6,34.2,35.0
2026-08-09 09:08:13.785094+00:00,34.6,34.2,35.0
2026-08-09 09:08:19.054706+00:00,34.6,34.2,35.0
2026-08-09 09:08:24.314632+00:00,34.6,34.2,35.0
2026-08-09 09:08:29.585750+00:00,34.6,34.2,35.0
2026-08-09 09:08:34.846185+00:00,34.6,34.2,35.0
2026-08-09 09:08:40.115417+00:00,34.6,34.2,35.0
2026-08-09 09:08:45.375420+00:00,34.6,34.2,35.0
2026-08-09 09:08:50.644970+00:00,34.6,34.2,35.0
2026-08-09 09:08:55.904988+00:00,34.6,34.2,35.0
2026-08-09 09:09:01.175901+00:00,34.6,34.2,35.0
2026-08-09 09:09:06.436261+00:00,34.6,34.2,35.0
2026-08-09 09:09:11.705908+00:00,34.6,34.2,35.0
2026-08-09 09:09:22.230715+00:00,34.6,34.2,35.0
2026-08-09 09:09:27.490633+00:00,34.6,34.2,35.0
2026-08-09 09:09:32.762132+00:00,34.4,34.1,35.0
2026-08-09 09:09:38.022205+00:00,34.4,34.1,35.0
2026-08-09 09:09:43.291682+00:00,34.3,34.0,35.0
2026-08-09 09:09:48.551991+00:00,34.4,34.1,35.0
2026-08-09 09:09:53.821325+00:00,34.3,34.0,35.0
2026-08-09 09:09:59.081404+00:00,34.1,33.9,35.0
2026-08-09 09:10:04.352483+00:00,34.1,33.9,35.0
2026-08-09 09:10:09.612382+00:00,34.1,33.9,35.0
2026-08-09 09:10:14.882139+00:00,34.1,33.9,35.0
2026-08-09 09:10:20.142112+00:00,34.1,33.9,35.0
2026-08-09 09:10:25.411393+00:00,34.3,34.0,35.0
2026-08-09 09:10:30.672991+00:00,34.1,33.9,35.0
2026-08-09 09:10:35.942691+00:00,34.5,34.0,36.0
2026-08-09 09:10:41.202415+00:00,34.3,33.9,36.0
2026-08-09 09:10:46.471579+00:00,34.5,34.0,36.0
2026-08-09 09:10:51.732122+00:00,34.5,34.0,36.0
2026-08-09 09:10:57.001456+00:00,34.5,34.0,36.0
2026-08-09 09:11:02.262797+00:00,34.5,34.0,36.0
2026-08-09 09:11:07.532213+00:00,34.5,34.0,36.0
2026-08-09 09:11:12.792550+00:00,34.5,34.0,36.0
2026-08-09 09:11:18.064651+00:00,34.8,34.2,36.0
2026-08-09 09:11:23.324587+00:00,34.5,34.0,36.0
2026-08-09 09:11:28.594149+00:00,34.6,34.1,36.0
2026-08-09 09:11:33.855462+00:00,34.6,34.1,36.0
2026-08-09 09:11:39.125037+00:00,34.8,34.2,36.0
2026-08-09 09:11:44.385031+00:00,34.6,34.2,35.0
2026-08-09 09:11:49.654309+00:00,34.6,34.2,35.0
2026-08-09 09:11:54.914519+00:00,34.6,34.2,35.0
2026-08-09 09:12:00.185493+00:00,34.6,34.2,35.0
2026-08-09 09:12:05.445859+00:00,34.6,34.2,35.0
2026-08-09 09:12:10.715091+00:00,34.8,34.2,36.0
2026-08-09 09:12:15.975111+00:00,34.6,34.2,35.0
2026-08-09 09:12:21.244702+00:00,34.8,34.2,36.0
2026-08-09 09:12:26.504770+00:00,34.8,34.2,36.0
2026-08-09 09:12:31.775537+00:00,34.8,34.2,36.0
2026-08-09 09:12:37.035389+00:00,34.8,34.2,36.0
2026-08-09 09:12:42.305162+00:00,34.8,34.2,36.0
2026-08-09 09:12:47.565280+00:00,34.6,34.2,35.0
2026-08-09 09:12:52.834542+00:00,34.6,34.2,35.0
2026-08-09 09:12:58.095418+00:00,34.6,34.2,35.0
2026-08-09 09:13:03.368776+00:00,34.6,34.2,35.0
2026-08-09 09:13:08.628997+00:00,34.6,34.2,35.0
2026-08-09 09:13:13.898691+00:00,34.6,34.2,35.0
2026-08-09 09:13:19.158944+00:00,34.6,34.2,35.0
2026-08-09 09:13:24.428372+00:00,34.8,34.2,36.0
2026-08-09 09:13:29.689324+00:00,34.8,34.2,36.0
2026-08-09 09:13:34.962827+00:00,34.8,34.2,36.0
2026-08-09 09:13:40.223821+00:00,34.8,34.2,36.0
2026-08-09 09:13:45.493630+00:00,34.8,34.2,36.0
2026-08-09 09:13:50.753767+00:00,34.8,34.2,36.0
2026-08-09 09:13:56.023342+00:00,34.8,34.2,36.0
2026-08-09 09:14:01.285203+00:00,34.8,34.2,36.0
2026-08-09 09:14:06.555063+00:00,34.8,34.2,36.0
2026-08-09 09:14:11.815727+00:00,34.6,34.2,35.0
2026-08-09 09:14:17.085181+00:00,34.6,34.2,35.0
2026-08-09 09:14:22.345485+00:00,34.6,34.2,35.0
2026-08-09 09:14:27.615164+00:00,34.6,34.2,35.0
2026-08-09 09:14:32.877137+00:00,34.6,34.2,35.0
2026-08-09 09:14:38.153054+00:00,34.6,34.2,35.0
2026-08-09 09:14:43.412904+00:00,34.6,34.2,35.0
2026-08-09 09:14:48.682658+00:00,34.8,34.2,36.0
2026-08-09 09:14:53.942884+00:00,34.6,34.2,35.0
2026-08-09 09:14:59.215669+00:00,34.8,34.2,36.0
2026-08-09 09:15:04.477981+00:00,34.8,34.2,36.0
2026-08-09 09:15:09.747431+00:00,34.8,34.2,36.0
2026-08-09 09:15:15.007603+00:00,34.8,34.2,36.0
2026-08-09 09:15:20.277187+00:00,34.8,34.2,36.0
2026-08-09 09:15:25.537120+00:00,34.8,34.2,36.0
2026-08-09 09:15:30.808777+00:00,34.8,34.2,36.0
2026-08-09 09:15:36.068764+00:00,34.8,34.2,36.0
2026-08-09 09:15:41.338076+00:00,34.8,34.2,36.0
2026-08-09 09:15:46.598449+00:00,34.8,34.2,36.0
2026-08-09 09:15:51.867718+00:00,34.8,34.2,36.0
2026-08-09 09:15:57.127873+00:00,34.8,34.2,36.0
2026-08-09 09:16:02.399438+00:00,34.6,34.2,35.0
2026-08-09 09:16:07.659441+00:00,34.6,34.2,35.0
2026-08-09 09:16:12.929895+00:00,34.6,34.2,35.0
2026-08-09 09:16:18.189930+00:00,34.8,34.2,36.0
2026-08-09 09:16:23.459519+00:00,34.8,34.2,36.0
2026-08-09 09:16:28.720153+00:00,34.8,34.2,36.0
2026-08-09 09:16:33.991699+00:00,34.8,34.2,36.0
2026-08-09 09:16:39.252196+00:00,34.8,34.2,36.0
2026-08-09 09:16:44.523250+00:00,34.8,34.2,36.0
2026-08-09 09:16:49.783254+00:00,34.8,34.2,36.0
2026-08-09 09:16:55.052745+00:00,34.8,34.2,36.0
2026-08-09 09:17:00.314551+00:00,34.8,34.2,36.0
2026-08-09 09:17:05.584669+00:00,34.8,34.2,36.0
2026-08-09 09:17:10.844704+00:00,34.8,34.2,36.0
2026-08-09 09:17:16.114251+00:00,34.8,34.2,36.0
2026-08-09 09:17:26.638128+00:00,34.8,34.2,36.0
2026-08-09 09:17:31.899864+00:00,34.8,34.2,36.0
2026-08-09 09:17:37.169583+00:00,34.8,34.2,36.0
2026-08-09 09:17:42.429602+00:00,34.8,34.2,36.0
2026-08-09 09:17:47.699768+00:00,34.8,34.2,36.0
2026-08-09 09:17:52.959628+00:00,34.8,34.2,36.0
2026-08-09 09:17:58.229325+00:00,34.8,34.2,36.0
2026-08-09 09:18:03.490645+00:00,34.8,34.2,36.0
2026-08-09 09:18:08.760407+00:00,34.8,34.2,36.0
2026-08-09 09:18:14.020377+00:00,34.8,34.2,36.0
2026-08-09 09:18:19.290295+00:00,34.8,34.2,36.0
2026-08-09 09:18:24.550703+00:00,34.8,34.2,36.0
2026-08-09 09:18:29.821720+00:00,34.8,34.2,36.0
2026-08-09 09:18:35.081739+00:00,34.8,34.2,36.0
2026-08-09 09:18:40.353122+00:00,34.8,34.2,36.0
2026-08-09 09:18:45.613474+00:00,34.8,34.2,36.0
2026-08-09 09:18:50.882827+00:00,34.8,34.2,36.0
2026-08-09 09:18:56.143084+00:00,34.8,34.2,36.0
2026-08-09 09:19:01.414185+00:00,34.8,34.2,36.0
2026-08-09 09:19:06.674179+00:00,34.8,34.2,36.0
2026-08-09 09:19:11.944204+00:00,34.8,34.2,36.0
2026-08-09 09:19:17.204254+00:00,34.8,34.2,36.0
2026-08-09 09:19:22.473927+00:00,34.8,34.2,36.0
2026-08-09 09:19:27.734299+00:00,34.8,34.2,36.0
2026-08-09 09:19:33.004999+00:00,34.8,34.2,36.0
2026-08-09 09:19:38.265188+00:00,34.8,34.2,36.0
2026-08-09 09:19:43.536290+00:00,34.8,34.2,36.0
2026-08-09 09:19:48.796350+00:00,34.8,34.2,36.0
2026-08-09 09:19:54.066031+00:00,34.8,34.2,36.0
2026-08-09 09:19:59.325870+00:00,34.8,34.2,36.0
2026-08-09 09:20:04.597559+00:00,34.8,34.2,36.0
2026-08-09 09:20:09.857674+00:00,34.8,34.2,36.0
2026-08-09 09:20:15.127321+00:00,34.8,34.2,36.0
2026-08-09 09:20:20.387418+00:00,34.8,34.2,36.0
2026-08-09 09:20:25.656860+00:00,34.8,34.2,36.0
2026-08-09 09:20:30.919011+00:00,34.8,34.2,36.0
2026-08-09 09:20:36.188784+00:00,34.8,34.2,36.0
2026-08-09 09:20:41.448784+00:00,34.8,34.2,36.0
2026-08-09 09:20:46.718184+00:00,34.8,34.2,36.0
2026-08-09 09:20:51.978669+00:00,34.8,34.2,36.0
2026-08-09 09:20:57.248161+00:00,34.8,34.2,36.0
2026-08-09 09:21:02.510018+00:00,34.8,34.2,36.0
2026-08-09 09:21:07.780789+00:00,34.8,34.2,36.0
2026-08-09 09:21:13.040719+00:00,34.8,34.2,36.0
2026-08-09 09:21:18.310556+00:00,34.8,34.2,36.0
2026-08-09 09:21:23.570257+00:00,34.8,34.2,36.0
2026-08-09 09:21:28.839806+00:00,34.8,34.2,36.0
2026-08-09 09:21:34.101860+00:00,34.8,34.2,36.0
2026-08-09 09:21:39.371639+00:00,34.8,34.2,36.0
2026-08-09 09:21:44.632495+00:00,34.8,34.2,36.0
2026-08-09 09:21:49.902439+00:00,34.8,34.2,36.0
2026-08-09 09:21:55.162823+00:00,34.8,34.2,36.0
2026-08-09 09:22:00.434537+00:00,34.8,34.2,36.0
2026-08-09 09:22:10.958296+00:00,34.8,34.2,36.0
2026-08-09 09:22:16.218348+00:00,34.8,34.2,36.0
2026-08-09 09:22:21.489104+00:00,34.8,34.2,36.0
2026-08-09 09:22:26.749218+00:00,34.8,34.2,36.0
2026-08-09 09:22:32.020627+00:00,34.8,34.2,36.0
2026-08-09 09:22:37.287946+00:00,34.8,34.2,36.0
2026-08-09 09:22:42.557756+00:00,34.8,34.2,36.0
2026-08-09 09:22:47.817716+00:00,34.8,34.2,36.0
2026-08-09 09:22:53.087295+00:00,34.8,34.2,36.0
2026-08-09 09:22:58.347636+00:00,34.8,34.2,36.0
2026-08-09 09:23:03.618869+00:00,34.8,34.2,36.0
2026-08-09 09:23:08.878740+00:00,34.8,34.2,36.0
2026-08-09 09:23:14.148083+00:00,34.8,34.2,36.0
2026-08-09 09:23:19.408482+00:00,34.8,34.2,36.0
2026-08-09 09:23:24.730213+00:00,34.8,34.2,36.0
2026-08-09 09:23:29.992133+00:00,34.8,34.2,36.0
2026-08-09 09:23:35.261473+00:00,34.8,34.2,36.0
2026-08-09 09:23:40.521566+00:00,34.8,34.2,36.0
2026-08-09 09:23:45.791949+00:00,34.8,34.2,36.0
2026-08-09 09:23:51.052186+00:00,34.8,34.2,36.0
2026-08-09 09:23:56.321750+00:00,34.8,34.2,36.0
2026-08-09 09:24:01.583214+00:00,34.8,34.2,36.0
2026-08-09 09:24:06.853557+00:00,34.8,34.2,36.0
2026-08-09 09:24:17.377775+00:00,34.8,34.2,36.0
2026-08-09 09:24:22.638091+00:00,34.8,34.2,36.0
2026-08-09 09:24:27.907470+00:00,34.8,34.2,36.0
2026-08-09 09:24:33.169055+00:00,34.8,34.2,36.0
2026-08-09 09:24:38.438340+00:00,34.8,34.2,36.0
2026-08-09 09:24:43.698557+00:00,34.8,34.2,36.0
2026-08-09 09:24:48.968463+00:00,34.8,34.2,36.0
2026-08-09 09:24:54.228688+00:00,34.8,34.2,36.0
2026-08-09 09:24:59.499690+00:00,34.8,34.2,36.0
2026-08-09 09:25:04.759691+00:00,34.8,34.2,36.0
2026-08-09 09:25:10.029433+00:00,34.8,34.2,36.0
2026-08-09 09:25:15.289441+00:00,34.8,34.2,36.0
2026-08-09 09:25:20.558767+00:00,34.8,34.2,36.0
2026-08-09 09:25:25.818950+00:00,34.8,34.2,36.0
2026-08-09 09:25:31.090127+00:00,34.8,34.2,36.0
2026-08-09 09:25:36.350307+00:00,34.8,34.2,36.0
2026-08-09 09:25:41.619542+00:00,34.8,34.2,36.0
2026-08-09 09:25:46.879822+00:00,35.0,34.2,37.0
2026-08-09 09:25:52.150170+00:00,35.0,34.2,37.0
2026-08-09 09:25:57.409921+00:00,34.8,34.2,36.0
2026-08-09 09:26:07.934780+00:00,34.8,34.2,36.0
2026-08-09 09:26:13.205242+00:00,34.8,34.2,36.0
2026-08-09 09:26:18.465243+00:00,35.0,34.2,37.0
2026-08-09 09:26:23.735148+00:00,34.8,34.2,36.0
2026-08-09 09:26:28.995078+00:00,34.8,34.2,36.0
2026-08-09 09:26:34.265972+00:00,35.0,34.2,37.0
2026-08-09 09:26:39.526054+00:00,35.0,34.2,37.0
2026-08-09 09:26:44.795984+00:00,35.3,34.2,38.0
2026-08-09 09:26:50.055957+00:00,35.0,34.2,37.0
2026-08-09 09:26:55.325773+00:00,35.0,34.2,37.0
2026-08-09 09:27:00.587348+00:00,35.0,34.2,37.0
2026-08-09 09:27:05.857490+00:00,35.0,34.2,37.0
2026-08-09 09:27:11.117569+00:00,35.0,34.2,37.0
2026-08-09 09:27:16.387159+00:00,35.0,34.2,37.0
2026-08-09 09:27:21.647417+00:00,35.0,34.2,37.0
2026-08-09 09:27:26.917112+00:00,35.0,34.2,37.0
2026-08-09 09:27:32.178874+00:00,34.8,34.2,36.0
2026-08-09 09:27:37.448455+00:00,34.8,34.2,36.0
2026-08-09 09:27:42.708547+00:00,34.8,34.2,36.0
2026-08-09 09:27:47.978197+00:00,34.8,34.2,36.0
2026-08-09 09:27:53.238201+00:00,34.8,34.2,36.0
2026-08-09 09:27:58.508654+00:00,34.8,34.2,36.0
2026-08-09 09:28:03.770362+00:00,35.0,34.2,37.0
2026-08-09 09:28:09.040355+00:00,35.0,34.2,37.0
2026-08-09 09:28:14.300392+00:00,35.0,34.2,37.0
2026-08-09 09:28:19.569985+00:00,35.0,34.2,37.0
2026-08-09 09:28:24.830274+00:00,35.0,34.2,37.0
2026-08-09 09:28:30.101576+00:00,35.0,34.2,37.0
2026-08-09 09:28:35.361570+00:00,34.8,34.2,36.0
2026-08-09 09:28:40.630881+00:00,35.0,34.2,37.0
2026-08-09 09:28:45.891128+00:00,34.8,34.2,36.0
2026-08-09 09:28:51.160624+00:00,35.0,34.2,37.0
2026-08-09 09:28:56.420726+00:00,35.0,34.2,37.0
2026-08-09 09:29:01.691515+00:00,34.8,34.2,36.0
2026-08-09 09:29:06.951753+00:00,34.8,34.2,36.0
2026-08-09 09:29:12.221532+00:00,34.8,34.2,36.0
2026-08-09 09:29:17.481773+00:00,35.0,34.2,37.0
2026-08-09 09:29:22.751417+00:00,34.8,34.2,36.0
2026-08-09 09:29:28.011905+00:00,34.8,34.2,36.0
2026-08-09 09:29:33.283346+00:00,34.8,34.2,36.0
2026-08-09 09:29:38.543546+00:00,34.8,34.2,36.0
2026-08-09 09:29:43.813271+00:00,34.8,34.2,36.0
2026-08-09 09:29:49.073621+00:00,34.8,34.2,36.0
2026-08-09 09:29:54.343880+00:00,34.8,34.2,36.0
2026-08-09 09:29:59.604418+00:00,34.8,34.2,36.0
2026-08-09 09:30:04.876780+00:00,34.8,34.2,36.0
2026-08-09 09:30:10.136736+00:00,34.8,34.2,36.0
2026-08-09 09:30:15.406555+00:00,34.8,34.2,36.0
2026-08-09 09:30:20.666542+00:00,35.0,34.2,37.0
2026-08-09 09:30:25.936017+00:00,34.8,34.2,36.0
2026-08-09 09:30:31.197424+00:00,34.8,34.2,36.0
2026-08-09 09:30:36.467425+00:00,34.8,34.2,36.0
2026-08-09 09:30:41.727346+00:00,34.8,34.2,36.0
2026-08-09 09:30:46.996588+00:00,34.8,34.2,36.0
2026-08-09 09:30:52.256889+00:00,34.8,34.2,36.0
2026-08-09 09:30:57.535230+00:00,35.0,34.2,37.0
2026-08-09 09:31:02.796720+00:00,35.0,34.2,37.0
2026-08-09 09:31:08.066476+00:00,35.0,34.2,37.0
2026-08-09 09:31:13.327427+00:00,34.8,34.2,36.0
2026-08-09 09:31:18.596967+00:00,34.8,34.2,36.0
2026-08-09 09:31:23.857227+00:00,34.8,34.2,36.0
2026-08-09 09:31:29.129122+00:00,34.8,34.2,36.0
2026-08-09 09:31:34.389291+00:00,34.8,34.2,36.0
2026-08-09 09:31:39.659919+00:00,34.8,34.2,36.0
2026-08-09 09:31:44.920097+00:00,34.8,34.2,36.0
2026-08-09 09:31:50.189796+00:00,34.8,34.2,36.0
2026-08-09 09:31:55.449804+00:00,34.8,34.2,36.0
2026-08-09 09:32:00.721122+00:00,34.8,34.2,36.0
2026-08-09 09:32:05.981167+00:00,34.8,34.2,36.0
2026-08-09 09:32:11.251085+00:00,34.8,34.2,36.0
2026-08-09 09:32:16.511132+00:00,34.8,34.2,36.0
2026-08-09 09:32:21.780769+00:00,34.8,34.2,36.0
2026-08-09 09:32:27.041191+00:00,34.8,34.2,36.0
2026-08-09 09:32:32.312239+00:00,34.8,34.2,36.0
2026-08-09 09:32:37.572248+00:00,34.8,34.2,36.0
2026-08-09 09:32:42.841437+00:00,34.8,34.2,36.0
2026-08-09 09:32:48.103492+00:00,34.8,34.2,36.0
2026-08-09 09:32:53.372985+00:00,34.8,34.2,36.0
2026-08-09 09:32:58.632924+00:00,34.8,34.2,36.0
2026-08-09 09:33:03.904700+00:00,34.6,34.2,35.0
2026-08-09 09:33:09.164745+00:00,34.8,34.2,36.0
2026-08-09 09:33:14.434064+00:00,34.6,34.2,35.0
2026-08-09 09:33:19.694450+00:00,34.8,34.2,36.0
2026-08-09 09:33:24.965405+00:00,34.8,34.2,36.0
2026-08-09 09:33:30.228060+00:00,34.8,34.2,36.0
2026-08-09 09:33:35.497935+00:00,34.8,34.2,36.0
2026-08-09 09:33:40.758195+00:00,34.8,34.2,36.0
2026-08-09 09:33:46.027655+00:00,34.8,34.2,36.0
2026-08-09 09:33:51.287911+00:00,34.8,34.2,36.0
2026-08-09 09:33:56.557756+00:00,34.8,34.2,36.0
2026-08-09 09:34:01.819468+00:00,34.8,34.2,36.0
2026-08-09 09:34:07.088911+00:00,34.8,34.2,36.0
2026-08-09 09:34:12.349034+00:00,34.8,34.2,36.0
2026-08-09 09:34:17.618748+00:00,34.8,34.2,36.0
2026-08-09 09:34:22.878852+00:00,34.8,34.2,36.0
2026-08-09 09:34:28.148841+00:00,34.8,34.2,36.0
2026-08-09 09:34:33.410721+00:00,34.6,34.2,35.0
2026-08-09 09:34:38.680188+00:00,34.8,34.2,36.0
2026-08-09 09:34:43.940342+00:00,34.6,34.2,35.0
2026-08-09 09:34:49.209956+00:00,34.6,34.2,35.0
2026-08-09 09:34:54.470097+00:00,34.6,34.2,35.0
2026-08-09 09:34:59.741059+00:00,34.6,34.2,35.0
2026-08-09 09:35:05.001349+00:00,34.6,34.2,35.0
2026-08-09 09:35:10.271187+00:00,34.6,34.2,35.0
